phase_pct,baseline_omega_mean,baseline_omega_std,baseline_alpha_mag_mean,baseline_alpha_mag_std,baseline_omega_sq_mean,baseline_omega_sq_std,baseline_sp_feedback_mean,baseline_sp_feedback_std,baseline_turn_ff_mean,baseline_turn_ff_std,baseline_required_turn_voltage_mean,baseline_required_turn_voltage_std,baseline_motor_voltage_delta_mean,baseline_motor_voltage_delta_std,baseline_speed_error_mean,baseline_speed_error_std,baseline_acceleration_mean,baseline_acceleration_std,trial_omega_mean,trial_omega_std,trial_alpha_mag_mean,trial_alpha_mag_std,trial_omega_sq_mean,trial_omega_sq_std,trial_sp_feedback_mean,trial_sp_feedback_std,trial_turn_ff_mean,trial_turn_ff_std,trial_required_turn_voltage_mean,trial_required_turn_voltage_std,trial_motor_voltage_delta_mean,trial_motor_voltage_delta_std,trial_speed_error_mean,trial_speed_error_std,trial_acceleration_mean,trial_acceleration_std,predicted_speed_error_unconstrained,predicted_speed_error_constrained,predicted_speed_error_conservative
0.0,0.0938720703125,0.0,70.9228515625,0.0,0.008811965584754944,0.0,-0.010412851969401041,0.008060086621948253,4.157714843755489e-05,0.0,-0.010371274820963486,0.008060086621948253,0.024658203125,0.008088021862049533,-0.0037027994791666665,0.007342393718315828,1.0212362507284423,1.0569477574364032,0.0938720703125,0.0,70.9228515625,0.0,0.008811965584754944,0.0,-0.014371236165364584,0.006595565852613556,-0.006061938476562445,0.0,-0.020433174641927027,0.006595565852613556,0.014729817708333334,0.0066119854248305725,-0.006876627604166667,0.0038535483611806063,0.6553572837752439,1.4026190120403652,0.005330403645833333,0.005330403645833333,0.005330403645833333
0.5,0.16524169921875,0.0,89.443359375,0.0,0.027344541549682615,0.0,-0.0157753849029541,0.00668965347927641,4.157714843755489e-05,0.0,-0.015733807754516545,0.00668965347927641,0.019322408040364586,0.006747080465663021,-0.006309000651041666,0.007685111837476456,0.7246717854628075,1.0675619685672775,0.16524169921875,0.0,89.443359375,0.0,0.027344541549682615,0.0,-0.019926806886990864,0.012552056951546584,-0.007534106445312445,0.0,-0.027460913332303313,0.012552056951546584,0.0075962320963541665,0.012568522245347552,-0.0095233154296875,0.00671348841668006,0.8348046742211874,1.1229317353378074,0.007936604817708333,0.007936604817708333,0.007936604817708333
1.0,0.25521972656249997,0.0,107.099609375,0.0,0.06525031328201293,0.0,-0.016843077341715494,0.00973756785557521,4.157714843755489e-05,0.0,-0.01680150019327794,0.00973756785557521,0.018262125651041666,0.009772888144437454,-0.00670654296875,0.007731512933740284,0.4575663865214559,1.218840122841504,0.25521972656249997,0.0,107.099609375,0.0,0.06525031328201293,0.0,-0.020904377698898316,0.01464911064561094,-0.009006274414062446,0.0,-0.02991065211296076,0.01464911064561094,0.005086669921875,0.014658270439045912,-0.009857991536458334,0.007616630262114673,0.6876105936164567,1.1761486976693556,0.008334147135416666,0.008334147135416666,0.008334147135416666
1.5,0.36293701171875,0.0,123.773193359375,0.0,0.13194875478744506,0.0,-0.015690566698710124,0.012295819582589988,4.157714843755489e-05,0.0,-0.01564898955027257,0.012295819582589988,0.019458719889322917,0.01226615135930669,-0.006004638671875,0.008871295554316582,0.5631828159904413,1.3795421753649006,0.36293701171875,0.0,123.773193359375,0.0,0.13194875478744506,0.0,-0.01555940628051758,0.014960004598108843,-0.010478442382812444,0.0,-0.026037848663330018,0.014960004598108843,0.00908447265625,0.014907207849271948,-0.006939290364583333,0.00768464314308051,0.2506700114122003,0.5902521020435457,0.007632242838541667,0.007632242838541667,0.007632242838541667
2.0,0.48740722656249996,0.0,139.6923828125,0.0,0.23794670224189754,2.7755575615628914e-17,-0.019015916188557944,0.010326500343292352,4.157714843755489e-05,0.0,-0.01897433904012039,0.010326500343292352,0.016092732747395835,0.010279145351388972,-0.007495117187500001,0.007687645205235131,0.29731566718872754,1.0958837412217515,0.48740722656249996,0.0,139.6923828125,0.0,0.23794670224189754,2.7755575615628914e-17,-0.018839518229166668,0.010669036506459012,-0.011945727539062445,0.0,-0.030785245768229108,0.01066903650645901,0.0043395996093750005,0.010628751835652983,-0.008414713541666665,0.005372970838743286,-0.11214629012479632,0.528076219053142,0.009122721354166667,0.009122721354166667,0.009122721354166667
2.5,0.6278686523437499,0.0,154.150390625,0.0,0.39479568600654596,5.551115123125783e-17,-0.015986824035644533,0.014730475055475952,4.157714843755489e-05,0.0,-0.015945246887206978,0.014730475055475952,0.01908111572265625,0.014693020765248295,-0.0058929443359375,0.008163495500395987,0.03412420099431087,1.0083703698734374,0.6278686523437499,0.0,154.150390625,0.0,0.39479568600654596,5.551115123125783e-17,-0.022432740529378256,0.010784513800202799,-0.013172534179687445,0.0,-0.035605274709065694,0.010784513800202799,-0.0004183451334635408,0.010710047607765501,-0.010027058919270833,0.005348981268052628,-0.284745365311775,0.3764521330848834,0.007520548502604166,0.007520548502604166,0.007520548502604166
3.0,0.7828564453125,0.0,167.8466796875,0.0,0.6136804604530334,0.0,-0.01592048645019531,0.01897113630484816,4.157714843755489e-05,0.0,-0.015878909301757754,0.01897113630484816,0.01922271728515625,0.018984048297508133,-0.005689697265624999,0.010972707010208114,0.2641171897763655,1.2419670923216444,0.7828564453125,0.0,167.8466796875,0.0,0.6136804604530334,0.0,-0.02388593037923177,0.00974517726435947,-0.014399340820312445,0.0,-0.03828527119954422,0.00974517726435947,-0.003104349772135419,0.009714096878984703,-0.010607503255208336,0.004643029968729943,0.03557680925843907,0.6615705883197126,0.007317301432291666,0.007317301432291666,0.007317301432291666
3.5,0.9516015624999999,0.0,180.1318359375,0.0,0.9066360473632812,0.0,-0.020988114674886066,0.016624714421664535,4.157714843755489e-05,0.0,-0.02094653752644851,0.016624714421664535,0.01410252888997396,0.01664220111228047,-0.008128662109374999,0.010389401380535318,0.4271491109259706,1.1983615869324002,0.9516015624999999,0.0,180.1318359375,0.0,0.9066360473632812,0.0,-0.018249753316243487,0.01226751003319749,-0.015617602539062444,1.734723475976807e-18,-0.03386735585530593,0.012267510033197492,0.0013946533203125007,0.012254321647774163,-0.007568359374999999,0.005702220200482693,0.23157411707216294,1.0848664967601838,0.009756266276041667,0.009756266276041667,0.009756266276041667
4.0,1.1326953124999999,0.0,192.7734375,0.0,1.2844198989868163,0.0,-0.022924906412760418,0.018356365757603438,4.157714843755489e-05,0.0,-0.022883329264322863,0.018356365757603438,0.012147623697916665,0.01840844994426453,-0.008893229166666667,0.011487366394144166,0.3007273759226884,0.8868247387182229,1.1326953124999999,0.0,192.7734375,0.0,1.2844198989868163,0.0,-0.018699010213216145,0.013219179666043938,-0.01659904785156244,3.469446951953614e-18,-0.03529805806477859,0.013219179666043935,-0.00017985026041666586,0.013165193025597205,-0.007643229166666665,0.00614273510442408,0.04844303916569476,1.0734263236476176,0.010520833333333333,0.010520833333333333,0.010520833333333333
4.5,1.3264794921874998,0.0,202.587890625,0.0,1.7613039731979365,0.0,-0.018608862559000645,0.014063803645709241,4.157714843755489e-05,0.0,-0.01856728541056309,0.014063803645709241,0.016528727213541674,0.014068066054692921,-0.006651407877604164,0.00954683336436851,0.2184330629765162,1.1471291571405153,1.3264794921874998,0.0,202.587890625,0.0,1.7613039731979365,0.0,-0.022662185033162432,0.012152298364154792,-0.017580493164062443,0.0,-0.04024267819722488,0.012152298364154792,-0.005096689860026041,0.012131501909600304,-0.009467569986979165,0.005630171721442616,0.09814472094745495,1.0524854783350437,0.00827901204427083,0.00827901204427083,0.00827901204427083
5.0,1.5301269531250001,2.220446049250313e-16,212.3046875,0.0,2.3434216022491445,4.440892098500626e-16,-0.02482151985168457,0.005133444283490964,4.157714843755489e-05,0.0,-0.024779942703247015,0.005133444283490964,0.010300191243489581,0.005137086093863599,-0.009598795572916667,0.004798148373811664,0.24535468871407418,0.9130062047882552,1.5301269531250001,2.220446049250313e-16,212.3046875,0.0,2.3434216022491445,4.440892098500626e-16,-0.024331474304199213,0.012772882086691646,-0.018549731445312443,0.0,-0.04288120574951166,0.012772882086691646,-0.007657877604166664,0.01278351984035644,-0.010109456380208333,0.006039740115509507,0.580870206724707,0.6788511638876492,0.011226399739583335,0.011226399739583335,0.011226399739583335
5.5,1.7435302734374998,0.0,220.2099609375,0.0,3.042407155036926,0.0,-0.02358142693837484,0.011264260091547197,4.157714843755489e-05,0.0,-0.023539849789937284,0.011264260091547197,0.01158294677734375,0.011253793931310308,-0.008728230794270835,0.009065830381071498,0.5460702085457974,0.5285644429471218,1.7435302734374998,0.0,220.2099609375,0.0,3.042407155036926,0.0,-0.026713873545328778,0.011750441625164847,-0.01928581542968744,3.469446951953614e-18,-0.045999688975016224,0.011750441625164847,-0.01091471354166667,0.011767765953372939,-0.0111029052734375,0.005798666115666167,1.41536116877914,0.5651408840464851,0.0103558349609375,0.0103558349609375,0.0103558349609375
6.0,1.9648828124999997,0.0,228.8671875,0.0,3.863709640502929,0.0,-0.023306248982747396,0.015825558007276423,4.157714843755489e-05,0.0,-0.02326467183430984,0.015825558007276423,0.011830444335937497,0.01584573783840931,-0.008399251302083332,0.008915117730876228,0.8432744284795056,0.6554480943880749,1.9648828124999997,0.0,228.8671875,0.0,3.863709640502929,0.0,-0.023381525675455723,0.007429056025018713,-0.020036547851562444,0.0,-0.043418073527018174,0.007429056025018711,-0.008392740885416661,0.007516611289192523,-0.009191894531249996,0.003799644715866488,1.5487962558275088,0.4674584763145197,0.010026855468749998,0.010026855468749998,0.010026855468749998
6.5,2.194921875,0.0,234.755859375,0.0,4.8210205078124995,0.0,-0.02422935326894124,0.00741015050608522,4.157714843755489e-05,0.0,-0.024187776120503685,0.00741015050608522,0.01093454996744792,0.0073893097843776056,-0.008778076171874998,0.005269162269985413,0.8635004454096284,1.3357618287643023,2.194921875,0.0,234.755859375,0.0,4.8210205078124995,0.0,-0.032646686236063635,0.017059885569008743,-0.020986254882812444,0.0,-0.053632941118876086,0.01705988556900874,-0.01840235392252604,0.01706300847038431,-0.013614298502604165,0.007960399023501713,1.0003270858373468,0.42279029202789836,0.010405680338541666,0.010405680338541666,0.010405680338541666
7.0,2.43087890625,0.0,240.5078125,0.0,5.912929344177244,8.881784197001252e-16,-0.028274704615275065,0.013503890375909159,4.157714843755489e-05,0.0,-0.02823312746683751,0.013503890375909159,0.0068184916178385445,0.01349755827646422,-0.010583902994791663,0.008032141770389077,0.9523727547409165,1.5263239113559484,2.43087890625,0.0,240.5078125,0.0,5.912929344177244,8.881784197001252e-16,-0.034272076288859046,0.011233947423284613,-0.021494067382812444,0.0,-0.055766143671671486,0.011233947423284612,-0.020656127929687493,0.011224394689856296,-0.014161783854166663,0.004630326894952145,0.5997721354166641,0.5799604504948219,0.01221150716145833,0.01221150716145833,0.01221150716145833
7.5,2.672607421875,0.0,244.43359375,0.0,7.146965503692626,0.0,-0.034644881884256996,0.015073682401697982,4.157714843755489e-05,0.0,-0.03460330473581944,0.015073682401697982,0.000477854410807294,0.015038009510102328,-0.013544718424479164,0.009035750994907879,1.1682600778670127,0.7609345307449863,2.672607421875,0.0,244.43359375,0.0,7.146965503692626,0.0,-0.040293924013773595,0.013379281927744312,-0.022211840820312443,3.469446951953614e-18,-0.06250576483408606,0.013379281927744308,-0.027342224121093748,0.013337630972245993,-0.016898600260416664,0.006349790817396357,0.4597910634287606,1.1108317740607778,0.015172322591145834,0.015172322591145834,0.015172322591145834
8.0,2.9182812499999997,0.0,248.203125,0.0,8.52089385986328,0.0,-0.03934007008870443,0.016269173741420697,4.157714843755489e-05,0.0,-0.039298492940266876,0.016269173741420697,-0.004201863606770838,0.016248101777944387,-0.01563639322916667,0.009434475608520329,1.0656444250194272,0.744189175386754,2.9182812499999997,0.0,248.203125,0.0,8.52089385986328,0.0,-0.04071317036946615,0.013955848201927011,-0.02270256347656244,3.469446951953614e-18,-0.0634157338460286,0.01395584820192701,-0.028341471354166665,0.013919737748253804,-0.016759440104166672,0.0061649522975847516,0.5021500309586364,1.1737073567017726,0.017263997395833338,0.017263997395833338,0.017263997395833338
8.5,3.167734374999999,4.440892098500626e-16,250.33203125,0.0,10.039402008056639,1.7763568394002505e-15,-0.03225332061449685,0.018559269259013633,4.157714843755489e-05,0.0,-0.032211743466059296,0.018559269259013633,0.0028579966227213643,0.018548051424659866,-0.01177388509114583,0.010241611955725864,0.5230575359969979,0.6358394125544728,3.167734374999999,4.440892098500626e-16,250.33203125,0.0,10.039402008056639,1.7763568394002505e-15,-0.034713094482819236,0.013583453579394828,-0.023193286132812446,0.0,-0.057906380615631685,0.01358345357939483,-0.02285751342773437,0.013587964130776441,-0.013441569010416663,0.006251674017303126,-0.10118414842535635,1.0233938876288176,0.013401489257812494,0.013401489257812494,0.013401489257812494
9.0,3.4193359375,4.440892098500626e-16,253.90625,0.0,11.697138214111325,0.0,-0.037974547545115145,0.022296453449397104,4.157714843755489e-05,0.0,-0.03793297039667759,0.022296453449397104,-0.002851460774739571,0.022293509945101573,-0.01437215169270833,0.012547380725923872,0.3842559079375402,0.5527984250353439,3.4193359375,4.440892098500626e-16,253.90625,0.0,11.697138214111325,0.0,-0.035698745946089426,0.013497926980427346,-0.023684008789062443,0.0,-0.059382754735151866,0.013497926980427346,-0.024364929199218746,0.01347707204154914,-0.013645426432291665,0.005585680231721904,-0.3286389852551973,1.112539505752067,0.015999755859374996,0.015999755859374996,0.015999755859374996
9.5,3.6745117187499994,0.0,254.091796875,0.0,13.507579040527338,1.7763568394002505e-15,-0.043265802462895714,0.01568425686151401,4.157714843755489e-05,0.0,-0.04322422531445816,0.01568425686151401,-0.008182144165039068,0.015627155082257163,-0.016741536458333334,0.009742167787821707,0.4666384302004351,1.0307028175684056,3.6745117187499994,0.0,254.091796875,0.0,13.507579040527338,1.7763568394002505e-15,-0.03775172352790832,0.015214632980460992,-0.024174731445312445,0.0,-0.06192645497322077,0.015214632980460996,-0.02687978108723957,0.015178659649359884,-0.01442891438802083,0.006524849905003645,0.22110637436564606,1.6288030615757239,0.018369140625000002,0.018369140625000002,0.018369140625000002
10.0,3.9298828124999994,0.0,255.6640625,0.0,15.449870681762691,0.0,-0.04021086692810059,0.012332819210282567,4.157714843755489e-05,0.0,-0.04016928977966303,0.012332819210282567,-0.005099487304687502,0.01233657748744784,-0.01487223307291667,0.007061693430542167,0.351547324203585,1.264477026998308,3.9298828124999994,0.0,255.6640625,0.0,15.449870681762691,0.0,-0.04261328379313151,0.012749988168902927,-0.024641040039062447,3.469446951953614e-18,-0.06725432383219394,0.012749988168902925,-0.0320892333984375,0.012700224561900814,-0.01656494140625,0.005086739886499749,0.40743219454156177,1.543228263834103,0.016499837239583332,0.016499837239583332,0.016499837239583332
10.5,4.186816406249999,0.0,253.90625,0.0,17.53549003601074,0.0,-0.039306799173355104,0.020452616517129176,4.157714843755489e-05,0.0,-0.03926522202491755,0.020452616517129176,-0.004168930053710929,0.02041581525898433,-0.014174601236979162,0.009154439209406517,0.62564923954085,1.0961585010609178,4.186816406249999,0.0,253.90625,0.0,17.53549003601074,0.0,-0.04216682116190593,0.015722673334867796,-0.024912036132812444,0.0,-0.06707885729471838,0.015722673334867796,-0.03201339721679688,0.015671172569439284,-0.015991821289062503,0.006725159506149977,0.5599304531189406,1.1837440045600673,0.01574051617154367,0.01576753602424896,0.015784870713947394
11.0,4.4419921874999995,0.0,253.4765625,0.0,19.73760604858398,0.0,-0.04461757500966388,0.009228837215640651,4.157714843755489e-05,0.0,-0.044575997861226326,0.009228837215640651,-0.009490458170572902,0.009191470513675538,-0.01649291992187499,0.005762343335107996,1.0349902647265896,0.8948748814936487,4.4419921874999995,0.0,253.4765625,0.0,19.73760604858398,0.0,-0.039820484320322654,0.011808867709696129,-0.025375903320312445,0.0,-0.0651963876406351,0.011808867709696127,-0.03000137329101561,0.011785193534579148,-0.014547119140624988,0.004613033663797282,0.6027646127743815,0.7618274754590917,0.01798190737130737,0.01804262284266048,0.018081573465601068
11.5,4.69671875,0.0,250.0,0.0,22.065527954101558,0.0,-0.052225608030955,0.013044530579858316,4.157714843755489e-05,0.0,-0.05218403088251745,0.013044530579858316,-0.01711784362792969,0.013021665363277361,-0.019942220052083338,0.0071908138647489035,1.0818744650531718,0.4541473135678011,4.69671875,0.0,250.0,0.0,22.065527954101558,0.0,-0.05038023749987285,0.015112960073991884,-0.025621264648437444,0.0,-0.0760015021483103,0.015112960073991884,-0.040861714680989585,0.01512886965569631,-0.019494222005208336,0.006230811930432563,0.5752691522344707,0.7275263302352317,0.021340015997532793,0.021440677822301246,0.021505251020525622
12.0,4.94796875,8.881784197001252e-16,249.53125,0.0,24.48899475097656,0.0,-0.048592116038004556,0.010660583963169552,4.157714843755489e-05,0.0,-0.048550538889567,0.010660583963169552,-0.013477783203125001,0.010669037563178285,-0.01775227864583333,0.0052958610611976735,1.4080369500291505,0.4446409721288905,4.94796875,8.881784197001252e-16,249.53125,0.0,24.48899475097656,0.0,-0.04811893145243327,0.015702983516746254,-0.025866625976562446,0.0,-0.07398555742899572,0.015702983516746254,-0.03887288411458334,0.015676243781741775,-0.017942708333333335,0.0063183258333516425,0.7174945822406821,1.1572030531719755,0.019045687135983935,0.019192080719870695,0.01928598176618535
12.5,5.19873046875,0.0,245.60546875,0.0,27.03342247009277,0.0,-0.050094107786814356,0.01708864062853227,4.157714843755489e-05,0.0,-0.0500525306383768,0.01708864062853227,-0.014947255452473945,0.017087254678170793,-0.018163045247395825,0.00941544221701762,1.2672619941907082,0.6320818871597791,5.19873046875,0.0,245.60546875,0.0,27.03342247009277,0.0,-0.04488479097684223,0.010010486629657405,-0.026111987304687445,0.0,-0.07099677828152968,0.010010486629657405,-0.03590774536132812,0.009964277205850965,-0.015960693359374997,0.0036813442741675524,1.1470175196981953,0.8879754470378421,0.019339729869401544,0.019537267505812514,0.019663958459937503
13.0,5.445546874999999,8.881784197001252e-16,242.1875,0.0,29.660614624023435,0.0,-0.06013753255208332,0.011022619291579149,4.157714843755489e-05,0.0,-0.06009595540364576,0.011022619291579149,-0.024983418782552076,0.01099837442361302,-0.02284383138020833,0.005691905096751357,0.6517791155242262,0.7417215756184787,5.445546874999999,8.881784197001252e-16,242.1875,0.0,29.660614624023435,0.0,-0.051848638057708736,0.015200979485810982,-0.026357348632812444,0.0,-0.07820598669052117,0.015200979485810982,-0.04310541788736979,0.01518506377905912,-0.01918172200520833,0.005842834594186601,1.2304616363454275,0.4632648894147077,0.023892923520635583,0.024146378942972082,0.024308907244923537
13.5,5.6889453125,0.0,241.1328125,0.0,32.37094818115235,7.105427357601002e-15,-0.06421145160992942,0.013553775853755147,4.157714843755489e-05,0.0,-0.06416987446149186,0.013553775853755147,-0.02909489949544272,0.013576549928380014,-0.024339803059895835,0.0063128203657215115,0.3859738555173155,0.7937247783509821,5.6889453125,0.0,241.1328125,0.0,32.37094818115235,7.105427357601002e-15,-0.05696871399879455,0.013785182335717721,-0.026602709960937446,0.0,-0.08357142395973201,0.013785182335717723,-0.04840181986490885,0.013789914638973085,-0.021342366536458334,0.005180696932150778,0.7801530744645994,0.7018369417593109,0.025251278229471725,0.02556506068994767,0.025766233958255086
14.0,5.9312499999999995,0.0,233.828125,0.0,35.18634033203125,0.0,-0.05917740027109781,0.01350485898591743,4.157714843755489e-05,0.0,-0.059135823122660254,0.01350485898591743,-0.024056701660156245,0.013465661969725788,-0.02137776692708333,0.006978320027710643,0.4255928804268739,0.6772680968193286,5.9312499999999995,0.0,233.828125,0.0,35.18634033203125,0.0,-0.05995670000712077,0.015963898167790862,-0.026813891601562445,0.0,-0.08677059160868321,0.015963898167790862,-0.05156962076822916,0.015966452645088634,-0.0223828125,0.006832003960355916,0.7968402853656769,0.3603798527388508,0.022143003559813627,0.02252091406133512,0.022763142577542556
14.5,6.16623046875,8.881784197001252e-16,229.90234375,0.0,38.02898323059082,0.0,-0.06341445008913678,0.017167659421099133,4.157714843755489e-05,0.0,-0.06337287294069922,0.017167659421099133,-0.028348566691080736,0.017147876613477178,-0.02309102376302084,0.007892497203055121,0.21516362733404512,0.36049786330044553,6.16623046875,8.881784197001252e-16,229.90234375,0.0,38.02898323059082,0.0,-0.062654603322347,0.013829032829469,-0.026849291992187444,0.0,-0.08950389531453444,0.013829032829469,-0.05440834045410156,0.01378142729537304,-0.02329427083333333,0.005381157280840292,0.8589299223454555,0.4491393908778485,0.023701251128517464,0.024147163072204936,0.02443289550094622
15.0,6.397265625,0.0,225.390625,0.0,40.93155212402343,0.0,-0.058165411154429116,0.019658185886374375,4.157714843755489e-05,0.0,-0.05812383400599156,0.019658185886374375,-0.02305246988932291,0.019665061998587318,-0.02000935872395833,0.009881183798319761,-0.35919924530764913,0.45390277940834933,6.397265625,0.0,225.390625,0.0,40.93155212402343,0.0,-0.06420710881551107,0.017947055262442908,-0.027058032226562445,0.0,-0.0912651410420735,0.017947055262442908,-0.05607376098632813,0.017955953633517534,-0.023598225911458336,0.0072047321979576895,0.07892836872329327,0.6711915343306571,0.02045843508647801,0.02097507862259888,0.021306020756611938
15.5,6.62375,0.0,218.14453125,0.0,43.880331420898436,0.0,-0.06566988468170167,0.01063703505113876,4.157714843755489e-05,0.0,-0.06562830753326411,0.01063703505113876,-0.03058558146158855,0.010613068300579826,-0.023350830078125,0.0054004565252752075,-0.49431244347016406,0.5572494337676938,6.62375,0.0,218.14453125,0.0,43.880331420898436,0.0,-0.059846888383229574,0.01573296376025798,-0.027095874023437442,3.469446951953614e-18,-0.08694276240666703,0.01573296376025798,-0.051897176106770825,0.01569552114571228,-0.020942382812499997,0.005794369914604314,-0.6261979394303582,0.7333448350987096,0.023632834520048437,0.02422285171916392,0.024600642981977793
16.0,6.84296875,0.0,213.59375,0.0,46.83242492675782,7.105427357601002e-15,-0.0637534205118815,0.014929763500636996,4.157714843755489e-05,0.0,-0.06371184336344395,0.014929763500636996,-0.0286669921875,0.014901805649654553,-0.021912434895833333,0.0073089694043202225,-0.216376505439,1.021984493654818,6.84296875,0.0,213.59375,0.0,46.83242492675782,7.105427357601002e-15,-0.06432100296020508,0.011859361963130635,-0.027302172851562445,0.0,-0.09162317581176753,0.011859361963130635,-0.05642008463541667,0.011863998676661313,-0.022731119791666667,0.00384156926294335,-0.4864108330905197,0.6757956497417298,0.022023160581846318,0.022688452300507495,0.023114245681503748
16.5,7.057597656249999,8.881784197001252e-16,206.38671875,0.0,49.81558998107909,7.105427357601002e-15,-0.06560734430948895,0.018798840652052628,4.157714843755489e-05,0.0,-0.06556576716105139,0.018798840652052628,-0.030498046875,0.018765133101118443,-0.022375691731770838,0.008751674401539653,0.14347340214039736,1.2292826112933246,7.057597656249999,8.881784197001252e-16,206.38671875,0.0,49.81558998107909,7.105427357601002e-15,-0.06366460800170899,0.010635545621704314,-0.027302172851562445,0.0,-0.09096678085327144,0.010635545621704314,-0.055858408610026035,0.01067774526176835,-0.02196634928385417,0.004122048604346177,-0.3960425222021979,0.5542347849480809,0.022310394623124927,0.023053106880650594,0.02352820138954405
17.0,7.265,0.0,201.79687500000003,0.0,52.78604675292968,0.0,-0.06380009333292642,0.017970364784940296,4.157714843755489e-05,0.0,-0.06375851618448887,0.017970364784940296,-0.02872873942057291,0.017972394032686505,-0.021018473307291664,0.008060735895998922,0.16098437424120135,0.9865580265373456,7.265,0.0,201.79687500000003,0.0,52.78604675292968,0.0,-0.06309841791788738,0.008564437632172415,-0.027302172851562445,0.0,-0.09040059076944984,0.008564437632172413,-0.055325317382812524,0.008517435490924964,-0.02123046875000001,0.0025552175051782046,-0.1533770320391474,0.7481780547597974,0.02077494854623624,0.02159612616675433,0.02212110182035633
17.5,7.4677734375,0.0,194.62890625,0.0,55.77314758300781,0.0,-0.06517421404520671,0.017909477299481728,4.157714843755489e-05,0.0,-0.06513263689676915,0.017909477299481728,-0.030044047037760424,0.017857767755082413,-0.021282958984375003,0.008421312274427986,-0.25629904627708006,0.8322958120650635,7.4677734375,0.0,194.62890625,0.0,55.77314758300781,0.0,-0.05984014272689819,0.01290536892910758,-0.027302172851562445,0.0,-0.08714231557846064,0.01290536892910758,-0.05209960937499999,0.012884335597107013,-0.019197591145833328,0.0046422184107718,0.16558927996916414,0.7230660175988096,0.020859215344032393,0.021759820240954013,0.02233519169599784
18.0,7.663359375,0.0,189.29687500000003,0.0,58.73248443603514,0.0,-0.06457770029703773,0.02094906911965034,4.157714843755489e-05,0.0,-0.06453612314860017,0.02094906911965034,-0.029415079752604146,0.020970303620704348,-0.020522460937499994,0.00965952618276071,-0.3447324431211111,0.6502721604895364,7.663359375,0.0,189.29687500000003,0.0,58.73248443603514,0.0,-0.06509442329406737,0.012385717802706493,-0.027346118164062443,0.0,-0.0924405414581298,0.01238571780270649,-0.05740173339843748,0.012360088298668609,-0.021494954427083327,0.004623351737029092,-0.16354386715714386,0.3022393051940266,0.019918191002415916,0.020898458767390007,0.021524261935778336
18.5,7.8535546875,0.0,179.6875,0.0,61.683189392089844,0.0,-0.06961066563924152,0.016354472757041248,4.157714843755489e-05,0.0,-0.06956908849080397,0.016354472757041248,-0.03452657063802084,0.016323862875770742,-0.022618815104166665,0.008356212560467893,-0.011691054171519728,0.4508127294571625,7.8535546875,0.0,179.6875,0.0,61.683189392089844,0.0,-0.06844275792439779,0.01517358439671833,-0.027501147460937448,3.469446951953614e-18,-0.09594390538533525,0.01517358439671833,-0.060731608072916665,0.01514644954490743,-0.02268168131510417,0.005654837337820756,-0.15231401492387775,0.5083222678368237,0.02183391803646807,0.022894004597002568,0.02357021193391795
19.0,8.034140625,0.0,178.20312500000003,0.0,64.55238464355467,0.0,-0.07124324162801111,0.016941829871913602,4.157714843755489e-05,0.0,-0.07120166447957356,0.016941829871913602,-0.03612915039062504,0.016989999652192334,-0.023012288411458356,0.007780654396317357,-0.2993496981534131,0.17846174694431907,8.034140625,0.0,178.20312500000003,0.0,64.55238464355467,0.0,-0.06464045842488604,0.01293104314288809,-0.027302172851562445,0.0,-0.09194263127644849,0.012931043142888093,-0.056912027994791635,0.012974979423431812,-0.020296630859374987,0.004416103003929652,-0.13035772007940472,0.4680406509710581,0.022048160491517553,0.02318757712929344,0.02391373485370923
19.5,8.213203125,0.0,168.828125,0.0,67.4613427734375,0.0,-0.06274257024129232,0.020743408012386586,4.157714843755489e-05,0.0,-0.06270099309285476,0.020743408012386586,-0.027603454589843743,0.020713291569003162,-0.018284505208333333,0.008706832159736529,-0.8335005042158389,0.5778302880043127,8.213203125,0.0,168.828125,0.0,67.4613427734375,0.0,-0.07010095914204915,0.012765475770746488,-0.027302172851562445,0.0,-0.0974031319936116,0.012765475770746488,-0.06233362833658856,0.01274723972919286,-0.022591552734375003,0.00438028181364437,-0.5942597644868203,0.4824830925750938,0.017141331990722153,0.018360130719408757,0.01913612004720438
20.0,8.3828125,0.0,156.25,0.0,70.27545166015624,0.0,-0.06646817525227865,0.02137134323738583,4.157714843755489e-05,0.0,-0.06642659810384109,0.02137134323738583,-0.03133748372395833,0.02135587981958252,-0.01979166666666667,0.009110586107319647,-0.9766668336004275,0.9373677862445462,8.3828125,0.0,156.25,0.0,70.27545166015624,0.0,-0.06284907658894857,0.01399203624531908,-0.027302172851562445,0.0,-0.090151249440511,0.013992036245319082,-0.055078125,0.013972115568500124,-0.018554687500000003,0.004722801372442864,-0.7923567860091304,0.46646476522554414,0.018472651237679806,0.019769573912690314,0.020594422373011827
20.5,8.539843750000001,1.7763568394002505e-15,154.6484375,0.0,72.93291015625,0.0,-0.06704999923706055,0.017957783305360495,4.157714843755489e-05,0.0,-0.067008422088623,0.017957783305360495,-0.0319281005859375,0.017932261537252255,-0.0197064208984375,0.00811623763345205,-1.1035609152674628,0.9706783514888265,8.539843750000001,1.7763568394002505e-15,154.6484375,0.0,72.93291015625,0.0,-0.06410108804702758,0.014619630720688647,-0.027302172851562445,0.0,-0.09140326089859002,0.014619630720688646,-0.056251831054687486,0.014619440120473884,-0.018842366536458332,0.004911769436381447,-0.8380364074944185,0.5964382510616275,0.018213577802078693,0.019587896343015422,0.020460960704059797
21.0,8.695234375,0.0,148.4375,0.0,75.61075622558593,0.0,-0.06580480575561527,0.02287891600464684,4.157714843755489e-05,0.0,-0.06576322860717772,0.02287891600464684,-0.03067199707031254,0.02292736949934159,-0.018659667968750022,0.009116659781670174,-1.3464730121224264,0.7630975423452505,8.695234375,0.0,148.4375,0.0,75.61075622558593,0.0,-0.06630204200744631,0.014646584114495554,-0.027302172851562445,0.0,-0.09360421485900876,0.014646584114495554,-0.05844238281250003,0.014645413196747593,-0.019512532552083347,0.004700566975797706,-0.7721625434027777,0.7039426626403704,0.016997948267769965,0.01844765880544411,0.0193674654704304
21.5,8.8444140625,0.0,145.078125,0.0,78.22737884521484,0.0,-0.05526357014973959,0.01849931642150694,4.157714843755489e-05,0.0,-0.05522199300130203,0.01849931642150694,-0.020156555175781247,0.018526187983298286,-0.013041178385416666,0.007310687596759894,-1.1892353997456466,0.5276401076461871,8.8444140625,0.0,145.078125,0.0,78.22737884521484,0.0,-0.05926196098327637,0.012292283465187239,-0.02724968261718744,3.469446951953614e-18,-0.08651164360046382,0.012292283465187239,-0.051345570882161455,0.012283511766131731,-0.015602213541666667,0.003686662055210142,-0.6951636349219273,0.9537493525574912,0.011214363823189102,0.012737982513201353,0.013703382532642342
22.0,8.99015625,0.0,132.8125,0.0,80.82593627929687,0.0,-0.061593755086263025,0.02066182649244629,4.157714843755489e-05,0.0,-0.06155217793782547,0.02066182649244629,-0.026477661132812507,0.020640844339475443,-0.015913085937500005,0.008211458363271511,-1.3294832337801086,0.4450927797840307,8.99015625,0.0,132.8125,0.0,80.82593627929687,0.0,-0.06227080663045246,0.015693741849555576,-0.027058032226562445,0.0,-0.08932883885701488,0.015693741849555576,-0.05424763997395832,0.015691464503662905,-0.01683837890624999,0.00521988014730344,-0.4790183232566087,0.9235382616325883,0.013927615384146315,0.015522503176573594,0.01653159664037013
22.5,9.1236328125,0.0,129.296875,0.0,83.2437515258789,0.0,-0.05925623973210653,0.019037169355976567,4.157714843755489e-05,0.0,-0.059214662583668976,0.019037169355976567,-0.02408905029296875,0.01905831890018128,-0.0144500732421875,0.00682760980256988,-1.5511560921717342,0.4201866064294549,9.1236328125,0.0,129.296875,0.0,83.2437515258789,0.0,-0.06591783364613851,0.0158529773177393,-0.027003100585937443,3.469446951953614e-18,-0.09292093423207597,0.0158529773177393,-0.05779851277669271,0.015836137306228234,-0.018292236328125003,0.005635204463378584,-0.7084215900744341,0.6824913132268655,0.012309724384491003,0.01397441360966102,0.015026045509257593
23.0,9.253515625,0.0,117.1875,0.0,85.62998352050782,1.4210854715202004e-14,-0.055294502576192235,0.01946140317296934,4.157714843755489e-05,0.0,-0.05525292542775468,0.01946140317296934,-0.020172322591145854,0.019464408296207183,-0.012195231119791677,0.007833812814353192,-1.1465176669034156,0.5719876645310169,9.253515625,0.0,117.1875,0.0,85.62998352050782,1.4210854715202004e-14,-0.059244089126586914,0.010567699333663956,-0.026813891601562445,0.0,-0.08605798072814935,0.010567699333663956,-0.051056213378906236,0.010537833793458035,-0.014585367838541663,0.0022163089956607346,-1.0317303139568872,0.5176332360670679,0.00990679331099051,0.011638505184962136,0.01273067023571024
23.5,9.371289062499999,1.7763568394002505e-15,115.3515625,0.0,87.82352752685547,0.0,-0.049972159067789707,0.019814038796484187,4.157714843755489e-05,0.0,-0.04993058191935215,0.019814038796484187,-0.014884134928385412,0.019791585209170657,-0.009288126627604166,0.007762305802626475,-0.6490915768259501,0.5588153121462561,9.371289062499999,1.7763568394002505e-15,115.3515625,0.0,87.82352752685547,0.0,-0.06063694000244141,0.01551872493069215,-0.026813891601562445,0.0,-0.08745083160400385,0.015518724930692148,-0.05232686360677083,0.015478680155174137,-0.015007527669270835,0.005276191482883447,-0.7081173627804497,0.5313985580306287,0.006857891736417509,0.00865406987372613,0.009784900333998483
24.0,9.4871875,0.0,107.50000000000001,0.0,90.00890869140625,0.0,-0.05420724550882977,0.021986561754250736,4.157714843755489e-05,0.0,-0.054165668360392216,0.021986561754250736,-0.019108072916666684,0.022027567141555928,-0.011217447916666677,0.00795946698328047,-0.8668092432740876,0.5528048630661382,9.4871875,0.0,107.50000000000001,0.0,90.00890869140625,0.0,-0.060170516967773445,0.0189875300396518,-0.026755297851562446,0.0,-0.08692581481933588,0.0189875300396518,-0.05168660481770834,0.018940904788421642,-0.014461263020833337,0.006739251648937971,-0.9526321660110666,0.2117858075906615,0.00864960345818806,0.010508617629523848,0.011676834856428595
24.5,9.595195312499998,1.7763568394002505e-15,101.5625,0.0,92.0696810913086,0.0,-0.048407845695813495,0.020190756402387506,4.157714843755489e-05,0.0,-0.04836626854737594,0.020190756402387506,-0.013343912760416667,0.02024101098390675,-0.008086751302083334,0.00747058017826236,-1.0357300848023547,0.3793291567182618,9.595195312499998,1.7763568394002505e-15,101.5625,0.0,92.0696810913086,0.0,-0.05630193869272868,0.012499511948539897,-0.026569750976562445,0.0,-0.08287168966929113,0.012499511948539899,-0.04769134521484375,0.012473143638988618,-0.012227376302083334,0.002961771666072161,-1.0860480461920905,0.605894933504807,0.005390912688978723,0.007308761645944281,0.00851155855734714
25.0,9.697265625,0.0,99.60937500000001,0.0,94.03889465332031,0.0,-0.05124258995056152,0.021027223001712253,4.157714843755489e-05,0.0,-0.05120101280212397,0.021027223001712253,-0.01613871256510417,0.021087693715659852,-0.00931803385416667,0.008067627681676286,-0.8039970961113551,0.4598360710206049,9.697265625,0.0,99.60937500000001,0.0,94.03889465332031,0.0,-0.05241318543752033,0.01648356396165431,-0.026508715820312445,0.0,-0.07892190125783277,0.016483563961654308,-0.04369608561197915,0.01651533412732346,-0.010030110677083327,0.004860977519182712,-0.6900956302811779,0.7149245792798369,0.006500755663086037,0.00847477820410532,0.009710208112469327
25.5,9.797343749999998,1.7763568394002505e-15,89.765625,0.0,95.9896142578125,0.0,-0.04971921443939209,0.021876549743238348,4.157714843755489e-05,0.0,-0.049677637290954535,0.021876549743238348,-0.014600321451822919,0.021914500048028585,-0.008385416666666666,0.007765634082180812,-1.1998065275653078,0.36476756048068026,9.797343749999998,1.7763568394002505e-15,89.765625,0.0,95.9896142578125,0.0,-0.05731299479802451,0.015484262624300582,-0.026263354492187446,0.0,-0.08357634929021196,0.01548426262430058,-0.04847208658854168,0.015466287584967138,-0.012343343098958333,0.004517937301751155,-1.0682525279082948,0.8045456892717548,0.005453699858298327,0.0074810415755020235,0.008747031204417678
26.0,9.887500000000001,1.7763568394002505e-15,80.15624999999999,0.0,97.76383056640624,0.0,-0.047934624354044615,0.015839080100642035,4.157714843755489e-05,0.0,-0.04789304720560706,0.015839080100642035,-0.012784016927083352,0.01587397973510812,-0.007325846354166675,0.005346719572323956,-1.4973256452748673,0.4714354425416801,9.887500000000001,1.7763568394002505e-15,80.15624999999999,0.0,97.76383056640624,0.0,-0.05394385019938152,0.020106064030009346,-0.026081469726562445,0.0,-0.08002531992594396,0.020106064030009346,-0.04496215820312501,0.020099031903607647,-0.010375976562500007,0.006924069736212539,-1.4204630818400423,0.69812807866589,0.0042889943739216185,0.006365793474132885,0.007659621997483114
26.5,9.9680859375,0.0,81.796875,0.0,99.36417572021485,0.0,-0.04052408377329509,0.02223742096115804,4.157714843755489e-05,0.0,-0.040482506624857535,0.02223742096115804,-0.005398050944010419,0.022205690673408014,-0.0034472656250000007,0.008130145735971123,-1.415233597240445,0.7243454661093943,9.9680859375,0.0,81.796875,0.0,99.36417572021485,0.0,-0.05007628440856934,0.02204074701935207,-0.026016772460937445,0.0,-0.07609305686950678,0.02204074701935207,-0.04100616455078125,0.022025158568580522,-0.008216756184895833,0.007452490334264952,-0.9361953557510202,0.8222339475087287,0.0003121087290257271,0.00243558395270377,0.0037552268721852185
27.0,10.050234375,0.0,70.3125,0.0,101.00818542480467,1.4210854715202004e-14,-0.041553279558817546,0.020013055297579546,4.157714843755489e-05,0.0,-0.04151170241037999,0.020013055297579546,-0.006458536783854177,0.0199796564157254,-0.0038720703125000046,0.007013509622607639,-1.3851499520444894,0.5909103284456183,10.050234375,0.0,70.3125,0.0,101.00818542480467,1.4210854715202004e-14,-0.052614517211914076,0.020710668233277076,-0.025837329101562445,0.0,-0.07845184631347651,0.020710668233277076,-0.04335388183593752,0.020709643252524258,-0.00932698567708334,0.006664437278871469,-0.9578863112798633,0.6267490253650917,0.000647668491102751,0.002814061756675465,0.004156868117921068
27.5,10.120898437500001,1.7763568394002505e-15,68.1640625,0.0,102.4335708618164,0.0,-0.034690658251444496,0.021727261014819827,4.157714843755489e-05,0.0,-0.03464908110300694,0.021727261014819827,0.00043385823567708583,0.02171508912985773,-0.00037841796874999887,0.007163609557287486,-1.322155695324646,0.6766952721279851,10.120898437500001,1.7763568394002505e-15,68.1640625,0.0,102.4335708618164,0.0,-0.044086337089538574,0.023499840904175243,-0.025770190429687447,3.469446951953614e-18,-0.06985652751922601,0.02349984090417525,-0.034672546386718746,0.02346489991841823,-0.004866536458333332,0.00865791143577194,-1.3985622735012442,0.31145322174168333,-0.002928578211984884,-0.0007219737402713957,0.0006420241975726348
28.0,10.189375,0.0,62.5,0.0,103.82415039062498,1.4210854715202004e-14,-0.03327049255371093,0.022458340942865845,4.157714843755489e-05,0.0,-0.033228915405273375,0.022458340942865845,0.0018636067708333434,0.02242479412410099,0.0003629557291666718,0.00798129305879785,-1.207428097076545,0.6172753603060355,10.189375,0.0,62.5,0.0,103.82415039062498,1.4210854715202004e-14,-0.04029434204101562,0.01998204246739105,-0.02552482910156245,3.469446951953614e-18,-0.06581917114257806,0.019982042467391048,-0.030721842447916658,0.019931892702023703,-0.0028776041666666633,0.006391519290662363,-1.2361407039141454,0.638356992336679,-0.0037437382563686285,-0.0015005757764926684,-0.00011796366949633685
28.5,10.2521875,0.0,60.27343749999999,0.0,105.10814453125,0.0,-0.03700611591339111,0.02497321169681917,4.157714843755489e-05,0.0,-0.03696453876495356,0.02497321169681917,-0.0018607584635416622,0.02493319222230555,-0.0015553792317708314,0.008851132202482279,-1.0121625471967348,0.4918316296302335,10.2521875,0.0,60.27343749999999,0.0,105.10814453125,0.0,-0.04607862949371338,0.020180392495692874,-0.025349047851562445,0.0,-0.07142767734527583,0.020180392495692877,-0.03634165445963542,0.02016057614731587,-0.005718180338541668,0.00588438645351216,-1.0629445559865511,0.6835512491372907,-0.0018921150854545152,0.00038470614608767913,0.0017838447722625882
29.0,10.312734375,0.0,54.6875,0.0,106.35310607910155,1.4210854715202004e-14,-0.031049184799194333,0.022195347201679413,4.157714843755489e-05,0.0,-0.031007607650756778,0.022195347201679413,0.004019775390625002,0.022154703784411752,0.001459960937500001,0.007282157601259375,-0.72032297129953,0.6931927412260666,10.312734375,0.0,54.6875,0.0,106.35310607910155,1.4210854715202004e-14,-0.044703296025594086,0.020160392658677605,-0.02527824707031245,3.469446951953614e-18,-0.06998154309590654,0.020160392658677608,-0.03478169759114585,0.020165686732194616,-0.004927571614583341,0.006120092830958141,-0.8881952601435055,0.6466193852041252,-0.004963474871511072,-0.002657482157676544,-0.0012449194642549395
29.5,10.367695312500002,1.7763568394002505e-15,52.38281249999999,0.0,107.48972808837891,0.0,-0.030916627248128253,0.020161857035148115,4.157714843755489e-05,0.0,-0.030875050099690698,0.020161857035148115,0.004194641113281254,0.02013606785367598,0.001467285156250002,0.00653646451384922,-0.6024779324950192,0.5118789815987744,10.367695312500002,1.7763568394002505e-15,52.38281249999999,0.0,107.48972808837891,0.0,-0.034720805486043296,0.020452039486478616,-0.025032885742187445,0.0,-0.059753691228230744,0.020452039486478616,-0.024619344075520837,0.020486247121611758,0.00019104003906249807,0.005831130245402585,-0.5555045743644376,0.41628265503301853,-0.005023382497940221,-0.002689537416923637,-0.0012646092032534862
30.0,10.4203125,0.0,44.53125000000001,0.0,108.5833740234375,0.0,-0.02630399068196615,0.019945571996330982,4.157714843755489e-05,0.0,-0.026262413533528595,0.019945571996330982,0.008789062499999998,0.019907391338276185,0.0037841796874999996,0.006677294445618275,-0.6103136230089428,0.6183937136404261,10.4203125,0.0,44.53125000000001,0.0,108.5833740234375,0.0,-0.03856919606526693,0.0220297512699499,-0.024860766601562445,0.0,-0.06342996266682936,0.022029751269949903,-0.02833455403645833,0.022024368375468457,-0.0017456054687500007,0.006762148103942256,-0.9310920199592179,0.5660852855320464,-0.007382589664572517,-0.005025203907658667,-0.003590889714246
30.5,10.465039062499999,1.7763568394002505e-15,39.0625,0.0,109.51736602783204,1.4210854715202004e-14,-0.02505498250325521,0.02290092234643706,4.157714843755489e-05,0.0,-0.025013405354817653,0.02290092234643706,0.010057169596354163,0.022870936627114775,0.004315999348958333,0.007598671005025135,-0.5875342783301829,0.8716619522028577,10.465039062499999,1.7763568394002505e-15,39.0625,0.0,109.51736602783204,1.4210854715202004e-14,-0.03551883697509765,0.024847708448053493,-0.024786303710937443,0.0,-0.0603051406860351,0.024847708448053497,-0.02516489664713541,0.024798887654617508,-0.0001450602213541647,0.007926396262147703,-1.5018375992497122,0.4976069567793259,-0.007943853627184118,-0.005568387487937157,-0.004128391335114411
31.0,10.504296875,0.0,36.64062500000001,0.0,110.34057922363282,0.0,-0.027884515126546227,0.018255983358626778,4.157714843755489e-05,0.0,-0.027842937978108672,0.018255983358626778,0.007239583333333337,0.018242148055098165,0.002823893229166668,0.005748420440785845,-0.26231127000169674,1.0466908351525404,10.504296875,0.0,36.64062500000001,0.0,110.34057922363282,0.0,-0.03376015345255534,0.02381062325939683,-0.024540942382812445,0.0,-0.05830109583536778,0.02381062325939683,-0.02318766276041666,0.0237896867561247,0.000715332031250002,0.007231731181619251,-1.3818553814891645,0.5108542734150111,-0.006478126015391797,-0.004085762554537465,-0.0026410258085187333
31.5,10.54109375,0.0,31.25,0.0,111.1148681640625,0.0,-0.027860887845357247,0.020796793427647297,4.157714843755489e-05,0.0,-0.027819310696919692,0.020796793427647297,0.007259114583333344,0.020761648911456064,0.0027799479166666714,0.006200300567636663,-0.12061794135768068,0.8239941707763366,10.54109375,0.0,31.25,0.0,111.1148681640625,0.0,-0.0346806494394938,0.020792163872027345,-0.024372485351562445,0.0,-0.05905313479105625,0.02079216387202735,-0.02397226969401041,0.020778414464140034,0.00020751953125000512,0.0056527509755736624,-1.1934872310848907,0.6732386110868864,-0.006453517110895434,-0.004047181413193841,-0.002599762581596923
32.0,10.5725,0.0,31.25,0.0,111.77796875,0.0,-0.02285989125569661,0.02001500634215662,4.157714843755489e-05,0.0,-0.022818314107259055,0.02001500634215662,0.01227945963541667,0.019982631496277464,0.005214843750000001,0.005840360858864058,-0.037550611281073176,0.6564733321579845,10.5725,0.0,31.25,0.0,111.77796875,0.0,-0.024469121297200525,0.020921489205776012,-0.024294360351562447,0.0,-0.048763481648762964,0.020921489205776016,-0.013647460937500001,0.020886789088133444,0.005320638020833333,0.005726708318228011,-1.5957938003836485,0.8663314403395926,-0.00890331532502954,-0.00648479775314886,-0.005036018668241098
32.5,10.60390625,0.0,28.710937499999996,3.552713678800501e-15,112.4430419921875,0.0,-0.02683641115824381,0.016170553041397567,4.157714843755489e-05,0.0,-0.026794834009806257,0.016170553041397567,0.008262125651041669,0.01618266595899314,0.0031514485677083346,0.004095505475536644,0.19640326036810762,0.75023745176458,10.60390625,0.0,28.710937499999996,3.552713678800501e-15,112.4430419921875,0.0,-0.021129274368286138,0.02326579937977107,-0.024128344726562445,0.0,-0.04525761909484858,0.02326579937977107,-0.01014607747395834,0.023203481350533867,0.006888834635416664,0.006723887662567894,-1.5968518379407095,0.7771335691771292,-0.006842711870304219,-0.004417168751132451,-0.0029705065760870595
33.0,10.632734375,0.0,23.4375,0.0,113.05516174316405,1.4210854715202004e-14,-0.025412584940592443,0.017093179947134978,4.157714843755489e-05,0.0,-0.025371007792154888,0.017093179947134978,0.009704996744791668,0.01708798898955948,0.003798421223958334,0.003932864103272152,0.03135224692841384,0.7672799193254869,10.632734375,0.0,23.4375,0.0,113.05516174316405,1.4210854715202004e-14,-0.023397006988525402,0.022331228599743583,-0.024047778320312446,0.0,-0.04744478530883784,0.022331228599743583,-0.012231038411458344,0.02229227252386447,0.005633951822916661,0.006326880417660834,-1.2039433548222642,0.6496509737318881,-0.007488232154391828,-0.0050573922347871576,-0.0036141046460394124
33.5,10.656289062499999,0.0,20.820312500000046,0.0,113.55661895751952,1.4210854715202004e-14,-0.02476446469624839,0.013934520373334532,4.157714843755489e-05,0.0,-0.024722887547810834,0.013934520373334532,0.010400187174479153,0.01387077663729604,0.004043782552083327,0.0031124072398960308,0.07124491041726105,0.528141841145238,10.656289062499999,0.0,20.820312500000046,0.0,113.55661895751952,1.4210854715202004e-14,-0.018427162170410186,0.017816838827866444,-0.023802416992187447,0.0,-0.042229579162597626,0.017816838827866444,-0.00712615966796878,0.017773359297660725,0.008046671549479155,0.0038361639755339844,-0.945602215438643,0.6081541354375168,-0.007720495972265914,-0.00528933413912855,-0.0038527562622726053
34.0,10.6771875,0.0,15.625,0.0,114.00238769531249,0.0,-0.024722544352213518,0.01755726409985338,4.157714843755489e-05,0.0,-0.024680967203775963,0.01755726409985338,0.010399983723958355,0.01756760478335549,0.003985188802083345,0.004283921957204284,0.5617804775519645,0.5653828335778576,10.6771875,0.0,15.625,0.0,114.00238769531249,0.0,-0.014347457885742201,0.01714376517673147,-0.023640063476562445,0.0,-0.03798752136230465,0.01714376517673147,-0.0029178873697916796,0.017109201881349546,0.009840494791666663,0.003483157718374774,-0.339047210385109,0.7461511623221774,-0.007646350466466184,-0.005215834713281976,-0.003786709674349327
34.5,10.692890625000002,1.7763568394002505e-15,15.625,0.0,114.33796508789062,0.0,-0.028650950739781064,0.017456512863814774,4.157714843755489e-05,0.0,-0.02860937359134351,0.017456512863814774,0.006458028157552079,0.017474747342738864,0.0019234212239583315,0.004383786816038261,0.5109583951747086,0.7670355238796828,10.692890625000002,1.7763568394002505e-15,15.625,0.0,114.33796508789062,0.0,-0.014856204986572273,0.021998644353414146,-0.023555834960937442,3.469446951953614e-18,-0.03841203994750972,0.021998644353414146,-0.003289286295572925,0.021994843018918075,0.009387613932291662,0.00633710352459821,-0.34192183819870364,1.006658748470733,-0.005561382315011418,-0.003134758000301066,-0.0017152875287963654
35.0,10.70859375,0.0,15.625,0.0,114.67403564453126,1.4210854715202004e-14,-0.028288369874159506,0.016441611038922013,4.157714843755489e-05,0.0,-0.02824679272572195,0.016441611038922013,0.006823730468749987,0.01640438493088145,0.002071126302083327,0.004493258067655276,0.5358621142312484,0.5260629588701484,10.70859375,0.0,15.625,0.0,114.67403564453126,1.4210854715202004e-14,-0.017238744099934904,0.016250758786287196,-0.023395922851562445,0.0,-0.04063466695149735,0.0162507587862872,-0.005578613281250012,0.016233670714139132,0.008070882161458327,0.0037322946754462564,-0.570043224462171,0.9061099518667949,-0.00568006913331201,-0.003259791960659292,-0.0018516570480379762
35.5,10.724296875,0.0,12.851562500000044,0.0,115.01059936523437,0.0,-0.026059536933898897,0.021721659619512994,4.157714843755489e-05,0.0,-0.026017959785461342,0.021721659619512994,0.009045511881510445,0.021717000066965444,0.003103841145833348,0.005517384108411505,0.9218250621448832,0.47469076646679637,10.724296875,0.0,12.851562500000044,0.0,115.01059936523437,0.0,-0.013582115173339846,0.018425116831417784,-0.023309252929687444,3.469446951953614e-18,-0.036891368103027296,0.018425116831417784,-0.0017744954427083373,0.018429452629240364,0.009727579752604167,0.005132326799705633,-0.08479120570185743,0.8227580387932568,-0.006681538753598153,-0.00426850103171744,-0.002872369005442061
36.0,10.7371875,0.0,7.8125,0.0,115.28720947265624,0.0,-0.031888122558593725,0.02262708214163408,4.157714843755489e-05,0.0,-0.03184654541015617,0.02262708214163408,0.0032438151041666945,0.02259868432287897,0.0001497395833333475,0.006096346484036437,0.6002046456148108,0.2801474585283691,10.7371875,0.0,7.8125,0.0,115.28720947265624,0.0,-0.014166412353515614,0.016813790139410117,-0.023151782226562445,0.0,-0.03731819458007806,0.016813790139410117,-0.002224934895833323,0.01681197031755314,0.009235026041666672,0.005267926888649474,0.15573212594696836,0.8131284636533037,-0.0036871411522176488,-0.0012852267272734721,9.631892802992349e-05
36.5,10.7450390625,0.0,7.8125,0.0,115.45587860107422,0.0,-0.03293421546618142,0.020973689830710775,4.157714843755489e-05,0.0,-0.03289263831774387,0.020973689830710775,0.002169392903645848,0.020940725725895313,-0.0003782145182291592,0.0052017657714875,0.16481460298599596,0.6391710864861282,10.7450390625,0.0,7.8125,0.0,115.45587860107422,0.0,-0.011725101470947248,0.011551303993176094,-0.023062670898437446,0.0,-0.03478777236938469,0.011551303993176092,0.0003375244140625187,0.011498999458606557,0.010224405924479174,0.0031499363205816596,-0.036237904890243845,1.1585269072611164,-0.0031102544606192934,-0.0007231822868825231,0.0006413181990066515
37.0,10.752890625,0.0,4.921875000000014,0.0,115.62467102050782,0.0,-0.030082315603891994,0.01583647844552162,4.157714843755489e-05,0.0,-0.03004073845545444,0.01583647844552162,0.005029093424479182,0.015837934411345733,0.0010489908854166745,0.0029297708005012256,0.18618710391171078,0.8112561900055951,10.752890625,0.0,4.921875000000014,0.0,115.62467102050782,0.0,-0.00851886749267576,0.012627719985441386,-0.022907641601562445,0.0,-0.031426509094238206,0.012627719985441386,0.0036676025390625197,0.012610282125345613,0.011604817708333345,0.0019830114263668175,0.011933866914341193,0.9105964178571092,-0.00448988006431909,-0.0021170099831221687,-0.0007691983509360883
37.5,10.7578125,0.0,2.929687499999958,4.440892098500626e-16,115.73052978515625,0.0,-0.036316315333048486,0.014654945374189222,4.157714843755489e-05,0.0,-0.03627473818461093,0.014654945374189222,-0.00118764241536457,0.014659534110194782,-0.0020955403645833274,0.004491916132299936,0.39297606283690145,0.8243530465088672,10.7578125,0.0,2.929687499999958,4.440892098500626e-16,115.73052978515625,0.0,-0.015398502349853516,0.013038402922185005,-0.022907641601562445,0.0,-0.03830614395141596,0.013038402922185005,-0.003143310546875,0.013024166793098745,0.007939656575520834,0.004048246812511313,0.21636180388622314,0.31688646895607103,-0.001287665162244996,0.001066628274044721,0.002394886402647357
38.0,10.76078125,0.0,4.8437500000000275,8.881784197001252e-16,115.79442749023438,1.4210854715202004e-14,-0.032617715199788455,0.016626101616840094,4.157714843755489e-05,0.0,-0.0325761380513509,0.016626101616840094,0.0024999999999999523,0.016593911715555864,-0.00017903645833335728,0.0035850083184541313,0.43921979712995357,0.7145441477201336,10.76078125,0.0,4.8437500000000275,8.881784197001252e-16,115.79442749023438,1.4210854715202004e-14,-0.013845163981119806,0.013670979970537086,-0.022814868164062446,0.0,-0.03666003214518225,0.013670979970537086,-0.0015087890625000155,0.013631261538769302,0.008570149739583326,0.003548269008180655,0.26111570178953064,0.32685028222321866,-0.003144747690128193,-0.000809761015884352,0.000498439804557836
38.5,10.765625,0.0,0.0,0.0,115.898681640625,0.0,-0.02846386273701988,0.01391053656621404,4.157714843755489e-05,0.0,-0.028422285588582324,0.01391053656621404,0.006656290690104144,0.013932732690978984,0.0019165039062499889,0.002113412830630533,0.3757479770663366,0.7891774255070434,10.765625,0.0,0.0,0.0,115.898681640625,0.0,-0.011146914164225261,0.011807157542847236,-0.022663500976562445,0.0,-0.033810415140787704,0.011807157542847236,0.001295878092447917,0.011785958849013517,0.009759318033854167,0.003022752246913677,0.3612576998197099,0.4001032671539987,-0.005176111655102823,-0.002862486871780401,-0.0015756933056818617
39.0,10.765625,0.0,0.0,0.0,115.898681640625,0.0,-0.035355380376180016,0.01459405118367492,4.157714843755489e-05,0.0,-0.03531380322774246,0.01459405118367492,-0.00023030598958333377,0.014654606036041488,-0.0015551757812500005,0.003860071487489509,0.5436444523358605,0.7831350770071078,10.765625,0.0,0.0,0.0,115.898681640625,0.0,-0.012939860026041658,0.008447847341556264,-0.022663500976562445,0.0,-0.035603361002604104,0.008447847341556266,-0.0004097493489583267,0.008485226273689464,0.008700358072916671,0.0026128844254648498,0.1531655193764583,0.5096731903820375,-0.0016386078175781495,0.0006529511894353664,0.0019178655686760168
39.5,10.765625,0.0,0.0,0.0,115.898681640625,0.0,-0.036923755009969056,0.016009932584391207,4.157714843755489e-05,0.0,-0.0368821778615315,0.016009932584391207,-0.0017931111653645606,0.016031655706668164,-0.002341308593749989,0.0030649523517842165,0.5315910760246685,0.7789482952751767,10.765625,0.0,0.0,0.0,115.898681640625,0.0,-0.013792406717936226,0.013967548316762904,-0.022567065429687446,0.0,-0.03635947214762367,0.0139675483167629,-0.001197408040364609,0.013954731040255772,0.008093668619791656,0.003072979409175369,-0.22375668493832465,0.4511714353553585,-0.0007821224720925227,0.001485401532826195,0.002727157146621425
40.0,10.765625,0.0,0.0,0.0,115.898681640625,0.0,-0.040487035115559886,0.017860166324016786,4.157714843755489e-05,0.0,-0.04044545796712233,0.017860166324016786,-0.005350748697916661,0.017838815004802378,-0.00406087239583333,0.0039569280037062915,0.534538974480378,0.675983704062733,10.765625,0.0,0.0,0.0,115.898681640625,0.0,-0.011193847656249997,0.010676738880773065,-0.022419360351562445,0.0,-0.033613208007812444,0.010676738880773065,0.0014038085937500028,0.010652412040369411,0.009244791666666669,0.002157972351286784,0.15907080116064218,0.37069591842402294,0.0010093532314036447,0.003252163731143798,0.0044703201468218965
40.5,10.765625,0.0,0.0,0.0,115.898681640625,0.0,-0.038417971928914364,0.014336068213295248,4.157714843755489e-05,0.0,-0.03837639478047681,0.014336068213295248,-0.003285624186197898,0.014300380818997309,-0.0029402669270833237,0.0028245928774339097,0.5917277777019057,0.6159521737251774,10.765625,0.0,0.0,0.0,115.898681640625,0.0,-0.013604812622070321,0.0077694845492259,-0.022419360351562445,0.0,-0.03602417297363277,0.007769484549225901,-0.0009930419921875093,0.007812059588734398,0.007873942057291661,0.003756187068040363,0.6631521893362698,0.7040477264390009,-3.299813574115899e-05,0.0021823217186339727,0.0033750964061919817
41.0,10.765625,0.0,0.0,0.0,115.898681640625,0.0,-0.03688053081432977,0.011496806180907286,4.157714843755489e-05,0.0,-0.03683895366589222,0.011496806180907286,-0.0018094889322916557,0.011474575300594458,-0.0021105957031249943,0.0015773126695785024,0.18115205920382546,0.6210520877242254,10.765625,0.0,0.0,0.0,115.898681640625,0.0,-0.012307408650716159,0.01259702515512737,-0.022419360351562445,0.0,-0.034726769002278605,0.01259702515512737,0.0003320312499999884,0.012616184123861363,0.008304850260416661,0.003952063312791498,0.6757483374915045,0.8091550993053365,-0.0007803102769729322,0.0014057077013833463,0.002571953785587504
41.5,10.765625,0.0,0.0,0.0,115.898681640625,0.0,-0.04071798498431843,0.010390866009031484,4.157714843755489e-05,0.0,-0.040676407835880876,0.010390866009031484,-0.005617472330729183,0.010402426695977386,-0.0039870198567708405,0.001883843074815503,-0.1947690167904977,0.5511661951385086,10.765625,0.0,0.0,0.0,115.898681640625,0.0,-0.010549125671386675,0.013059644260713234,-0.022419360351562445,0.0,-0.03296848602294913,0.013059644260713234,0.0020764160156250423,0.013066176273239945,0.009037475585937522,0.0033271376640698724,0.7520377774894386,0.580797389610908,0.0011798175692640835,0.0033359219515533673,0.004475272987495438
42.0,10.765625,0.0,0.0,0.0,115.898681640625,0.0,-0.03840252796808879,0.016262035179099372,4.157714843755489e-05,0.0,-0.038360950819651234,0.016262035179099372,-0.0032914225260416686,0.016254539370254766,-0.0027718098958333347,0.002788853551717588,-0.30012224104021146,0.746768094583756,10.765625,0.0,0.0,0.0,115.898681640625,0.0,-0.01849655151367186,0.005421340887646785,-0.022419360351562445,0.0,-0.04091591186523431,0.005421340887646785,-0.005872802734374985,0.005421765034098196,0.004912109375000007,0.003513254001911301,1.0696347109921318,0.6106551639613432,5.219630193141391e-05,0.002176658752740937,0.0032880364076204693
42.5,10.765625,0.0,0.0,0.0,115.898681640625,0.0,-0.038621155420939135,0.014206132076063766,4.157714843755489e-05,0.0,-0.03857957827250158,0.014206132076063766,-0.0035079956054687544,0.014221990205435669,-0.0028045654296875023,0.0026220969986697103,-0.31540403091917574,0.6819390300155193,10.765625,0.0,0.0,0.0,115.898681640625,0.0,-0.020447667439778636,0.010350747565745486,-0.022419360351562445,0.0,-0.04286702779134108,0.010350747565745489,-0.007842508951822907,0.010381337806539883,0.0037943522135416717,0.0037137099277422003,1.0795528053218482,0.9557685153332659,0.00017162929385091015,0.002264812823412932,0.0033484912098835505
43.0,10.765625,0.0,0.0,0.0,115.898681640625,0.0,-0.0395777956644694,0.012652201571496364,4.157714843755489e-05,0.0,-0.03953621851603185,0.012652201571496364,-0.0043768310546875005,0.01268403630884084,-0.0032434082031250005,0.002117505710050651,-0.5735687516693401,0.5219678675745629,10.765625,0.0,0.0,0.0,115.898681640625,0.0,-0.019026514689127604,0.015179703223985685,-0.022419360351562445,0.0,-0.04144587504069005,0.015179703223985682,-0.006426798502604164,0.015184065709413334,0.004404296875000001,0.0047740621870801195,0.921266166017145,0.8839159838365649,0.0006984606234560365,0.002759755566340866,0.0038153839680662664
43.5,10.765625,0.0,0.0,0.0,115.898681640625,0.0,-0.03657021204630537,0.015450296578814141,4.157714843755489e-05,0.0,-0.03652863489786781,0.015450296578814141,-0.0014138793945312797,0.015485811665001318,-0.0017047119140625154,0.002621074158149495,-1.0762942772830413,0.515953380187983,10.765625,0.0,0.0,0.0,115.898681640625,0.0,-0.020188471476236983,0.011400669204054992,-0.022419360351562445,0.0,-0.042607831827799425,0.011400669204054992,-0.007596537272135419,0.011395782984205233,0.0037329101562499994,0.0026223509417533145,0.681288451674202,0.7144697892521893,-0.0007486009374513061,0.0012791688887499116,0.0023057424847395466
44.0,10.765625,0.0,0.0,0.0,115.898681640625,0.0,-0.033576736450195314,0.013016919538200151,4.157714843755489e-05,0.0,-0.03353515930175776,0.013016919538200151,0.0015201822916666695,0.013045845422583814,-0.0001904296874999984,0.0028444118637795334,-1.1227964743589742,0.8174027028402326,10.765625,0.0,0.0,0.0,115.898681640625,0.0,-0.02271057128906249,0.011331672391181012,-0.022419360351562445,0.0,-0.04512993164062493,0.011331672391181012,-0.010118815104166656,0.011301992389647065,0.0023746744791666723,0.0021303274405834634,0.10961857153264036,0.9026287403595039,-0.0021700163674580313,-0.00017635996053405926,0.000820836946816303
44.5,10.765625,0.0,0.0,0.0,115.898681640625,0.0,-0.033313789367675775,0.014867705089737405,4.157714843755489e-05,0.0,-0.03327221221923822,0.014867705089737405,0.0017874145507812574,0.014850497597533076,-3.6621093749956576e-06,0.003235843687418346,-0.8811299784200234,1.1105303368546697,10.765625,0.0,0.0,0.0,115.898681640625,0.0,-0.023421440124511698,0.01475741677099077,-0.022419360351562445,0.0,-0.045840800476074146,0.01475741677099077,-0.010856119791666648,0.01470552667968489,0.001995646158854176,0.004120391702539709,-0.2458908211471658,0.7314272060352321,-0.0022604861147377106,-0.0003024987343240152,0.0006643837708588234
45.0,10.765625,0.0,0.0,0.0,115.898681640625,0.0,-0.02949961423873902,0.013688214933335939,4.157714843755489e-05,0.0,-0.029458037090301464,0.013688214933335939,0.005609130859374996,0.013689905266649968,0.0019531249999999983,0.0033894319442269536,-0.8474354421620091,1.0087394488898127,10.765625,0.0,0.0,0.0,115.898681640625,0.0,-0.020739555358886715,0.016223440057790483,-0.022419360351562445,0.0,-0.043158915710449164,0.016223440057790486,-0.008140055338541665,0.016201179381247387,0.0033121744791666675,0.004179885875395246,-0.3669886970668239,0.5200861041317504,-0.004122163873645445,-0.0021993867307702813,-0.0012624537820518063
45.5,10.765625,0.0,0.0,0.0,115.898681640625,0.0,-0.026492276986440026,0.010413709340107467,4.157714843755489e-05,0.0,-0.02645069983800247,0.010413709340107467,0.00863026936848958,0.010422175814710733,0.0033884684244791653,0.0037892995948066,-0.6169395180015306,0.7887466064471129,10.765625,0.0,0.0,0.0,115.898681640625,0.0,-0.020577246348063162,0.013968738743999155,-0.022419360351562445,0.0,-0.04299660669962561,0.013968738743999155,-0.00792215983072918,0.013913398035457157,0.0033335367838541606,0.00283369742448861,-0.4192354073335582,0.884160922521976,-0.0054635695616197305,-0.0035755503473032147,-0.0026682073025578565
46.0,10.765625,0.0,0.0,0.0,115.898681640625,0.0,-0.027266112963358558,0.00882993339619398,4.157714843755489e-05,0.0,-0.027224535814921003,0.00882993339619398,0.00785685221354167,0.008835126684665615,0.002900390625000002,0.003361616939037553,-0.12352624046960063,0.697708699042631,10.765625,0.0,0.0,0.0,115.898681640625,0.0,-0.018466695149739584,0.017811768934610478,-0.022419360351562445,0.0,-0.040886055501302025,0.017811768934610474,-0.005842285156250002,0.017735108011700293,0.004334309895833332,0.004336557582623878,-0.5348538722562193,1.006619867163295,-0.0048802964888737975,-0.0030276459360245346,-0.0021502161971789346
46.5,10.765625,0.0,0.0,0.0,115.898681640625,0.0,-0.029575843612353016,0.009315772001561896,4.157714843755489e-05,0.0,-0.02953426646391546,0.009315772001561896,0.005540262858072909,0.009298560142172152,0.0017053222656249966,0.005489635639798035,0.05581966183772688,0.7677667712958942,10.765625,0.0,0.0,0.0,115.898681640625,0.0,-0.017508004506429035,0.016368761531983196,-0.022419360351562445,0.0,-0.039927364857991476,0.016368761531983196,-0.0049084472656249975,0.016349827691706446,0.004768269856770834,0.0030495409767864537,-0.6818511417510463,1.0047360380727097,-0.0035868505664776807,-0.0017710268259409402,-0.000924372462449635
47.0,10.765625,0.0,0.0,0.0,115.898681640625,0.0,-0.028716212511062624,0.010830576109343976,4.157714843755489e-05,0.0,-0.02867463536262507,0.010830576109343976,0.006381022135416665,0.010801296478607749,0.002133789062499999,0.004045246115569937,0.24073934962606947,0.6077487027271355,10.765625,0.0,0.0,0.0,115.898681640625,0.0,-0.015129127502441412,0.014705754069629814,-0.022419360351562445,0.0,-0.03754848785400386,0.014705754069629814,-0.002518107096354169,0.014682612932032121,0.005901285807291666,0.0027016861662669876,-0.38940951355502545,1.0792665708253317,-0.0039182365600136555,-0.0021387445508834558,-0.001322464723358394
47.5,10.765625,0.0,0.0,0.0,115.898681640625,0.0,-0.02592804109056791,0.012461257264108136,4.157714843755489e-05,0.0,-0.025886463942130355,0.012461257264108136,0.009198506673177079,0.012438783705663944,0.003467814127604165,0.0027233273366126134,0.3219485931277925,0.5972566403388183,10.765625,0.0,0.0,0.0,115.898681640625,0.0,-0.016136431694030735,0.01773668344762298,-0.022419360351562445,0.0,-0.03855579204559318,0.01773668344762298,-0.0035308837890624723,0.017714162730732865,0.005218505859375014,0.005190128857186538,-0.07680138600548576,1.0547953422997622,-0.005153944917326172,-0.0034113978019416633,-0.002625803881439581
48.0,10.765625,0.0,0.0,0.0,115.898681640625,0.0,-0.030154182513554815,0.008734658306275652,4.157714843755489e-05,0.0,-0.03011260536511726,0.008734658306275652,0.004981282552083408,0.008688044970805773,0.0012809244791667043,0.0031496243402562,-0.03905870605089845,0.6642646033116562,10.765625,0.0,0.0,0.0,115.898681640625,0.0,-0.017402839660644567,0.013733791290396138,-0.022419360351562445,0.0,-0.03982220001220701,0.013733791290396136,-0.004826660156250036,0.01372366514622652,0.004448242187499982,0.004024617537498517,-0.07008182789432314,1.125021797581055,-0.002868331326463023,-0.0011629838155342255,-0.00040815206401713144
48.5,10.765625,0.0,0.0,0.0,115.898681640625,0.0,-0.02994307955106104,0.00824558715795338,4.157714843755489e-05,0.0,-0.029901502402623487,0.00824558715795338,0.005183512369791621,0.008158275704587005,0.0013806152343749775,0.006090374239787514,-0.2981778421231584,0.6347514760867687,10.765625,0.0,0.0,0.0,115.898681640625,0.0,-0.012301559448242209,0.009140486552942124,-0.022419360351562445,0.0,-0.034720919799804656,0.009140486552942124,0.00024617513020831224,0.009106827078763672,0.00692016601562499,0.0033579612684776676,-0.05923018496261012,0.9756287718409721,-0.0028723144242339144,-0.0012029243703678737,-0.0004779677190380921
49.0,10.765625,0.0,0.0,0.0,115.898681640625,0.0,-0.02674816131591797,0.010552982056924003,4.157714843755489e-05,0.0,-0.026706584167480413,0.010552982056924003,0.008353271484375,0.010523979814956752,0.002936604817708334,0.00547064728598482,-0.41769862082361536,0.768546665020226,10.765625,0.0,0.0,0.0,115.898681640625,0.0,-0.013970108032226558,0.007734478396183566,-0.022419360351562445,0.0,-0.03638946838378901,0.007734478396183568,-0.0013861083984374988,0.007689360294971877,0.005946451822916667,0.00413339563561215,0.0343774470971658,0.8761384115860742,-0.004329672884989942,-0.0026975950421347463,-0.002003297846588207
49.5,10.765625,0.0,0.0,0.0,115.898681640625,0.0,-0.02862504959106446,0.009638405367570364,4.157714843755489e-05,0.0,-0.028583472442626906,0.009638405367570364,0.006461791992187494,0.009622674799459911,0.0019087727864583305,0.0056075777641668096,-0.3568007581069108,0.9058713956950889,10.765625,0.0,0.0,0.0,115.898681640625,0.0,-0.017629280090332034,0.006919376366670895,-0.022419360351562445,0.0,-0.04004864044189448,0.006919376366670894,-0.005014038085937506,0.0069070887103087186,0.003983561197916663,0.0030296536455585014,-0.024648101735503396,0.8494478360119486,-0.0032045900486049723,-0.0016093022418697197,-0.0009452354308306919
50.0,10.765625,0.0,0.0,0.0,115.898681640625,0.0,-0.024327596028645884,0.009003348424900474,4.157714843755489e-05,0.0,-0.02428601888020833,0.009003348424900474,0.01080322265624995,0.008949510680307094,0.004048665364583309,0.006861834443102565,-0.2307195300359429,0.6281395587558154,10.765625,0.0,0.0,0.0,115.898681640625,0.0,-0.013622283935546917,0.008173444758209313,-0.022419360351562445,0.0,-0.036041644287109355,0.008173444758209312,-0.0010070800781250442,0.008151393076397529,0.005900065104166646,0.0033241598739420625,-0.09501471293463082,0.5419770340134775,-0.0052485928218462645,-0.003689580184044668,-0.003055320690980655
50.5,10.765625,0.0,0.0,0.0,115.898681640625,0.0,-0.02424836476643878,0.006918676990723508,4.157714843755489e-05,0.0,-0.024206787618001224,0.006918676990723508,0.010891113281250024,0.006864421311585547,0.004051513671875013,0.005552233941455135,-0.23801197446216493,0.6408662363210459,10.765625,0.0,0.0,0.0,115.898681640625,0.0,-0.012135047912597646,0.00859031522965892,-0.022419360351562445,0.0,-0.03455440826416009,0.008590315229658921,0.0004518636067708446,0.008579357258959353,0.006522013346354174,0.003566025020106773,0.023027848345236173,0.5123864926966591,-0.005156893277653644,-0.003633648147034573,-0.003028778826121459
51.0,10.765625,0.0,0.0,0.0,115.898681640625,0.0,-0.024264577229817706,0.0098350950380944,4.157714843755489e-05,0.0,-0.02422300008138015,0.0098350950380944,0.010848388671875,0.009848680270724799,0.003896484375,0.0043131108887920705,-0.1018025621297,0.3646826709864663,10.765625,0.0,0.0,0.0,115.898681640625,0.0,-0.014183731079101564,0.005258452209094754,-0.022419360351562445,0.0,-0.03660309143066401,0.005258452209094754,-0.0015958658854166665,0.0052185030356555065,0.005406901041666666,0.004047497328763315,-0.10808249638815433,0.5473495015059042,-0.004908639302397602,-0.0034206611218068443,-0.0028447706650700888
51.5,10.765625,0.0,0.0,0.0,115.898681640625,0.0,-0.023624645868937158,0.011197481103465034,4.157714843755489e-05,0.0,-0.023583068720499603,0.011197481103465034,0.01148091634114585,0.01121445834616202,0.004112548828125009,0.005854594166397474,0.26525371465556646,0.41666649845737797,10.765625,0.0,0.0,0.0,115.898681640625,0.0,-0.013694814046223963,0.005606811792872262,-0.022419360351562445,0.0,-0.03611417439778641,0.0056068117928722615,-0.0010915120442708396,0.005557577679521851,0.0055867513020833315,0.0050355627374134085,-0.3350012007848986,0.32560591561216284,-0.005032783732774258,-0.003579578950227502,-0.003032261805842922
52.0,10.765625,0.0,0.0,0.0,115.898681640625,0.0,-0.028639596303304,0.00971249312454932,4.157714843755489e-05,0.0,-0.028598019154866445,0.00971249312454932,0.006461588541666702,0.009702693414295574,0.001555989583333351,0.00699114554353419,0.6265877677010457,0.9171276002879835,10.765625,0.0,0.0,0.0,115.898681640625,0.0,-0.0116612752278646,0.00754525136838493,-0.022419360351562445,0.0,-0.034080635579427046,0.007545251368384932,0.0009285481770833183,0.007568187905833662,0.006446940104166662,0.002982394890259618,-0.27321365700273453,0.497509630486957,-0.002385590862543602,-0.0009666728331908639,-0.0004475291249287741
52.5,10.765625,0.0,0.0,0.0,115.898681640625,0.0,-0.026404209931691514,0.011689835712540479,4.157714843755489e-05,0.0,-0.02636263278325396,0.011689835712540479,0.008704630533854141,0.011666121810724161,0.0026540120442708204,0.005642104520017043,0.4691739738126522,0.6232449456093846,10.765625,0.0,0.0,0.0,115.898681640625,0.0,-0.011674340565999343,0.009221049507030437,-0.022419360351562445,0.0,-0.03409370091756179,0.009221049507030437,0.0009373982747395891,0.009294397410113096,0.006299845377604169,0.006009240391944483,-0.34606032530837155,0.9806010672526264,-0.0033942480925486847,-0.0020091369820107244,-0.0015177724298074393
53.0,10.765625,0.0,0.0,0.0,115.898681640625,0.0,-0.02338438034057617,0.013894168108296134,4.157714843755489e-05,0.0,-0.023342803192138616,0.013894168108296134,0.011755777994791666,0.01387329865359523,0.0041137695312499995,0.006791136793127703,0.21196224565365177,0.42637227435013875,10.765625,0.0,0.0,0.0,115.898681640625,0.0,-0.010179379781087237,0.007951595155434537,-0.022419360351562445,0.0,-0.032598740132649684,0.007951595155434536,0.002415364583333335,0.007980358098323603,0.006920979817708333,0.006499554499108503,-0.6111250538740701,0.9145238902668958,-0.0047658909922439876,-0.003414113681301502,-0.0029501395229424173
53.5,10.765625,0.0,0.0,0.0,115.898681640625,0.0,-0.029481720129648812,0.010942821355821608,4.157714843755489e-05,0.0,-0.029440142981211257,0.010942821355821608,0.005713500976562529,0.010928994374023658,0.0009930419921875145,0.006796300240765908,0.28539033665986463,0.44507431077548176,10.765625,0.0,0.0,0.0,115.898681640625,0.0,-0.009422136942545565,0.005603869318882625,-0.022419360351562445,0.0,-0.031841497294108005,0.005603869318882625,0.003174947102864591,0.005599560403057162,0.007172648111979172,0.004881571671393355,-0.5125506681903198,0.4879865808907764,-0.0015582820071067733,-0.0002393719977234497,0.0001975950883778511
54.0,10.765625,0.0,0.0,0.0,115.898681640625,0.0,-0.031763302485148144,0.013428331693655636,4.157714843755489e-05,0.0,-0.03172172533671059,0.013428331693655636,0.003441162109374974,0.01343525732901911,-0.00016601562500001308,0.007428259529475776,0.23657928443084672,0.47446564813219205,10.765625,0.0,0.0,0.0,115.898681640625,0.0,-0.006913706461588588,0.006726853305160345,-0.022419360351562445,0.0,-0.029333066813151034,0.006726853305160345,0.005697835286458287,0.006727434418106326,0.008290201822916643,0.004580271955598711,-0.20181343179390657,0.575956314351349,-0.0003135588275564828,0.0009729438497827782,0.0013832818207247287
54.5,10.765625,0.0,0.0,0.0,115.898681640625,0.0,-0.02630882104237876,0.011799964611881288,4.157714843755489e-05,0.0,-0.026267243893941205,0.011799964611881288,0.008832295735677067,0.011806917260495185,0.002528686523437492,0.006554108270522217,0.2315923754522382,0.8856245680776521,10.765625,0.0,0.0,0.0,115.898681640625,0.0,-0.006004053751627595,0.012108068329487218,-0.022419360351562445,0.0,-0.028423414103190037,0.012108068329487217,0.0066195678710937594,0.01210523009247051,0.008586629231770839,0.008385126889298232,-0.022666000449204155,0.6218419749932742,-0.0029237942813602875,-0.0016692454037062143,-0.0012851638802385199
55.0,10.765625,0.0,0.0,0.0,115.898681640625,0.0,-0.02574245929718018,0.010198645401568236,4.157714843755489e-05,0.0,-0.025700882148742624,0.010198645401568236,0.009345499674479164,0.010177457148335019,0.002752685546874998,0.0067272252218980085,0.2704801166715239,0.8420499075677409,10.765625,0.0,0.0,0.0,115.898681640625,0.0,-0.005266062418619789,0.010338041161831228,-0.022419360351562445,0.0,-0.027685422770182235,0.010338041161831228,0.007336425781250004,0.010351587691366373,0.008776855468750002,0.008106427729610953,0.1374263215083576,0.5908147856241948,-0.0030645087000446,-0.0018414664367867033,-0.0014832739084975175
55.5,10.765625,0.0,0.0,0.0,115.898681640625,0.0,-0.03020843625068664,0.01044926465425772,4.157714843755489e-05,0.0,-0.030166859102249085,0.01044926465425772,0.004898783365885427,0.010417527894836241,0.0004895019531250062,0.006740439875463864,-0.07747362636278364,0.5093457892238356,10.765625,0.0,0.0,0.0,115.898681640625,0.0,-0.006756273905436178,0.0018594516851873032,-0.022419360351562445,0.0,-0.029175634256998626,0.0018594516851873023,0.0058132934570312685,0.001876862241904556,0.00786865234375001,0.004651806249138253,0.25605504792517353,0.5485371271048822,-0.0007192060483750815,0.0004727705275314127,0.0008054363705365369
56.0,10.765625,0.0,0.0,0.0,115.898681640625,0.0,-0.030487340291341165,0.01084920251905545,4.157714843755489e-05,0.0,-0.03044576314290361,0.01084920251905545,0.0046565755208333144,0.010859511364660776,0.0003320312499999909,0.006039210730177385,-0.3559388202942855,0.6552179652918567,10.765625,0.0,0.0,0.0,115.898681640625,0.0,-0.008629252115885428,0.007902917135086264,-0.022419360351562445,0.0,-0.031048612467447872,0.007902917135086266,0.003971354166666653,0.007953101190790677,0.006757812499999996,0.0067728581457583035,0.3026490111451087,0.7371288353503556,-0.000480765522633098,0.0006805801223050664,0.000988076519485871
56.5,10.765625,0.0,0.0,0.0,115.898681640625,0.0,-0.02808040996392569,0.01233776929501525,4.157714843755489e-05,0.0,-0.028038832815488135,0.01233776929501525,0.007073465983072913,0.012327319768269226,0.0015283203124999984,0.006412401076316614,-0.16944986030679096,0.6298688367816713,10.765625,0.0,0.0,0.0,115.898681640625,0.0,-0.00801642100016276,0.012660575387645492,-0.022419360351562445,0.0,-0.030435781351725203,0.012660575387645492,0.004568888346354168,0.012653634649163062,0.006896158854166667,0.007901924517750607,0.21587025035510984,0.9571729796399123,-0.001597217914563308,-0.00046607452851526304,-0.00018339533717429742
57.0,10.765625,0.0,0.0,0.0,115.898681640625,0.0,-0.027079825003941852,0.012024030312035972,4.157714843755489e-05,0.0,-0.027038247855504297,0.012024030312035972,0.008053385416666668,0.01201125021884808,0.0020458984375,0.004951645165769841,-0.30486752288510405,0.5165722198467726,10.765625,0.0,0.0,0.0,115.898681640625,0.0,-0.007426020304361978,0.011866426254455857,-0.022419360351562445,0.0,-0.029845380655924427,0.011866426254455857,0.005162760416666669,0.011872373040795126,0.007079264322916667,0.007422317447078469,-0.03563940941871504,0.7437526937368695,-0.00203607666286636,-0.0009347128627867899,-0.0006765035668100617
57.5,10.765625,0.0,0.0,0.0,115.898681640625,0.0,-0.027532604336738584,0.013756388045155015,4.157714843755489e-05,0.0,-0.02749102718830103,0.013756388045155015,0.00756174723307292,0.013763568188574897,0.001764933268229168,0.008081058080902344,-0.6508270714203392,0.5410426021837474,10.765625,0.0,0.0,0.0,115.898681640625,0.0,-0.006598917643229167,0.008983176560767508,-0.022419360351562445,0.0,-0.02901827799479161,0.008983176560767508,0.006015014648437497,0.009005260551860914,0.007347615559895833,0.00672816324687745,-0.2726806071532724,0.5679248512949091,-0.0016774937745282124,-0.0006054928026953711,-0.0003714109521289364
58.0,10.765625,0.0,0.0,0.0,115.898681640625,0.0,-0.023692372639973997,0.011093841965813792,4.157714843755489e-05,0.0,-0.023650795491536442,0.011093841965813792,0.011416015624999956,0.011118897603859864,0.0036059570312499778,0.00632686068616548,-0.46224242879516647,0.6352801467902581,10.765625,0.0,0.0,0.0,115.898681640625,0.0,-0.005590057373046884,0.01060879211176124,-0.022419360351562445,0.0,-0.02800941772460933,0.01060879211176124,0.0070312499999999915,0.010624591595149434,0.0077189127604166624,0.006812283770117025,-0.4223964783046877,0.6242033111180821,-0.0034419860586933707,-0.002398936989803693,-0.0021886449271935025
58.5,10.765625,0.0,0.0,0.0,115.898681640625,0.0,-0.023181203206380202,0.013048344443108166,4.157714843755489e-05,0.0,-0.023139626057942647,0.013048344443108166,0.011931762695312506,0.013102105154848881,0.003817749023437502,0.005296868427895186,-0.2451208866003788,0.5956212054059823,10.765625,0.0,0.0,0.0,115.898681640625,0.0,-0.00493328094482422,0.009988190766272942,-0.022419360351562445,0.0,-0.027352641296386662,0.009988190766272942,0.00766510009765625,0.00998336254073493,0.007903849283854167,0.004590479836002025,-0.2733298466940967,0.9715667310766682,-0.003578317610581775,-0.0025638152701266694,-0.0023769800634487527
59.0,10.765625,0.0,0.0,0.0,115.898681640625,0.0,-0.024755767186482747,0.011965295305554484,4.157714843755489e-05,0.0,-0.024714190038045192,0.011965295305554484,0.010379231770833334,0.012000453611471796,0.002961018880208334,0.006384348985421178,-0.2680847120544467,0.37946378600311365,10.765625,0.0,0.0,0.0,115.898681640625,0.0,-0.0033844502766927046,0.008868547563915703,-0.022419360351562445,0.0,-0.02580381062825515,0.008868547563915703,0.009226888020833338,0.0088428572906969,0.008525390625000002,0.004009572059900658,-0.051903594994406034,0.7423094059226039,-0.0026471830766981765,-0.0016608279604831155,-0.001497121337012391
59.5,10.765625,0.0,0.0,0.0,115.898681640625,0.0,-0.022042298316955575,0.011033611725045071,4.157714843755489e-05,0.0,-0.02200072116851802,0.011033611725045071,0.013121541341145826,0.011042499544562625,0.004245808919270829,0.006593158813563471,-0.12674066385003838,0.6279128708679677,10.765625,0.0,0.0,0.0,115.898681640625,0.0,-0.0026513926188151036,0.010619511777574808,-0.022419360351562445,0.0,-0.025070752970377547,0.010619511777574807,0.009931437174479169,0.010637635203017288,0.008677775065104167,0.006532520489143911,-0.04260818256180177,0.6882537472817121,-0.003858609995605098,-0.0029000081903950152,-0.0027591064714995884
60.0,10.765625,0.0,0.0,0.0,115.898681640625,0.0,-0.024730539321899375,0.014046322803838612,4.157714843755489e-05,0.0,-0.02468896217346182,0.014046322803838612,0.010420735677083376,0.014062983304419335,0.0028401692708333545,0.006615229897925704,0.07357415804681862,0.4367060457927765,10.765625,0.0,0.0,0.0,115.898681640625,0.0,-0.003013102213541666,0.00901300710033923,-0.022565844726562447,3.469446951953614e-18,-0.02557894694010411,0.00901300710033923,0.009537760416666667,0.009016633287181164,0.008317057291666667,0.003968284546265058,-0.03367129831973683,0.5677222331685523,-0.0023806339251954503,-0.0014493970304706879,-0.001330981067318688
60.5,10.765625,0.0,0.0,0.0,115.898681640625,0.0,-0.02351274927457174,0.013553205351041426,4.157714843755489e-05,0.0,-0.023471172126134185,0.013553205351041426,0.011614685058593746,0.013579151541434919,0.0033860270182291645,0.006156355157294002,0.11092629836525907,0.3360528493414338,10.765625,0.0,0.0,0.0,115.898681640625,0.0,-0.0028081512451171874,0.0051865919274121965,-0.022663500976562445,0.0,-0.02547165222167963,0.005186591927412197,0.009710896809895833,0.005178668886060684,0.008244018554687501,0.002793693159543556,0.009668642175973482,0.4928567221952595,-0.002855167580422877,-0.0019509126312301365,-0.0018546677413963171
61.0,10.765625,0.0,0.0,0.0,115.898681640625,0.0,-0.02080823262532552,0.011252709863920983,4.157714843755489e-05,0.0,-0.020766655476887965,0.011252709863920983,0.014310506184895834,0.011207797476170789,0.00467041015625,0.004766288460997264,0.27946039420649027,0.4891239905588799,10.765625,0.0,0.0,0.0,115.898681640625,0.0,-0.004661636352539068,0.009083408739089157,-0.022663500976562445,0.0,-0.027325137329101513,0.009083408739089157,0.0077779134114583275,0.009103687231197912,0.007167968749999997,0.005383878346756965,0.031143579727566012,0.3855049241073509,-0.004069224788781322,-0.0031915741796642977,-0.003117190084623815
61.5,10.765625,0.0,0.0,0.0,115.898681640625,0.0,-0.023389234145482374,0.013524329676508663,4.157714843755489e-05,0.0,-0.02334765699704482,0.013524329676508663,0.011775105794270843,0.0135133077892771,0.003312377929687504,0.005327979878717396,0.3426709060254045,0.6148398116999704,10.765625,0.0,0.0,0.0,115.898681640625,0.0,-0.0018494796752929817,0.012309411008559317,-0.022813647460937444,0.0,-0.024663127136230426,0.012309411008559317,0.010470479329427069,0.012338118679109623,0.008446655273437494,0.004487129778076862,0.20134559044471026,0.6892655890366997,-0.0026418508260323595,-0.0017904322360269432,-0.0017376029995238905
62.0,10.765625,0.0,-4.843749999999957,0.0,115.898681640625,0.0,-0.02528915087381998,0.010404754311041235,4.157714843755489e-05,0.0,-0.025247573725382427,0.010404754311041235,0.009839680989583335,0.010418594754115168,0.0022802734375000017,0.004968792161422769,0.014963335275836783,0.8992042474717942,10.765625,0.0,-4.843749999999957,0.0,115.898681640625,0.0,-0.0009736124674479019,0.0067465399511608525,-0.022907641601562445,0.0,-0.023881254069010344,0.0067465399511608525,0.011272379557291682,0.006768450207566608,0.008700358072916676,0.0027920828409426345,0.19734795369560965,0.7357553785310804,-0.001541375017597256,-0.0007158213362764139,-0.0006842453035548745
62.5,10.7607421875,0.0,-7.8125,0.0,115.79358673095703,0.0,-0.023011793692906696,0.008399209487132483,4.157714843755489e-05,0.0,-0.02297021654446914,0.008399209487132483,0.012128194173177084,0.008396394691250584,0.0033518473307291665,0.004965508396084531,0.046072769461435535,0.711625055420934,10.7607421875,0.0,-7.8125,0.0,115.79358673095703,0.0,-0.0021654764811197915,0.009898534146627584,-0.022907641601562445,0.0,-0.025073118082682238,0.009898534146627584,0.009997049967447916,0.00990734352465586,0.007944742838541666,0.004240760058809862,0.147454203240336,0.6891480640406427,-0.0025455344337377774,-0.0017454836882914116,-0.0017348634261769558
63.0,10.752890625,0.0,-7.8125,0.0,115.62467102050782,0.0,-0.026293700536092136,0.013486662116493091,4.157714843755489e-05,0.0,-0.02625212338765458,0.013486662116493091,0.008837483723958319,0.01349129962312895,0.0016593424479166596,0.005739713151574827,0.22125078155351122,0.35172831651019737,10.752890625,0.0,-7.8125,0.0,115.62467102050782,0.0,-0.0022339884440104167,0.009234380825564962,-0.023061450195312444,0.0,-0.025295438639322865,0.009234380825564962,0.009816080729166668,0.009246059679997254,0.007750651041666667,0.00317009642230073,0.30206806268818126,0.6777065725473363,-0.0007865585222752297,-1.1653805610537134e-05,-2.1696043430265193e-05
63.5,10.7450390625,0.0,-7.8125,0.0,115.45587860107422,0.0,-0.02587954998016358,0.011664427272461595,4.157714843755489e-05,0.0,-0.025837972831726026,0.011664427272461595,0.009264831542968742,0.011684651838816056,0.0018202718098958293,0.005692631871494352,-0.18668671958466365,0.3407376472820746,10.7450390625,0.0,-7.8125,0.0,115.45587860107422,0.0,-0.0033773422241210904,0.008385856499048428,-0.023151782226562445,0.0,-0.026529124450683537,0.008385856499048428,0.008519897460937504,0.008374846118668622,0.007044474283854169,0.004077749145884164,0.25753041988393743,0.415476574391787,-0.0008819471007223285,-0.00013183650057037682,-0.0001622520718997697
64.0,10.7371875,0.0,-12.81249999999996,1.7763568394002505e-15,115.28720947265627,1.4210854715202004e-14,-0.01933832804361983,0.007857905156360433,4.157714843755489e-05,0.0,-0.019296750895182273,0.007857905156360433,0.01580322265624996,0.00788568360864951,0.005043945312499982,0.00621619364018642,-0.44440991950757375,0.7226877273965427,10.7371875,0.0,-12.81249999999996,1.7763568394002505e-15,115.28720947265627,1.4210854715202004e-14,-0.005536804199218738,0.009252966135065625,-0.023308032226562445,0.0,-0.028844836425781187,0.009252966135065623,0.0062296549479166794,0.0092390732608277,0.00581380208333334,0.004479579462946176,0.13298360710470694,0.644018364993911,-0.004040997046368858,-0.003315333575383298,-0.0033658373606083067
64.5,10.724296875,0.0,-10.585937499999998,1.7763568394002505e-15,115.01059936523437,0.0,-0.0222354284922282,0.01061422115276107,4.157714843755489e-05,0.0,-0.022193851343790646,0.01061422115276107,0.012894897460937494,0.01063865312084761,0.0034869384765624976,0.005189162596396004,-0.2682267480241143,1.1412450888363164,10.724296875,0.0,-10.585937499999998,1.7763568394002505e-15,115.01059936523437,0.0,-0.0005123901367187446,0.009816788152861319,-0.023553393554687444,0.0,-0.02406578369140619,0.009816788152861317,0.011150919596354171,0.009744305415792779,0.008191121419270836,0.0021565131124427323,0.13694591270274706,0.9371470422515361,-0.002420271043695875,-0.001718712570529904,-0.0017890234402128673
65.0,10.713671875000001,1.7763568394002505e-15,-17.968749999999886,0.0,114.78277893066407,0.0,-0.025088151295979823,0.010782534303547824,4.157714843755489e-05,0.0,-0.02504657414754227,0.010782534303547824,0.010045369466145829,0.010803460826750861,0.0020182291666666656,0.0042483021548606215,-0.23961396947236172,1.1263575656561957,10.713671875000001,1.7763568394002505e-15,-17.968749999999886,0.0,114.78277893066407,0.0,-0.004897816975911374,0.013607895178120449,-0.023640063476562445,0.0,-0.02853788045247382,0.013607895178120452,0.006620279947916751,0.01364556126650918,0.00585123697916671,0.004021178828600283,0.05560506659139114,1.0002337491772644,-0.0008887343005758294,-0.0002109434819237129,-0.00030078424096185573
65.5,10.6955859375,0.0,-18.320312500000053,3.552713678800501e-15,114.39568267822266,0.0,-0.020779762268066448,0.011020632070230062,4.157714843755489e-05,0.0,-0.020738185119628893,0.011020632070230062,0.014349873860677043,0.011051621677028757,0.0041274007161458135,0.005879649093886111,0.17159557564830794,1.1941176007244756,10.6955859375,0.0,-18.320312500000053,3.552713678800501e-15,114.39568267822266,0.0,-0.0020414225260417334,0.012178315120918022,-0.023799975585937442,0.0,-0.025841398111979174,0.012178315120918022,0.00933797200520827,0.012218019380430758,0.007154947916666634,0.0058303547816092064,-0.14873537242921442,1.0018081042007538,-0.002935957670758654,-0.0022816018843483114,-0.002390699216913729
66.0,10.6771875,0.0,-20.781250000000032,3.552713678800501e-15,114.00238769531249,0.0,-0.019083728790283205,0.01303960682265962,4.157714843755489e-05,0.0,-0.01904215164184565,0.01303960682265962,0.01606404622395833,0.013093946324689658,0.004859212239583331,0.007669381754515086,0.7949252895542006,1.1748800109907562,10.6771875,0.0,-20.781250000000032,3.552713678800501e-15,114.00238769531249,0.0,0.0005885823567708262,0.007566389928272904,-0.023884204101562445,0.0,-0.02329562174479162,0.007566389928272905,0.011831868489583326,0.0075462622734929,0.008307291666666662,0.0022864872750294686,-0.10084696119852254,0.9424211794347475,-0.003606687963892934,-0.0029754392424162744,-0.0031035236576664694
66.5,10.6562890625,0.0,-23.4375,0.0,113.55661895751952,1.4210854715202004e-14,-0.023976387977600072,0.013806911633030217,4.157714843755489e-05,0.0,-0.023934810829162517,0.013806911633030217,0.011140441894531275,0.013891471539264871,0.0023793538411458455,0.007799442073052394,0.7047084995083118,0.9377434180667475,10.6562890625,0.0,-23.4375,0.0,113.55661895751952,1.4210854715202004e-14,-0.0038067118326822707,0.01209421930925054,-0.02404655761718744,3.469446951953614e-18,-0.02785326944986971,0.01209421930925054,0.007286682128906271,0.012107146625935605,0.005945841471354177,0.0034751005646926425,0.12148794131215289,0.5426367742579997,-0.0010666031514149216,-0.00045813811738280944,-0.0006049438959309945
67.0,10.632734375,0.0,-23.4375,0.0,113.05516174316405,1.4210854715202004e-14,-0.02410449981689454,0.011789029307865238,4.157714843755489e-05,0.0,-0.024062922668456985,0.011789029307865238,0.010983683268229157,0.011790330271720993,0.0022294108072916635,0.00655025299384871,0.6086864930859069,0.8764044366519012,10.632734375,0.0,-23.4375,0.0,113.05516174316405,1.4210854715202004e-14,-0.0032785034179687584,0.01220479301786654,-0.024291918945312446,0.0,-0.027570422363281204,0.01220479301786654,0.007661539713541658,0.012217209291734817,0.006095784505208329,0.004505705778409382,0.15154645159528238,0.3719665360475257,-0.0008572765568470203,-0.0002712763583559252,-0.000436541499490461
67.5,10.609179687500001,0.0,-28.710937499999915,0.0,112.55481414794922,1.4210854715202004e-14,-0.026644849777221622,0.01190777325912934,4.157714843755489e-05,0.0,-0.026603272628784067,0.01190777325912934,0.008452860514322974,0.011921932328107707,0.0009134928385416957,0.006348509771885133,0.6867332428855842,0.7249879641788384,10.609179687500001,0.0,-28.710937499999915,0.0,112.55481414794922,1.4210854715202004e-14,0.0007553100585937052,0.010686088692897975,-0.024372485351562445,0.0,-0.02361717529296874,0.010686088692897975,0.011493937174479123,0.010675651175118334,0.007991536458333311,0.003967198558416517,0.3701234475160328,0.5824217029754624,0.0005171939148075202,0.0010810436674099388,0.0008975774977674551
68.0,10.5803125,0.0,-36.562499999999936,7.105427357601002e-15,111.94322509765625,0.0,-0.03177800496419266,0.013452147934892994,4.157714843755489e-05,0.0,-0.03173642781575511,0.013452147934892994,0.0033520507812500448,0.0134729596910585,-0.001674804687499977,0.006850683384240975,0.5409735121649137,0.8746803354688106,10.5803125,0.0,-36.562499999999936,7.105427357601002e-15,111.94322509765625,0.0,-0.0017940266927082814,0.011838085048275946,-0.024538500976562443,0.0,-0.026332527669270727,0.011838085048275946,0.00877848307291672,0.011838395577237126,0.006606445312500028,0.0043971590450586845,0.3548632357226107,0.426444301028476,0.003163224516387014,0.003705233812949978,0.0035038213335583106
68.5,10.5435546875,0.0,-39.0625,0.0,111.16687469482422,0.0,-0.02763655980428058,0.010887374710598361,4.157714843755489e-05,0.0,-0.027594982655843026,0.010887374710598361,0.007483927408854181,0.01089012338555513,0.00044453938802084075,0.006075070247545969,0.4722731559889734,0.7190391232906818,10.5435546875,0.0,-39.0625,0.0,111.16687469482422,0.0,-0.0036908213297526045,0.013049473075656765,-0.024783862304687446,0.0,-0.028474683634440046,0.013049473075656763,0.006743672688802083,0.013063122229802184,0.005516560872395833,0.004797079809699135,-0.1993900468021662,0.30892216262161404,0.001100805556714584,0.0016212800488583181,0.001402172413752072
69.0,10.504296875,0.0,-39.0625,0.0,110.34057922363282,0.0,-0.028144610722859672,0.011463196760465559,4.157714843755489e-05,0.0,-0.028103033574422117,0.011463196760465559,0.006980997721354199,0.011409504861872434,0.0001900227864583501,0.0060813689048505905,0.5834296996406458,0.4075204436419389,10.504296875,0.0,-39.0625,0.0,110.34057922363282,0.0,-0.0022616068522135564,0.007174570950922303,-0.024860766601562445,0.0,-0.027122373453776005,0.007174570950922303,0.007936604817708321,0.007187716842457941,0.006098225911458327,0.00248582733403579,-0.08621464798222804,0.5206844662568312,0.0014114506216261196,0.0019106916834542647,0.0016741365318312903
69.5,10.465039062499999,1.7763568394002505e-15,-44.49218749999995,7.105427357601002e-15,109.51736602783204,0.0,-0.029300033251444497,0.010720261703920125,4.157714843755489e-05,0.0,-0.029258456103006942,0.010720261703920125,0.0058290608723958305,0.010726645582021951,-0.000415852864583334,0.0038296781144393967,0.4080771658896721,0.6945571449269314,10.465039062499999,1.7763568394002505e-15,-44.49218749999995,7.105427357601002e-15,109.51736602783204,0.0,-0.0044210815429687285,0.011908308820475385,-0.02503044433593744,3.469446951953614e-18,-0.029451525878906176,0.011908308820475383,0.005577290852864607,0.01191615327831885,0.004889526367187512,0.0038488407377294666,0.385549170339218,0.8341000978414704,0.002072669232466356,0.002550974020428721,0.002297215525839361
70.0,10.4203125,0.0,-46.875,0.0,108.5833740234375,0.0,-0.027639007568359363,0.010046597539301209,4.157714843755489e-05,0.0,-0.02759743041992181,0.010046597539301209,0.00749308268229168,0.010014685478784657,0.0004313151041666732,0.004848997220417144,0.1827877255123348,0.5426285340331239,10.4203125,0.0,-46.875,0.0,108.5833740234375,0.0,-0.002323404947916639,0.011978684161669037,-0.025275805664062446,0.0,-0.027599210611979088,0.011978684161669037,0.007511393229166693,0.011968776094182974,0.005826822916666679,0.004256589443608598,0.29131363970231233,1.1846330908085352,0.001280069712886554,0.0017377312248041095,0.0014670101436520516
70.5,10.373203125000002,1.7763568394002505e-15,-52.38281249999998,7.105427357601002e-15,107.60380004882813,0.0,-0.034814896583557096,0.012281247799847045,4.157714843755489e-05,0.0,-0.03477331943511954,0.012281247799847045,0.000255228678385456,0.01221425447208948,-0.0031282552083333136,0.005938046399568292,0.4448291508838407,0.3906058544948352,10.373203125000002,1.7763568394002505e-15,-52.38281249999998,7.105427357601002e-15,107.60380004882813,0.0,0.0026942189534505025,0.016533626427429997,-0.025349047851562445,0.0,-0.022654828898111944,0.016533626427429997,0.012390543619791647,0.01653576007254884,0.008231608072916658,0.005647572582053887,0.22331421562377787,1.0403718427081932,0.0048934448030074,0.005330751936271229,0.0050433056556356045
71.0,10.320546875,0.0,-60.23437499999999,0.0,106.51430358886718,1.4210854715202004e-14,-0.03631706873575846,0.009559179807707202,4.157714843755489e-05,0.0,-0.03627549158732091,0.009559179807707202,-0.0012172444661458358,0.009543167996409595,-0.003807373046875002,0.005793568443559186,0.28437023859386734,0.5595435878828791,10.320546875,0.0,-60.23437499999999,0.0,106.51430358886718,1.4210854715202004e-14,-0.002228240966796865,0.017922705468565663,-0.025522387695312444,0.0,-0.027750628662109308,0.017922705468565663,0.007282511393229178,0.017917289276033956,0.0056005859375000055,0.005611212398487763,0.5978073440231579,1.1090225576912034,0.005625614435009453,0.006042852043965222,0.0057389146287534455
71.5,10.26,0.0,-62.5,0.0,105.26839599609376,0.0,-0.03271555900573735,0.00750493123355967,4.157714843755489e-05,0.0,-0.0326739818572998,0.00750493123355967,0.002426859537760373,0.007517237254866213,-0.0019342041015625224,0.005995369400441717,-0.12551735238502587,0.36201195999449803,10.26,0.0,-62.5,0.0,105.26839599609376,0.0,-0.007847099304199174,0.015502655951377944,-0.025767749023437442,0.0,-0.03361484832763662,0.015502655951377944,0.0015140787760417138,0.015464818225467056,0.0026898193359375226,0.006191818702910649,0.5399448777134399,0.8885130438618228,0.003804754836818408,0.0042022037893477615,0.003882006028788475
72.0,10.1971875,0.0,-68.12499999999994,0.0,103.98342041015626,0.0,-0.02980686187744143,0.009422361555620611,4.157714843755489e-05,0.0,-0.029765284729003874,0.009422361555620611,0.005294596354166646,0.00942501235048179,-0.0004931640625000095,0.004329564448498293,-0.23870768987955615,0.8205078377130205,10.1971875,0.0,-68.12499999999994,0.0,103.98342041015626,0.0,-0.0058584594726562855,0.02127188378437368,-0.02601311035156245,3.469446951953614e-18,-0.03187156982421873,0.02127188378437368,0.003331705729166634,0.021289178348268746,0.003627929687499983,0.007867449476065467,0.6409687317890445,0.278001294270013,0.0024152920888858382,0.002793229322195942,0.002456998775681309
72.5,10.128710937500001,1.7763568394002505e-15,-70.3125,0.0,102.59177093505859,0.0,-0.033761621514956174,0.009380332194363687,4.157714843755489e-05,0.0,-0.03372004436651862,0.009380332194363687,0.0013442993164062323,0.009356695383778788,-0.002434285481770842,0.00381095261626621,-0.369320790158195,1.1425124742895951,10.128710937500001,1.7763568394002505e-15,-70.3125,0.0,102.59177093505859,0.0,-0.005002530415852867,0.017844884611929568,-0.026081469726562445,0.0,-0.031084000142415313,0.017844884611929568,0.003985595703124997,0.017777116014076198,0.003966267903645832,0.0056424588516931435,0.8788671248998381,0.6730372905922597,0.004411482404054419,0.0047683355582751365,0.004415112603356323
73.0,10.058046875,0.0,-76.01562499999994,0.0,101.16528137207034,1.4210854715202004e-14,-0.03190460403760278,0.008721148549774514,4.157714843755489e-05,0.0,-0.03186302688916522,0.008721148549774514,0.003202107747395799,0.008663813260832058,-0.0014542643229166847,0.004624712081630626,0.042111886594301706,0.9078418593941381,10.058046875,0.0,-76.01562499999994,0.0,101.16528137207034,1.4210854715202004e-14,-0.008611501057942674,0.01535218694647458,-0.026259692382812446,3.469446951953614e-18,-0.034871193440755115,0.015352186946474581,0.00021972656250003521,0.01527837532011608,0.002113037109375017,0.005793970864635708,0.2126242897727421,0.8998889843246352,0.003488292029643709,0.003823237755540681,0.0034525531225620167
73.5,9.981640624999999,1.7763568394002505e-15,-83.86718749999999,1.4210854715202004e-14,99.63433837890625,0.0,-0.029268436034520475,0.011093706474542496,4.157714843755489e-05,0.0,-0.02922685888608292,0.011093706474542496,0.005882771809895826,0.011051566992544136,-0.0001151529947916702,0.004187462706107202,0.6872179198839389,0.6751210289505641,9.981640624999999,1.7763568394002505e-15,-83.86718749999999,1.4210854715202004e-14,99.63433837890625,0.0,-0.008356297810872404,0.01994753803007895,-0.026505053710937445,0.0,-0.034861351521809844,0.01994753803007895,0.0003219604492187428,0.019935603023605804,0.002182617187499996,0.0074813793083027555,-0.06332859848484595,0.8696115499399405,0.0022051360273801926,0.0025185012444659816,0.0021306292029621594
74.0,9.89734375,0.0,-91.71875000000006,0.0,97.95883422851561,0.0,-0.034329636891682995,0.01373438251829525,4.157714843755489e-05,0.0,-0.03428805974324544,0.01373438251829525,0.0007824707031249484,0.013746521665144581,-0.002587890625000025,0.003878963535343007,1.0261408784358088,0.7883770809773253,9.89734375,0.0,-91.71875000000006,0.0,97.95883422851561,0.0,-0.004332071940104136,0.017390086429676786,-0.026569750976562445,0.0,-0.030901822916666582,0.017390086429676786,0.004221598307291698,0.017411881242865617,0.004157714843750016,0.005089753554885119,0.306982649511947,0.8612607399897882,0.00473296583517187,0.0050250728729644535,0.004620283832315573
74.5,9.805156249999998,1.7763568394002505e-15,-93.75,0.0,96.14275878906251,0.0,-0.03513774812221527,0.010097705235414143,4.157714843755489e-05,0.0,-0.035096170973777714,0.010097705235414143,2.237955729161162e-06,0.010134092238518098,-0.0029640706380208363,0.003200157109940726,1.0269617941737124,0.9677010481897851,9.805156249999998,1.7763568394002505e-15,-93.75,0.0,96.14275878906251,0.0,-0.013112665812174433,0.0105598864109017,-0.026751635742187443,0.0,-0.039864301554361874,0.010559886410901703,-0.004758605957031201,0.010522242578481545,-0.0003320312499999758,0.003907904910164684,0.5472897260616961,1.2030320962646357,0.00516773634798358,0.00543699805910759,0.005014336431897547
75.0,9.7109375,0.0,-105.46875,0.0,94.303955078125,0.0,-0.040273696184158325,0.009508247008835617,4.157714843755489e-05,0.0,-0.04023211903572077,0.009508247008835617,-0.005147298177083333,0.009528665470124952,-0.005482991536458333,0.00447509064517455,0.9962080427168284,1.0661018634508952,9.7109375,0.0,-105.46875,0.0,94.303955078125,0.0,-0.0060850779215494795,0.010030402550213086,-0.026996997070312445,0.0,-0.03308207499186192,0.010030402550213086,0.00213623046875,0.009969786534287971,0.003204345703125,0.003465906664676452,0.4494762642956059,1.1035895369446929,0.007742359763237498,0.007989977453463777,0.007550286578294389
75.5,9.604921875,0.0,-109.375,0.0,92.25673706054691,1.4210854715202004e-14,-0.04261560877164205,0.007404788364066509,4.157714843755489e-05,0.0,-0.04257403162320449,0.007404788364066509,-0.0074748738606770756,0.007363485670891935,-0.006572672526041663,0.0009733379958804817,0.7919385031201465,0.8765918813442231,9.604921875,0.0,-109.375,0.0,92.25673706054691,1.4210854715202004e-14,-0.0076317119598387955,0.019508866280329416,-0.027058032226562445,0.0,-0.03468974418640124,0.019508866280329416,0.0004644775390625728,0.019487925469968855,0.0023836263020833703,0.007325129191008263,0.535399489562088,0.8862856222311465,0.008893277720260861,0.009116768933123243,0.008658522812915785
76.0,9.495000000000003,1.7763568394002505e-15,-109.375,0.0,90.15720703125,1.4210854715202004e-14,-0.041319189071655285,0.013142326601967035,4.157714843755489e-05,0.0,-0.04127761192321773,0.013142326601967035,-0.006206868489583347,0.013124937153216628,-0.005735677083333342,0.00454558345342159,0.1779343161179142,0.5513832940791306,9.495000000000003,1.7763568394002505e-15,-109.375,0.0,90.15720703125,1.4210854715202004e-14,-0.014879201253255156,0.018859432137686982,-0.027243579101562443,0.0,-0.0421227803548176,0.01885943213768698,-0.0069523111979166155,0.01888649098012295,-0.0012988281249999743,0.007427107188082599,0.6758408150009632,0.6163797410883444,0.008116784440132006,0.008316399468421727,0.007839840359210868
76.5,9.385078125,0.0,-121.32812500000004,1.4210854715202004e-14,88.08184204101563,1.4210854715202004e-14,-0.0447454781830311,0.012050158289941182,4.157714843755489e-05,0.0,-0.04470390103459355,0.012050158289941182,-0.009617513020833355,0.012029563739537088,-0.007320149739583344,0.003867136166078803,-0.2742088572777109,0.5191775401601522,9.385078125,0.0,-121.32812500000004,1.4210854715202004e-14,88.08184204101563,1.4210854715202004e-14,-0.011710379918416315,0.016894361594634685,-0.027302172851562445,0.0,-0.03901255276997876,0.016894361594634685,-0.0038971964518228906,0.016879475661638874,0.00029296875000001327,0.006735374339657328,0.48157757905072773,0.979653590559428,0.00976286667173334,0.009938049400274776,0.009442901653262392
77.0,9.263125,0.0,-125.0,0.0,85.80825195312502,0.0,-0.04078618377447133,0.010828436673669378,4.157714843755489e-05,0.0,-0.040744606626033776,0.010828436673669378,-0.005680541992187547,0.010848240730264438,-0.005168050130208359,0.0034168843077912745,-0.5665409351932792,0.7019563762507985,9.263125,0.0,-125.0,0.0,85.80825195312502,0.0,-0.015462271372477165,0.014016736166132237,-0.027490161132812444,0.0,-0.04295243250528961,0.014016736166132238,-0.007789713541666617,0.01394846620823221,-0.0015738932291666423,0.0039614807966840875,0.4688936958224112,1.2650937204702928,0.007673613557066399,0.007823747556942165,0.007309700926908596
77.5,9.137500000000001,0.0,-137.10937499999997,2.842170943040401e-14,83.496630859375,0.0,-0.040969467163085936,0.01050343968783626,4.157714843755489e-05,0.0,-0.04092789001464838,0.01050343968783626,-0.005869038899739577,0.010517019591834365,-0.005236816406249997,0.003111117042713712,-0.39544212975610016,0.6971039009373659,9.137500000000001,0.0,-137.10937499999997,2.842170943040401e-14,83.496630859375,0.0,-0.011586825052897156,0.012568083522758679,-0.027546313476562445,0.0,-0.039133138529459606,0.012568083522758679,-0.00400695800781252,0.012500469253593306,0.00035196940104165636,0.0025971030759313466,0.1580701470838116,1.09765156709699,0.007804108937753095,0.007929605114746156,0.00739701284383141
78.0,8.999687499999999,0.0,-140.625,0.0,80.99776855468748,0.0,-0.037278323173522906,0.004644042812335031,4.157714843755489e-05,0.0,-0.03723674602508535,0.004644042812335031,-0.0021468098958332903,0.004610667864562159,-0.003271484374999977,0.0017167304919084704,-0.00676271428224796,1.1304817426079667,8.999687499999999,0.0,-140.625,0.0,80.99776855468748,0.0,-0.017127939860026115,0.011760322320903788,-0.027736743164062442,3.469446951953614e-18,-0.04486468302408856,0.011760322320903788,-0.009645996093750074,0.011763562457767402,-0.002351888020833369,0.0018326288083337203,-0.16152928018162785,1.0033032187127682,0.005903991971609856,0.006003246219278293,0.0054511673804724685
78.5,8.858359375000001,0.0,-146.75781249999997,0.0,78.47386840820313,0.0,-0.04054948925971983,0.004758082930165092,4.157714843755489e-05,0.0,-0.040507912111282275,0.004758082930165092,-0.005428059895833314,0.00474049285661051,-0.0048488362630208235,0.0024040937812225996,-0.1930667192507964,1.128422671614675,8.858359375000001,0.0,-146.75781249999997,0.0,78.47386840820313,0.0,-0.011972134908040397,0.01484603876153566,-0.027790454101562445,0.0,-0.03976258900960284,0.01484603876153566,-0.004555053710937532,0.014819617262992229,0.00020894368489581734,0.0033174286392086533,0.008581438635152086,0.5911876740387203,0.007552185956538931,0.007622647766053488,0.007049544097870489
79.0,8.710859375,0.0,-154.609375,0.0,75.88272644042968,0.0,-0.03812359650929768,0.008286236086855935,4.157714843755489e-05,0.0,-0.03808201936086013,0.008286236086855935,-0.0030043538411458283,0.008253599929260669,-0.0035559082031249973,0.0036085654750458752,-0.3932807643745116,0.9062813892505553,8.710859375,0.0,-154.609375,0.0,75.88272644042968,0.0,-0.016746190388997405,0.016017959570536096,-0.027790454101562445,0.0,-0.04453664449055985,0.016017959570536096,-0.00941894531250001,0.015983606602809203,-0.0021630859375000046,0.00357305761491154,-0.1272153817319833,0.7827675377975954,0.00633091497599462,0.006372128255874094,0.005777820312832879
79.5,8.555468750000001,0.0,-156.25,0.0,73.20002441406253,0.0,-0.04219527920087172,0.003635452767441984,4.157714843755489e-05,0.0,-0.04215370205243416,0.003635452767441984,-0.007080891927083266,0.00356337308270235,-0.005542602539062468,0.003296212244989287,-0.4896473088001412,0.7228850361410442,8.555468750000001,0.0,-156.25,0.0,73.20002441406253,0.0,-0.008727162679036593,0.016386937586368416,-0.027790454101562445,0.0,-0.03651761678059904,0.016386937586368416,-0.0014935302734376307,0.016371002943690725,0.0018975830078124332,0.005140334755473218,-0.5137848872590097,0.7196508011363437,0.00838787161026797,0.008400345138852476,0.007785275922290804
80.0,8.3984375,0.0,-168.74999999999991,0.0,70.53765869140626,0.0,-0.0426900068918864,0.007600916488487269,4.157714843755489e-05,0.0,-0.042648429743448846,0.007600916488487269,-0.007617187500000007,0.007556694639894773,-0.005664062500000004,0.005215703200479112,-0.7232879425262233,0.497922827760033,8.3984375,0.0,-168.74999999999991,0.0,70.53765869140626,0.0,-0.014390563964843691,0.012755663517275959,-0.027985766601562444,0.0,-0.04237633056640613,0.012755663517275957,-0.007169596354166609,0.012711833409333273,-0.0009602864583333039,0.002631388484464831,-0.6894648862422305,0.9843757288713495,0.008582943173447488,0.008565109579999624,0.007928388123333147
80.5,8.228828125,0.0,-171.875,0.0,67.71824951171874,0.0,-0.036579558849334684,0.006087068803462075,4.157714843755489e-05,0.0,-0.03653798170089713,0.006087068803462075,-0.0014480590820312117,0.006119947827998114,-0.0024548339843749804,0.00532641621705193,-1.006715147645334,0.44580502499630986,8.228828125,0.0,-171.875,0.0,67.71824951171874,0.0,-0.014154103597005191,0.007686560576198696,-0.028034594726562445,0.0,-0.04218869832356764,0.007686560576198696,-0.007005310058593736,0.007688258198546307,-0.0008146158854166595,0.0018770379894000354,-0.7493765593130837,0.9605092438762934,0.005447925768223982,0.005399413779854605,0.004740925965448126
81.0,8.05609375,0.0,-184.5312499999999,0.0,64.90519287109377,0.0,-0.030821375846862828,0.0070810806954527405,4.157714843755489e-05,0.0,-0.030779798698425273,0.0070810806954527405,0.004301147460937463,0.007016515366270966,0.0004663085937499808,0.004127461363751941,-1.0746569511218027,0.48385141275424726,8.05609375,0.0,-184.5312499999999,0.0,64.90519287109377,0.0,-0.008994649251302124,0.005657781252263641,-0.028034594726562445,0.0,-0.037029243977864564,0.005657781252263641,-0.001855468750000041,0.005621622802494633,0.0017781575520833131,0.0024593976836374846,-0.8995899120410794,0.6288388632860012,0.00260428212939109,0.002523540560850521,0.0018424180668836034
81.5,7.870625000000001,8.881784197001252e-16,-187.5,0.0,61.952038574218754,0.0,-0.03250835140546162,0.008610421941246104,4.157714843755489e-05,0.0,-0.032466774257024066,0.008610421941246104,0.0026073201497395886,0.008580720831660036,-0.0003499348958333306,0.003164178090018386,-1.0280646477545836,0.5140831435167488,7.870625000000001,8.881784197001252e-16,-187.5,0.0,61.952038574218754,0.0,-0.005147234598795579,0.011843821775898922,-0.028034594726562445,0.0,-0.03318182932535803,0.011843821775898922,0.0020125325520833274,0.011836865610440797,0.0036126708984374977,0.003335102258892922,-0.772564464886241,0.33497340162185635,0.003503252982000055,0.0033878726408663926,0.002682705851683195
82.0,7.682187500000004,8.881784197001252e-16,-193.9062499999999,0.0,59.021193847656285,7.105427357601002e-15,-0.030755620002746623,0.004597944839945213,4.157714843755489e-05,0.0,-0.03071404285430907,0.004597944839945213,0.004346110026041627,0.004527988666938921,0.00048339843749998015,0.0029116865056159963,-0.6396901709401744,0.5352763812938601,7.682187500000004,8.881784197001252e-16,-193.9062499999999,0.0,59.021193847656285,7.105427357601002e-15,-0.003620351155598974,0.006798076305193126,-0.028034594726562445,0.0,-0.03165494588216142,0.006798076305193127,0.0035457356770833177,0.006798971249951055,0.004340006510416658,0.0045134758475015935,-0.9859544210130174,0.47189625781746947,0.0027528690505061798,0.002602621473573524,0.0018734136013701052
82.5,7.487304687500001,8.881784197001252e-16,-201.75781249999997,2.842170943040401e-14,56.06523895263674,7.105427357601002e-15,-0.0299773931503296,0.006439680643908102,4.157714843755489e-05,0.0,-0.029935816001892046,0.006439680643908102,0.005181376139322914,0.00644289207687962,0.0008666992187499984,0.004729349034808041,0.05845527085760945,0.5409438411145213,7.487304687500001,8.881784197001252e-16,-201.75781249999997,2.842170943040401e-14,56.06523895263674,7.105427357601002e-15,-0.006022580464680963,0.009754505608120937,-0.028034594726562445,0.0,-0.03405717519124341,0.009754505608120937,0.0011586507161458605,0.009753337706467758,0.0030253092447916816,0.002150247755240917,-1.0760659289712087,0.9427861424174596,0.0024556402781327597,0.002269025012645227,0.0015149649802809475
83.0,7.28453125,0.0,-206.3671875,0.0,53.07021728515624,7.105427357601002e-15,-0.029436473846435548,0.009174573052818914,4.157714843755489e-05,0.0,-0.029394896697997993,0.009174573052818914,0.005671183268229168,0.009240946621562484,0.0011315917968750004,0.0045366872305629405,-0.1206371482250403,0.5232313226352868,7.28453125,0.0,-206.3671875,0.0,53.07021728515624,7.105427357601002e-15,0.00017634073893230966,0.013803404837841536,-0.027831958007812446,0.0,-0.027655617268880134,0.013803404837841536,0.007432454427083353,0.01375179534928996,0.0061035156250000095,0.003301405386820447,-0.3357090094150627,0.8471850439433136,0.002276857848335623,0.0020537179331262924,0.001274865151458979
83.5,7.077128906250002,0.0,-213.55468749999991,0.0,50.09165885925296,0.0,-0.03066916942596434,0.005825715829986749,4.157714843755489e-05,0.0,-0.030627592277526785,0.005825715829986749,0.004466552734375017,0.005867171832714339,0.0004665120442708423,0.0048264871335912405,-0.6259826328185715,0.3887263690480656,7.077128906250002,0.0,-213.55468749999991,0.0,50.09165885925296,0.0,-0.0016539382934569902,0.01080514276432499,-0.027790454101562445,0.0,-0.029444392395019437,0.010805142764324992,0.005635986328125041,0.010776390792389885,0.005062459309895856,0.0026870909365370073,-0.2311247712248653,1.067034527768194,0.003031126952739845,0.0027699723978469185,0.0019655322601213714
84.0,6.8625,8.881784197001252e-16,-218.12499999999997,0.0,47.10010986328126,0.0,-0.028371887207031266,0.009853600835053634,4.157714843755489e-05,0.0,-0.02833031005859371,0.009853600835053634,0.006740722656249986,0.009802383922274534,0.0016243489583333264,0.006390623971969564,-0.9694981667637906,0.5584108613775374,6.8625,8.881784197001252e-16,-218.12499999999997,0.0,47.10010986328126,0.0,7.598876953123727e-05,0.013091930979967985,-0.027790454101562445,0.0,-0.027714465332031205,0.013091930979967982,0.007499999999999986,0.013023598440938236,0.005847981770833327,0.003088426404477991,-0.5985372049825218,0.7357108924681047,0.0019673348069335966,0.0016658905127108275,0.0008345728605220837
84.5,6.6432812499999985,0.0,-222.05078125000003,0.0,44.13945312499998,0.0,-0.031098451614379907,0.007407701162186351,4.157714843755489e-05,0.0,-0.031056874465942352,0.007407701162186351,0.004059244791666643,0.007391692164042727,0.000255737304687488,0.0033567227199096145,-1.1349501531996609,1.0186069040515622,6.6432812499999985,0.0,-222.05078125000003,0.0,44.13945312499998,0.0,0.005393791198730505,0.015337703885604764,-0.027584155273437442,0.0,-0.02219036407470694,0.015337703885604764,0.012960815429687536,0.015350665449670325,0.008366495768229183,0.004784828040702753,-1.03745253769668,0.8106907976900922,0.00343471012148352,0.003090750227052097,0.002231308544515638
85.0,6.420117187500002,0.0,-229.29687499999997,2.842170943040401e-14,41.2242256164551,0.0,-0.02117859522501636,0.00826439010740103,4.157714843755489e-05,0.0,-0.021137018076578806,0.00826439010740103,0.013906860351562411,0.008250949919023198,0.0052164713541666225,0.003826806410072126,-1.386038684622677,0.8641638373001465,6.420117187500002,0.0,-229.29687499999997,2.842170943040401e-14,41.2242256164551,0.0,-0.0007647196451822325,0.00893291634508901,-0.027546313476562445,0.0,-0.02831103312174468,0.008932916345089009,0.0069234212239583925,0.00893599480697329,0.00515747070312503,0.0022565267657293046,-0.9973889093762188,1.0605610640056418,-0.001427736989835616,-0.0018141727937100464,-0.002701519990605001
85.5,6.18966796875,0.0,-233.80859375,0.0,38.318574600219726,0.0,-0.016263548533121747,0.0027890805063409438,4.157714843755489e-05,0.0,-0.016221971384684192,0.0027890805063409438,0.018808593749999998,0.002783362891536128,0.007535807291666666,0.00264926793730162,-1.6259054259542616,0.7694413967453516,6.18966796875,0.0,-233.80859375,0.0,38.318574600219726,0.0,0.004448827107747392,0.01656167408241125,-0.027337573242187444,0.0,-0.022888746134440054,0.01656167408241125,0.01227193196614583,0.01651069905238134,0.0076129150390624985,0.005644223590900813,-1.239526329248019,0.4668580031663351,-0.00364083998996021,-0.004073400675231062,-0.00499080190011553
86.0,5.954687500000003,0.0,-241.09374999999991,2.842170943040401e-14,35.46491699218754,0.0,-0.018621101379394482,0.010502245360817605,4.157714843755489e-05,0.0,-0.018579524230956927,0.010502245360817605,0.016475830078125045,0.010550580515829603,0.0061621093750000265,0.004199702272004719,-1.2328959289408512,0.793537035737465,5.954687500000003,0.0,-241.09374999999991,2.842170943040401e-14,35.46491699218754,0.0,0.012000325520833225,0.012665873279750398,-0.027092211914062445,3.469446951953614e-18,-0.015091886393229224,0.012665873279750398,0.019983317057291557,0.012661875774794126,0.011252441406249947,0.002540828384197687,-1.250218152073628,0.6513457486901164,-0.002159969033542692,-0.0026392509349137338,-0.0035868780716235464
86.5,5.712382812500002,8.881784197001252e-16,-242.1875,0.0,32.63816680908206,7.105427357601002e-15,-0.012551549275716202,0.011007769606468164,4.157714843755489e-05,0.0,-0.012509972127278647,0.011007769606468164,0.022610982259114523,0.0109867261371807,0.009102986653645806,0.006697785487084307,-0.6456748885337756,0.36449391567146266,5.712382812500002,8.881784197001252e-16,-242.1875,0.0,32.63816680908206,7.105427357601002e-15,0.013803685506184889,0.009430194749182743,-0.026846850585937446,0.0,-0.013043165079752556,0.009430194749182743,0.022007446289062493,0.009480416818944643,0.011935424804687499,0.0049244597248182045,-1.0108804295205693,1.0892333428012715,-0.0049961690570719105,-0.00552126562436638,-0.00649832405567276
87.0,5.468984374999999,0.0,-245.5859375,0.0,29.916423950195306,3.552713678800501e-15,-0.014779179890950532,0.005097510053794242,4.157714843755489e-05,0.0,-0.014737602742512977,0.005097510053794242,0.02033101399739582,0.005089063425851024,0.007797444661458326,0.004732804690897837,-0.1847918791278146,1.0060913627841852,5.468984374999999,0.0,-245.5859375,0.0,29.916423950195306,3.552713678800501e-15,0.017049611409505224,0.011041712940415453,-0.026601489257812444,0.0,-0.009551877848307223,0.011041712940415453,0.025536499023437517,0.011047215104207055,0.013272705078125007,0.0031358741867904306,-1.1860819166727345,1.0990205229289836,-0.003578001580778099,-0.004152575883059314,-0.005161208188925487
87.5,5.222167968750003,0.0,-249.51171874999997,0.0,27.277662277221708,0.0,-0.008356809616088952,0.005737468688749515,4.157714843755489e-05,0.0,-0.008315232467651397,0.005737468688749515,0.0267613728841145,0.00578338579746576,0.010874430338541624,0.001942499717167966,-0.2966393957605006,0.9765331361287248,5.222167968750003,0.0,-249.51171874999997,0.0,27.277662277221708,0.0,0.01445515950520837,0.010300753188517949,-0.02635612792968745,0.0,-0.011900968424479077,0.010300753188517947,0.023211161295572953,0.010306768609314692,0.01179504394531252,0.0017887527261491473,-0.5508695541654579,0.922675732878807,-0.00654182238941353,-0.00716630729841025,-0.008206566735142605
88.0,4.971406250000001,0.0,-250.0,0.0,24.721480102539072,0.0,-0.013418070475260396,0.006714522473502254,4.157714843755489e-05,0.0,-0.013376493326822841,0.006714522473502254,0.021681315104166692,0.006704192050200598,0.008165690104166679,0.0027764184062746243,-0.7995804651078187,0.8692502905403301,4.971406250000001,0.0,-250.0,0.0,24.721480102539072,0.0,0.022642822265624963,0.01432218930102595,-0.026110766601562446,0.0,-0.00346794433593748,0.01432218930102595,0.0315974934895833,0.014302193579419012,0.015638020833333318,0.004872752222986167,0.05775718422202301,0.69054690587334,-0.003712063992512943,-0.004390096349666145,-0.0054640911435830785
88.5,4.720156249999998,0.0,-253.45703125000003,0.0,22.286235961914045,0.0,-0.014407107035319012,0.012468886092109301,4.157714843755489e-05,0.0,-0.014365529886881457,0.012468886092109301,0.020673624674479165,0.012510451182985724,0.007515055338541664,0.005269153770284452,-0.5682721615949068,0.8169436208374171,4.720156249999998,0.0,-253.45703125000003,0.0,22.286235961914045,0.0,0.012651138305663967,0.013372129262227077,-0.025865405273437444,0.0,-0.013214266967773475,0.013372129262227077,0.02195699055989574,0.013354958291514,0.010324910481770784,0.004041751820733952,0.05061934322188322,1.0044036290857805,-0.002940231909346129,-0.0036721009883817447,-0.004779776080128371
89.0,4.465429687500002,0.0,-253.90625,0.0,19.946373748779312,3.552713678800501e-15,-0.009961662292480505,0.011647022269943958,4.157714843755489e-05,0.0,-0.00992008514404295,0.011647022269943958,0.02512268066406247,0.011647629257388496,0.00955118815104165,0.004969612090113193,-0.16383173304560025,0.7879928567190784,4.465429687500002,0.0,-253.90625,0.0,19.946373748779312,3.552713678800501e-15,0.02583953857421863,0.009794594138656748,-0.02540275878906245,0.0,0.0004367797851561834,0.009794594138656748,0.035577392578124874,0.009750035087204427,0.016660156249999943,0.0023247563784812107,0.010501176883016041,0.6545630504734151,-0.00485272602966392,-0.005639711165309905,-0.0067816475748424445
89.5,4.21025390625,0.0,-253.90625,0.0,17.732296371459963,3.552713678800501e-15,-0.003134371439615881,0.00774540614911209,4.157714843755489e-05,0.0,-0.003092794291178326,0.00774540614911209,0.03193929036458334,0.007779423596259377,0.012756144205729169,0.002757714023638973,0.03818277805094065,0.8238847513345015,4.21025390625,0.0,-253.90625,0.0,17.732296371459963,3.552713678800501e-15,0.01526237487792968,0.011170207037403053,-0.025130541992187446,0.0,-0.009868167114257765,0.011170207037403053,0.025362447102864578,0.011180076203255883,0.011055094401041661,0.00320449138330386,0.24638261180008592,0.6007061085779072,-0.007930172997491172,-0.008774182354263603,-0.009951361196663051
90.0,3.9550781250000036,0.0,-253.90625,0.0,15.648445129394561,0.0,-0.0025561014811197893,0.010955117093604517,4.157714843755489e-05,0.0,-0.0025145243326822344,0.010955117093604517,0.03256429036458334,0.011031945735855373,0.012809244791666672,0.004315507353120414,-0.054694518805843285,0.33002324848334663,3.9550781250000036,0.0,-253.90625,0.0,15.648445129394561,0.0,0.0198883056640624,0.011784753361180364,-0.024665454101562453,0.0,-0.0047771484375000485,0.011784753361180364,0.030409749348958234,0.011713644434341017,0.01311442057291662,0.003468642243629362,0.18498821599408355,0.6200164421911933,-0.007857394385583286,-0.008757932097099606,-0.009969786361049806
90.5,3.699902343750001,4.440892098500626e-16,-253.90625,0.0,13.694820022583018,1.7763568394002505e-15,-0.006928151448567679,0.008384422530602967,4.157714843755489e-05,0.0,-0.006886574300130124,0.008384422530602967,0.028206787109375034,0.00833035144752534,0.010346272786458352,0.002927158592315477,0.030411110428196626,0.4700288833293886,3.699902343750001,4.440892098500626e-16,-253.90625,0.0,13.694820022583018,1.7763568394002505e-15,0.020991846720377603,0.011013083560173522,-0.024174731445312448,0.0,-0.003182884724934847,0.011013083560173522,0.03191965738932291,0.010998676438387948,0.013427734375,0.002436449945497071,-0.20324517333793915,0.7515447356633602,-0.005260694408569638,-0.006221411311386403,-0.007470039965589044
91.0,3.4447265624999983,4.440892098500626e-16,-252.12890625,0.0,11.871421051025381,1.7763568394002505e-15,-0.011567103068033874,0.007675441846073991,4.157714843755489e-05,0.0,-0.01152552591959632,0.007675441846073991,0.02352945963541665,0.007643112201218118,0.007832438151041655,0.0028359720866111683,0.5488065943388237,0.9666361928881133,3.4447265624999983,4.440892098500626e-16,-252.12890625,0.0,11.871421051025381,1.7763568394002505e-15,0.02116175333658854,0.013283165270503512,-0.023684008789062443,0.0,-0.0025222554524739005,0.013283165270503512,0.032632242838541665,0.013291407658854651,0.013242594401041669,0.003476657199403287,0.11830529225548636,0.6452131073143876,-0.002613622361894554,-0.0036345275149708835,-0.004919680749672936
91.5,3.1913378906250025,0.0,-248.37890625000003,0.0,10.189574718475358,1.7763568394002505e-15,-0.009977175394694034,0.009440099166563546,4.157714843755489e-05,0.0,-0.009935598246256479,0.009440099166563546,0.02517832438151039,0.009397264331640565,0.008428141276041657,0.0031689470889036263,0.8171592540488976,1.1416419014688588,3.1913378906250025,0.0,-248.37890625000003,0.0,10.189574718475358,1.7763568394002505e-15,0.019405619303385437,0.00850313507154312,-0.02319328613281245,0.0,-0.003787666829427013,0.008503135071543122,0.03141001383463543,0.008565556499089622,0.012107340494791681,0.004081263472505722,0.15767937032585858,0.4857077039262563,-0.003068277842541611,-0.004153012255748321,-0.005476774682561655
92.0,2.94171875,4.440892098500626e-16,-244.453125,0.0,8.658237609863285,0.0,-0.007580057779947924,0.013666203623243884,4.157714843755489e-05,0.0,-0.007538480631510369,0.013666203623243884,0.027560221354166664,0.01370850911361091,0.00951497395833333,0.005480922171168673,0.5664309106691994,1.1086876288619716,2.94171875,4.440892098500626e-16,-244.453125,0.0,8.658237609863285,0.0,0.019423828125,0.012384786418421468,-0.022477954101562447,0.0,-0.0030541259765624468,0.012384786418421468,0.03203938802083333,0.012368915727621025,0.011853841145833334,0.0038633155491232776,0.20042674339549213,0.6950468340309806,-0.004014855237455041,-0.005163301260731863,-0.006525335526199263
92.5,2.696044921874998,0.0,-240.52734374999997,0.0,7.272793292999256,0.0,-0.007227834065755207,0.008406989732136322,4.157714843755489e-05,0.0,-0.007186256917317652,0.008406989732136322,0.027882385253906253,0.008409766154567034,0.009489949544270833,0.0028907936851724713,0.22526572819542587,0.8464221508557134,2.696044921874998,0.0,-240.52734374999997,0.0,7.272793292999256,0.0,0.027814229329427162,0.00772847557022675,-0.02196770019531244,0.0,0.00584652913411472,0.00772847557022675,0.04110005696614592,0.007753777880584225,0.015830485026041705,0.0035057612375581438,0.42279413159539353,0.9692230518277188,-0.003847356055403015,-0.005060710024248941,-0.006461527700926553
93.0,2.4543164062500016,0.0,-236.60156250000003,0.0,6.027426109313972,8.881784197001252e-16,-0.011093648274739555,0.008415981005888334,4.157714843755489e-05,0.0,-0.011052071126302,0.008415981005888334,0.024014282226562527,0.008405172405106206,0.0073616536458333505,0.004869217048239402,0.42255155597439725,0.7293225717002082,2.4543164062500016,0.0,-236.60156250000003,0.0,6.027426109313972,8.881784197001252e-16,0.017902272542317788,0.014400320103735964,-0.02124992675781245,0.0,-0.0033476542154946606,0.014400320103735964,0.03189595540364591,0.014381967760052267,0.010553385416666708,0.006064534974241144,0.15097783347295207,1.4065911314175374,-0.0015731516516818717,-0.002853140786872024,-0.004293595133019353
93.5,2.2165332031249996,0.0,-228.11035156249997,0.0,4.916413784027099,8.881784197001252e-16,-0.009014905293782549,0.012131664137025126,4.157714843755489e-05,0.0,-0.008973328145344994,0.012131664137025126,0.02611918131510417,0.012063043784628693,0.008229370117187502,0.0049449888945087795,0.7565604019461404,0.6574552081454733,2.2165332031249996,0.0,-228.11035156249997,0.0,4.916413784027099,8.881784197001252e-16,0.01941635131835938,0.013303542670894614,-0.020513842773437443,0.0,-0.0010974914550780652,0.013303542670894614,0.03417287190755209,0.013247705074431255,0.011121012369791669,0.00356416310330923,0.26172154803746345,1.3907476505815863,-0.0022944127365737534,-0.003641500143054803,-0.005121633046787819
94.0,1.9872851562500031,0.0,-221.11328125000009,0.0,3.9522223472595353,4.440892098500626e-16,-0.013002471923828062,0.011751683923856976,4.157714843755489e-05,0.0,-0.012960894775390508,0.011751683923856976,0.022135823567708397,0.01174295294720149,0.006120605468750034,0.004515239228310527,0.8369669880900332,0.5763364659881379,1.9872851562500031,0.0,-221.11328125000009,0.0,3.9522223472595353,4.440892098500626e-16,0.01964874267578125,0.011969570074080036,-0.019548266601562458,0.0,0.00010047607421878949,0.011969570074080036,0.03518636067708331,0.01194564624156873,0.011036783854166671,0.004715038083101173,0.5705501909115172,1.0594639364584086,-3.64030399658509e-05,-0.0014520295635870929,-0.0029725154328352297
94.5,1.765068359375001,2.220446049250313e-16,-213.32031250000003,0.0,3.1179980087280317,0.0,-0.011099777221679699,0.008346423909698855,4.157714843755489e-05,0.0,-0.011058200073242144,0.008346423909698855,0.023947347005208317,0.008362313595335845,0.006904296874999996,0.0029359756802899515,0.6631306112507256,0.7114589498482936,1.765068359375001,2.220446049250313e-16,-213.32031250000003,0.0,3.1179980087280317,0.0,0.019057312011718754,0.013850890660895999,-0.01879753417968745,0.0,0.00025977783203130447,0.013850890660895999,0.03544911702473958,0.013760970953446729,0.01048868815104167,0.004031214722931597,1.0023853032275978,0.7513817270339783,-0.0006703815428111123,-0.0021549691787514182,-0.0037158309435423734
95.0,1.5506835937499988,0.0,-203.61328124999997,2.842170943040401e-14,2.406772422790523,0.0,-0.01770693461100265,0.013165576137981359,4.157714843755489e-05,0.0,-0.017665357462565093,0.013165576137981359,0.01741943359374996,0.013170101655784064,0.003401692708333312,0.004188373765518801,0.5950832885647407,0.9721460933440862,1.5506835937499988,0.0,-203.61328124999997,2.842170943040401e-14,2.406772422790523,0.0,0.022854359944661482,0.012517602219968197,-0.01782951660156244,0.0,0.005024843343099042,0.012517602219968197,0.040216064453125026,0.012437547198003163,0.012158203125000011,0.005044507970505641,1.017079505238687,1.0363577563505353,0.0029818508327782373,0.0014281278369815663,-0.00017298035234253957
95.5,1.3460546875000021,0.0,-193.7988281250001,0.0,1.813636360168463,2.220446049250313e-16,-0.01620580037434898,0.013130702263656804,4.157714843755489e-05,0.0,-0.016164223225911423,0.013130702263656804,0.018915303548177064,0.013116254510811,0.004185994466145823,0.0046938898412320915,0.8047288540452634,0.8541681616579627,1.3460546875000021,0.0,-193.7988281250001,0.0,1.813636360168463,2.220446049250313e-16,0.016134262084961014,0.010454954129259253,-0.016848071289062457,0.0,-0.0007138092041014402,0.010454954129259253,0.03446258544921882,0.010409106599173153,0.008556111653645873,0.005181482661661267,1.1818981392956032,1.0136470707840974,0.002350003552911843,0.0007257029138133691,-0.0009163436928328937
96.0,1.1512890625000003,0.0,-181.640625,0.0,1.3269021987915044,0.0,-0.014953816731770833,0.014061830645616887,4.157714843755489e-05,0.0,-0.014912239583333278,0.014061830645616887,0.020154622395833332,0.014100305859951066,0.004739583333333333,0.006864288925780816,0.714544786810415,0.6351267387776693,1.1512890625000003,0.0,-181.640625,0.0,1.3269021987915044,0.0,0.013059082031250002,0.0051803150592760906,-0.015632250976562446,0.0,-0.002573168945312443,0.00518031505927609,0.032519531250000004,0.005157485967910719,0.006897786458333336,0.0038892029832215532,1.5345575648309993,1.0448933584585884,0.0019492818812579522,0.00025402211733040886,-0.0014289785246681286
96.5,0.9687426757812531,1.1102230246251565e-16,-169.37255859375023,0.0,0.9395707380771706,1.1102230246251565e-16,-0.015526493390401195,0.018935938394528035,4.157714843755489e-05,0.0,-0.01548491624196364,0.018935938394528035,0.01951548258463543,0.01889924759557872,0.004328816731770841,0.007956487920700072,0.6752681658077209,0.7658107062779234,0.9687426757812531,1.1102230246251565e-16,-169.37255859375023,0.0,0.9395707380771706,1.1102230246251565e-16,0.009999593098958388,0.012260147420051312,-0.014641040039062464,1.734723475976807e-18,-0.004641446940104075,0.012260147420051312,0.03050669352213545,0.01230628032777779,0.005147501627604197,0.004119123642819418,1.6614163153469823,0.7321502219479041,0.0025157598038130515,0.0007481018617762078,-0.0009765553516639834
97.0,0.7985253906250014,0.0,-155.6835937500001,0.0,0.6384733867645287,0.0,-0.020035893122355108,0.009295724015513138,4.157714843755489e-05,0.0,-0.019994315973917553,0.009295724015513138,0.015109456380208372,0.009310496650995901,0.0019844563802083525,0.0026236032890123656,0.74065142485553,1.1240456368676488,0.7985253906250014,0.0,-155.6835937500001,0.0,0.6384733867645287,0.0,0.0067894999186198166,0.009862891434083754,-0.013422778320312455,0.0,-0.006633278401692637,0.009862891434083754,0.028600870768229186,0.009871805854894791,0.0034680175781250135,0.005757206718016406,1.7568554763379034,0.9857678568889494,0.005013262865884254,0.003174143458346473,0.0014086456224023938
97.5,0.6420654296874996,0.0,-140.75317382812497,2.842170943040401e-14,0.41283569335937437,0.0,-0.022833983103434253,0.011104335234157357,4.157714843755489e-05,0.0,-0.022792405954996698,0.011104335234157357,0.012296040852864574,0.01104381432851327,0.0005635579427083295,0.004525036424738474,1.0150129885847714,0.9997482220670377,0.6420654296874996,0.0,-140.75317382812497,2.842170943040401e-14,0.41283569335937437,0.0,0.00374285380045572,0.011034497180677182,-0.011957934570312441,0.0,-0.00821508076985672,0.011034497180677182,0.026818339029947912,0.011055294220255233,0.0018707275390624954,0.003092412613784324,1.422646736672621,0.9282452783199173,0.006586825931772961,0.004676277960232007,0.002870162092095172
98.0,0.5006103515625019,1.1102230246251565e-16,-125.54687500000021,0.0,0.25099697709083785,0.0,-0.023427416483561194,0.011187641028204317,4.157714843755489e-05,0.0,-0.02338583933512364,0.011187641028204317,0.011669108072916675,0.011198407184591752,0.00020996093750000463,0.004491544373403855,1.2241651035596346,0.965328464948036,0.5006103515625019,1.1102230246251565e-16,-125.54687500000021,0.0,0.25099697709083785,0.0,0.0031388346354166755,0.010781412392159502,-0.010725024414062463,0.0,-0.007586189778645787,0.010781412392159502,0.02757161458333332,0.010774571627780057,0.0015917968750000036,0.005816340445886368,1.4946404777947773,0.887461636680815,0.007093114255191463,0.005110959260297277,0.003264301244731969
98.5,0.37443725585937543,5.551115123125783e-17,-108.89160156250004,1.4210854715202004e-14,0.14043502062559174,2.7755575615628914e-17,-0.021811148325602218,0.006688891046604644,4.157714843755489e-05,0.0,-0.021769571177164663,0.006688891046604644,0.013300984700520829,0.006660091437741902,0.0010050455729166635,0.004837014923423565,0.7662527563040292,1.0991989098673587,0.37443725585937543,5.551115123125783e-17,-108.89160156250004,1.4210854715202004e-14,0.14043502062559174,2.7755575615628914e-17,-3.1789143880092685e-06,0.015770885491691835,-0.009257739257812451,0.0,-0.009260918172200459,0.015770885491691835,0.025824381510416675,0.01575920847089668,-5.6355794270826313e-05,0.008533249748077173,1.633715744433515,0.8855091320433587,0.006447796260324809,0.004395157994887712,0.0025088582943188576
99.0,0.26500244140624923,0.0,-91.36108398437489,0.0,0.0703431457281108,0.0,-0.02909210840861007,0.008952074281071854,4.157714843755489e-05,0.0,-0.029050531260172516,0.008952074281071854,0.006054890950520783,0.009019730603773231,-0.0026082356770833585,0.004478625331369932,0.5323067096748663,0.6768237001773335,0.26500244140624923,0.0,-91.36108398437489,0.0,0.0703431457281108,0.0,-0.00535817464192712,0.012819597913483803,-0.007785571289062434,8.673617379884035e-19,-0.013143745930989555,0.012819597913483803,0.02193033854166664,0.012899779617249054,-0.0027400716145833514,0.0031823680262917857,1.3833577853353292,0.8390297003879434,0.010210600187197653,0.008087441056600485,0.006161640450175254
99.5,0.17318542480468846,0.0,-72.90679931640646,1.4210854715202004e-14,0.030034558400512168,0.0,-0.027393980026245133,0.009879108296542436,4.157714843755489e-05,0.0,-0.027352402877807578,0.009879108296542436,0.007762858072916647,0.0098726261718814,-0.0017136637369791765,0.002769411542380115,0.4679634669258674,0.9403435857302963,0.17318542480468846,0.0,-72.90679931640646,1.4210854715202004e-14,0.030034558400512168,0.0,-0.005831832885742183,0.010593214114326774,-0.00631340332031246,8.673617379884035e-19,-0.012145236206054644,0.010593214114326774,0.02306538899739582,0.010657697168619825,-0.0029288736979166644,0.006047796149109178,1.1897466343877525,0.5807416800291001,0.00946273922420523,0.0072701566269913875,0.005305712265318616
100.0,0.09991455078125,0.0,-53.497314453125,0.0,0.009982917457818985,0.0,-0.03213946024576823,0.012413077737599,4.157714843755489e-05,0.0,-0.03209788309733067,0.012413077737599,0.0029296875,0.012416417104444738,-0.0040283203125,0.004425504814419153,0.6269500898407147,0.8677623372382239,0.09991455078125,0.0,-53.497314453125,0.0,0.009982917457818985,0.0,-0.01105499267578125,0.013240801203911924,-0.004597094726562445,0.0,-0.015652087402343695,0.013240801203911924,0.019571940104166668,0.013286549626556026,-0.0054931640625,0.0071412002253877435,1.3394063076680356,0.9564177321377133,0.011921003332586232,0.00966023531802327,0.007658079898594969
