phase_pct,baseline_omega_mean,baseline_omega_std,baseline_alpha_mag_mean,baseline_alpha_mag_std,baseline_omega_sq_mean,baseline_omega_sq_std,baseline_sp_feedback_mean,baseline_sp_feedback_std,baseline_turn_ff_mean,baseline_turn_ff_std,baseline_required_turn_voltage_mean,baseline_required_turn_voltage_std,baseline_motor_voltage_delta_mean,baseline_motor_voltage_delta_std,baseline_speed_error_mean,baseline_speed_error_std,baseline_acceleration_mean,baseline_acceleration_std,trial_omega_mean,trial_omega_std,trial_alpha_mag_mean,trial_alpha_mag_std,trial_omega_sq_mean,trial_omega_sq_std,trial_sp_feedback_mean,trial_sp_feedback_std,trial_turn_ff_mean,trial_turn_ff_std,trial_required_turn_voltage_mean,trial_required_turn_voltage_std,trial_motor_voltage_delta_mean,trial_motor_voltage_delta_std,trial_speed_error_mean,trial_speed_error_std,trial_acceleration_mean,trial_acceleration_std,predicted_speed_error_unconstrained,predicted_speed_error_constrained,predicted_speed_error_conservative
0.0,-0.062744140625,0.0,76.66015625,0.0,0.003936827182769775,0.0,0.00238800048828125,0.00942138173166713,8.659667968752283e-05,0.0,0.002474597167968773,0.00942138173166713,0.0380401611328125,0.009417813115869101,0.003570556640625,0.005824861604863801,0.0878536339962259,0.7620072502283775,-0.062744140625,0.0,76.66015625,0.0,0.003936827182769775,0.0,-0.014965057373046875,0.005522436718251001,-0.006261059570312477,0.0,-0.021226116943359352,0.005522436718251001,0.014434814453125,0.005547068283581949,-0.006500244140625,0.004081490768352547,0.887855227454843,0.8615846365214986,0.000823974609375,0.000823974609375,0.000823974609375
0.5,-0.11894561767578124,0.020166081663951854,97.15400695800781,7.353555256441044,0.015297867953777312,0.004076541898865268,0.0017401027679443354,0.018946246527247673,8.659667968752283e-05,0.0,0.0018266994476318582,0.018946246527247673,0.037401733398437505,0.019044497267193608,0.0032403564453125,0.010393441632347785,0.45542274599586774,0.5268147437764725,-0.11918518066406249,0.01975091872424886,97.24136352539062,7.202166222695843,0.015346295237541196,0.003992617359296401,-0.01607603073120117,0.0049457009123489585,-0.008058544921874976,0.0006290101504537857,-0.024134575653076147,0.005144600742616255,0.011602783203125001,0.00509178714400087,-0.00695465087890625,0.002499978449102735,0.8024687867064575,0.7828806610764146,0.0011541748046875004,0.0011541748046875004,0.0011541748046875004
1.0,-0.19129058837890622,0.04965252825945281,117.15438842773438,14.422209195399642,0.040873936228454116,0.016360087578014243,-0.002908420562744142,0.018692346790579534,8.659667968752283e-05,0.0,-0.0028218238830566194,0.018692346790579534,0.032756805419921875,0.01873790056464899,0.00086578369140625,0.010342595584670374,0.6720863466774165,0.6179328479071942,-0.19176971435546872,0.0488222878543394,117.3291015625,14.119427847833206,0.04097079079598189,0.016192284674374186,-0.015180816650390627,0.008086958948235839,-0.009715039062499977,0.0011766189873194338,-0.024895855712890602,0.008434945166469717,0.010826873779296876,0.008403378340417154,-0.006422119140625001,0.004122815427875253,0.5920307008258718,0.6261543975463604,0.0035287475585937503,0.0035287475585937503,0.0035287475585937503
1.5,-0.27935928344726557,0.08821702768539291,136.1815643310547,20.928989545955627,0.0889688933454454,0.04164491461854251,-0.0028973293304443374,0.01812580882759802,8.659667968752283e-05,0.0,-0.0028107326507568146,0.01812580882759802,0.03275062561035156,0.018196311985824793,0.0008444213867187498,0.009899274620352784,0.7914047419052415,0.7748597047167115,-0.28007797241210936,0.08697175347936148,136.44363403320312,20.474808977229078,0.08911417519673706,0.04139323852441349,-0.017366619110107423,0.005092218300807703,-0.011230541992187478,0.0016428265105969454,-0.028597161102294898,0.006515732639845301,0.00704986572265625,0.006577744616227475,-0.0074212646484375,0.002461692981712221,0.565997926227426,0.6945361687784144,0.0035501098632812504,0.0035501098632812504,0.0035501098632812504
2.0,-0.38310516357421875,0.13405788377246602,154.0289306640625,26.808860749409327,0.16959974732249977,0.08415130663239823,-0.0021544647216796874,0.01800985973659041,8.659667968752283e-05,0.0,-0.0020678680419921646,0.01800985973659041,0.03350006103515625,0.01807964508749181,0.0012011718749999998,0.009902798794555715,0.877563903381778,0.9365901530823946,-0.38441284179687496,0.13179189817894385,154.36767578125,26.22179457454738,0.17010114103555682,0.08328262825250711,-0.020206565856933593,0.00963558322355208,-0.012793041992187478,0.0021587205499607226,-0.03299960784912107,0.011037984016722863,0.0026850891113281245,0.01107410408878172,-0.0087115478515625,0.004764397533430518,0.6612412245957207,0.7471523832014175,0.0031933593749999996,0.0031933593749999996,0.0031933593749999996
2.5,-0.5019527435302733,0.18591395342492012,170.91445922851562,32.216072244565964,0.29311942472122604,0.14903894602840373,-0.006266355514526365,0.015690017131907368,8.659667968752283e-05,0.0,-0.006179758834838842,0.015690017131907368,0.029402542114257815,0.01571937279723958,-0.0008483886718749994,0.00878723019467887,0.8859238702378328,1.1396953732780994,-0.5035873413085937,0.18308159727892886,171.337890625,31.48222232019114,0.29374616686254734,0.14795318594895787,-0.020783042907714846,0.010880884320972995,-0.014255139160156227,0.0026349710924471596,-0.03503818206787107,0.012251530266862529,0.0006748199462890628,0.012251471658038252,-0.0088348388671875,0.005449749944630891,0.795296800164355,0.7504345075387955,0.005242919921874999,0.005242919921874999,0.005242919921874999
3.0,-0.6339106750488281,0.24533926367391432,187.03826904296875,37.183512654984,0.4691986087150871,0.2442718332544999,-0.01188044548034668,0.013226435132084269,8.659667968752283e-05,0.0,-0.011793848800659158,0.013226435132084269,0.023784027099609376,0.013227746080198721,-0.0036303710937500002,0.007330798741084447,0.8544068236451063,1.1117279741731927,-0.6358721923828125,0.24194056138269385,187.54638671875,36.302871540475614,0.4699506992846726,0.2429689889265836,-0.019602069854736327,0.010089218896140532,-0.015605541992187479,0.003046734880013125,-0.0352076118469238,0.011305577836764119,0.0004907226562499996,0.011306600209663236,-0.00808563232421875,0.005146272055935034,0.9224019795308861,0.7302912613055034,0.008024902343750001,0.008024902343750001,0.008024902343750001
3.5,-0.7783435821533203,0.31196698791290456,202.24472045898438,41.6213256718378,0.7091261931229385,0.37636761564374754,-0.01238685607910156,0.01362100599267929,8.659667968752283e-05,0.0,-0.012300259399414037,0.01362100599267929,0.023265991210937496,0.013613709791244013,-0.00385467529296875,0.007340358061126737,0.8975509607986427,0.8419282098811773,-0.7808352661132812,0.30764992174686323,202.82379150390625,40.61766974060524,0.710315019376576,0.37430834452269957,-0.020166215896606447,0.006992669359783819,-0.017023693847656226,0.0035018422241649807,-0.03718990974426267,0.008684754885732848,-0.0014278602600097667,0.008674410765253547,-0.008243408203125,0.003323250312358061,0.9486225546101004,0.7556811978243481,0.008249206542968748,0.008249206542968748,0.008249206542968748
4.0,-0.9359930419921876,0.38278401455629096,216.1639404296875,45.548435919729144,1.0265607800334693,0.5479390203214727,-0.013525123596191405,0.019297849628027403,8.659667968752283e-05,0.0,-0.013438526916503882,0.019297849628027403,0.022138061523437502,0.019311276700725907,-0.004342041015625,0.009810063609379744,0.9994826950393306,0.7410101468876664,-0.939285888671875,0.3770783706980852,216.795654296875,44.4535744984566,1.028601524978876,0.5444037383461074,-0.023694686889648438,0.013511210940926504,-0.018284985351562477,0.0039030344125636565,-0.04197967224121092,0.015404077773501201,-0.006260833740234375,0.015349230618766436,-0.009873046875,0.00571328916545222,0.7587822333916068,0.9238108798969897,0.00853686327497707,0.008581851683248962,0.008659211974436982
4.5,-1.1052344512939452,0.4593932137512024,228.2880401611328,48.500026455696315,1.4351412192452697,0.7707546923847652,-0.009654293060302735,0.012788408650817606,8.659667968752283e-05,0.0,-0.009567696380615212,0.012788408650817606,0.025982971191406252,0.01282180876927589,-0.0023213195800781254,0.0066181846275392845,0.9835987935810913,0.7543872798240842,-1.1089389038085937,0.45297452401985566,228.99871826171875,47.2682627767477,1.4374370573088526,0.7667776371255981,-0.028519048690795894,0.013792564102371582,-0.019398876953124974,0.004219125227665641,-0.047917925643920875,0.01680948226437841,-0.012334423065185547,0.016773989715589365,-0.0121905517578125,0.005771387070353552,0.7505576038138267,0.885978896546649,0.006264755988056695,0.006366372371994794,0.00654111160103646
5.0,-1.2844367980957032,0.541753351276155,240.41213989257812,51.45162121527464,1.9503360335715114,1.0551242098730897,-0.01510562896728516,0.014759306066361721,8.659667968752283e-05,0.0,-0.015019032287597637,0.014759306066361721,0.020528411865234374,0.014774043373329314,-0.004995727539062501,0.007307098087815521,0.9458564100287731,0.7747878086214045,-1.2885528564453126,0.534621627288632,241.2017822265625,50.0829510550388,1.9528869647532703,1.0507053740768948,-0.03125686645507812,0.013920497878280052,-0.02066840820312498,0.004625074635689599,-0.0519252746582031,0.017905539686559144,-0.016212844848632814,0.017789259024086266,-0.01336669921875,0.005389698059439731,0.8625999753013993,0.7840418489650578,0.008637849863703308,0.00880733758505538,0.009098798187058941
5.5,-1.4729942321777343,0.6287498298723938,250.89401245117188,53.51782093950654,2.5761844983324402,1.40153220251217,-0.0178298544883728,0.016024066225901513,8.659667968752283e-05,0.0,-0.017743257808685277,0.016024066225901513,0.017843418121337894,0.016023708997288694,-0.0062469482421875,0.008165077963103212,1.154015458825034,1.1938659935245517,-1.4783905029296873,0.6193995096508015,251.6912841796875,52.135955613326615,2.5810867257416246,1.3930399238221836,-0.03168189525604248,0.014141972938512309,-0.021821362304687477,0.004936936811124668,-0.053503257560729954,0.01828838415738442,-0.017765960693359378,0.018167174393182516,-0.013379211425781249,0.005961178500689469,0.810233162833264,0.736480328312627,0.009540826250862848,0.00978874969071882,0.01021511459145316
6.0,-1.6706341552734376,0.7177065588463353,260.4754638671875,55.3339008879896,3.32184600815177,1.809191710148556,-0.02045629501342773,0.017581152753533395,8.659667968752283e-05,0.0,-0.020369698333740208,0.017581152753533395,0.01520927429199219,0.017583408423813493,-0.007474975585937499,0.009144313895222323,1.4661903648109778,1.3882321379884457,-1.6765209960937502,0.7075063885907509,261.34521484375,53.826354320176364,3.327193892598152,1.799927637926654,-0.031329135894775394,0.011796257303296889,-0.022839428710937477,0.00515682607380431,-0.054168564605712864,0.016294843464357733,-0.018496170043945312,0.01623702061739412,-0.0129638671875,0.004527906960449787,0.737725104485359,0.8764520015971152,0.01037720721877808,0.010713330752042664,0.011291418793990083
6.5,-1.8752357482910156,0.8106826027670678,269.1230773925781,56.61084670229323,4.191701523698867,2.2885546761966604,-0.020847477912902833,0.01645040240384027,8.659667968752283e-05,0.0,-0.02076088123321531,0.01645040240384027,0.014806251525878906,0.016437333080401174,-0.007545928955078125,0.008517757265566257,1.7231144049228857,1.2115589495921888,-1.8816131591796876,0.7996325895341041,270.0653076171875,54.9776014694943,4.197495065182447,2.278518794669789,-0.03253332138061523,0.012515112428892439,-0.023901440429687476,0.005402087174485451,-0.05643476181030271,0.01685523130362262,-0.02076084136962891,0.01682845678477895,-0.01334381103515625,0.004574087521798714,0.7161657515661433,0.9143554338578341,0.010016060473647273,0.010449477461227753,0.011194968833152939
7.0,-2.0860336303710936,0.9072360709809496,276.64276123046875,57.23660561816982,5.192010101303458,2.8432347660496475,-0.022639068365097045,0.018372578878942114,8.659667968752283e-05,0.0,-0.022552471685409522,0.018372578878942114,0.013011589050292968,0.01834365280024068,-0.008297119140625002,0.009203415255673015,1.7309278652662532,0.8523247939973476,-2.0932495117187497,0.8947336384831328,277.63916015625,55.50935290760901,5.199476565122604,2.8303013760572933,-0.03579633951187135,0.014984711295393957,-0.02495429687499998,0.00565897703425061,-0.060750636386871316,0.01929571903192199,-0.025074043273925782,0.0193056021858374,-0.01477020263671875,0.00584349125242111,0.8368272047776434,0.7298921553584997,0.010297115523651926,0.010836366109690224,0.011764008250157613
7.5,-2.303010559082031,1.0051823977607308,283.38775634765625,57.52947497514319,6.3301281534135345,3.469804639674074,-0.028339973092079158,0.023039702351702246,8.659667968752283e-05,0.0,-0.028253376412391635,0.023039702351702246,0.007301712036132814,0.022992738056569144,-0.010987854003906249,0.011419915360425562,1.5426164462571978,0.6587152419841761,-2.311456298828125,0.9905482703759535,284.417724609375,55.74404240912286,6.340648213028908,3.4515808102691174,-0.037978297472000114,0.015289527038493051,-0.025938793945312476,0.005941238732017267,-0.06391709141731261,0.02050031737384882,-0.029985952377319335,0.022215134558753503,-0.015637207031249996,0.005865265746132779,1.1739681928585701,0.5291956658136945,0.012482503466479491,0.013135481693480194,0.014258933473693221
8.0,-2.525166015625,1.1045773026512669,289.62890625,57.61266285862316,7.609009776115418,4.172210496832711,-0.03240405082702637,0.025768466905808148,8.659667968752283e-05,0.0,-0.032317454147338845,0.025768466905808148,0.0032402038574218745,0.025714846801290426,-0.012784423828125,0.01285360621519094,1.5642826818363897,0.8029917952753577,-2.5341748046875003,1.088967744303595,290.7275390625,55.70809897195407,7.620231173038483,4.152772052782655,-0.03816228866577148,0.01570251118210279,-0.027005688476562473,0.00627107262603673,-0.06516797714233397,0.021501744245923275,-0.03765419006347657,0.029817122495377633,-0.015488281250000001,0.006105536774728014,1.6496664549643083,0.8080064641015691,0.01374230113902427,0.014516035811942787,0.015847495445033895
8.5,-2.7517013549804683,1.2065009302559755,293.74603271484375,56.46959876504926,9.032564231306313,4.958143269157695,-0.03370917603373527,0.025075229651158777,8.659667968752283e-05,0.0,-0.03362257935404775,0.025075229651158777,0.0019113349914550806,0.025065783359009434,-0.013229370117187498,0.012268769747941171,1.8481511113804898,1.1464490023326745,-2.7612731933593744,1.1899159447520518,294.913330078125,54.44585003137959,9.04448696553707,4.937490194078149,-0.043428795933723445,0.021559489330582847,-0.027939831542968727,0.006524262426093338,-0.07136862747669218,0.027326562481338603,-0.05496988296508788,0.04791605695043074,-0.0178619384765625,0.009070132490338337,1.921795753888045,0.8948890835667143,0.013624151269672993,0.014524507690791498,0.016074204528989496
9.0,-2.9808074951171877,1.3096557927393742,297.8558349609375,55.33911530403069,10.605994915068148,5.829399679505837,-0.0382626411318779,0.022915377139393237,8.659667968752283e-05,0.0,-0.03817604445219038,0.022915377139393237,-0.002655754089355467,0.02289359373566499,-0.015284423828124998,0.010881674806342806,1.741738841805989,1.144868264734686,-2.992041015625,1.2901917914934693,299.0185546875,53.32314619981334,10.623851761817932,5.798467526082834,-0.04790969014167785,0.021223109260877438,-0.028887402343749976,0.006754194707981907,-0.07679709248542782,0.027780260765375677,-0.07144794464111327,0.0488338935502736,-0.0198046875,0.008253141238663516,1.6908993309750182,0.7044331068316764,0.015090192906238437,0.016122927727772466,0.01790094140294873
9.5,-3.2135784912109377,1.4119773760619578,300.6866455078125,53.666819090690296,12.335089417099953,6.776480742444113,-0.041111295968294145,0.025904885357831954,8.659667968752283e-05,0.0,-0.04102469928860662,0.025904885357831954,-0.010565547943115237,0.034110536570031415,-0.016407775878906253,0.012106337839381748,1.3313341474199623,0.792504445816812,-3.2255810546875003,1.391180164018762,301.904296875,51.55557481904236,12.354628746509551,6.74263312397744,-0.04992119178175926,0.02166257216341128,-0.029839245605468728,0.006976726870453372,-0.07976043738722799,0.028352323898333264,-0.07017822265625,0.04870969837057724,-0.020478515625,0.008217764393738582,1.4842844787455418,0.7241609469857105,0.015603306942595043,0.01677310306114001,0.01878770509502313
10.0,-3.44771728515625,1.5147705886254255,302.38037109375,51.3593878100466,14.20115088224411,7.8011276576920885,-0.042561697959899905,0.02656088620151836,8.659667968752283e-05,0.0,-0.04247510128021238,0.02656088620151836,-0.013173294067382817,0.037539927195509255,-0.0168914794921875,0.012353566512655156,1.1382558684804813,0.7683637050891897,-3.4603515624999996,1.4928789480080966,303.662109375,49.1367929295663,14.22171859741211,7.76549899187294,-0.05387660264968873,0.024690639890621067,-0.030791088867187476,0.007199259032924838,-0.08466769151687621,0.031205931888318144,-0.08262577056884766,0.05053419025219614,-0.022122192382812503,0.009767039673381791,1.5448403525185803,1.0744735459313381,0.015458280103090275,0.01676918606313255,0.019027598402660023
10.5,-3.682127075195312,1.6177202654182632,303.8031005859375,48.895552530889,16.196582269072533,8.900466354992947,-0.04906619429588318,0.02895318865259673,8.659667968752283e-05,0.0,-0.04897959761619566,0.02895318865259673,-0.026990623474121078,0.04434899181304199,-0.019840545654296875,0.013329783956020596,1.4596808373511334,1.0746774692471233,-3.6958544921875,1.5939349787680601,305.10498046875,46.63766688641882,16.22105771064758,8.858069454582129,-0.057589226514101026,0.02490310953128226,-0.03163032226562498,0.0073694617795182155,-0.08921954877972599,0.03186283119843061,-0.09099782943725584,0.05300183021337301,-0.023632202148437496,0.009633930435342102,1.5142144690026842,1.3426006907884787,0.01776292833617588,0.019218341679943532,0.021726709292120203
11.0,-3.9170751953124996,1.7197394520161187,303.797607421875,45.72501349615813,18.32270557403564,10.067506055317027,-0.05165488243103027,0.03107827923402974,8.659667968752283e-05,0.0,-0.05156828575134275,0.03107827923402974,-0.031817207336425804,0.04966876178116779,-0.020780944824218755,0.014235027105545247,1.773909277571396,1.1037104547822565,-3.9323828124999993,1.6932149808679184,305.0732421875,43.51270217256774,18.35412804603576,10.013072891301684,-0.05887728214263916,0.025055500685755565,-0.03248847656249998,0.007578779443030567,-0.09136575870513913,0.0323778821157,-0.09319744110107422,0.05375627032806763,-0.023867187499999998,0.009307432991553045,1.3556804523601504,1.0558273488100147,0.018046519764290322,0.019649075187894598,0.022412275631056678
11.5,-4.15186767578125,1.8196245090650753,303.5321044921875,42.59948467246706,20.57041456699371,11.291994455534638,-0.05039441823959351,0.03177012953067379,8.659667968752283e-05,0.0,-0.050307821559905985,0.03177012953067379,-0.027248458862304686,0.04664809465173528,-0.019783172607421875,0.014529074523183054,1.7350221291566554,0.8013114416287909,-4.16787109375,1.7918945161350752,304.86572265625,40.28625010671068,20.603265333175656,11.235087613859113,-0.05965653240680694,0.026655585498034585,-0.033422619628906226,0.007831969243087177,-0.09307915203571318,0.03399396724599956,-0.09490620613098147,0.05504303110547603,-0.02383331298828125,0.009980153747895298,1.2900148405061844,0.66963634046897,0.016381912162793746,0.018133691235626637,0.021155697546524257
12.0,-4.385107421875,1.9186131028784397,304.1162109375,39.96452158855022,22.9277086353302,12.579751856042158,-0.052747592926025384,0.0317148448894825,8.659667968752283e-05,0.0,-0.05266099624633787,0.0317148448894825,-0.029633178710937496,0.04732414691540174,-0.020587158203125,0.014298750488587378,1.5169299287951605,0.7880546659259248,-4.401806640625,1.8896775797928456,305.5078125,37.550320242215896,22.96198769569397,12.520371309185439,-0.06312885761260988,0.029612702156695554,-0.03435676269531248,0.008085159043143782,-0.09748562030792234,0.037044858100883996,-0.09932647705078124,0.057862235627924495,-0.025186767578124998,0.011556798650509906,1.4654185332896337,0.7766375229864957,0.01651067637668653,0.018413369555695724,0.02169752950441036
12.5,-4.61798095703125,2.0173902682638323,302.8106689453125,36.238795220785775,25.40491235256195,13.936739143730899,-0.05727434158325195,0.032847276513959855,8.659667968752283e-05,0.0,-0.05718774490356443,0.032847276513959855,-0.03416013717651367,0.04644769834260634,-0.022472381591796875,0.014514436851507691,1.4331301886996433,0.6776299090714125,-4.63653564453125,1.985240607625485,304.0771484375,34.040549318675446,25.449993312358856,13.858649312034508,-0.06963512301445007,0.032324480267169345,-0.03527564697265623,0.008364777841118616,-0.10491076998710633,0.04003730607821502,-0.10670161247253418,0.0607800316834901,-0.02803802490234375,0.012519757388537844,1.6652665216050262,1.0228360402997239,0.01771814778497545,0.019772104717370537,0.023319508779583706
13.0,-4.849595947265625,2.113139784077405,301.318359375,32.76743528124972,27.98709589600563,15.33572531099432,-0.06715856552124023,0.03777793278309399,8.659667968752283e-05,0.0,-0.06707196884155271,0.03777793278309399,-0.04401691436767578,0.050777480428353367,-0.027024841308593745,0.01676401072307121,1.3537818179541758,0.8576410795734061,-4.869194335937499,2.0791798378260284,302.587890625,30.564607512470324,28.036417231559753,15.25028556209625,-0.07230080127716064,0.03312185782395008,-0.03619025878906248,0.008647568118843636,-0.10849106006622312,0.04097964026814359,-0.1102435302734375,0.06150667634840654,-0.02890716552734375,0.01266836286911565,1.7708159048796257,0.8344312965518637,0.02159062521859342,0.02379610549829507,0.02760773902844441
13.5,-5.078937377929687,2.2069050567062627,297.216796875,27.89709192522621,30.676835529208184,16.791391599736123,-0.06977459907531738,0.039650841671696795,8.659667968752283e-05,0.0,-0.06968800239562986,0.039650841671696795,-0.04661146163940429,0.05407805461125315,-0.027854156494140626,0.01736381668790159,1.4647992896589117,1.148817089762224,-5.099289550781251,2.1716390441431517,298.53515625,25.608641822844532,30.728053839206698,16.702666386154483,-0.0735969138145447,0.030492543405127616,-0.03694465332031248,0.008837856903854868,-0.11054156713485715,0.038929361730765354,-0.11239856719970702,0.060031313107334235,-0.029055328369140626,0.010948785433690588,1.840512469098288,0.8300989953767058,0.021741348557648463,0.024097772971614608,0.028173230357877617
14.0,-5.3037084960937495,2.2980316768625455,295.400390625,24.346192772352413,33.42534652471542,18.28098958946402,-0.06627456665039062,0.037647153394162365,8.659667968752283e-05,0.0,-0.06618796997070311,0.037647153394162365,-0.04313606262207032,0.05375932438743604,-0.025612792968750003,0.01600208771019417,1.6443703391335303,0.9430369655867183,-5.325283203124999,2.2606476804920703,296.767578125,21.9720117092966,33.483478956222534,18.180288918435707,-0.07800756454467772,0.030692176752227227,-0.037849194335937475,0.009097918243370213,-0.11585675888061521,0.0395916197246307,-0.11770130157470703,0.06093825139061163,-0.030765380859375004,0.01078066499477418,1.7089424044380137,0.990531924012289,0.018825971545436,0.021332022800193605,0.025669673509471802
14.5,-5.526150512695311,2.3872740997673585,291.943359375,19.848860435541372,36.25437629044055,19.81128804531586,-0.06927708625793456,0.03847235745323324,8.659667968752283e-05,0.0,-0.06919048957824704,0.03847235745323324,-0.04612064361572264,0.05594571129242882,-0.026670989990234376,0.01616068552478635,1.5780218164404018,0.5851912147515357,-5.54937744140625,2.3470261029681674,293.359375,17.38816631035943,36.32402189493178,19.69063989113865,-0.08383559226989745,0.03378739203294852,-0.03866157226562497,0.009280806908964339,-0.12249716453552242,0.042608444683148526,-0.1243894672393799,0.06368858157881244,-0.03321182250976562,0.012134786728882496,1.407600527320987,0.8623598460067933,0.019215624808237006,0.02186976628114811,0.02646764376069124
15.0,-5.745526123046875,2.472895518405546,287.841796875,14.980847529231843,39.146601039171216,21.358273582757615,-0.07414770126342773,0.039470906778036156,8.659667968752283e-05,0.0,-0.07406110458374021,0.039470906778036156,-0.047546195983886715,0.05248901852839398,-0.02862701416015625,0.01658876423627805,1.2841160202915631,0.5856273332145611,-5.7696044921875,2.431171803700133,289.306640625,12.43220062073364,39.21918885707855,21.23252805847746,-0.08879690170288085,0.03551830699529931,-0.039534374999999976,0.009498581851810524,-0.12833127670288083,0.044483166477727744,-0.1301905632019043,0.06549361166680914,-0.035137939453124996,0.01293042569775882,1.2011370180925867,0.7244566552952849,0.02051247586357886,0.02331227357607478,0.028166909493115514
15.5,-5.960438842773437,2.5558271637876637,283.740234375,10.11612698803436,42.07875545084477,22.92710417252325,-0.07858981132507324,0.03922165138070218,8.659667968752283e-05,0.0,-0.07850321464538573,0.039221651380702174,-0.04919626235961913,0.049868070690475205,-0.030348052978515623,0.016182084689697594,1.113882887335648,0.6604031162971219,-5.98531982421875,2.5127126623972784,285.25390625,7.476234931107849,42.15376286268234,22.79716789296415,-0.09106399536132812,0.03441610026228138,-0.04038886718749998,0.009705785195489418,-0.1314528625488281,0.04376202480806602,-0.13327445983886718,0.06501747149414039,-0.03568908691406251,0.012123094523898417,1.097908820305677,1.0073988743329862,0.021584520812126636,0.02452734167744973,0.029634962952982676
16.0,-6.1708398437500005,2.6361539868975994,279.638671875,5.263834934858382,45.043478603363035,24.514738370169823,-0.08204307556152343,0.03884967937127742,8.659667968752283e-05,0.0,-0.08195647888183591,0.03884967937127742,-0.05266326904296875,0.04833739494421166,-0.03157470703125,0.015620929760082874,1.1325692130135505,0.7595511020692204,-6.197617187500001,2.5897542484888243,280.99609375,2.8754749735030187,45.13429777145385,24.357415393178066,-0.09142578124999999,0.03497417794876093,-0.04120246582031248,0.009928845937919246,-0.13262824707031248,0.044664234318852296,-0.13444305419921873,0.06606150320068778,-0.035308837890625,0.01199859640485931,0.9818123770760545,1.2664199765001065,0.022170250391781304,0.02525392175021444,0.03061158001573222
16.5,-6.377344360351563,2.712812972441094,274.8211669921875,0.5635733298210572,48.04161360085009,26.104276867608817,-0.08458165168762204,0.039783191593755284,8.659667968752283e-05,0.0,-0.08449505500793451,0.039783191593755284,-0.05518285751342772,0.04882370327001701,-0.032309417724609366,0.015824494450081848,1.0468518094860986,0.9471783546157847,-6.40544189453125,2.6641233343108803,276.13037109375,2.0593475177881917,48.141189725399,25.931775573586282,-0.0933301258087158,0.03667399639665679,-0.04208137207031248,0.010191021597268052,-0.1354114978790283,0.046714880607158164,-0.1371685028076172,0.0681857734726408,-0.03569839477539062,0.012526174149267833,0.7745251066479181,1.2231239516147392,0.02227716829505946,0.025498360679509106,0.031101154827059236
17.0,-6.579542236328124,2.78590050729543,268.187255859375,5.6814832144313625,51.06037880539894,27.692460613543552,-0.08966104507446289,0.04310765333052013,8.659667968752283e-05,0.0,-0.08957444839477537,0.04310765333052013,-0.059718456268310564,0.049905616616152386,-0.03427276611328125,0.01697218467125312,0.7356884651806606,1.6271283714410114,-6.608491210937499,2.7357353470701056,269.5361328125,7.992128970471626,51.162972388267505,27.51473290879982,-0.09375509262084959,0.038440116509945284,-0.04283576660156247,0.010381310382279279,-0.13659085922241207,0.04856088333688176,-0.13783494949340822,0.06967173366620243,-0.035323486328125,0.013314569415401198,0.6188683854394433,1.065232950063573,0.023626412680002422,0.02698165726946144,0.032824477316371344
17.5,-6.774752807617187,2.8549539555071575,263.8824462890625,10.190311955794098,54.052987107634536,29.265542728238707,-0.08609728813171388,0.04430269353657911,8.659667968752283e-05,0.0,-0.08601069145202633,0.044302693536579105,-0.05060849189758302,0.044403036993965375,-0.031917572021484375,0.017453460483920043,0.4380979738035299,1.7997018050884626,-6.8050292968749995,2.8024886528520447,265.234375,12.516773414071965,54.16624813079833,29.069338391962994,-0.09665441513061525,0.040903718079387,-0.04358100585937498,0.010587456566041447,-0.1402354209899902,0.05104708183343265,-0.1359647274017334,0.0722622783862354,-0.0361419677734375,0.014032118482622813,0.5676527401228338,0.8753969264876621,0.02067767129613944,0.02416193795807644,0.03023702061478041
18.0,-6.96505126953125,2.9208793156994326,259.56787109375,14.687975409098113,57.05106039285659,30.83707494443125,-0.08648860931396483,0.043596297405239647,8.659667968752283e-05,0.0,-0.08640201263427731,0.043596297405239647,-0.056236991882324214,0.05041922881447328,-0.031517944335937506,0.016722387548710287,0.19814871407889523,1.1564673224243622,-6.99697265625,2.8655630421237666,260.8984375,16.982216902335477,57.18008884429931,30.613554479122342,-0.09810966491699216,0.03926696370874053,-0.04431770019531248,0.010808402988637819,-0.14242736511230467,0.04988851096520561,-0.13799430847167968,0.07036457451577836,-0.0363250732421875,0.013037693182057148,0.45773023769848686,0.8307893041966711,0.01969902717960294,0.023308637111206447,0.029610556348571977
18.5,-7.151433105468749,2.983169521076089,250.84228515625,21.627826831152944,60.05501024246216,32.389918796772534,-0.08803844451904298,0.042901232480432455,8.659667968752283e-05,0.0,-0.08795184783935543,0.042901232480432455,-0.05398134231567382,0.04461299926902477,-0.0317791748046875,0.01612442657648761,0.2852660848266377,1.0013683655006214,-7.184404296875,2.9260325893606685,252.197265625,23.967929632081045,60.19024364471436,32.155642503369315,-0.1004901695251465,0.038883672510086606,-0.04505439453124998,0.011029349411234188,-0.14554456405639649,0.04984736125323495,-0.14111032485961916,0.07036159109986782,-0.036892242431640625,0.012431310594430155,0.3254381370988996,0.8142494182082063,0.019400062523106772,0.023130360798069387,0.02965203342637844
19.0,-7.3297705078125,3.040447463209006,248.6669921875,24.76071426368964,62.98431739807129,33.89377053338077,-0.08812705993652344,0.042892418588875034,8.659667968752283e-05,0.0,-0.08804046325683593,0.042892418588875034,-0.05248306274414063,0.04289640235022429,-0.031247558593750002,0.015844177800860473,0.22405628835681815,1.0648427247421435,-7.36369140625,2.981664572818619,250.048828125,27.14786666160203,63.12431003570557,33.65125064184743,-0.10296432495117187,0.03911200669261955,-0.04579230957031248,0.011248181513997105,-0.14875663452148435,0.05030923956124151,-0.1443107795715332,0.07098607981703721,-0.03752288818359375,0.012112241094333561,0.16542732576667998,0.7185374922093041,0.018328701482364852,0.022174659492175085,0.02890837466796254
19.5,-7.505119628906249,3.096000141114802,243.44482421875,29.65249648222562,65.92510251998901,35.40424909807066,-0.09289216995239259,0.04483018334709581,8.659667968752283e-05,0.0,-0.09280557327270507,0.04483018334709581,-0.05723188400268555,0.0448315208685405,-0.03307708740234375,0.016581229231504534,0.0970567467607166,1.2048244647981472,-7.54078125,3.0342011920403857,244.7216796875,31.858571250546685,66.08476215362549,35.12766458844246,-0.1040690803527832,0.039646221750327504,-0.04645240478515623,0.01138402656329679,-0.15052148513793942,0.05092887982437665,-0.14291196823120117,0.07003454244232517,-0.037453613281250006,0.011996388755631656,0.07453900672894306,0.7416697130244144,0.01963883146692531,0.023595441207074276,0.030533529929709015
20.0,-7.67607421875,3.148341797540803,233.83789062499997,36.96153605510046,68.8445474624634,36.88967501039863,-0.09521231651306152,0.04425963193087093,8.659667968752283e-05,0.0,-0.095125719833374,0.04425963193087094,-0.059544372558593746,0.04424818285494123,-0.03368530273437499,0.01589211898389881,0.1714959844842674,1.2872268436210084,-7.71318359375,3.084031481875326,235.05859374999997,39.07263052230574,69.01835269927979,36.58856999905907,-0.10392875671386718,0.03930851638469124,-0.04711799316406247,0.011523043092346657,-0.15104674987792963,0.050711992493329805,-0.1404052734375,0.0695932820156226,-0.036767578125,0.011528996565298879,0.06400866386217241,0.9717943845421764,0.01974787781876243,0.02381015577997308,0.030944994882174035
20.5,-7.838525390625,3.1945705258741404,225.814208984375,43.158284193239794,71.65901321411134,38.29183913532862,-0.0927548885345459,0.04259208800196338,8.659667968752283e-05,0.0,-0.09266829185485836,0.04259208800196338,-0.057099895477294924,0.042567740853041776,-0.031892242431640634,0.014730097771804503,0.35942113204992343,1.0936119544745055,-7.8765625,3.1286520876406265,227.0654296875,45.32255995000788,71.83716358184815,37.98320734029551,-0.10352369308471679,0.03872242600962028,-0.04782020263671873,0.01168320281973111,-0.15134389572143553,0.05028863515640071,-0.14061950683593752,0.06901265842885358,-0.035968170166015626,0.011045715199614102,0.10982504535665866,1.149433342555291,0.017477629844691842,0.0216401961646085,0.028963484923124568
21.0,-7.99294921875,3.2361647259383433,222.30224609375,46.750422876148825,74.36877239227294,39.63355101410574,-0.09535635948181152,0.04513151901864961,8.659667968752283e-05,0.0,-0.09526976280212401,0.04513151901864961,-0.059686470031738284,0.04509878306958915,-0.03267791748046875,0.015771125739186046,0.3074894974003835,1.1089615903353036,-8.032353515625,3.1678769491909406,223.49609375,48.815416314880665,74.56165391921996,39.29940318445693,-0.10426342010498048,0.039545766316747166,-0.048401562499999974,0.011798961830612938,-0.15266498260498043,0.051234867244197825,-0.14090936660766604,0.06908916506105864,-0.03573638916015626,0.011194815320337406,0.17027777113836595,0.9511746878301377,0.01781267992554778,0.022069122967409493,0.029570785848939123
21.5,-8.143232421875,3.2752560872571044,222.00317382812503,48.464959867068785,77.04306562423704,40.952125892361025,-0.09545767307281497,0.0456255601533772,8.659667968752283e-05,0.0,-0.09537107639312745,0.0456255601533772,-0.05980035781860354,0.04559665742060669,-0.032174530029296884,0.01555483796160321,0.015618384301235189,1.3809048037126794,-8.1842236328125,3.2042178784884188,223.09570312500003,50.35464115363813,77.25587132453917,40.58346313458901,-0.1073227882385254,0.04228927372718299,-0.04897620849609372,0.011926349600578789,-0.1562989967346191,0.05408963553172434,-0.1390048408508301,0.06940848910482578,-0.03668289184570313,0.012639859470130074,0.1446983141776796,1.1406745141927161,0.016878891733645665,0.021224235613868225,0.028896648446582553
22.0,-8.293930664062499,3.3136303342216284,207.03125000000003,58.458293948315436,79.77466086387633,42.281147428401,-0.08978440761566164,0.042234536109695596,8.659667968752283e-05,0.0,-0.08969781093597412,0.042234536109695596,-0.05414863586425783,0.04223140222064229,-0.028782958984375013,0.013609628666244763,-0.47823748110612774,1.7134485793682481,-8.33609375,3.2405588077858964,208.10546875000003,60.31731620889271,79.99758171081542,41.89494317006127,-0.10546188354492188,0.04338657238387474,-0.04955085449218747,0.012053737370544639,-0.15501273803710935,0.05503419237586836,-0.1321879577636719,0.06799397584646291,-0.0351470947265625,0.012708686577142565,0.17556428353547485,1.229920969622998,0.013077007515164947,0.017506309813178023,0.025341900023776516
22.5,-8.430340576171874,3.343259873248315,206.5185546875,60.00600605944776,82.25680314302444,43.45446772438247,-0.09543067812919614,0.04513565157067537,8.659667968752283e-05,0.0,-0.09534408144950864,0.04513565157067537,-0.05977582931518553,0.04511986629597932,-0.03110656738281249,0.014755243342811723,-0.5337979687955231,1.781198082511459,-8.4735595703125,3.268357884956203,207.6171875,61.907284723653234,82.48774800300598,43.05436380082976,-0.10960242748260497,0.04517881523582523,-0.050128552246093715,0.012175839340926843,-0.1597309797286987,0.05714867910201531,-0.13684868812561035,0.06850964841218476,-0.03665847778320312,0.01345308665328674,0.19813751007294272,1.0787850128071443,0.015021721688042798,0.019527489916797935,0.027514294274805215
23.0,-8.56569580078125,3.372280512369153,198.74023437500003,65.7484241775408,84.75189738750457,44.63526582909749,-0.0989147400856018,0.04747906670904704,8.659667968752283e-05,0.0,-0.09882814340591428,0.04747906670904704,-0.06325679779052734,0.04748906493253129,-0.0323162841796875,0.015868613307701444,-0.4943018915492081,1.5347727013298815,-8.610439453124998,3.2947361391984265,199.86328125000003,67.69206378799458,85.00506288528442,44.1966729768961,-0.10987498283386231,0.04233031228563911,-0.05059089355468748,0.012197511119219791,-0.16046587638854978,0.05441746184018112,-0.1349787521362305,0.05873025232248733,-0.036173400878906255,0.011600142750903493,0.08366724827906816,1.1432325041091616,0.015866502413307282,0.020445193138623433,0.028578004284155467
23.5,-8.694234619140623,3.3970066014670732,192.3974609375,70.66205951304377,87.13625844717025,45.74122438641327,-0.09597164750099184,0.04560108003271322,8.659667968752283e-05,0.0,-0.0958850508213043,0.045601080032713216,-0.0602996826171875,0.04561554629489081,-0.030334320068359382,0.014600459727111192,-0.6193554929364313,1.379603395944499,-8.7403466796875,3.3170887284777453,193.544921875,72.64802947762038,87.40691237449646,45.27231817719347,-0.11153154850006103,0.04040098664680363,-0.05102119140624998,0.012200682598969977,-0.162552739906311,0.05256980648432334,-0.13711297988891602,0.05270355710439029,-0.0363922119140625,0.01049473949053394,-0.12112348507612142,1.3566558915495814,0.013541399611605078,0.01818770495917925,0.026458278138769314
24.0,-8.816875,3.417604829063647,187.75390625,74.59467654218106,89.42645538330079,46.7709506008335,-0.09144336372613907,0.044693131577917135,8.659667968752283e-05,0.0,-0.09135676704645154,0.044693131577917135,-0.055783996582031245,0.04471550290309299,-0.027569580078125003,0.013938367326974305,-0.6290263284892268,1.39141376200469,-8.86404296875,3.3358554313195197,188.92578125,76.62295076452162,89.70513332366944,46.28813341200356,-0.11121026992797851,0.03816292655338748,-0.05153937988281248,0.01225459775472316,-0.162749649810791,0.05026782511301285,-0.139049072265625,0.04858951171027376,-0.03565185546875001,0.009551378789202427,-0.30508757193327485,1.6147221313763782,0.01046651964519454,0.015172615211385628,0.023568363269755317
24.5,-8.935076904296874,3.4354706276919145,183.1103515625,78.52729657472553,91.64706939458847,47.75537008679701,-0.089521126113832,0.04388205945325762,8.659667968752283e-05,0.0,-0.08943452943414448,0.04388205945325762,-0.053883342742919914,0.043907250758696524,-0.0261322021484375,0.013194727117315768,-0.6005717101908554,1.4867640959044262,-8.9836376953125,3.3513068806624315,184.1015625,80.24266631940189,91.94474902153016,47.23963827241804,-0.11057025194168091,0.03773656609203234,-0.051985241699218726,0.012296355571433958,-0.1625554936408996,0.04968248995561011,-0.14062323570251464,0.046311650354760696,-0.03476593017578125,0.009217208873911852,-0.5082980069247134,1.7584262788669531,0.008747413867594707,0.013506528800166086,0.02201663109930179
25.0,-9.04876708984375,3.450731651475666,177.001953125,83.30563243768998,93.79253280162811,48.69640147441761,-0.08985844813287258,0.04270137328648511,8.659667968752283e-05,0.0,-0.08977185145318506,0.04270137328648511,-0.054215431213378906,0.04271930532867931,-0.02585601806640625,0.012170543976012653,-0.7669408838232071,1.676274799648546,-9.098876953125,3.3638828550318407,177.734375,84.57279333832409,94.11424112319946,48.139047877875974,-0.11186373233795166,0.03913258092842012,-0.05228156738281248,0.012263055034056992,-0.16414529972076417,0.05084445944484256,-0.1425461769104004,0.04276453706713566,-0.03485870361328125,0.009779702411308995,-0.7266775989310117,1.8544764536844947,0.008205737591591579,0.013013864170213801,0.021632206743310026
25.5,-9.157452392578126,3.4624182525288654,167.81494140625,89.51641948558459,95.85141080617906,49.56535346486712,-0.09121542166918516,0.04286024069435522,8.659667968752283e-05,0.0,-0.09112882498949765,0.04286024069435522,-0.055576076507568364,0.042889588377536876,-0.026082763671875,0.012082623419447028,-0.9195227278418203,1.8152442222448169,-9.208813476562499,3.373397294282402,168.4375,90.59437622401276,96.1875650882721,48.98293478378235,-0.10819228887557984,0.03661349431217023,-0.052694165039062484,0.012296884151392322,-0.1608864539146423,0.04837296284753493,-0.13638083457946779,0.03003915944922618,-0.03248504638671875,0.008676447817192044,-0.8523356831157102,1.9281142308337569,0.008174657201278277,0.013029726888477155,0.021753510905176077
26.0,-9.2574755859375,3.468537281720674,163.017578125,92.91201769455863,97.7377058887482,50.316485451051605,-0.08938574120402336,0.03776470173948008,8.659667968752283e-05,0.0,-0.08929914452433585,0.03776470173948008,-0.053750686645507806,0.03778035172523486,-0.0247735595703125,0.009192048191848051,-0.5914953983191245,1.7568795342663581,-9.309921875,3.3776343912286513,163.65234375,94.01111707488106,98.08519279479982,49.71443369749137,-0.10995818138122558,0.03733182490514789,-0.05310310058593748,0.012328598948894194,-0.16306128196716305,0.0491501695450137,-0.1393262481689453,0.029402462789709472,-0.032811889648437495,0.008921346898491389,-0.6155338598575861,1.743509926212868,0.006653553435318368,0.011544872334769751,0.020356481577541122
26.5,-9.352430419921875,3.4717301861459915,163.28857421875,93.38140835787851,99.52655384302139,51.011356529250605,-0.08869776148349046,0.040665016083826604,8.659667968752283e-05,0.0,-0.08861116480380296,0.040665016083826604,-0.053047199249267575,0.04068841818813374,-0.02401870727539062,0.011151079474261204,-0.27069820946468137,1.6564529698077306,-9.4061669921875,3.3785900637933755,163.935546875,94.50163927624334,99.89781945228576,50.368114243823776,-0.10585047245025636,0.034162295961489335,-0.053353649902343724,0.012268869413599004,-0.15920412235260006,0.04604703702889813,-0.13370584487915038,0.029327414931898863,-0.030254974365234374,0.006994612487387567,-0.28999435318099026,1.668797943153108,0.005694236542051149,0.01061982515517118,0.0195165318402809
27.0,-9.447443847656249,3.4748223830934593,154.3017578125,99.1957797396771,101.33313384532927,51.70827300158155,-0.08907478801906107,0.038121203925696345,8.659667968752283e-05,0.0,-0.08898819133937355,0.038121203925696345,-0.053428764343261714,0.03814713754875785,-0.02383148193359375,0.00945797038920201,-0.3817194158380642,1.6687250700807559,-9.502412109375,3.379545736358098,154.9609375,100.3371620165877,101.72462213516235,51.029979322231505,-0.10566648483276367,0.03332203878839016,-0.053604199218749975,0.012209139878303809,-0.15927068405151365,0.04528527945632598,-0.13202423095703125,0.03254907220984422,-0.02972320556640625,0.006046614394560393,-0.3635721273355561,1.9393098833061113,0.005328869518704187,0.010282493910009356,0.019254253546801554
27.5,-9.534686279296874,3.473107009136912,148.15673828125,103.36944551202195,102.9788069844246,52.29279371660278,-0.08767849206924438,0.03612329573242552,8.659667968752283e-05,0.0,-0.08759189538955685,0.03612329573242552,-0.052010107040405276,0.03614443674819531,-0.022731018066406254,0.00853218641814177,-0.38802584845980426,1.719232485138772,-9.590747070312501,3.3759344780825513,148.828125,104.53197256616858,103.38207240104674,51.59406873710088,-0.10388796329498293,0.03265965134374793,-0.053854748535156226,0.012149410343008621,-0.15774271183013916,0.044406003032895006,-0.12871255874633789,0.03659397733309653,-0.02836380004882813,0.006231197324668745,-0.43679172898228125,1.9910920599237525,0.004072431765814469,0.009048814551157951,0.0180871819337821
28.0,-9.616259765625,3.4679487224773125,146.5234375,104.93827822262058,104.50657041549682,52.79894781522632,-0.0858065986633301,0.03210088593481028,8.659667968752283e-05,0.0,-0.08572000198364256,0.03210088593481028,-0.05012641906738283,0.03211990254554417,-0.021455078125000002,0.006696130691442449,-0.2990423882757854,1.7576286416296505,-9.673574218749998,3.368602016900118,147.08984375,105.91896637691708,104.93185070037839,52.062085308767756,-0.10488644599914551,0.030962759484751176,-0.05410529785156248,0.012089680807713428,-0.15899174385070797,0.04264352411714102,-0.1311187744140625,0.03235334626604559,-0.028416748046875002,0.005167823143578022,-0.4866308821386952,1.9002273525697226,0.0026579076584266684,0.007652865482336194,0.0167512374286681
28.5,-9.695928955078125,3.46169107052669,141.57958984375,108.41844965780504,105.99913937330247,53.2847825101491,-0.08755643606185913,0.029178260942282146,8.659667968752283e-05,0.0,-0.0874698393821716,0.029178260942282146,-0.05186882972717284,0.02919594183071308,-0.022018737792968743,0.004961929212778677,-0.29413183252294456,1.944228243826866,-9.7545458984375,3.3600855366109497,142.0166015625,109.17501892044254,106.44949343681336,52.50448415364377,-0.1084743928909302,0.030171216539261095,-0.05435584716796873,0.012029951272418236,-0.1628302400588989,0.041842058282997585,-0.13671716690063476,0.02740709212252277,-0.02977828979492187,0.0047199739666207614,-0.5445426105063575,1.7496173823465802,0.003100104761777727,0.008109528194585238,0.017261398618776992
29.0,-9.771848144531251,3.4529994506788206,135.2880859375,112.54113854476543,107.41615695476531,53.71009224472217,-0.09002048015594483,0.029761043690796317,8.659667968752283e-05,0.0,-0.0899338834762573,0.029761043690796317,-0.05433549880981446,0.02975267608307188,-0.0229095458984375,0.005311698257029718,-0.4200634367260321,1.9779250491930886,-9.831650390625,3.3493363345776492,135.654296875,113.1753120453453,107.88424341201782,52.899024840509504,-0.10967723846435548,0.02882586715349266,-0.05460639648437497,0.011970221737123043,-0.16428363494873044,0.04023986555254289,-0.13993045806884769,0.022311356821349645,-0.029924621582031262,0.005367938892443583,-0.5512747953543873,1.7460634111867377,0.0038901126367725594,0.008909108930268844,0.01810659303935317
29.5,-9.841392822265625,3.4403276415979906,134.176025390625,113.52426620090623,108.69526685476303,54.037025016159674,-0.08712388753890991,0.031190834511846052,8.659667968752283e-05,0.0,-0.08703729085922239,0.031190834511846052,-0.051449937820434576,0.03118070027696245,-0.02111770629882813,0.006694474777059058,-0.5914948647950337,1.8933513726249525,-9.9023046875,3.3347390704474535,134.482421875,114.05486909606387,109.17944683074951,53.19806284024846,-0.10517011404037477,0.02525080581552687,-0.054817578124999974,0.011887763263618178,-0.15998769216537473,0.03626528487204577,-0.1367281723022461,0.017078761798349863,-0.027222137451171878,0.00532825926703468,-0.551257900424774,1.794434447229427,0.002025830227069439,0.007047789181403991,0.01628001336511606
30.0,-9.9103759765625,3.4272750001528816,129.1259765625,116.75283309717472,109.967613363266,54.356510332872006,-0.0841010570526123,0.029132611853622557,8.659667968752283e-05,0.0,-0.08401446037292477,0.029132611853622557,-0.04842243194580078,0.02912969402071604,-0.0192840576171875,0.005545599851313724,-0.7712339743589841,1.9351322499821866,-9.9724609375,3.319651284115897,129.296875,117.04874598024054,110.4769401550293,53.47398309818213,-0.10145421028137207,0.023273024027566723,-0.05490607910156248,0.011734475075692467,-0.15636028938293456,0.03391552230345255,-0.13316078186035157,0.015558777519709266,-0.0250274658203125,0.005553789228461343,-0.7762277598703482,1.7162632045535529,0.0001361205297421078,0.005157159566533162,0.014417874216860329
30.5,-9.974779052734373,3.4115333803872474,124.056396484375,119.94752878534123,111.13820949792863,54.61183669082056,-0.08532047510147095,0.02897285256034961,8.659667968752283e-05,0.0,-0.08523387842178343,0.02897285256034961,-0.04968096733093262,0.028950468441276325,-0.019606475830078126,0.005846990528878653,-0.9071303858901647,2.0221834718734173,-10.038017578124999,3.301907912073516,124.111328125,120.04262286441721,111.67033138275147,53.68979998264505,-0.10308655023574831,0.024076797501000495,-0.05499458007812498,0.011581186887766753,-0.15808113031387327,0.03453225075838354,-0.1349386405944824,0.016315483251369858,-0.025467987060546877,0.005966189487388245,-0.9782185587849723,1.6362615807616274,0.00040534752205424393,0.005424645365320641,0.014712826222699383
31.0,-10.0341455078125,3.3927436478244517,118.92578125,123.03649974859388,112.1988688468933,54.78675495355966,-0.07774736881256104,0.02833235788691456,8.659667968752283e-05,0.0,-0.07766077213287352,0.02833235788691456,-0.042134208679199224,0.02833068971133926,-0.015502319335937502,0.006588850111520139,-1.0122958096590966,2.1157950427928713,-10.0984765625,3.281221406822962,118.92578125,123.03649974859388,112.74643669128419,53.837901810091786,-0.09904791355133057,0.022030874273560517,-0.055242382812499984,0.01151987161259647,-0.15429029636383054,0.03213355052250806,-0.1310811996459961,0.014938340280339042,-0.023067626953125003,0.007527794595310934,-1.1754748648974762,1.7169966776505559,-0.003725005465987894,0.0012862938226126074,0.010591572204275054
31.5,-10.089055175781251,3.371253288077023,113.740234375,126.03037663277055,113.16088606834411,54.889397413480744,-0.0767999005317688,0.030172240625617734,8.659667968752283e-05,0.0,-0.07671330385208128,0.030172240625617734,-0.04118925094604492,0.030150032831546165,-0.0147991943359375,0.00839296193495872,-0.9622949987024718,2.1008157255608215,-10.154423828125001,3.2579300595375877,113.740234375,126.03037663277055,113.73216869354246,53.89945567304077,-0.101377010345459,0.02118710309888976,-0.05533820800781248,0.011408869821339918,-0.15671521835327143,0.03179364599866436,-0.1334693145751953,0.01285309999295456,-0.023921356201171876,0.005494310418358847,-0.9412307561416466,1.6484383584305355,-0.004435243584763347,0.000563609557979735,0.009878667571958618
32.0,-10.139453125000001,3.347158268642491,112.3046875,126.85919000748613,114.01656341552734,54.930645214796435,-0.07527187347412109,0.027075129379658926,8.659667968752283e-05,0.0,-0.07518527679443358,0.02707512937965893,-0.039632186889648445,0.027056524422666497,-0.013826904296875005,0.00732339584814053,-0.6964025964270126,2.0404685137125367,-10.205859375000001,3.2320338702173936,112.3046875,126.85919000748613,114.61266326904298,53.8977046858562,-0.09934341430664065,0.018768218293622324,-0.05540900878906248,0.011286239270999346,-0.15475242309570314,0.029510008161121756,-0.13152786254882814,0.009996630427600628,-0.02256958007812501,0.005633581688328015,-0.67339988299461,1.5842498624406527,-0.005407683583045747,-0.00042297346174948597,0.00889923104256276
32.5,-10.18841552734375,3.3222345729724534,112.3046875,126.85919000748613,114.84505105018616,54.94351269556972,-0.07328670024871828,0.02552007366541044,8.659667968752283e-05,0.0,-0.07320010356903076,0.02552007366541044,-0.03762178421020509,0.025520836179074028,-0.012643432617187507,0.00734915113680566,-0.5095332930415942,1.9244349089821768,-10.255859375,3.2053088675224823,112.3046875,126.85919000748613,115.46045589447021,53.87707321899381,-0.0968909502029419,0.016777850741690626,-0.055479809570312476,0.01116360872065878,-0.1523707597732544,0.027425427626407626,-0.1291658401489258,0.008163053322345801,-0.021005249023437506,0.0062583576886432865,-0.6508309246498976,1.454500098487054,-0.00657583745893546,-0.001608876303900008,0.0077145437816437505
33.0,-10.237377929687499,3.297310992063138,107.50000000000006,129.63317762898313,115.68164014816283,54.946404244322736,-0.07295725345611571,0.025361006647572598,8.659667968752283e-05,0.0,-0.07287065677642819,0.025361006647572598,-0.03729080200195312,0.025366166803635515,-0.012337036132812498,0.007427332201934992,-0.3559608726234701,1.771262252968463,-10.305859374999999,3.1785838648275715,107.36328125000006,129.39637380763583,116.31772804260252,53.84409280285412,-0.09530196189880372,0.016645286530290744,-0.05555915527343748,0.011026177931484001,-0.1508611171722412,0.02692221313847695,-0.1276288604736328,0.008690981894417724,-0.01992401123046875,0.0069898105222641884,-0.7196614014241055,1.463919549081749,-0.006848199605958012,-0.0019033119550742779,0.007414127713869111
33.5,-10.28288330078125,3.2703916827219475,102.31445312499997,132.62705451315983,116.43911763191223,54.895634681463186,-0.07340983390808108,0.024920421438554555,8.659667968752283e-05,0.0,-0.07332323722839354,0.024920421438554552,-0.03775928497314454,0.02489925618194832,-0.01242782592773438,0.007304961700125173,-0.16313726251775734,1.740690819382373,-10.35240234375,3.1498629442098776,101.89453124999997,131.89972849045026,117.1007117843628,53.74912700430194,-0.09344243675470353,0.01813398858872155,-0.055593640136718726,0.010841703526014783,-0.14903607689142223,0.027621064972883667,-0.12581771850585938,0.011397830253192338,-0.018748779296875004,0.008168167104551977,-0.6911326232767956,1.35099412838938,-0.0067185502644077424,-0.0017969080608423206,0.007512724558446031
34.0,-10.322529296874999,3.240089716655227,104.31640625000004,131.4261266528378,117.05632366180419,54.76134506533127,-0.0719231128692627,0.02406148437822145,8.659667968752283e-05,0.0,-0.07183651618957518,0.02406148437822145,-0.03653076171875,0.023703807154617115,-0.011489868164062503,0.008286980297333974,-0.046992090754304994,1.7436470159873738,-10.3930859375,3.1177591118586494,103.63281250000004,130.24210174101907,117.74232162475585,53.57253894573902,-0.09224184870719908,0.0212344822425998,-0.055553051757812486,0.01061388556395967,-0.14779490046501156,0.02962163991980036,-0.12469528198242188,0.015724044062541832,-0.017893676757812498,0.009337918997017155,-0.6125084225670195,1.1084487885365766,-0.0076026166415615985,-0.002707689290761782,0.006588355061650361
34.5,-10.36554443359375,3.211732989769363,94.951171875,136.51776067585473,117.76308588981628,54.663551419553194,-0.07057484388351438,0.021228215407006163,8.659667968752283e-05,0.0,-0.07048824720382688,0.021228215407006163,-0.036926841735839815,0.019857695184878427,-0.010699462890624994,0.01021121491257468,-0.029155491115332555,1.5006973717152685,-10.437128906249999,3.0876173683128703,94.130859375,135.0965800786389,118.46731842041017,53.44306566354745,-0.09305090785026553,0.02239673811416519,-0.055641552734374974,0.01046059737603396,-0.14869246058464053,0.030759305268173453,-0.12551685333251955,0.016388735749302337,-0.018075256347656263,0.009114908550341425,-0.5234010069520442,1.0965238764013214,-0.008324351669295307,-0.003459534401642206,0.005817229869491392
35.0,-10.3989501953125,3.177828658005938,99.8779296875,133.07572926076568,118.24266004562378,54.418613437866654,-0.0741363763809204,0.02345580744730094,8.659667968752283e-05,0.0,-0.07404977970123286,0.02345580744730094,-0.04221630096435545,0.02299672429010295,-0.012351989746093745,0.009888560763500897,0.08582979926973729,1.212330581133303,-10.4712890625,3.052401257166793,99.31640625,132.10270319446224,118.97070922851563,53.15684437331269,-0.09110757112503053,0.022473393988155062,-0.05573005371093748,0.010307309188108248,-0.14683762483596802,0.029428675753875113,-0.12362937927246097,0.01873375699676348,-0.01680603027343751,0.010849260844788131,-0.538564117360508,1.3054646139810704,-0.0065885326047148175,-0.001757166940740816,0.0074946770276764635
35.5,-10.437248535156249,3.1467490990075557,95.00732421875,135.2619413006677,118.8431354045868,54.24187902016238,-0.07048788070678712,0.019426825064392618,8.659667968752283e-05,0.0,-0.0704012840270996,0.019426825064392618,-0.040336742401123046,0.023233979517821593,-0.01039352416992188,0.010811324482504128,-0.12990618085527555,1.1020186417449434,-10.510341796874998,3.020009877318214,94.716796875,134.7582889052856,119.59431221008302,52.94002761378603,-0.09197722792625428,0.017892096239200364,-0.05566566162109373,0.010065748147135659,-0.147642889547348,0.02508502478186231,-0.12452583312988283,0.014645719732850901,-0.01706573486328125,0.010192174844318757,-0.5701213561015753,1.3919896426211147,-0.008449235899603665,-0.0036546127625283545,0.005566721328696763
36.0,-10.47154296875,3.113537066455726,89.62890625,137.92144966859405,119.35137580871582,54.003703741616974,-0.07203025817871092,0.02025746742294074,8.659667968752283e-05,0.0,-0.0719436614990234,0.02025746742294074,-0.04260635375976562,0.02613772674961647,-0.011094970703124995,0.010607164152579514,-0.050111428285252974,0.8795879421416982,-10.545468750000001,2.9853519466081697,89.53125,137.75216578946228,120.12211669921875,52.667901568866,-0.0904379177093506,0.01255320475324743,-0.055723950195312476,0.009895016820583918,-0.14616186790466307,0.019798527468493792,-0.12300720214843752,0.011522174361876546,-0.016120605468750004,0.011128224012860484,-0.5077271361450977,1.5007156154012613,-0.007645633602702307,-0.0028887564438952497,0.006300372754614873
36.5,-10.501230468749998,3.077884903241201,87.890625,138.69938107485152,119.7534775543213,53.694235225131855,-0.07185653686523438,0.021963849399478916,8.659667968752283e-05,0.0,-0.07176994018554686,0.021963849399478916,-0.04243450164794922,0.028455971683437522,-0.010881347656249998,0.011533926489720901,0.19794437435123297,0.8784127100945192,-10.576083984375,2.9480891738633037,87.724609375,138.4118335775012,120.54859107971193,52.31613781738892,-0.09067482650279997,0.013001935173284518,-0.05581245117187498,0.009741728632658205,-0.14648727767467495,0.019777092012925174,-0.12323417663574218,0.012468594143439472,-0.016056976318359374,0.011386847363419585,-0.4522022167285771,1.5683450547375732,-0.007756531698632156,-0.0030375379387975986,0.0061191704837262
37.0,-10.529179687500001,3.0414567538913015,87.890625,138.69938107485152,120.11987045288086,53.35381397968162,-0.07262735366821288,0.023520703017326953,8.659667968752283e-05,0.0,-0.07254075698852536,0.023520703017326953,-0.04321617126464843,0.030386172953047477,-0.011153564453124997,0.01175001297605082,0.3000415010607837,1.0469582512658258,-10.60505859375,2.909879185833049,87.44140625,137.92131137613893,120.94136215209963,51.92999681115968,-0.08763048231601717,0.01363575527132224,-0.05581123046874997,0.009536639608812767,-0.14344171278476714,0.019635732532660998,-0.12020065307617187,0.013978111475880784,-0.01433685302734375,0.011745528012933935,-0.47943897736378044,1.605728858697936,-0.007368494331454086,-0.002690344492514804,0.0064288756053050965
37.5,-10.55712890625,3.005028801397584,87.890625,138.69938107485152,120.4863338470459,53.01343418757619,-0.07284045219421387,0.024474536328226847,8.659667968752283e-05,0.0,-0.07275385551452633,0.02447453632822685,-0.04344463348388672,0.03191963886156175,-0.011165618896484373,0.012054833876646031,0.295332261732402,1.1318694125033084,-10.634033203125,2.8716691978027944,87.158203125,137.43078917477663,121.33420372009277,51.54389650558725,-0.08433810621500015,0.01520772986197377,-0.05580634765624998,0.009329436265133877,-0.14014445387125016,0.02016137466666924,-0.11696720123291016,0.016336844189329784,-0.012531280517578123,0.012537952429478583,-0.5303540707746045,1.661627223144943,-0.00722677968288374,-0.0025925889915389393,0.006483780577472717
38.0,-10.585078124999999,2.968601053006965,86.23046875,139.3424025934764,120.86040435791017,52.660138148584096,-0.07016934633255005,0.025733294209504286,8.659667968752283e-05,0.0,-0.07008274965286254,0.02573329420950429,-0.04079635620117188,0.03342655891904648,-0.009700317382812499,0.01300279261265757,0.3439978397253713,1.1268719123407132,-10.66296875,2.8335268680072097,85.3515625,137.81982402413294,121.72879501342774,51.1549283894507,-0.08494262218475342,0.015892220915170726,-0.05584724121093748,0.009148661919373207,-0.1407898633956909,0.02097820921603879,-0.11762847900390624,0.0163176257398324,-0.0127294921875,0.0121776653615163,-0.4784274156832738,1.8013609387481904,-0.008567666813444685,-0.003976228359829775,0.0050593101364913625
38.5,-10.612177734375,2.9316830225837607,81.67236328125,141.4611824148553,121.21834075927734,52.286593977249694,-0.07094062983989717,0.029263659014034594,8.659667968752283e-05,0.0,-0.07085403316020965,0.029263659014034594,-0.04156128883361817,0.036119129041967644,-0.009977416992187503,0.013583498547749644,0.2944907163962315,1.1392631198134835,-10.690810546875,2.7953168799769554,80.732421875,139.83265650558505,122.11303699493408,50.735747501836464,-0.0850717358291149,0.010751435857258644,-0.055800244140624976,0.008917143897609545,-0.14087197996973985,0.016485701753823266,-0.1177417755126953,0.012919798654311447,-0.01266387939453125,0.011917923360361186,-0.30811567684431507,1.9205604304505763,-0.008141585020972468,-0.003598422818194386,0.005386762711996559
39.0,-10.634941406249999,2.8922620131725942,81.4013671875,140.9918181805105,121.4722979736328,51.846768548601446,-0.07562265887856483,0.028409226889954047,8.659667968752283e-05,0.0,-0.07553606219887732,0.028409226889954044,-0.04621763229370116,0.034697217969807126,-0.012211608886718746,0.01241312615201485,0.19258405778791907,1.1993042567768997,-10.71431640625,2.754603537263886,80.44921875,139.34213430422275,122.39060813903808,50.25498017753331,-0.0839761421084404,0.015624174297946804,-0.05588874511718748,0.008763855709683835,-0.13986488722562787,0.018967656282771354,-0.11661865234374999,0.018773908251135826,-0.011983642578124998,0.013787187389364356,-0.19685865282178544,1.6840724901912518,-0.0057716789405889285,-0.0012737569097774973,0.007666191613470624
39.5,-10.657646484375,2.8529414036687086,81.13037109375,140.52245421449192,121.72877403259277,51.402617250619585,-0.07158428885042666,0.03222722061938775,8.659667968752283e-05,0.0,-0.07149769217073915,0.03222722061938775,-0.0421998119354248,0.038600826258954585,-0.01009567260742187,0.014748623194445183,0.22364067308831356,1.2444705373164935,-10.737822265624999,2.713890194550817,80.166015625,138.85161210286049,122.66817928314208,49.77421285323016,-0.08131932839751242,0.015596682815271915,-0.055977246093749974,0.00861056752175812,-0.13729657449126242,0.017440958726148273,-0.11404739379882813,0.02084780003225762,-0.010520629882812497,0.015081753948797363,0.1014252420349952,1.548309224483739,-0.007739322751622875,-0.003289447265053959,0.0056003782961839554
40.0,-10.6802734375,2.8137544877479588,80.859375,140.0530905194973,121.9886085510254,50.95270229474038,-0.07294467389583588,0.027790644305900936,8.659667968752283e-05,0.0,-0.07285807721614837,0.027790644305900933,-0.04351158142089844,0.03487400704829349,-0.010675048828125002,0.013543775437071057,0.32828093130828584,1.2157586362344084,-10.761132812500001,2.673515143011101,79.6875,138.02279872814492,122.95376663208009,49.279561054870655,-0.07841587066650389,0.014911417359117208,-0.056053540039062474,0.008478422532166989,-0.13446941070556637,0.015184723636597742,-0.11122360229492187,0.02225714225751989,-0.009002685546874995,0.016022674823244112,0.1714035069747989,1.52350252742088,-0.006998019379980305,-0.002599220080069957,0.006235179999027523
40.5,-10.702766113281251,2.774803418146105,80.58837890625,139.58372709826065,122.25421542167665,50.49270731947192,-0.07251195907592772,0.02733877348975471,8.659667968752283e-05,0.0,-0.0724253623962402,0.02733877348975471,-0.04308279991149902,0.034701044983317976,-0.010352325439453122,0.013913626227287501,0.41864177285930415,1.3397497810539536,-10.78435546875,2.6332923224993943,79.12109375,137.04175432542036,123.24296127319337,48.7786612431858,-0.08145659923553468,0.01675199061446929,-0.05612434082031248,0.008355791981826418,-0.13758094005584715,0.01721025487740769,-0.11431632995605472,0.023339313797715124,-0.010478668212890632,0.015975410301397992,0.1909740599163117,1.4911538021923259,-0.007154963872091337,-0.002808049734085903,0.0059694034776836095
41.0,-10.7252587890625,2.735852618958989,80.3173828125,139.11436395355298,122.51982229232789,50.03271371440607,-0.0725491988658905,0.025903223104562452,8.659667968752283e-05,0.0,-0.07246260218620297,0.025903223104562452,-0.04313940048217774,0.03366690742327244,-0.01031402587890625,0.013882407630502637,0.4860294226444144,1.4527008391205702,-10.807578125,2.593069501987687,78.5546875,136.0607099226958,123.53215591430664,48.27776143150096,-0.08248508810997009,0.015619763618145216,-0.056195141601562484,0.00823316143148585,-0.13868022971153254,0.015733086163186086,-0.11541015625,0.023054924563359273,-0.010902709960937496,0.015995892429132928,0.3922682542067254,1.4505422736289941,-0.007028255940708009,-0.0027329891834173385,0.005987783972744456
41.5,-10.74763427734375,2.6971021479285024,79.92919921875,138.44291174840072,122.79023888587952,49.564469125321786,-0.07264196276664733,0.024674484763030875,8.659667968752283e-05,0.0,-0.07255536608695981,0.024674484763030875,-0.04173710823059083,0.029667240641364404,-0.010290985107421876,0.013431857040588555,0.5772794710172724,1.4290791801991507,-10.830664062499999,2.5530834852973276,78.056640625,135.1980674306449,123.8231086730957,47.77381647067597,-0.08232070505619049,0.015679276768552453,-0.05627021484374998,0.008103130761728179,-0.13859091989994046,0.014860265742663907,-0.11534133911132813,0.024183013462716774,-0.010723266601562498,0.016746397765798917,0.60856834713952,1.3000457100716947,-0.006887053958486692,-0.0026431988568841897,0.006021158750268842
42.0,-10.76994140625,2.658470967101073,79.47265625,137.65312269211202,123.06346115112305,49.091351292475245,-0.07311117410659791,0.024011003652523687,8.659667968752283e-05,0.0,-0.07302457742691039,0.024011003652523687,-0.04045562744140627,0.026197455779275493,-0.010417480468750004,0.012908728862577814,0.6656139880627263,1.3236628242482897,-10.8533203125,2.513841709188345,77.7734375,134.7075452292826,124.11958694458008,47.26030104112483,-0.0838668966293335,0.017949875970544697,-0.056358715820312474,0.007949842573802463,-0.140225612449646,0.016360237336457355,-0.11696456909179687,0.026758839510522107,-0.011416015625000001,0.017833735205973807,0.7358506565049618,1.0357311054396783,-0.006592735854488656,-0.0024010372036998295,0.0062054872575250854
42.5,-10.7921630859375,2.6199901847755602,78.9306640625,136.71444041408094,123.34019050598144,48.612102821996366,-0.07406549453735352,0.021070569783780062,8.659667968752283e-05,0.0,-0.07397889785766598,0.021070569783780062,-0.0396674156188965,0.021524537533474154,-0.010785675048828127,0.011716173777924435,0.6409411663775683,1.1340130614134938,-10.8759765625,2.474599933079362,77.490234375,134.21702302792033,124.41606521606445,46.74678561157369,-0.08514435291290287,0.02171741968099348,-0.05644721679687498,0.007796554385876751,-0.14159156970977782,0.01965489288665435,-0.11829013824462895,0.030441959449501486,-0.011978149414062517,0.01926992930834963,0.812489614064319,0.9105306277375775,-0.006045647108699852,-0.0019085352318652694,0.006635835533481429
43.0,-10.814306640625,2.5816429370206575,78.427734375,135.84295628791642,123.61792449951172,48.13113400615391,-0.07423582077026365,0.018359771459729435,8.659667968752283e-05,0.0,-0.07414922409057614,0.018359771459729435,-0.03908443450927731,0.01851173870784642,-0.01074859619140624,0.01121851056791136,0.6287428493544216,1.0049306686552493,-10.8986328125,2.4353581569703797,77.20703125,133.72650082655804,124.71254348754883,46.23327018202255,-0.08406020641326901,0.02516376178281719,-0.05653571777343748,0.007643266197951038,-0.1405959241867065,0.022304751378251015,-0.11728935241699218,0.03442135827888025,-0.011372070312499986,0.020898644383912746,0.6230974530840155,0.9467449618604898,-0.005904203326123066,-0.0018215144588086818,0.0066608064912987795
43.5,-10.836254882812499,2.5436288977014843,78.0224609375,135.1397842344024,123.89817008972167,47.64586423671853,-0.0762458324432373,0.020965383788366425,8.659667968752283e-05,0.0,-0.07615923576354977,0.020965383788366425,-0.04284906387329099,0.022110807488037627,-0.011656036376953118,0.011422932537658033,0.60934907072908,1.2332346992963537,-10.921064453125,2.3965054157107537,76.69921875,132.84694377583946,125.01710330963135,45.70575709623149,-0.08900393247604367,0.02540787335952117,-0.05661018066406248,0.007514292688110093,-0.14561411314010614,0.023225995245740465,-0.12233375549316403,0.03394174593001572,-0.013785705566406233,0.02017760726211842,0.3242907046160229,1.1815644932773015,-0.004818604509102795,-0.0007901776675331915,0.007630194979709962
44.0,-10.8580078125,2.5059584983196137,77.71484375,134.60674369662317,124.18092727661133,47.15620200725245,-0.0769647979736328,0.0167760681050338,8.659667968752283e-05,0.0,-0.07687820129394529,0.0167760681050338,-0.04532798767089842,0.021082394017682964,-0.011904296874999998,0.011529249891378934,0.5639221618225558,1.2309840607280629,-10.943437500000002,2.357754161803134,76.1328125,131.86589937311493,125.32377136230468,45.17459244794306,-0.086157341003418,0.024315816996937554,-0.05668098144531248,0.0073916621377695235,-0.14283832244873046,0.02130657631682254,-0.11960754394531253,0.03415185529771228,-0.012231445312500012,0.020582811961604393,0.17775457777898984,1.3331005382339747,-0.004392540479580587,-0.0004182179008353701,0.007940305112082314
44.5,-10.8796875,2.4684172355340657,77.44384765625,134.1373828236181,124.46462631225586,46.664893010478075,-0.07488807678222659,0.01850407114520832,8.659667968752283e-05,0.0,-0.07480148010253906,0.01850407114520832,-0.04499261856079102,0.026745031297538743,-0.010775909423828132,0.012711434719438763,0.5015908977090653,1.1930037948140892,-10.965810546875,2.3190029078955137,75.56640625,130.88485497039036,125.63043941497803,44.643427799654624,-0.08849344134330749,0.02364790083407607,-0.05675178222656248,0.007269031587428954,-0.14524522356987,0.02086508953088304,-0.12202690124511717,0.033434000186438516,-0.013293304443359367,0.019963373256163323,0.13902375192353073,1.293737465777001,-0.005343466482874572,-0.0014230949309494874,0.0068736728714393226
45.0,-10.90126953125,2.4310426265662244,77.0751953125,133.49966338826007,124.75183906555176,46.167571041873764,-0.07572755813598632,0.01903078672644724,8.659667968752283e-05,0.0,-0.07564096145629878,0.01903078672644724,-0.04629993438720702,0.02893785815222064,-0.011087036132812495,0.013179156298353908,0.5198160807291679,1.3428175788741126,-10.98798828125,2.280589945161247,75.0,129.9038105676658,125.93901252746582,44.10896349097611,-0.08935685157775879,0.022032293387738815,-0.05682868652343748,0.007135829437921095,-0.14618553810119625,0.01918995413582075,-0.12298049926757813,0.032265177507088544,-0.013632202148437498,0.019406772440252688,0.012038081953856361,1.3896395917003133,-0.004855217507534265,-0.000988645046406866,0.007246461168202814
45.5,-10.922800292968748,2.393756242209829,76.6552734375,132.77380229184934,125.04089652061462,45.66708083995768,-0.07795655250549316,0.020486443818509066,8.659667968752283e-05,0.0,-0.07786995582580562,0.020486443818509063,-0.04853473663330077,0.03046559694560005,-0.012086791992187497,0.013598075540242869,0.5468369419480258,1.558790135066847,-11.009794921874999,2.2428197356563513,74.43359375,128.92276616494124,126.25120525360109,43.5682298275564,-0.086358118057251,0.02384898702896026,-0.05691718749999998,0.00698254124999538,-0.143275305557251,0.020923542982036133,-0.120041618347168,0.034137146317847526,-0.012040863037109384,0.02003255890496785,-0.17355627669043272,1.4255236638810762,-0.003678362052216274,0.00013449053297592828,0.008307906887581713
46.0,-10.944208984375,2.3566851280002785,76.11328125,131.8351316526297,125.33434612274169,45.158896393794926,-0.0786483383178711,0.02183061420883081,8.659667968752283e-05,0.0,-0.07856174163818358,0.02183061420883081,-0.049254302978515636,0.03220667084952905,-0.012332763671875004,0.014703578214318851,0.5042442908653888,1.642446476170603,-11.0316015625,2.205049526151456,73.8671875,127.94172176221667,126.56339797973632,43.027496164136714,-0.08287496089935303,0.0257848069950356,-0.057005688476562476,0.006829253062069669,-0.13988064937591552,0.022736792167047045,-0.11662902832031251,0.03620063056366154,-0.010220947265625002,0.02084544195116818,-0.24371451709098785,1.4068174435675271,-0.00325513030170926,0.0005040392816016287,0.008615667101738316
46.5,-10.96557861328125,2.3196808353332443,75.5712890625,130.89646299507123,125.62817673683168,44.6500630192317,-0.07905120372772216,0.021580667512434995,8.659667968752283e-05,0.0,-0.07896460704803462,0.021580667512434995,-0.049655113220214826,0.03283772719218033,-0.012453002929687495,0.015542081736151762,0.5632749970976385,1.6479076815867761,-11.053408203125,2.1672793166465607,73.30078125,126.96067735949212,126.87559070587159,42.48676250071702,-0.08246056556701659,0.024423288092738606,-0.05709418945312498,0.006675964874143959,-0.13955475502014159,0.021359591231779385,-0.11629478454589842,0.03517960261119217,-0.009953613281249992,0.020473759853442887,-0.25121266469533293,1.4104037007555155,-0.0029572431683882044,0.0007482278882892622,0.008797881033988377
47.0,-10.9867138671875,2.283075409811968,75.029296875,129.95779636211378,125.92429342269898,44.13732523128748,-0.08138922691345217,0.02065331738328187,8.659667968752283e-05,0.0,-0.08130263023376463,0.02065331738328187,-0.05197517395019532,0.03206043100530381,-0.013528747558593755,0.015598449892120149,0.6551722101954123,1.5547877651883169,-11.07470703125,2.1303886641923837,72.734375,125.97963295676756,127.19182014465332,41.939037045898054,-0.084797483086586,0.02039131483745961,-0.057166821289062475,0.0065501628440532015,-0.14196430437564847,0.01713360076303692,-0.11867218017578124,0.03204828347760345,-0.011067810058593749,0.019057934790409927,-0.3753196165000342,1.3825409485837366,-0.001703566174144723,0.0019482133330476561,0.009935746070820706
47.5,-11.00772705078125,2.24668533173928,74.4873046875,129.01913179794667,126.22160077095032,43.62250346387986,-0.0781903028488159,0.022438932426643878,8.659667968752283e-05,0.0,-0.07810370616912837,0.022438932426643878,-0.04882907867431639,0.03406498182424544,-0.011805725097656244,0.01722903698548694,0.3033929215722461,1.6501896628243709,-11.095947265625,2.093599499090213,72.16796875,124.998588554043,127.50851535797119,41.39050484591764,-0.08452425450086595,0.023933104572503493,-0.05723762207031248,0.006427532293712629,-0.14176187657117842,0.02115322503857809,-0.11848182678222657,0.03465918494948584,-0.010880279541015631,0.01964369329277501,-0.4210874473020453,1.430959083475958,-0.0032486242556655012,0.0003495265454887715,0.00827489144657251
48.0,-11.02859375,2.2105538978175243,73.9453125,128.08046934805466,126.5203369140625,43.10517745292245,-0.08183563232421874,0.020886964197609006,8.659667968752283e-05,0.0,-0.08174903564453122,0.020886964197609006,-0.052466583251953115,0.03261427467118852,-0.013527832031249996,0.01663538514502335,0.0001280457823423231,1.8187073239422071,-11.1171875,2.0568103339880417,71.6015625,124.01754415131845,127.82521057128906,40.841972645937226,-0.08009307622909546,0.024347311049094295,-0.05730842285156247,0.006304901743372059,-0.13740149908065794,0.020839915182162893,-0.1141015625,0.036264040772244446,-0.008566894531250004,0.02063578511512049,-0.22159318546037626,1.4875576525013496,-0.0013487712624397526,0.0021958690684787674,0.010059116174864382
48.5,-11.04930419921875,2.1746882628721687,73.4033203125,127.14180905926553,126.82031512260437,42.58573392601561,-0.07679083347320559,0.018988976130798318,8.659667968752283e-05,0.0,-0.07670423679351805,0.018988976130798318,-0.047390480041503924,0.032586559668234046,-0.01090927124023438,0.017879487921419853,0.07271933388875695,1.707027218247959,-11.138173828125,2.0204609474112303,71.03515625,123.03649974859388,128.1434778213501,40.29071759844628,-0.08544547401368617,0.020569875876251698,-0.057387158203124976,0.006168528114114012,-0.14283263221681114,0.01743556654227251,-0.11956611633300779,0.03255714607000532,-0.011236419677734371,0.01880141216638085,-0.2693676003765104,1.4333551510816707,-0.0037898962348382192,-0.00029862816935120537,0.007502587160441587
49.0,-11.0698974609375,2.139021817914869,72.861328125,126.20315097980013,127.1212248802185,42.06470544311037,-0.0798151397705078,0.020703360762721345,8.659667968752283e-05,0.0,-0.0797285430908203,0.020703360762721345,-0.05043533325195312,0.033127633105899966,-0.012338562011718748,0.017230827920954216,-0.05949184889005066,1.7328242503250728,-11.15884765625,1.9846528267117836,70.46875,122.05545534586932,128.46367988586425,39.73611135401931,-0.08147915855050086,0.02255890541496359,-0.05747565917968748,0.006015239926188302,-0.13895481773018836,0.019086722902269895,-0.11569030761718752,0.0350171991381269,-0.009172668457031253,0.020049710166079964,-0.6448150848175254,1.416592669267316,-0.0021832167492399565,0.001254756829404886,0.008993925045561818
49.5,-11.09027099609375,2.1037435089400476,72.3193359375,125.26449515932457,127.42388129234314,41.54061267583729,-0.078351731300354,0.022410683198294087,8.659667968752283e-05,0.0,-0.07826513462066648,0.022410683198294087,-0.04901697158813477,0.03453686128885323,-0.011495513916015627,0.01788848175343365,-0.10215083480159487,1.7086469117023348,-11.179521484375002,1.9488447060123375,69.90234375,121.07441094314476,128.78388195037843,39.18150510959234,-0.07962485015392304,0.024816803768886182,-0.057564160156249974,0.005861951738262587,-0.137189010310173,0.021483421227744184,-0.11391624450683593,0.037105012871872955,-0.0082171630859375,0.020772283778121795,-0.8443257080647228,1.32829564903505,-0.0028487860708190094,0.0005359390315170954,0.008212992098766362
50.0,-11.110595703125,2.0685518515618466,71.77734375,124.32584164900473,127.72692584991455,41.01584144401134,-0.07401227951049805,0.021280208811918156,8.659667968752283e-05,0.0,-0.07392568283081052,0.021280208811918156,-0.04463958740234375,0.03469347015867417,-0.009246826171875,0.01908847067656247,-0.04575858305106728,1.5575234177266772,-11.2001953125,1.9130365853128908,69.3359375,120.0933665404202,129.10408401489258,38.626898865165366,-0.07959932088851929,0.026386797156024024,-0.05765266113281248,0.005708663550336876,-0.1372519820213318,0.02334412911734411,-0.11400604248046875,0.03829251334718176,-0.008209228515625,0.02091794663115542,-0.7912695824683103,1.0800543880377693,-0.004919580114135048,-0.0015881319350942481,0.006026612743390376
50.5,-11.130646972656251,2.0338243248748356,71.2353515625,123.38719050156332,128.03166337013246,40.488188226031006,-0.07356801033020019,0.0202671980759212,8.659667968752283e-05,0.0,-0.07348141365051267,0.0202671980759212,-0.04239149093627931,0.030005427561362662,-0.009005126953125001,0.01931430033745725,-0.06341609643612095,1.4502888073324318,-11.220302734375,1.8782095090161688,68.486328125,118.62179993633336,129.42682384490968,38.06789708194961,-0.07907053589820862,0.026186992100865964,-0.05772346191406248,0.005586032999996307,-0.13679399781227108,0.02304222403817718,-0.11357082366943361,0.038488814619008736,-0.007925415039062501,0.02093388344716765,-0.8310767042609064,1.0177788960245802,-0.004982973565080864,-0.001704830725454418,0.0058474137388352925
51.0,-11.1506494140625,1.999183226597368,70.693359375,122.44854177133956,128.33670320510865,39.96000929709172,-0.07579527854919432,0.020887861745033175,8.659667968752283e-05,0.0,-0.07570868186950681,0.020887861745033178,-0.04287624359130861,0.02624392138548652,-0.01009246826171875,0.018696764252273457,-0.15327969353238324,1.4789195891689666,-11.24041015625,1.8433824327194466,67.63671875,117.15023333224653,129.74956367492678,37.50889529873387,-0.07724062204360961,0.026517635568075397,-0.05779426269531247,0.005463402449655734,-0.13503488473892208,0.023172372467940437,-0.11178489685058593,0.03939027360635123,-0.006967163085937498,0.021502906358566668,-1.0658712320394503,1.0281867795446653,-0.003716913955558551,-0.0004921058931761924,0.006997446809271279
51.5,-11.17043212890625,1.9649309526313954,70.1513671875,121.50989551435154,128.6431034564972,39.42944113123982,-0.0727871036529541,0.023880964311658294,8.659667968752283e-05,0.0,-0.07270050697326658,0.023880964311658294,-0.03811166763305666,0.02563565073562203,-0.008513183593750001,0.020140559859647685,-0.18083639078207586,1.4256224627545309,-11.260517578125,1.8085553564227246,66.78710937499999,115.67866672815966,130.07230350494385,36.94989351551813,-0.07422776840627193,0.02772901221096748,-0.05786506347656248,0.005340771899315164,-0.1320928318828344,0.024179122483748924,-0.10883075714111329,0.04110024445450374,-0.005455322265624997,0.02222719055019208,-1.0828744670450041,0.9096332045754681,-0.005117069225707101,-0.0019456257863596452,0.005481044528695178
52.0,-11.19009765625,1.9308776361187294,69.55078125,120.47081298645001,128.9500287628174,38.89798355924743,-0.07257495880126953,0.023571134528832364,8.659667968752283e-05,0.0,-0.072488362121582,0.023571134528832364,-0.03765136718749998,0.02494992996977145,-0.008388671874999998,0.02076832476905813,-0.1041936985540508,1.2193465466542266,-11.280156250000001,1.7745401789420512,66.09375,114.47773306275549,130.39328857421876,36.39393106706298,-0.0715036725997925,0.02761691370383786,-0.05793586425781248,0.005218141348974595,-0.12943953685760498,0.02371720215311967,-0.10623855590820312,0.04185351581680073,-0.0041369628906250035,0.022804050677125504,-0.8743364383012823,0.8358942278061217,-0.00506204146109304,-0.0019439930266109857,0.005419605049194506
52.5,-11.20960693359375,1.8970891476166156,68.8720703125,119.29832902283283,129.25765414237975,38.36534017686923,-0.07382197380065916,0.02685771842949106,8.659667968752283e-05,0.0,-0.07373537712097164,0.02685771842949106,-0.04069700241088865,0.03142162326686197,-0.008982849121093747,0.02121953564059868,-0.1201451797307369,0.9883980999772469,-11.299414062499999,1.7411846692494155,65.52734375,113.49668866003093,130.7128479003906,35.840438078100824,-0.0745581116527319,0.027914193619283264,-0.058006665039062474,0.005095510798634025,-0.13256477669179437,0.02444484586488445,-0.10932874679565431,0.04163314729070117,-0.005667114257812505,0.022090918492043,-1.0162442436307222,1.0301656246007502,-0.004287915972474838,-0.001223293353035301,0.006077043509029224
53.0,-11.2289697265625,1.863560195758947,68.1201171875,117.9977206600005,129.56593584060667,37.831546399702546,-0.07341766357421874,0.02961301825236996,8.659667968752283e-05,0.0,-0.07333106689453121,0.02961301825236996,-0.04201354980468747,0.03768574881419223,-0.008796997070312496,0.02238948066107149,-0.2361729761937274,0.9577672182630105,-11.318671875,1.707829159556781,64.9609375,112.51564425730636,131.0324072265625,35.286945089138655,-0.06929067671298979,0.03249786506650177,-0.05807746582031248,0.004972880248293455,-0.12736814253330225,0.029061048082531175,-0.10412563323974608,0.046205874458887256,-0.003093872070312489,0.024219705493598382,-0.9160590894294501,0.9987309531226258,-0.004293412874849415,-0.0012822471338193153,0.0059546405932465905
53.5,-11.24821044921875,1.830247878081297,67.30712890625,116.5899030520593,129.87476447105408,37.29679388577029,-0.07161274909973142,0.030759631504363442,8.659667968752283e-05,0.0,-0.0715261524200439,0.030759631504363442,-0.04195426940917966,0.04305829829214979,-0.007828826904296867,0.023835029617405523,-0.18064965734948643,0.8295241786263725,-11.33787109375,1.6745751372161521,64.39453125,111.5345998545818,131.35200637817383,34.73338312049193,-0.06678793370723723,0.0339823182812723,-0.058148266601562484,0.0048502496979528865,-0.12493620030879972,0.03050840700467553,-0.1016727066040039,0.04801152182277421,-0.0019149780273437465,0.024912696442290723,-0.6189327640133322,1.0659112023551789,-0.005080821411495812,-0.0021231443135316334,0.005050106920382617
54.0,-11.267099609375,1.7975304152153078,66.611328125,115.38207521576916,130.18227703094482,36.764282970325915,-0.07360765457153322,0.031121801228525193,8.659667968752283e-05,0.0,-0.0735210578918457,0.031121801228525193,-0.04268524169921879,0.04002653983882563,-0.008821411132812512,0.02299842525583964,-0.1416627399293365,0.7238504548464546,-11.3565625,1.6422006719262412,63.82812499999999,110.55355545185724,131.67195068359376,34.17922332791229,-0.06599165931344032,0.03178775846824619,-0.058219067382812476,0.004727619147612316,-0.12421072669625281,0.02804396111495851,-0.10097236633300781,0.04677283423537684,-0.0015844726562499988,0.024164849999536653,-0.5679591607936386,1.183870229561902,-0.003907071848356834,-0.0010029151030423733,0.0061065136398850695
54.5,-11.28593017578125,1.764912060606516,65.93505859375,114.20806226810676,130.4895702457428,36.232148303174874,-0.07279865741729738,0.031042250268830913,8.659667968752283e-05,0.0,-0.07271206073760984,0.031042250268830913,-0.04012115478515628,0.03619359098346657,-0.00843307495117188,0.023005149205771347,-0.20586649576822516,0.8147914260668826,-11.375253906250002,1.609826206636331,63.26171874999999,109.57251104913267,131.99189498901367,33.62506353533266,-0.06564825769513845,0.030444089992291985,-0.05828986816406248,0.004604988597271747,-0.12393812585920093,0.026562794105367837,-0.10071834564208984,0.046072631569078766,-0.0015057373046875,0.023795044276901076,-0.7193825461647787,1.2827368053336399,-0.004113839480938929,-0.0012632354640070564,0.005782185368582412
55.0,-11.30439453125,1.7329431702969613,65.380859375,113.24806516565053,130.79549255371094,35.70243775226214,-0.06951443552970885,0.029991083453732952,8.659667968752283e-05,0.0,-0.06942783885002132,0.029991083453732952,-0.03510551452636719,0.03206779503704402,-0.0067993164062499925,0.022938165640722378,-0.2430700199865256,0.9352531985197983,-11.393945312500001,1.5774517413464209,62.69531249999999,108.59146664640811,132.31183929443358,33.07090374275301,-0.06296745538711554,0.03157366451423927,-0.058360668945312486,0.004482358046931174,-0.12132812433242803,0.027684630238101318,-0.09811019897460943,0.04752843502615118,-0.0002563476562500262,0.024527253019696955,-0.780668458738535,1.4340491395328325,-0.0055656291591145764,-0.002768610138630277,0.004212618758809858
55.5,-11.322744140625,1.701171689077514,64.8388671875,112.30944357710992,131.10133087158204,35.17288494002187,-0.07087990105152128,0.029978561331726206,8.659667968752283e-05,0.0,-0.07079330437183376,0.029978561331726206,-0.03523036956787108,0.030014487985454495,-0.007502441406249991,0.021515931960086058,-0.16091228920818584,0.8157829676919333,-11.412265625,1.5457200292858813,61.75781249999999,106.96766901431229,132.6314617919922,32.51730133773947,-0.06007415413856504,0.03388909653351023,-0.05843146972656248,0.0043597274965906044,-0.11850562386512752,0.02993189648924985,-0.09529245376586912,0.050311041249630914,0.001098480224609389,0.025721973393018117,-0.7121676998538576,1.4596584613721393,-0.004680136013087508,-0.0019367347348351396,0.0049801189607074255
56.0,-11.340898437500002,1.669730271811297,64.296875,111.37082514446669,131.40730194091796,34.6431132158218,-0.07157140254974369,0.028390583135122775,8.659667968752283e-05,0.0,-0.07148480587005615,0.028390583135122778,-0.03590538024902346,0.028425875188104136,-0.007838134765625013,0.020880500261570786,-0.08466102582312492,0.6284821728652162,-11.430390625000001,1.5143266083986953,60.62499999999999,105.00558020886317,132.9509149169922,31.963992294602818,-0.06370088577270513,0.034199999585798016,-0.05850227050781248,0.004237096946250035,-0.12220315628051762,0.03036474107500509,-0.09894157409667975,0.05071963521067301,-0.0008789062500000229,0.025414011352750263,-0.8194631296437868,1.4495052753753683,-0.004161525056714004,-0.001471808666414531,0.005380428674605242
56.5,-11.3589794921875,1.6384190655372828,63.7548828125,110.43220994819148,131.71332279205322,34.11326024514089,-0.06736301064491272,0.029604896122871392,8.659667968752283e-05,0.0,-0.0672764139652252,0.029604896122871392,-0.03171798706054688,0.029654391346126914,-0.005704040527343751,0.02206686505888921,-0.1988143743057043,0.7035861049096438,-11.448515624999999,1.4829331875115095,59.49218749999999,103.04349140341405,133.27036804199219,31.410683251466168,-0.05837919712066653,0.03848505279635413,-0.05857307128906248,0.004114466395909466,-0.116952268409729,0.03458350587751533,-0.09373495101928714,0.05549591186598249,0.0016413879394531128,0.027691522238949627,-1.0817875006260087,1.4576283249059185,-0.006111952162991383,-0.0034760334737150046,0.003311269151814373
57.0,-11.376865234375,1.6074551847805056,63.212890625,109.49359807151393,132.0194763946533,33.583179423503886,-0.06806652784347533,0.03217464838327849,8.659667968752283e-05,0.0,-0.06797993116378781,0.03217464838327849,-0.032430801391601566,0.032234751468564166,-0.0060723876953125006,0.022327525368721356,-0.22442121883650334,0.673978383961374,-11.466406249999999,1.4519457160323481,58.59375,101.48735200598891,133.58739318847657,30.861579590478264,-0.05559498786926271,0.04142701752319882,-0.05864387207031248,0.003991835845568895,-0.1142388599395752,0.03759443215224031,-0.09100685119628908,0.058685023947731486,0.0028866577148437414,0.02913284322976659,-1.1824618964206448,1.2884627755205016,-0.005559002737979938,-0.00297703695291455,0.0037449409961989753
57.5,-11.3945556640625,1.5768210296451568,62.4755859375,108.22147530526004,132.3254606246948,33.05339251497131,-0.07013764679431915,0.030916694737922766,8.659667968752283e-05,0.0,-0.07005105011463163,0.030916694737922766,-0.03453178405761718,0.030939279994003258,-0.0071258544921874965,0.022480027337799007,-0.46480974673113296,0.7113756761595,-11.4833984375,1.4225143839506111,58.59375,101.48735200598891,133.89511108398438,30.328596561060564,-0.05441675186157226,0.041307389844459724,-0.058714672851562476,0.0038692052952283263,-0.11313142471313475,0.03760645083778913,-0.08987255096435547,0.058659894392421724,0.003305053710937503,0.02869653681228969,-1.154907155425954,1.1367718173074244,-0.004319846534903832,-0.0017920236632088787,0.004864181039489309
58.0,-11.412167968750001,1.5463187258102329,61.66015625,106.8185882708197,132.6313771057129,32.52372738938096,-0.07033174037933351,0.03187759517689214,8.659667968752283e-05,0.0,-0.07024514369964599,0.03187759517689214,-0.034710922241210945,0.031893596714227535,-0.007283325195312503,0.022707592888485874,-0.7684945059823017,0.7683570745481627,-11.500390625000001,1.3930830518688742,58.59375,101.48735200598891,134.20282897949218,29.79561353164286,-0.05263463497161866,0.042830360587766056,-0.058785473632812474,0.0037465747448877573,-0.11142010860443113,0.03937611224148492,-0.08815414428710938,0.05988428642949112,0.004028930664062498,0.028868232619087806,-1.1322626145013808,0.9851215479882229,-0.0039759160781821686,-0.0015023550146852378,0.005087750715313632
58.5,-11.429609375,1.5161207046164882,60.673828125,105.11499511065507,132.93714538574218,31.99433221578445,-0.0698967072367668,0.03248773266522743,8.659667968752283e-05,0.0,-0.0698101105570793,0.03248773266522743,-0.034273414611816405,0.032504538235635684,-0.007089233398437499,0.02258906321403205,-0.7099551754398006,0.9092221349723055,-11.5173828125,1.3636517197871372,58.59375,101.48735200598891,134.510546875,29.26263050222516,-0.048562394380569474,0.044112876578864445,-0.05885627441406248,0.0036239441945471874,-0.10741866879463197,0.040750103960646065,-0.08416019439697268,0.06134582246613857,0.005855865478515616,0.029295554960632332,-0.9654225169361905,0.7863237399384221,-0.003982835572478645,-0.0015636426196291506,0.004960061014404174
59.0,-11.446875,1.4862284891867439,59.66796875,103.3702823249716,133.2420196533203,31.46646330217986,-0.06787652671337129,0.03253256528390044,8.659667968752283e-05,0.0,-0.06778993003368376,0.03253256528390044,-0.03225685119628908,0.03256264488314956,-0.006087036132812506,0.02252448275671605,-0.575798052452109,1.0264845129664046,-11.534375,1.3342203877054004,57.73437499999999,99.99887084323439,134.82430725097657,28.71918158963184,-0.04650846481323241,0.04437075473592706,-0.05891364746093748,0.003524571162374657,-0.1054221122741699,0.04102691678102261,-0.08079483032226562,0.0600088614765446,0.006632385253906254,0.02924498229457921,-0.6334755637429021,0.5376320772856303,-0.004797474426162955,-0.0024326825862739376,0.004024442398269284
59.5,-11.463671875000001,1.4571250283996469,59.130859375,102.4232861081938,133.5420379638672,30.946807066892568,-0.06466750338673591,0.03348680858445255,8.659667968752283e-05,0.0,-0.06458090670704839,0.03348680858445255,-0.029034538269042974,0.03353443722279615,-0.0045072937011718765,0.02264999687239983,-0.6810495514414003,1.0970121889827174,-11.551367187499999,1.3047890556236634,56.60156249999999,98.03678203778526,135.139990234375,28.17240262330082,-0.04544970989227297,0.045101397371207406,-0.058966748046874976,0.0034325982496192287,-0.10441645793914794,0.04183753493077242,-0.07796966552734375,0.05873700187929998,0.006898345947265619,0.029290612139052798,-0.42761102422967917,0.5414991488060927,-0.006189307559512016,-0.0038789423444205162,0.00251144130337568
60.0,-11.48046875,1.4280215703793657,58.59375,101.48735200598891,133.84205627441406,30.42715162897142,-0.06216731667518617,0.034588485970920145,8.659667968752283e-05,0.0,-0.06208071999549865,0.034588485970920145,-0.026507568359375008,0.034649667879297796,-0.0032897949218750047,0.022481029480305174,-0.8301208069274497,1.0904006089866503,-11.568359375,1.2753577235419273,55.468749999999986,96.07469323233613,135.45567321777344,27.6256236569698,-0.042218971252441395,0.047337031088677824,-0.059019848632812476,0.003340625336863801,-0.10123881988525388,0.04416742794768952,-0.07298583984374997,0.059395393912872456,0.008251953125000006,0.03018420450612846,-0.4728730741914382,0.9810155179799622,-0.0072185489008525444,-0.004962635679294451,0.0013608452462902767
60.5,-11.496728515625,1.3998749259869,58.59375,101.48735200598891,134.1365104675293,29.91736894021447,-0.0596608094871044,0.03573672466345666,8.659667968752283e-05,0.0,-0.05957421280741688,0.03573672466345666,-0.023967819213867182,0.03582220613622958,-0.0020907592773437445,0.02331892854291635,-0.727919465178372,1.049025385936023,-11.585,1.2465353155722256,54.335937499999986,94.11260442688702,135.76705505371095,27.086294496571977,-0.044698519706726086,0.04735155246142211,-0.05907844238281247,0.003239137984857811,-0.10377696208953859,0.04434171326356582,-0.07492317199707035,0.058947408258185494,0.00677505493164062,0.02968423692085453,-0.2525087725588268,1.5008888299709102,-0.008228981834939595,-0.006027545787932883,0.00022887236970543096
61.0,-11.51298828125,1.3717290048968733,58.28125,100.94802093001873,134.43316192626952,29.40388729011251,-0.06421349972486495,0.03171094195389874,8.659667968752283e-05,0.0,-0.06412690304517743,0.03171094195389874,-0.028550262451171867,0.03179034850871054,-0.004490356445312496,0.02162008521804228,-0.4812084989392157,0.953965456469961,-11.600859374999999,1.2190660722959383,53.203124999999986,92.15051562143789,136.0688787841797,26.563520460470123,-0.043560209274292,0.04838980395496833,-0.059149243164062476,0.0031165074345172413,-0.10270945243835448,0.045413354694873766,-0.07577560424804691,0.06162545367136877,0.007031555175781246,0.030213596326566432,0.08005920267883673,1.5588629428467082,-0.005640439383099509,-0.003493505551367522,0.002695691071972487
61.5,-11.529248046875,1.343583852565354,52.724609375,102.90561482835572,134.73146133422853,28.88764282618354,-0.06287078496068717,0.035792967068990156,8.659667968752283e-05,0.0,-0.06278418828099964,0.035792967068990156,-0.027222976684570313,0.03583956696306963,-0.003844451904296876,0.021991091500489054,-0.2542459270059429,1.0340149596252295,-11.61671875,1.1915968290196512,47.060546874999986,93.08081634815946,136.37070251464843,26.040746424368276,-0.04510698318481446,0.04911091123374535,-0.05937659912109373,0.0030842640570570047,-0.1044835823059082,0.046172350409294696,-0.0792111968994141,0.06437928189591942,0.0060356140136718734,0.03044624884827857,-0.02160968202532615,1.2654727950344025,-0.006096550436484494,-0.004004258180447856,0.0021173624869245096
62.0,-11.541171875,1.3129371202902056,55.46874999999999,99.62236434915415,134.9244631958008,28.30740742367967,-0.060314258486032495,0.03641191256463457,8.659667968752283e-05,0.0,-0.06022766180634497,0.03641191256463457,-0.02468177795410157,0.036432075868020046,-0.0026092529296875026,0.022755842388442395,-0.07388099368079905,0.9781811918811996,-11.6282421875,1.1616242310605487,49.414062499999986,89.10589506125822,136.56585540771485,25.456385951577506,-0.04308105468750001,0.05149180662738917,-0.05947395019531247,0.002976962325509008,-0.10255500488281248,0.04863220317297999,-0.07912414550781253,0.06929151808656021,0.006802368164062498,0.03131341350364076,0.046834167622738954,0.990125091140433,-0.007140911500838347,-0.005103444811502141,0.0009501696840926808
62.5,-11.555908203125,1.2839145169056383,48.583984375,101.09397216017778,135.18906021118164,27.762848805776756,-0.06100824475288391,0.03627164519822307,8.659667968752283e-05,0.0,-0.06092164807319639,0.03627164519822307,-0.025380611419677738,0.03627885627013243,-0.0030288696289062517,0.022981538486611983,-0.10689599808557605,0.8387425282126427,-11.6416015625,1.1349668866003093,42.96874999999999,91.33861680538999,136.8169708251953,24.934887378915185,-0.04123544692993163,0.050603233999216075,-0.05964393310546873,0.0029468332678822297,-0.10087938003540035,0.047764934528780646,-0.07613229751586911,0.06657023503747146,0.007495880126953131,0.03062385721128706,0.14410930357890311,0.9011588931867098,-0.0065289763596341945,-0.004546617882725373,0.0014383914980904394
63.0,-11.56564453125,1.2532380604718365,46.09375,100.02914766857099,135.33755279541018,27.166403341954876,-0.062139626145362864,0.03575639237898125,8.659667968752283e-05,0.0,-0.06205302946567534,0.03575639237898125,-0.026514930725097665,0.035754155276530336,-0.0036843872070312523,0.022389277392930215,-0.240456463295827,0.7654533090965732,-11.6503515625,1.1060091621612673,40.99609375,91.16947121871335,136.9565557861328,24.353884974599907,-0.041871414184570306,0.04753907663093924,-0.059765698242187484,0.0028945038520041414,-0.10163711242675778,0.0447339544353395,-0.07510936737060545,0.06104172397562071,0.006925354003906255,0.02894313803927374,-0.017330285274625865,0.7140298563315964,-0.005679623034303015,-0.0037526639864503848,0.0021631272352904346
63.5,-11.57330078125,1.2213611682596268,45.56640625,97.8314288168964,135.4349752044678,26.540483447102527,-0.06252722948789596,0.03622232913188408,8.659667968752283e-05,0.0,-0.06244063280820845,0.03622232913188408,-0.0268900489807129,0.036208857847159916,-0.003939208984375003,0.022309343742210316,-0.25245524230815636,0.6357954139635507,-11.657021484374999,1.07585050405682,40.986328124999986,89.86705020130317,137.04507057189943,23.743397190902137,-0.04056900024414061,0.04542270433310166,-0.05989112548828123,0.002844288755959512,-0.10046012573242183,0.04263392022923221,-0.0721445274353027,0.056535616149060886,0.0073304748535156315,0.02773272589654844,-0.1756829037255095,0.4861715596642792,-0.0052306906845891715,-0.003359142027891948,0.0024872991032415274
64.0,-11.581796875000002,1.1908934116535879,40.9375,98.00101641692294,135.55804382324217,25.940644785874902,-0.061386873722076414,0.03597878136183876,8.659667968752283e-05,0.0,-0.06130027704238889,0.03597878136183876,-0.02574081420898438,0.035959093269086195,-0.0033972167968750024,0.022223923263331415,-0.15199888002622508,0.7309358647214039,-11.664687500000001,1.0468082068244404,37.109375,91.33861680539002,137.1617858886719,23.154328788567195,-0.03704345703125,0.045934529399028416,-0.06005500488281247,0.002816274018166191,-0.09709846191406249,0.04315942644017867,-0.067706298828125,0.05577782163916855,0.008853759765625,0.027672423008899452,-0.036323742988784394,0.6226161816248441,-0.005578299806041928,-0.0037621724096020565,0.0020147878186364725
64.5,-11.5863671875,1.1590346456488927,39.003906250000064,96.87971731206093,135.58932739257816,25.29923802093278,-0.0598637169599533,0.03407809064196479,8.659667968752283e-05,0.0,-0.05977712028026578,0.03407809064196479,-0.024244995117187494,0.034050602806532215,-0.002684173583984369,0.021336309452417643,-0.13536786699627645,0.9195143037012037,-11.6684765625,1.0162943429879732,36.14257812500006,91.89679724142292,137.18853164672853,22.520594983315487,-0.03756568908691403,0.046534643963610615,-0.06013831787109373,0.0027417442440367916,-0.09770400695800775,0.043883139528026874,-0.06834825515747067,0.05670963993944178,0.008303222656250019,0.027466434136207356,0.110100521630063,0.8775903781422714,-0.006098098696699401,-0.004337085043260582,0.0013708098953618937
65.0,-11.59033203125,1.1275293145946972,33.30078125,98.28930553421088,135.60949783325196,24.660973809230594,-0.0597788751125336,0.03488104448251415,8.659667968752283e-05,0.0,-0.05969227843284608,0.03488104448251415,-0.024141693115234404,0.03485314891639106,-0.002729797363281264,0.02095751739384268,-0.2005357008713902,0.9456247767839001,-11.67197265625,0.9856113335648286,31.25,94.72152853892298,137.20839767456056,21.882889163966645,-0.04001102447509771,0.045282990156971646,-0.060344311523437486,0.0027380441843282395,-0.10035533599853519,0.04264224448993144,-0.0709375381469727,0.055942716325414636,0.00682373046874998,0.02663586106872601,-0.21112971094660019,0.7864157943455506,-0.0058595417422437155,-0.004153521538207812,0.0014854035375367258
65.5,-11.58935546875,1.0932880644226757,32.5146484375,96.92040726704818,135.50971199035644,23.955042831739107,-0.05687698543071751,0.03459992060565058,8.659667968752283e-05,0.0,-0.056790388751029985,0.03459992060565058,-0.0211965370178223,0.0346058972449044,-0.0013417053222656407,0.021871397227854937,-0.35753352380855075,0.659346395838581,-11.670576171875,0.952103592844184,31.25,94.72152853892298,137.1089688873291,21.17630845102797,-0.03540098190307622,0.04819333713753681,-0.06039741210937498,0.002646071271572812,-0.09579839401245122,0.04564435055112474,-0.06641729354858404,0.05916710945738399,0.008911743164062479,0.027863471820831497,-0.41997700582294584,0.7467145768046493,-0.007041344171405746,-0.005393276753729407,0.00017147990926811695
66.0,-11.587890625,1.0599226667876824,27.167968750000053,98.75560696292746,135.40398712158202,23.261326346018485,-0.06298692822456353,0.03521312420327371,8.659667968752283e-05,0.0,-0.06290033154487602,0.03521312420327371,-0.027370376586914005,0.035201394061547264,-0.004500122070312471,0.021138856899520053,-0.3655643062991741,0.6886409970877441,-11.669179687500002,0.91859585212354,24.804687500000025,94.65387030425224,137.01555633544922,20.46086768082721,-0.03324386596679692,0.05219268593243764,-0.060600659179687474,0.0026407854719891683,-0.0938445251464844,0.04966697634571993,-0.06436935424804692,0.06301047750791258,0.009720458984374979,0.029343831565954825,-0.011626557036714821,0.7325649034564966,-0.0036852024518633543,-0.002093092295883555,0.0034007805122144574
66.5,-11.582060546875,1.02456561597719,25.805664062499996,98.8267951242585,135.19614364624024,22.513708525291193,-0.059534231722354954,0.038839639152752514,8.659667968752283e-05,0.0,-0.05944763504266743,0.038839639152752514,-0.02390928268432624,0.038870325938859675,-0.0028303527832031572,0.02263829192830544,-0.23752545976972386,0.7263889491565543,-11.66365234375,0.8827031586307564,22.05078124999998,92.31966120811454,136.82244064331056,19.687422792460342,-0.039773502349853454,0.05208721657835293,-0.06068671874999998,0.0025678414377348644,-0.10046022109985342,0.04969968287790536,-0.071006851196289,0.06281226014714324,0.006145629882812536,0.02897543468527792,0.1788603953826135,1.060521271207956,-0.005140529346112733,-0.00360808845042583,0.0018083977913886636
67.0,-11.57513671875,0.9886658448721553,25.537109374999996,98.35859496857971,134.9632751464844,21.75250451984731,-0.05984308660030363,0.03930640210612826,8.659667968752283e-05,0.0,-0.05975648992061611,0.03930640210612826,-0.02419696807861326,0.0393611235114436,-0.003067932128906237,0.022908505039191646,-0.2188949762802292,0.8621969230143615,-11.6570703125,0.8462015410259357,20.351562499999986,89.37652799994086,136.60467071533202,18.899743774394672,-0.037642631530761805,0.05395376612784239,-0.06073981933593748,0.0024758685249794362,-0.09838245086669928,0.051563292922832266,-0.06898315429687508,0.06490969017367902,0.00696380615234371,0.029882732738749942,0.19384993261946193,1.223317582613583,-0.004683581903389701,-0.003211847564021349,0.002125307907442444
67.5,-11.5680908203125,0.9529866249445823,19.824218750000092,101.31820641931222,134.73037586212158,20.994052961844368,-0.06133986115455628,0.039100855295077244,8.659667968752283e-05,0.0,-0.06125326447486874,0.039100855295077244,-0.0256662368774414,0.03916335307585773,-0.0038681030273437465,0.022406016406683125,-0.3072636388676434,1.1245203164099986,-11.649609375,0.8112222337012052,13.964843750000092,91.16947121871333,136.37260437011716,18.13943171938335,-0.03414230346679688,0.05641192783013873,-0.06079291992187498,0.0023838956122240085,-0.09493522338867184,0.05407178840245553,-0.06555957794189453,0.06728068986014289,0.008464813232421878,0.031014871329520962,0.34502825259050374,1.05453148800252,-0.0036643612418760622,-0.002253181756622048,0.0030047262603608493
68.0,-11.5566796875,0.9151388953010751,13.437500000000007,104.46536600860834,134.39619964599612,20.178780504265784,-0.05986507415771486,0.03909039010187987,8.659667968752283e-05,0.0,-0.059778477478027336,0.03909039010187987,-0.02419464111328127,0.039145127310419685,-0.0031713867187500087,0.022145261587284797,-0.4414662892446109,1.3130258820764835,-11.637109375000001,0.7752280528564142,7.8125,94.72152853892298,136.02549255371096,17.345944400445195,-0.03657028198242183,0.05507182506939308,-0.06091193847656247,0.002329980456470825,-0.0974822204589843,0.052780595363658485,-0.06803283691406246,0.06575045331091142,0.0069726562500000274,0.030056616685280098,0.5461579436188846,0.8877318886109745,-0.004131613541965972,-0.002783259801504117,0.0023913290836229456
68.5,-11.5391162109375,0.8737445681461784,11.181640625000046,103.89372051674384,133.9170820236206,19.275660480920912,-0.05832919180393216,0.03851318473454475,8.659667968752283e-05,0.0,-0.05824259512424465,0.03851318473454475,-0.022701759338378882,0.03853305176715225,-0.002490692138671863,0.02196972498467914,-0.44590378696824606,1.175246786058626,-11.618457031250001,0.7356818146914128,6.3769531250000355,95.55034191363853,135.53153198242188,16.467673913345273,-0.04106426239013672,0.052279311109663114,-0.06108222656249998,0.0023056657783860606,-0.1021464889526367,0.04999686084523538,-0.07258838653564453,0.06281771231406945,0.004478607177734379,0.028350545316729942,0.5257632737948948,0.8675008134719975,-0.004579699143068364,-0.003294790238209968,0.0017952165752309476
69.0,-11.520791015625,0.8319146645115647,5.937500000000014,105.07251959956041,133.4222864532471,18.363585172543097,-0.060224308967590345,0.0379729806958946,8.659667968752283e-05,0.0,-0.06013771228790282,0.0379729806958946,-0.024583358764648452,0.037987230873464624,-0.0035235595703125063,0.020672786823369378,-0.11416917636400785,1.1826376322308791,-11.599042968750002,0.6956957980010543,1.8749999999999858,97.9691238031146,135.02218887329107,15.579840093348656,-0.04082229614257816,0.05242205600216049,-0.06111030273437499,0.002202064106546612,-0.10193259887695313,0.05023416120681495,-0.0724521636962891,0.06269666057986571,0.004417419433593737,0.02829032499275586,0.4054679959526146,0.9598235575410459,-0.003301303281380435,-0.002082659187992388,0.0029177158161600592
69.5,-11.4980419921875,0.7875375612625962,4.282226562500082,102.6253393309323,132.82640064239501,17.38817563241466,-0.05825911104679109,0.03903895596238913,8.659667968752283e-05,0.0,-0.058172514367103564,0.03903895596238913,-0.02259449005126954,0.03907386219118864,-0.002600250244140629,0.020626674031804113,0.00491926997969605,1.2643945744975027,-11.575205078125,0.6531556829518763,0.5664062500000497,96.10852234967142,134.41359779357913,14.625495453625993,-0.03650180816650388,0.05700463076589098,-0.060986401367187484,0.0020487759186209003,-0.09748820953369135,0.05503540620393177,-0.06811473846435544,0.06700447698813893,0.0063537597656250205,0.030070195286037476,0.6250917661440172,1.1283805014348938,-0.0039792920195017975,-0.0028267568269765625,0.002084012333582033
70.0,-11.47470703125,0.7441272900605559,-7.128906249999936,106.77106655684636,132.22461166381834,16.431207690437205,-0.05656086206436158,0.03834621965426292,8.659667968752283e-05,0.0,-0.05647426538467406,0.03834621965426292,-0.020919036865234383,0.03837034976224706,-0.0018218994140625036,0.02097300457571893,-0.1346010150331395,1.20685191955903,-11.551367187500002,0.6106155679026999,-10.937499999999943,100.13418731257568,133.80890960693358,13.673404150265844,-0.04252929687499997,0.05297102778560204,-0.06102180175781248,0.0019874606434506143,-0.10355109863281245,0.05103444730884529,-0.07415847778320309,0.06323147721026803,0.003112792968750018,0.027837470342982604,0.6021424051209203,1.341978017731748,-0.00450065745026294,-0.0034167497999035602,0.0013998404320794714
70.5,-11.441938476562498,0.6957968678446691,-9.106445312500004,106.02019365512106,131.4044683456421,15.357461921430083,-0.057576628923416126,0.03606676378173382,8.659667968752283e-05,0.0,-0.0574900322437286,0.03606676378173382,-0.02189868927001952,0.03608289484627777,-0.0023899841308593693,0.01944175143984054,0.01785224967902807,1.51657757377799,-11.518330078124999,0.5627642814318762,-13.2421875,98.84868085383319,132.98998023986817,12.59762064371875,-0.04079793930053713,0.054367160505925105,-0.061057202148437476,0.0019261453682803307,-0.1018551414489746,0.052493383057987404,-0.0724403762817383,0.0646470446546298,0.003752746582031244,0.028361632147925437,0.3213975813005335,1.2321088253131027,-0.0036745785944894754,-0.002659400988339471,0.002062557196259949
71.0,-11.4078515625,0.6470587139109144,-13.691406249999979,107.13681460098894,130.55943099975585,14.275544053310222,-0.05936767816543579,0.034300091285830704,8.659667968752283e-05,0.0,-0.05928108148574827,0.034300091285830704,-0.023677062988281244,0.034331419703692044,-0.003356323242187498,0.01844701722373142,-0.10082396038206853,1.4041396707375997,-11.48341796875,0.515454260838418,-17.94921874999998,99.76206702188708,132.1363020324707,11.530470433631622,-0.041105537414550766,0.05326701027273772,-0.06096992187499997,0.0017940003786891996,-0.10207545928955075,0.051508412448350215,-0.0727206802368164,0.06386460878138718,0.003406677246093755,0.027496747180462477,0.21399366827833596,1.0966330198119927,-0.0024521379809050274,-0.0015051363242560636,0.0031228590839657167
71.5,-11.369853515625001,0.5976542093479001,-18.95507812499997,109.99548599344578,129.6328419494629,13.173777654482098,-0.06310419678688049,0.032504891691281866,8.659667968752283e-05,0.0,-0.06301760010719296,0.032504891691281866,-0.027443542480468753,0.03252679159691726,-0.005272369384765623,0.018230468984970282,-0.102819162648878,1.2198386252199824,-11.44482421875,0.4670109648142255,-23.701171874999986,101.7748995033392,131.20475158691406,10.435896834579584,-0.04218393325805663,0.051578385504395356,-0.06094489746093748,0.0016977988262668563,-0.10312883071899412,0.0499127046693083,-0.0737521171569824,0.06256388768435808,0.002670440673828131,0.026498884126790103,0.2656937534714684,1.1897914622334036,-0.00026768333092682707,0.0006084965961784417,0.005137698615472032
72.0,-11.32734375,0.5456618463718512,-27.265624999999964,113.53739897847261,128.60951782226564,12.012599231554425,-0.06183361977338795,0.03413476187158939,8.659667968752283e-05,0.0,-0.06174702309370042,0.03413476187158939,-0.02620788574218754,0.03415111203368463,-0.004659423828125019,0.018719982557204577,-0.050915271252186964,1.2296603290932355,-11.40171875,0.41596282675521334,-32.03124999999997,105.27621314754579,130.17469360351564,9.28444988203739,-0.04166610717773438,0.05142359358917767,-0.06089973144531247,0.0015899685147604918,-0.10256583862304684,0.049880949646667436,-0.07316719055175781,0.06267901192603595,0.002760009765625,0.026099216979209406,0.23075130435971136,1.3355128984613354,-0.0005984378381804507,0.0002039575095784986,0.004628956293851759
72.5,-11.27841796875,0.48999118563450944,-34.37499999999999,116.39576295042919,127.44579048156739,10.770926567878899,-0.05972096007317306,0.03592194906671133,8.659667968752283e-05,0.0,-0.05963436339348554,0.03592194906671133,-0.024099731445312515,0.03594680460302884,-0.003630065917968755,0.019324216938944073,-0.10509535427137875,1.2759995118924323,-11.352099609375001,0.361379545934659,-39.16015625,108.08402988637818,129.00271949768066,8.0545615315289,-0.040824604034423825,0.051505773091755976,-0.06077613525390623,0.0014298087873760423,-0.10160073928833005,0.05013067924771897,-0.07193250656127928,0.06226642423741486,0.0030326843261718793,0.025690585884845143,0.0951353486601319,1.4068916396726874,-0.001342952031950449,-0.0006147745819147371,0.003704911293027009
73.0,-11.222929687499999,0.43057088880137134,-36.44531249999999,115.66307966696579,126.1416862487793,9.44635641613016,-0.06178882807493212,0.03163944591929336,8.659667968752283e-05,0.0,-0.0617022313952446,0.03163944591929336,-0.02614822387695314,0.03169122087304696,-0.004701538085937507,0.018112103369008394,-0.24684879329654477,1.255203548251389,-11.29544921875,0.30381930278859526,-40.95703125,107.81339694769552,127.68199874877931,6.7555650515239645,-0.04230106353759765,0.04999690415472647,-0.060667187499999976,0.0012442772219900913,-0.10296825103759763,0.048786947229765835,-0.07149967193603513,0.05681410603057525,0.0021105957031250034,0.024891027594577373,0.03480035386162683,1.4836359369285919,2.375194492243611e-05,0.0006755367420659842,0.004885803039001746
73.5,-11.166572265625,0.37136616530257177,-42.558593749999986,117.0428860307629,124.83233291625976,8.129362180188163,-0.058319430202245705,0.034768079881013256,8.659667968752283e-05,0.0,-0.05823283352255818,0.034768079881013256,-0.02265609741210937,0.03480329639578676,-0.002987365722656247,0.01777538147188283,-0.22186848389240915,1.3199436264028495,-11.2382421875,0.2459376830278466,-46.708984374999986,109.82622942914763,126.36062820434569,5.456193411893569,-0.04323347091674805,0.04867208950948252,-0.06055823974609373,0.0010587456566041433,-0.10379171066284178,0.04762763995018918,-0.07047433853149411,0.05186628755632366,0.0014729309082031246,0.02433703516462035,-0.0016245808634816061,1.5009345546650699,-0.001394413594284872,-0.0008190156683788568,0.0032814406521386947
74.0,-11.105351562500001,0.30991691952727785,-48.554687499999986,118.62227789084021,123.42658508300782,6.766945922586805,-0.059012586474418635,0.03327469407958443,8.659667968752283e-05,0.0,-0.05892598979473111,0.03327469407958443,-0.023397216796875,0.03329912466811811,-0.003410644531249999,0.016921530257752636,-0.1856976844769787,1.5132920813840758,-11.17640625,0.18538356299760625,-52.46093750000001,111.83906191059974,124.94700500488283,4.103559677048568,-0.03989860534667969,0.050492563013027986,-0.06044929199218748,0.0008732140912181952,-0.10034789733886715,0.049630301034857424,-0.06512145996093746,0.050467286959721046,0.0030291748046874997,0.02513554721494183,-0.26806740216164904,1.6100176964118529,-0.0006489536885290149,-0.00015565919362560323,0.003824758293812198
74.5,-11.0390625,0.24564949748249745,-59.619140625,123.13025719897007,121.92315254211424,5.350496798300203,-0.06201023146510124,0.030794434381622316,8.659667968752283e-05,0.0,-0.06192363478541372,0.030794434381622316,-0.02638214111328125,0.03083575337102265,-0.004942626953124999,0.015201489779125596,-0.12395987699637295,1.3747097515759097,-11.109091796875001,0.12261363578190189,-63.28125000000001,116.77811304155787,123.42897758483885,2.7061661877642185,-0.043618850708007806,0.047853339820328446,-0.06031470947265623,0.0007320832423348662,-0.10393356018066405,0.04713394230392166,-0.06813377380371094,0.047181063585638464,0.0009451293945312552,0.023390942495184638,0.031238547016134044,1.7431473220816367,0.0012062071359853765,0.0016173871719870865,0.005477272687556043
75.0,-10.96337890625,0.1775001407676461,-61.767578125,123.06213284307434,120.2302360534668,3.8529668168067097,-0.05886920541524887,0.03323403168835361,8.659667968752283e-05,0.0,-0.05878260873556135,0.03323403168835361,-0.02323150634765625,0.033297589329475324,-0.00333404541015625,0.0162513750639606,-0.1562780989355682,1.2266884173506345,-11.03271484375,0.054972315669910655,-65.4296875,116.71045480688723,121.72753524780273,1.2087896850353885,-0.04216766357421874,0.048059274976109026,-0.06003303222656248,0.0005285799583645256,-0.10220069580078123,0.04754291911695963,-0.06646347045898438,0.047584025276456395,0.0015487670898437535,0.023028903708952966,0.019073486328124056,1.6508857711622278,-7.145742086126644e-05,0.0002560807199034369,0.003992328690029844
75.5,-10.885791015625,0.10975386869524446,-69.7509765625,126.41955471868057,118.5168744659424,2.372241601867123,-0.061991264224052434,0.03317509809725711,8.659667968752283e-05,0.0,-0.06190466754436491,0.03317509809725711,-0.026351928710937503,0.03324562479149398,-0.004933929443359377,0.015513204235887921,-0.24937165089142588,1.095141987316339,-10.954755859374998,0.013582390610135185,-73.4375,120.02570830574953,120.01074684143067,0.29744687495554695,-0.043229694366455074,0.04613764577302367,-0.05972663574218747,0.0003108050155183408,-0.10295633010864255,0.04583162535350547,-0.06728736877441406,0.04587476940059869,0.0008985900878906265,0.02191628233600114,-0.3052122387296942,1.440464170144517,0.001868643381104632,0.0021106718715806477,0.005719566282470012
76.0,-10.802109375,0.043780053851432736,-77.6171875,129.70932962925642,116.69277526855468,0.942177404561331,-0.06280083894729616,0.031463890994944364,8.659667968752283e-05,0.0,-0.06271424226760863,0.031463890994944364,-0.027148437499999997,0.031526684245231675,-0.005346679687499999,0.0148040956565098,-0.26523545627549383,1.0624625925499618,-10.870546874999999,0.08538469215437279,-81.484375,123.00267063125854,118.18052917480468,1.8629557485776875,-0.04218315124511718,0.04585414535729006,-0.05942512207031248,8.45727933383253e-05,-0.10160827331542965,0.04577105739818135,-0.06597335815429686,0.04582000766848486,0.0013220214843750024,0.021458029910754014,-0.5724386290792546,1.50293680585953,0.002638601382396133,0.00279153358642705,0.006266372261963524
76.5,-10.711704101562498,0.051756352933061536,-83.3447265625,131.7644264060826,114.74825710296632,1.112989820772796,-0.06113698869943619,0.03059289623691003,8.659667968752283e-05,0.0,-0.06105039201974867,0.03059289623691003,-0.02548385620117187,0.030649290793731465,-0.0044837951660156245,0.014820213385376473,-0.21309130119554787,1.0974691395095937,-10.77927734375,0.16031618705212747,-87.802734375,124.03445870998608,116.2239616394043,3.485095489634106,-0.041416769027709965,0.044744774382751956,-0.05913642578124998,0.0001638597870930041,-0.10055319480895993,0.044907085631908934,-0.06490772247314454,0.04494978962525662,0.00158782958984375,0.02082899853367309,-0.6212215823727087,1.6016757729618756,0.002146398829003481,0.0022074610416280603,0.0055428937288218415
77.0,-10.616474609374999,0.12502227851699035,-90.77148437500001,134.80050747320266,112.730207901001,2.674335195565191,-0.06028084695339201,0.03083850843783212,8.659667968752283e-05,0.0,-0.06019425027370449,0.03083850843783212,-0.024647521972656235,0.030885340497096923,-0.004053039550781243,0.01470005008707121,-0.16659716626147283,1.086547642282996,-10.68349609375,0.23785252398470325,-95.82031250000003,126.0472911914382,114.1988087463379,5.14683300540146,-0.0433432388305664,0.04230986892994264,-0.05884772949218748,0.0004122923675243336,-0.10219096832275389,0.042719513166421294,-0.06650978088378906,0.04277401186494007,0.00047882080078125167,0.019854930237633194,-0.5847271116741333,1.4507049695982925,0.0020863139842235163,0.002055790915399331,0.005251680858090287
77.5,-10.515551757812501,0.20510339635727312,-99.6337890625,138.66535655000345,110.62363109588621,4.364936169886768,-0.05961907058954239,0.03061461640828597,8.659667968752283e-05,0.0,-0.05953247390985487,0.03061461640828597,-0.023995208740234378,0.030649484436731617,-0.0037559509277343773,0.014433654008637609,-0.17895465130572313,1.0850422599022944,-10.582177734375,0.3185857125054674,-105.27343750000001,128.88893704760588,112.08768806457518,6.858204047114251,-0.0418972015380859,0.042049827435164465,-0.05852698974609372,0.0006792252464984165,-0.10042419128417963,0.04272345471524861,-0.06469974517822262,0.04278232542500078,0.0010894775390625179,0.019352667487456045,-0.5887936323116937,1.2151767378282643,0.0021704087149510554,0.002046212807026729,0.005098347492380553
78.0,-10.40630859375,0.29072281764355673,-100.87890625000003,138.13268717782833,108.37792984008787,6.151578505252321,-0.06350387156009671,0.027117941789257083,8.659667968752283e-05,0.0,-0.06341727488040919,0.027117941789257083,-0.027871704101562474,0.027129387181841068,-0.005740356445312487,0.013130737353485206,-0.3647640201595226,0.9651823160024469,-10.4716015625,0.40249883805575287,-106.64062500000003,128.14469646622865,109.81843658447264,8.616978668073132,-0.033475494384765644,0.04814930474597045,-0.058076245117187474,0.001021216479560266,-0.09155173950195312,0.049153773510237635,-0.05584777832031251,0.04919362892040382,0.0052087402343749915,0.021895144281303954,-0.6304988549861585,1.1157220323142232,0.0045459486291992875,0.00432613205615295,0.0072305098757327185
78.5,-10.296894531249999,0.3763472928706604,-111.79199218750003,143.18149093147412,106.16938468933107,7.91664631354568,-0.05937968358397483,0.03147053256959642,8.659667968752283e-05,0.0,-0.05929308690428731,0.03147053256959642,-0.023726654052734365,0.0314887234068982,-0.0036483764648437447,0.014888066290002057,-0.437596105473303,0.7800718800267977,-10.360830078125,0.4860736724326844,-117.57812500000003,133.15140583185743,107.58518135070803,10.345826413239308,-0.03762359619140627,0.047338358094144696,-0.057625500488281224,0.0013632077126221125,-0.09524909667968749,0.04866797418591316,-0.05961044311523439,0.04867041386252656,0.0029437255859374907,0.021059299708714514,-0.49557025615985945,1.0167908166174053,0.002868004514795533,0.0025477153974614013,0.005295311556152573
79.0,-10.177421875,0.4670992956686621,-122.93945312500003,147.83001689065176,103.80314865112304,9.761689672746733,-0.06649356931447986,0.028758635991352168,8.659667968752283e-05,0.0,-0.06640697263479234,0.028758635991352168,-0.030834960937500037,0.028803122980532215,-0.007192382812500019,0.013749614135789913,-0.3556642332277145,0.794257567929576,-10.240332031249999,0.5752641402872802,-128.51562500000003,138.15811519748624,105.19987258911132,12.162462303630544,-0.03749732971191406,0.04800471646914255,-0.05717475585937498,0.001705198945683962,-0.09467208557128903,0.049689240445939094,-0.05902908325195312,0.049685902203158265,0.0028570556640625,0.021293968606545546,-0.5984091592001852,0.9575321441843306,0.006825197429437942,0.006404962379481239,0.008995938220990629
79.5,-10.04888671875,0.5630536270213127,-125.7470703125,147.57650355290912,101.30499702453612,11.682648973944039,-0.06288217395544049,0.030864910509913322,8.659667968752283e-05,0.0,-0.06279557727575297,0.030864910509913322,-0.027232742309570283,0.03087291602338699,-0.005387115478515609,0.015061026244826407,-0.4294114902025099,0.8828626405629081,-10.110595703125,0.6692921719208292,-130.859375,138.69938107485152,102.67919044494627,14.04771659418681,-0.041679058074951196,0.04594820318518631,-0.056717297363281224,0.00203556141966179,-0.09839635543823241,0.04795886576740182,-0.06269969940185549,0.04797629759813951,0.0005833435058593614,0.020007523684644878,-0.5398628928444673,0.8377158234501519,0.005447440434767721,0.004924368447330497,0.007353007587923052
80.0,-9.918359375,0.6602023606307553,-133.59375000000006,150.23378591278166,98.81808166503905,13.598067493552339,-0.06164233684539795,0.03263729664702426,8.659667968752283e-05,0.0,-0.06155574016571043,0.03263729664702426,-0.0260009765625,0.03264515357424562,-0.004736328125000001,0.0160049402835379,-0.7117069128787922,0.8774655015480095,-9.978515625,0.763861469431743,-137.89062500000006,142.7588751550911,100.16298522949216,15.914776105416248,-0.036263275146484315,0.047990458688787735,-0.05613898925781247,0.0024103246101422407,-0.09240226440429679,0.050378521764781,-0.05676727294921868,0.050374704879937234,0.0032043457031250278,0.02093158036857178,-0.3447419279938822,0.7323883918323216,0.005237868462508184,0.004609223003270384,0.006870041189135192
80.5,-9.781723632812499,0.7599314044909036,-144.97070312500006,154.47574154672287,96.26979473114011,15.531605086828687,-0.060004087686538685,0.03195390295168407,8.659667968752283e-05,0.0,-0.05991749100685116,0.03195390295168407,-0.024365463256835924,0.031967174060519216,-0.003918457031249995,0.01583406178206236,-0.84797536854422,0.8763138936019272,-9.840751953124999,0.8617121913241846,-148.26171875000006,148.74662892344443,97.59320243835447,17.81276864438915,-0.034177169799804716,0.04832744772935061,-0.05559730224609374,0.0027639446022881048,-0.08977447204589843,0.05106102724412136,-0.05415439605712892,0.051057196648737826,0.0041215515136718605,0.021068850974162882,-0.359206477523127,0.5923967344088037,0.0048690211405842225,0.004133410558974497,0.006223199420112246
81.0,-9.635673828124999,0.8641855539509808,-151.81640625,156.5466702619151,93.60422233581541,17.514395153267202,-0.05864931225776675,0.02997732638946904,8.659667968752283e-05,0.0,-0.058562715578079225,0.02997732638946904,-0.02298431396484377,0.029989537819773107,-0.003268432617187511,0.014952765379241515,-0.8552583280976881,0.8574545406899243,-9.693964843749997,0.9647725972862669,-154.296875,152.23102800898334,94.91405349731443,19.77390375944838,-0.03440601348876949,0.04737745391459227,-0.055061108398437475,0.0031143931146837855,-0.08946712188720696,0.05044825541734969,-0.05380744934082026,0.05046928685639926,0.00383209228515627,0.0203776454881954,-0.60469727416138,0.6588639174389452,0.004680062033519814,0.0038351498586295905,0.005749056862908551
81.5,-9.483588867187498,0.9719418175472468,-155.61523437500006,156.86062051594166,90.8921997451782,19.52438874266525,-0.05846366405487058,0.028007492015343256,8.659667968752283e-05,0.0,-0.05837706737518307,0.028007492015343256,-0.022770767211914043,0.028018687807197337,-0.0031924438476562404,0.013557413878932969,-0.8931145301231987,0.8820472527336233,-9.541142578125,1.0713174023338872,-158.33984375000006,152.12954065697738,92.19006935119627,21.76465415241487,-0.030606021881103514,0.050805761556869666,-0.05443061523437497,0.0035192853627910164,-0.08503663711547849,0.054262007805706114,-0.049399261474609366,0.05428408135744178,0.005572357177734378,0.021754293383507307,-0.9315373347355742,0.8794784164338632,0.0050806644280058655,0.004123340412477281,0.005855157755066761
82.0,-9.329667968749996,1.0803293684883037,-165.87890625000003,161.1360451853756,88.21609878540036,21.504995605892848,-0.05487929105758668,0.028766819370270744,8.659667968752283e-05,0.0,-0.054792694377899166,0.028766819370270744,-0.01922103881835939,0.028770011763418604,-0.0014349365234375081,0.013365491490258055,-0.9359819461137816,1.0765812875149017,-9.386679687499997,1.1788094226668973,-169.02343750000003,155.68159797718698,89.50608612060545,23.732586277158717,-0.030315856933593757,0.05245991777755469,-0.05380012207031248,0.003924177610898241,-0.08411597900390622,0.0562902125642154,-0.04851821899414063,0.05631073885260226,0.005537719726562494,0.022437345562339624,-1.197097173659671,1.0266227120899003,0.0037950569243277357,0.002726784458058691,0.0042781261157481
82.5,-9.166333007812497,1.1929248451992291,-171.41113281250003,163.5260521871649,85.44666194915769,23.515120596678575,-0.05511409044265743,0.027686639580349583,8.659667968752283e-05,0.0,-0.0550274937629699,0.027686639580349583,-0.0194707870483398,0.027660592124565876,-0.0015731811523437284,0.013800272461042117,-0.6728272338013563,1.050573351060897,-9.223339843749997,1.2914265542762104,-175.34179687500003,156.71338605591453,86.73945159912107,25.74823714694883,-0.031159210205078065,0.05328240543656571,-0.05316962890624997,0.004329069859005466,-0.08432883911132803,0.05749519666916322,-0.04868354797363275,0.05754941581686832,0.004922485351562526,0.02282099350145276,-0.8389301789112557,0.9179264736790533,0.004425801313480416,0.0032423368757823344,0.004605024639063032
83.0,-8.997880859374998,1.3082962986549769,-176.86523437500003,166.05162954016174,82.67859687805174,25.52103003367251,-0.049869513511657665,0.032997349882035856,8.659667968752283e-05,0.0,-0.04978291683197014,0.032997349882035856,-0.014235916137695264,0.03294438263377932,0.0009637451171875225,0.014618168227091761,-0.8950542458843245,0.7869717713990956,-9.054414062499998,1.4060057746909715,-181.38671875000003,158.2187817773367,83.96386474609372,27.741745273703096,-0.02450218200683588,0.05674305859500667,-0.052539135742187465,0.004733962107112694,-0.07704131774902336,0.06139348620631858,-0.04137649536132806,0.0614680298220622,0.008028564453125027,0.024193860462185888,-0.5941768904110183,0.8647824983581965,0.0024021372902594605,0.0010992229148832052,0.002265004523847841
83.5,-8.824770507812497,1.4263614885032752,-182.31933593750003,168.5790126040678,79.92061244964597,27.521213710693054,-0.05569745659828193,0.027719011179434552,8.659667968752283e-05,0.0,-0.05561085991859441,0.027719011179434552,-0.02006427764892585,0.027679442034088304,-0.002030944824218786,0.01283677093074918,-1.0167290391899773,0.7124821664275666,-8.880244140624997,1.5222595364138318,-187.13867187500003,160.23161425878882,81.18568763732908,29.707486698809497,-0.025405864715576196,0.05489828351246281,-0.05190864257812497,0.005138854355219922,-0.07731450729370115,0.059969645336685695,-0.041615905761718766,0.060045393356657206,0.007354431152343736,0.0230407845705513,-0.7560548582277182,0.8150089334095453,0.005908720160571387,0.004487101388247914,0.00545628873123335
84.0,-8.646953124999998,1.5467024820938375,-189.64843750000006,172.4609109569629,77.17529296874997,29.50590115184397,-0.04991710186004629,0.031076347015002115,8.659667968752283e-05,0.0,-0.04983050518035877,0.031076347015002115,-0.0142846679687499,0.031066499586911323,0.0008129882812500495,0.014346045275114325,-1.1185666953489193,0.9362669257140034,-8.701562499999998,1.6411181401715127,-194.88281250000006,163.39463672964217,78.4238110351562,31.66381702204721,-0.02011993408203118,0.057557202380766906,-0.05115363769531247,0.005615633477664723,-0.07127357177734366,0.06304628639806165,-0.035615386962890544,0.06308802366922495,0.009772949218750032,0.0241453501944031,-0.6811978711392852,0.6653798714053486,0.0035884695730287117,0.0020459220702144475,0.0028137325194821997
84.5,-8.462895507812501,1.670480926465011,-194.6630859375,174.09758257066747,74.42762647628786,31.490460198706,-0.0490026134252548,0.031089606133040494,8.659667968752283e-05,0.0,-0.048916016745567274,0.031089606133040494,-0.01336585998535154,0.03108844038863354,0.001187591552734386,0.014553257436283603,-1.218105040507987,1.002947333924582,-8.516694335937501,1.7635034294113996,-199.8974609375,165.02689164107178,75.65986631393434,33.62039098760945,-0.01669170379638673,0.05852828027832945,-0.050361096191406225,0.006114084378402464,-0.06705279998779297,0.06451677149987538,-0.031440544128417985,0.06452661237622057,0.011253356933593745,0.0242517221928591,-0.6251488532219827,0.6155626814180867,0.0037583291338751674,0.0020906094783047302,0.002648774587785172
85.0,-8.274707031250003,1.7966456178954973,-200.43945312499986,176.1807187856959,71.71571121215825,33.454406384799235,-0.050130973756313355,0.02935592659045042,8.659667968752283e-05,0.0,-0.05004437707662583,0.02935592659045042,-0.01448974609375003,0.029372892779748822,0.0005355834960937369,0.014162815025251543,-1.2438794116040202,0.9671310646164971,-8.327148437500004,1.8873264561380383,-205.12695312499986,168.0461403632499,72.92014999389654,35.536365849802124,-0.020797729492187396,0.05873314970533489,-0.04965095214843749,0.006564963082887401,-0.07044868164062489,0.06513600518823771,-0.03478889465332022,0.06516470089918983,0.008891296386718811,0.023931545370935583,-0.5865137060205465,0.6556131745751967,0.004963395924504439,0.0031690207951896856,0.0035139842745479746
85.5,-8.082299804687503,1.9252470770160917,-206.85058593749994,178.52212445804267,69.04625196456912,35.39403453475255,-0.047053294628858655,0.030849301350268848,8.659667968752283e-05,0.0,-0.04696669794917114,0.030849301350268844,-0.011417770385742276,0.030886697479083493,0.002003784179687457,0.015317975605227518,-1.2864537450261373,0.873435430302239,-8.133383789062504,2.0135851793128223,-210.94238281249997,171.4036802587814,70.2228149223328,37.4278718867797,-0.02233896255493182,0.06022822096753273,-0.04895911865234374,0.00700527018820505,-0.07129808120727556,0.06705574869856545,-0.03558063507080097,0.06710426248103918,0.007839050292968665,0.024412967243422543,-0.6059154875072799,0.5649131888692158,0.004048758701945404,0.0021280711805833786,0.0022594091254479606
86.0,-7.884101562500003,2.0564641287485617,-210.37109374999997,178.40695522247142,66.40113220214849,37.30553686928725,-0.043581686019897425,0.03257858713083055,8.659667968752283e-05,0.0,-0.0434950893402099,0.03257858713083055,-0.007954101562499963,0.03261156204961302,0.0036401367187500217,0.016546334168670445,-1.392011309003507,0.5863225854399767,-7.934140625000004,2.14300692495846,-213.53515624999997,172.90061870086976,67.55582946777349,39.30185556420998,-0.016073226928710944,0.06583581358311953,-0.04816657714843749,0.007503721088942797,-0.06423980407714844,0.07319594373710835,-0.028569183349609395,0.07321681310040427,0.010791625976562502,0.0271641470307403,-0.7504471643265647,0.5421868927755653,0.002983374600101483,0.0009329009051644011,0.0008436477182071897
86.5,-7.683413085937503,2.1885747118625867,-214.08203124999994,178.66933429681322,63.832388134002734,39.1611492900618,-0.04478641510009776,0.031483424750044106,8.659667968752283e-05,0.0,-0.04469981842041024,0.031483424750044106,-0.009163513183593854,0.03152421958152896,0.0028952026367187003,0.015689780542919394,-1.2333616954741278,0.6596906375912869,-7.732641601562503,2.273731091621508,-217.09960937499994,173.4249700195673,64.9709158134461,41.12990478431597,-0.016726703643798826,0.06617499622786885,-0.04737403564453125,0.008002171989680545,-0.06410073928833007,0.07398783302538746,-0.028435440063476577,0.07399956671015237,0.010152587890625009,0.02684936993098755,-0.6579973981097083,0.7922546901874993,0.004304046273059175,0.002123170457095249,0.0018112495351882748
87.0,-7.480439453125003,2.322006963026955,-220.07812499999994,180.25254652787888,61.349846229553265,40.96704671163685,-0.03795478820800791,0.03568361604470336,8.659667968752283e-05,0.0,-0.03786819152832039,0.03568361604470336,-0.0023272705078126003,0.03573979865361554,0.006196899414062453,0.017426783240233716,-1.0578719274703323,0.8611772620429902,-7.528857421875003,2.4057745938606327,-223.41796874999994,174.45675809829487,62.47264743804936,42.90895266010669,-0.015779838562011723,0.06499199239804551,-0.04658149414062499,0.008500622890418294,-0.06236133270263671,0.07337489191046012,-0.02673660278320314,0.07335553448889466,0.010310058593750004,0.026044956231568384,-0.588913853074005,0.7639624382177798,0.001582614626432259,-0.0007292289400629465,-0.0012657985520626994
87.5,-7.272094726562504,2.4579823598350905,-223.38867187499997,180.5710011584102,58.933782100677526,42.72253180597234,-0.04156565666198724,0.03395288463302258,8.659667968752283e-05,0.0,-0.04147905998229972,0.03395288463302258,-0.005964279174804626,0.033986221389978734,0.004203796386718784,0.015568263264408346,-1.381796278875752,0.7748445265351148,-7.319946289062504,2.540778143866599,-227.17285156249997,174.00852229360177,60.04613637924198,44.646571429848244,-0.01299715042114261,0.06583835662615832,-0.045788952636718734,0.008999073791156042,-0.05878610305786135,0.07468690061017101,-0.023141860961914104,0.07467360813858963,0.011375427246093738,0.02635698982236586,-0.648116176222863,1.063620135873014,0.00416048938525241,0.0017171116689125537,0.0009539232660968847
88.0,-7.060898437500004,2.5942973887635175,-224.0234375,180.31300351289102,56.60184417724613,44.40154648594235,-0.037930068969726616,0.03362385867933632,8.659667968752283e-05,0.0,-0.03784347229003909,0.03362385867933632,-0.002288208007812551,0.033669483333316035,0.005902099609374976,0.015413053745414266,-1.3043312481789067,0.758786898323841,-7.108593750000003,2.6768303965099616,-228.515625,172.52849841018113,57.712302246093785,46.322493686124524,-0.010178985595703158,0.06715646118843085,-0.04499641113281249,0.009497524691893787,-0.05517539672851565,0.07643294607167113,-0.019509887695312544,0.07642654430019202,0.012532958984374986,0.026547031582869543,-0.34622725906906376,1.1637918220500152,0.003056332981164296,0.00047975211825720867,-0.000513908120558884
88.5,-6.849335937500003,2.7308246962645746,-226.18164062499997,180.93614752334818,54.38976440429691,46.01138008360533,-0.034676189422607445,0.03347034355234896,8.659667968752283e-05,0.0,-0.03458959274291992,0.03347034355234896,0.000976562499999974,0.03350570953578015,0.00736999511718749,0.015089418389459801,-1.2031608528190607,0.42946955066202885,-6.895898437500004,2.8114026252699027,-230.40527343749997,173.6194874442455,55.47616287231449,47.89082768747915,-0.009326629638671882,0.0672176838283485,-0.04420386962890624,0.009995975592631537,-0.05353049926757812,0.07705453165446094,-0.01782966613769533,0.07704477423375755,0.012649536132812502,0.026314607823501205,-0.20720706397281768,1.0878119008751144,0.002185846141004618,-0.0005242330953580889,-0.0017498484812727899
89.0,-6.636220703125003,2.8682491872123483,-227.490234375,181.07037687170876,52.28705135345462,47.55808687162713,-0.03269239425659181,0.03269042906665353,8.659667968752283e-05,0.0,-0.03260579757690429,0.03269042906665353,0.0029495239257812354,0.03270341516260999,0.008172912597656245,0.014384513792564457,-1.1429779123871038,0.4562825169812245,-6.681650390625003,2.94687132563923,-231.4453125,174.21995427694762,53.34939022064212,49.39601878238494,-0.011758766174316357,0.06588832323371616,-0.04341132812499998,0.010494426493369286,-0.05517009429931634,0.07622043812915219,-0.019429168701171836,0.07620895321553252,0.011108703613281283,0.025456735182742846,-0.2907446658972541,1.0580072981777153,0.0019856179021110515,-0.0008587192184693038,-0.002318550283062775
89.5,-6.421845703125001,3.005896979527912,-227.7734375,180.58043672673398,50.295850849151634,49.030333604789575,-0.030465469360351605,0.03237904330257464,8.659667968752283e-05,0.0,-0.030378872680664082,0.03237904330257464,0.0051725769042968335,0.03239125170527821,0.009092559814453107,0.014750349932919,-0.46157560704195116,1.3804082699154934,-6.466362304687502,3.0829404928412605,-231.4453125,174.21995427694762,51.338538265228294,50.834283032101204,-0.011651134490966858,0.0657873858327167,-0.042542797851562494,0.011036749530651284,-0.054193932342529345,0.07669553507124982,-0.01848754882812507,0.07663500357700614,0.010872344970703097,0.025305910149962703,-0.4200808651797421,1.0467666778307,0.0016756229800570198,-0.0013041210775027777,-0.0030010748209779426
90.0,-6.207421875000003,3.143461052601286,-228.3203125,179.63940847608222,48.431249618530295,50.427824220174934,-0.02612113952636726,0.03458663211029708,8.659667968752283e-05,0.0,-0.026034542846679738,0.03458663211029708,0.009526062011718676,0.034613768930220834,0.011071777343749969,0.016569924220059765,0.7020555731855567,2.8396422050389747,-6.251074218750003,3.2190096600432896,-231.8359375,173.54337193024102,49.45551338195803,52.199888020015734,-0.009129714965820252,0.06577432044954097,-0.041630932617187484,0.011575901088183103,-0.05076064758300773,0.07721789920852601,-0.015129089355468701,0.07712410312164239,0.011859130859375035,0.025214248017853554,0.27472711665370303,1.1280404058762474,0.000305473224041803,-0.002809134059680187,-0.004743190076715077
90.5,-5.9929980468750035,3.2810252996327898,-228.05419921875003,178.23581292070745,46.693981075286885,51.75180369315645,-0.02250114440917962,0.03647860778841481,8.659667968752283e-05,0.0,-0.0224145477294921,0.03647860778841481,0.01314804077148444,0.03651529772311225,0.012653503417968788,0.01702144670673786,2.0186916820374994,4.285337412219931,-6.035786132812502,3.35507882724532,-231.58935546875003,172.09294852448878,47.70004365921022,53.49236278138564,-0.009712543487548922,0.06337583134621032,-0.040820690917968736,0.01204369435133571,-0.05053323440551766,0.07526119406566645,-0.014851913452148542,0.0752243171189617,0.011259613037109331,0.023426052758546312,1.3349290994497625,2.56291924663028,-0.0006671361656551012,-0.003916221525736218,-0.006087596846852504
91.0,-5.7788818359375025,3.4184120996607175,-224.91210937500003,174.94956761230694,45.08629025459292,53.001187075368954,-0.02802621841430669,0.034077249079178085,8.659667968752283e-05,0.0,-0.02793962173461917,0.034077249079178085,0.007606811523437454,0.03411861662888405,0.009595642089843728,0.015122522498869188,3.209147433856711,5.518070253445876,-5.820805664062503,3.490970391581339,-228.36914062500003,168.92569741396855,46.074059343338035,54.71007910823977,-0.0007984924316405649,0.0661147150223344,-0.039997631835937485,0.012518887733905418,-0.040796124267578046,0.07851381477702586,-0.0050386047363280735,0.0785427536308538,0.015428161621093782,0.02457369060787137,2.154008425199079,4.20298470731484,0.003005993049966511,-0.00037857724098375525,-0.0027898440404137428
91.5,-5.567878417968752,3.5529143114682555,-222.93457031250003,172.37106335068026,43.62821444034577,54.14040254024015,-0.02390301704406743,0.0371147591429096,8.659667968752283e-05,0.0,-0.023816420364379906,0.0371147591429096,0.011728515624999956,0.03713701924953497,0.011491546630859354,0.01730642024203838,2.7470306508190605,4.366529747931356,-5.609270019531252,3.6245573472988886,-226.34277343750003,166.44771456915564,44.604818711280835,55.83015337839908,-0.0059080123901366615,0.06137334125890451,-0.03902534179687498,0.013080239649688545,-0.044933354187011644,0.07435052701737326,-0.009288482666015578,0.07434417740190052,0.012560577392578156,0.022266473209700804,2.6434252423284152,5.2653029668134215,0.0017245742124267615,-0.0017949399399753247,-0.004445977660417339
92.0,-5.359257812500002,3.685860314531703,-219.64843750000003,169.2204587503177,42.31805496215822,55.19011393676602,-0.025597381591796857,0.03705292135596094,8.659667968752283e-05,0.0,-0.025510784912109334,0.03705292135596094,0.010059204101562514,0.03708824515350298,0.01038208007812501,0.016837704337890162,2.03112064930657,3.0692642045271845,-5.399765625000002,3.755979239506978,-223.08593750000003,163.25932026030083,43.27554244995119,56.84696017139763,-0.0006121826171875556,0.06425297666168638,-0.03820686035156248,0.01355279013246643,-0.038819042968750044,0.07774887090695688,-0.0030856323242188163,0.07781395488012285,0.014924316406249978,0.02332387248459259,2.2097727413221504,3.79526626014396,0.0034409257446971694,-0.00021147188758543437,-0.003099510357855222
92.5,-5.153955078125001,3.8168914805060075,-215.23437500000003,165.42510439526575,41.14708337783814,56.15948370522788,-0.02754335403442381,0.036478491017072526,8.659667968752283e-05,0.0,-0.027456757354736287,0.036478491017072526,0.00809402465820314,0.03650633355203363,0.009157562255859385,0.015804753758275808,1.2927937438159018,1.9062635538595167,-5.193579101562502,3.8854855579459535,-218.70117187500003,159.4197154427409,42.08545408248902,57.78340679640384,-0.002031707763671852,0.06343213873919826,-0.037263867187499994,0.014097227489581891,-0.039295574951171836,0.07748507994167826,-0.003595733642578109,0.07755359906682266,0.013871765136718766,0.022637324557537534,1.5771308701076496,2.35691376617599,0.005268968901037037,0.0014847704035611357,-0.0016391303011491247
93.0,-4.952636718750002,3.9449487318761625,-209.47753906250003,161.356508062756,40.10834667205811,57.03748732689489,-0.028304824829101564,0.036199374636669175,8.659667968752283e-05,0.0,-0.02821822814941404,0.036199374636669175,0.007333679199218747,0.03621788361432051,0.00855865478515625,0.015852495822037956,0.016580138173000303,1.2107677524777416,-4.991669921875001,4.01252235081945,-213.18847656250003,154.9289001164759,41.03415073394776,58.63972585337658,-0.003007965087890623,0.06317280338762847,-0.03629157714843749,0.014658579405365017,-0.03929954223632811,0.07774356009006395,-0.0036253356933593807,0.07781885227075107,0.013059997558593753,0.022110140350409268,1.0680478436128737,0.9237844605840929,0.006466046691438207,0.0025515589688562346,-0.0008062822831500075
93.5,-4.756311035156251,4.06956183103736,-202.90649414062503,156.93273615528594,39.20086330890656,57.82756881387361,-0.026215639114379914,0.0364386509920311,8.659667968752283e-05,0.0,-0.02612904243469239,0.0364386509920311,0.00942382812499997,0.03645300219179331,0.009398651123046862,0.015892847235121608,-2.063699357159625,4.370578678518298,-4.794548339843752,4.13575759663239,-206.91040039062503,149.99619194501815,40.109058842658996,59.39930778254323,-0.0014492797851562728,0.06439570928426158,-0.03533332519531249,0.015244245999232912,-0.03678260498046875,0.07950834012809382,-0.0010997009277344,0.07956808267084596,0.013527221679687493,0.022264807259450653,-0.6293160876473427,2.70152149991021,0.006216432989500923,0.0021736950454616464,-0.0014152124137926077
94.0,-4.5659033203125015,4.190758258322289,-195.49316406250003,152.02473507886157,38.42486502170563,58.54173915754839,-0.024503746032714845,0.036527347308391876,8.659667968752283e-05,0.0,-0.024417149353027322,0.036527347308391876,0.011138610839843754,0.036538789876946906,0.010025024414062502,0.015620112691904272,-4.162059628324487,7.955236069607041,-4.603227539062502,4.255373126890448,-199.79003906250003,144.57719021186503,39.31275579929353,60.078306763783225,-0.002307128906249959,0.06397246992935784,-0.03437873535156249,0.01583625555260118,-0.036685864257812444,0.07967929286393398,-0.0009780883789062174,0.07972214912203444,0.012792968750000022,0.021794161473845896,-2.8488914783185906,6.595462278780013,0.006173627043968266,0.0020044359086304865,-0.0018130286277160076
94.5,-4.382087402343751,4.308148974491392,-186.95190429687503,146.4678430358254,37.77397693634033,59.183678756230925,-0.02355319976806644,0.0365642630198826,8.659667968752283e-05,0.0,-0.023466603088378918,0.0365642630198826,0.012097854614257776,0.03656988762436449,0.01025955200195311,0.015660564192940294,-6.314973093690975,11.556068063081115,-4.418498535156251,4.3711828814482825,-191.54174804687503,138.5069779700068,38.64156295776368,60.68507333631504,-0.005350532531738301,0.06212432179092963,-0.03337562255859373,0.016456279843762772,-0.038726155090332046,0.07848558887143531,-0.0029962921142578404,0.07851221064504853,0.01099853515624999,0.020842594253019323,-5.19190602647136,10.438494543674553,0.006514012000183304,0.0022205562519918044,-0.0018222322499806525
95.0,-4.20562744140625,4.420840278092935,-177.52685546875003,139.83228146288513,37.23782614469529,59.749819400998696,-0.021503829956054633,0.037821392586092094,8.659667968752283e-05,0.0,-0.02141723327636711,0.037821392586092094,0.014133453369140677,0.03783635401037451,0.011077880859375028,0.015958512049571515,-7.481473114662909,13.29779269161519,-4.241125488281251,4.482294617336173,-182.16552734375003,131.7855552194435,38.084661090374,61.21532819525686,-0.002851486206054679,0.06350847751298047,-0.032252880859374986,0.01713127645059427,-0.03510436706542966,0.0805634916376192,0.0006050109863281299,0.0805638730452836,0.011993408203125009,0.021458102548308784,-6.9115814351258855,13.528144550657917,0.006254746353020663,0.00184081229072291,-0.002421268659326059
95.5,-4.0376000976562505,4.528482184704605,-167.03674316406256,132.5249509370792,36.81115128993988,60.24872252371038,-0.02955893635749817,0.035424977540706476,8.659667968752283e-05,0.0,-0.029472339677810648,0.035424977540706476,0.006109619140624998,0.035477945728486636,0.006756744384765625,0.014694245778303654,-8.225992929129697,14.709545168419744,-4.07189208984375,4.587849920701735,-171.69982910156256,124.43512231842644,37.63031262874603,61.6663748188578,-0.004472732543945295,0.06285248293266214,-0.03111854248046873,0.017786187019007915,-0.03559127502441403,0.08047562131631168,0.0001129150390625118,0.08047484520401116,0.01083465576171876,0.021260999484741753,-7.774386294794075,15.04088063567014,0.011122524355286888,0.00659110005650152,0.0021144434608679477
96.0,-3.8801562500000006,4.630013895034537,-156.23535156250003,125.03801940654498,36.49611930847168,60.68317276267501,-0.028424615859985354,0.037063710915983886,8.659667968752283e-05,0.0,-0.02833801918029783,0.037063710915983886,0.007229614257812495,0.037124537045830575,0.007182617187499997,0.016271124826995855,-9.019218158055065,16.104228932615502,-3.9132421875000003,4.687294839748603,-160.92285156250003,116.9049722315654,37.28760704040528,62.052964399513264,-0.007488250732421861,0.060470530911082405,-0.029984204101562485,0.018441097587421566,-0.03747245483398434,0.0788655366293486,-0.0018188476562499903,0.07884293791322096,0.009105224609375009,0.019412376246146914,-8.638702806059365,16.563743467209118,0.01122782396524508,0.006582558444289377,0.0018972362533946885
96.5,-3.7329180908203132,4.7253943760661015,-143.37036132812503,116.35994292876568,36.2701470002532,61.06031316826545,-0.025322209596633928,0.039135278760848005,8.659667968752283e-05,0.0,-0.025235612916946405,0.039135278760848005,0.010368576049804675,0.03920777731404134,0.008563537597656243,0.016372357222889905,-10.051037673349999,17.389038590650053,-3.764910278320313,4.780782662664703,-148.08227539062503,108.18340291855073,37.0365175446868,62.386659404431136,-0.004878005981445327,0.06216818001631946,-0.028849865722656232,0.019096008155835214,-0.033727871704101554,0.0811495663649829,0.0020102691650390435,0.0811804571533172,0.010151824951171869,0.020076046948726622,-9.673182025100267,17.97133143860457,0.010360040814255504,0.005605137207722814,0.0007180654300332854
97.0,-3.596888427734376,4.81331120770996,-129.79492187500003,107.27194748684697,36.11260730564594,61.37527396596976,-0.025045776367187498,0.03794349437355513,8.659667968752283e-05,0.0,-0.024959179687499975,0.03794349437355513,0.010649871826171874,0.03801170125327945,0.008511352539062501,0.015150556367452198,-10.823597913577585,18.792885778947593,-3.6277087402343753,4.866671620099355,-134.02343750000003,99.93121260856375,36.85168048679829,62.65440666148841,-0.0037587738037109346,0.062274983017952354,-0.02758918457031248,0.019823862758503164,-0.03134795837402341,0.08189460692920633,0.004404602050781251,0.08193081332446082,0.010477600097656251,0.01965834877416906,-10.575797563388374,19.444072221640532,0.010904211945804732,0.006044552740615265,0.0009638657257763821
97.5,-3.473123168945313,4.894147323439515,-115.44494628906253,97.73713019373096,36.02174350768327,61.6517425343913,-0.024055910110473644,0.03726919995760189,8.659667968752283e-05,0.0,-0.02396931343078612,0.03726919995760189,0.011617279052734367,0.03731804846089152,0.008789062499999995,0.014683270682484676,-11.518437920750465,20.222754739487907,-3.5027130126953128,4.94537823305975,-119.13146972656253,91.33333100580639,36.732135505974284,62.88126172584824,-0.00628604888916014,0.05964074987503501,-0.02629279785156248,0.02057233197954733,-0.03257884674072262,0.08004404722862395,0.0031986236572265764,0.08009247695484337,0.008982086181640635,0.018252782098034565,-11.421008932562723,20.96758894043043,0.011095622594254948,0.006136454200778673,0.0008709614753893381
98.0,-3.3622705078125,4.96752847574795,-99.99633789062503,87.56856251047806,35.986181409358984,61.89628551775864,-0.02292285919189454,0.03680939675822255,8.659667968752283e-05,0.0,-0.022836262512207016,0.03680939675822255,0.012751770019531245,0.03685552158235687,0.009132690429687496,0.014795439544282954,-12.188279834382765,21.68005638306705,-3.3906298828125,5.016629754287371,-103.14086914062503,82.10115345301159,36.66789222478867,63.07618833903525,-0.006589355468750001,0.05850663139242686,-0.02491218261718748,0.021369430556761035,-0.031501538085937475,0.0796917633080242,0.0042495727539062465,0.07971549298779636,0.0086102294921875,0.017652257609299636,-12.323483442648897,22.461436995839502,0.011196477333433312,0.006143423347573457,0.0007026320839429801
98.5,-3.264912414550782,5.032363214491974,-588.7756347656255,799.406343121311,35.98760275505482,62.10198063052707,-0.02216775894165038,0.03726710202847082,8.659667968752283e-05,0.0,-0.022081162261962856,0.03726710202847082,0.013520584106445323,0.037308990259629526,0.00932846069335938,0.015131474200876713,-12.717501869846359,23.228876256299515,-3.2923684692382817,5.079901303883563,-481.46606445313785,612.452911837997,36.64830980919301,63.24555904076691,-0.004759864807128906,0.05869338086995654,-0.023453747558593727,0.02221145843043573,-0.02821361236572264,0.08080639879731209,0.007480163574218747,0.0807909228627417,0.009320983886718752,0.017334525825210705,-13.235197167296544,23.935035500509986,0.011418039145875858,0.006277268310626159,0.0006716694336333894
99.0,-3.182072143554687,5.088319928158678,-1408.661804199219,2259.578821743986,36.018367656320336,62.27922745476263,-0.021866664886474596,0.0379813236412974,8.659667968752283e-05,0.0,-0.021780068206787073,0.0379813236412974,0.013802795410156266,0.03798795560069601,0.009323730468750006,0.014842710759775793,-13.149958640545421,24.84141993446115,-3.208839721679687,5.134666944789753,-1345.5856323242274,2150.2014267717764,36.66317455634475,63.39532357312467,-0.005389556884765624,0.05825898443695209,-0.02195319824218748,0.023077800982195185,-0.027342755126953104,0.0812587979135826,0.008331909179687506,0.08124143239387635,0.0087921142578125,0.01701010654794185,-14.076208279127314,25.454132701076855,0.011811077578401517,0.006589161606748606,0.0008299811939992997
99.5,-3.1145957946777347,5.135406377278184,-2227.6394271850586,3721.116105818465,36.073756844047466,62.44225990547727,-0.02538202285766601,0.03587048898891201,8.659667968752283e-05,0.0,-0.025295426177978485,0.03587048898891201,0.01025367736816407,0.03585933309484234,0.007324523925781254,0.0133361781733528,-13.844707948622471,26.293675957308366,-3.1406748962402347,5.180562221124649,-2208.796653747563,3688.4744912417377,36.70266358995811,63.53087126706523,-0.006634254455566407,0.05773863120745887,-0.02033271484374998,0.024013387508500395,-0.026966969299316385,0.08161672095246357,0.008653259277343749,0.08158034260111555,0.00790985107421875,0.016696335892266632,-14.941136031161957,26.9705575504502,0.01416722970138182,0.008871249150932455,0.002970628237575601
100.0,-3.063262939453125,5.173172467734413,-3045.7534790039062,5183.281533551028,36.14529321715236,62.59597213284452,-0.0313720703125,0.03254538298233686,8.659667968752283e-05,0.0,-0.03128547363281248,0.03254538298233686,0.0042724609375,0.03254272962332833,0.004150390625,0.012230202617448444,-14.666672519870602,27.667260426748857,-3.088653564453125,5.217137047053703,-3071.1441040039062,5227.246138757425,36.75829980894923,63.65709637918127,-0.006275177001953125,0.05879444270667681,-0.018712231445312477,0.024948974034805605,-0.024987408447265602,0.08335642948402654,0.01064300537109375,0.08332941885380822,0.00787353515625,0.017009765477826008,-15.782756961031138,28.497873373202626,0.017666594557110376,0.012303690932804505,0.006273915778902252
