phase_pct,baseline_omega_mean,baseline_omega_std,baseline_alpha_mag_mean,baseline_alpha_mag_std,baseline_omega_sq_mean,baseline_omega_sq_std,baseline_sp_feedback_mean,baseline_sp_feedback_std,baseline_turn_ff_mean,baseline_turn_ff_std,baseline_required_turn_voltage_mean,baseline_required_turn_voltage_std,baseline_motor_voltage_delta_mean,baseline_motor_voltage_delta_std,baseline_speed_error_mean,baseline_speed_error_std,baseline_acceleration_mean,baseline_acceleration_std,trial_omega_mean,trial_omega_std,trial_alpha_mag_mean,trial_alpha_mag_std,trial_omega_sq_mean,trial_omega_sq_std,trial_sp_feedback_mean,trial_sp_feedback_std,trial_turn_ff_mean,trial_turn_ff_std,trial_required_turn_voltage_mean,trial_required_turn_voltage_std,trial_motor_voltage_delta_mean,trial_motor_voltage_delta_std,trial_speed_error_mean,trial_speed_error_std,trial_acceleration_mean,trial_acceleration_std,predicted_speed_error_unconstrained,predicted_speed_error_constrained,predicted_speed_error_conservative
0.0,-0.051849365234375,0.0,63.262939453125,0.0,0.002688356675207615,0.0,-0.0008977254231770834,0.01599301242306796,6.40869140625111e-05,0.0,-0.0008336385091145723,0.01599301242306796,0.034464518229166664,0.015916905695932886,0.001708984375,0.009552733177008716,0.4648061899038547,0.764613323090033,-0.051849365234375,0.0,63.262939453125,0.0,0.002688356675207615,0.0,-0.023801167805989582,0.012944881382229793,-0.007015991210937489,0.0,-0.03081715901692707,0.012944881382229793,0.004679361979166667,0.01296393359930154,-0.012532552083333334,0.004487732968412186,0.7907064181478286,0.8565208373972684,0.0006510416666666666,0.0006510416666666666,0.0006510416666666666
0.5,-0.11163284301757813,0.0,85.49789428710938,0.0,0.012669905959628523,0.0,-0.0072062810262044285,0.010624022710097275,6.40869140625111e-05,0.0,-0.007142194112141917,0.010624022710097275,0.02815836588541666,0.010585620487497938,-0.001444091796875,0.006816200318819139,0.28800697593422697,1.1151001278237778,-0.11163284301757813,0.0,85.49789428710938,0.0,0.012669905959628523,0.0,-0.026677869160970053,0.011610844751883745,-0.009323120117187488,1.734723475976807e-18,-0.03600098927815754,0.011610844751883745,-0.0006270345052083338,0.01167005601466225,-0.013763020833333334,0.0033391933043254956,0.5564530616410583,0.9421057223571917,0.003804117838541667,0.003804117838541667,0.003804117838541667
1.0,-0.192357177734375,0.0,106.673583984375,0.0,0.03773874983191491,0.0,-0.012541580200195315,0.00826196531873527,6.40869140625111e-05,0.0,-0.012477493286132804,0.00826196531873527,0.022793782552083332,0.00822205069862593,-0.0040901692708333335,0.005158920495628893,0.21140880332774178,1.274021263626739,-0.192357177734375,0.0,106.673583984375,0.0,0.03773874983191491,0.0,-0.02156707763671875,0.011133555292702806,-0.01163024902343749,0.0,-0.03319732666015624,0.011133555292702806,0.0021604410807291668,0.011175893279151939,-0.010973714192708333,0.004555590012159659,0.027674487513352348,0.8516506685245754,0.0064501953125,0.0064501953125,0.0064501953125
1.5,-0.29302856445312503,0.0,126.866455078125,0.0,0.08750657707452775,0.0,-0.008590062459309895,0.00919951499314524,6.40869140625111e-05,0.0,-0.008525975545247384,0.00919951499314524,0.02677988688151042,0.009199235173813904,-0.002016194661458333,0.00738485148921206,0.5541427837570421,1.095292429976582,-0.29302856445312503,0.0,126.866455078125,0.0,0.08750657707452775,0.0,-0.025926208496093752,0.008827104400475402,-0.01393737792968749,0.0,-0.03986358642578124,0.008827104400475402,-0.0044050089518229175,0.00885865256152549,-0.012930501302083333,0.0028164625216603252,-0.06993172978281235,0.6999313427004774,0.004376220703124999,0.004376220703124999,0.004376220703124999
2.0,-0.41272460937500005,0.0,145.986328125,0.0,0.1732582235336304,0.0,-0.012196706136067709,0.011404083895460767,6.40869140625111e-05,0.0,-0.012132619222005198,0.011404083895460767,0.023127237955729168,0.011384260053205884,-0.0037679036458333343,0.008135373104433076,0.7797011202772984,0.7673538282746192,-0.41272460937500005,0.0,145.986328125,0.0,0.1732582235336304,0.0,-0.022988891601562495,0.004215380874528153,-0.016054077148437488,0.0,-0.03904296874999999,0.004215380874528152,-0.003580118815104166,0.004241546417130952,-0.011165364583333332,0.0023858234441820735,0.07140022520881743,0.7755572788731931,0.006127929687500001,0.006127929687500001,0.006127929687500001
2.5,-0.550439453125,0.0,163.8427734375,0.0,0.3074929237365722,0.0,-0.013931210835774739,0.007542366371379299,6.40869140625111e-05,0.0,-0.013867123921712228,0.007542366371379299,0.02139053344726562,0.0075551633105391544,-0.0045715332031249995,0.006199577707347535,0.6947918279095062,0.43115119346781383,-0.550439453125,0.0,163.8427734375,0.0,0.3074929237365722,0.0,-0.024003283182779948,0.0066829222364557465,-0.017953491210937488,0.0,-0.04195677439371744,0.006682922236455749,-0.006559244791666668,0.006679680899721521,-0.011482747395833333,0.002962378613908753,0.28028866072079667,0.9395228671243557,0.0069315592447916664,0.0069315592447916664,0.0069315592447916664
3.0,-0.704990234375,1.1102230246251565e-16,180.72265625,0.0,0.5033219814300538,0.0,-0.012152379353841143,0.006912023257062321,6.40869140625111e-05,0.0,-0.012088292439778632,0.006912023257062321,0.023189595540364583,0.0069555681327644215,-0.0035754394531249995,0.005702198380046152,0.5536950977624828,0.8354331280898923,-0.704990234375,1.1102230246251565e-16,180.72265625,0.0,0.5033219814300538,0.0,-0.026730244954427083,0.008102231200491304,-0.01979919433593749,0.0,-0.04652943929036457,0.008102231200491306,-0.011209513346354167,0.008082141643053148,-0.012631429036458334,0.003861202506581511,0.6617453455832386,0.7878205978289465,0.005783370148587358,0.00583139168331954,0.005883428589055603
3.5,-0.8754541015625001,0.0,196.1328125,0.0,0.7746575212478639,0.0,-0.012040608723958334,0.007768890440047698,6.40869140625111e-05,0.0,-0.011976521809895823,0.007768890440047698,0.02331517537434896,0.007739522360676885,-0.0034771728515625,0.005333145209219422,0.5131650508237451,0.8218612084423237,-0.8754541015625001,0.0,196.1328125,0.0,0.7746575212478639,0.0,-0.028751386006673176,0.008276453853537964,-0.02164489746093749,0.0,-0.050396283467610666,0.008276453853537964,-0.015023447672526044,0.008317706673889346,-0.013396199544270834,0.004104000845212121,0.88075911989486,0.42050806745714847,0.0054812279215817414,0.005593622241882543,0.0057154105675558545
4.0,-1.06046875,0.0,210.3515625,0.0,1.1346628570556643,0.0,-0.016766662597656256,0.009195034574888154,6.40869140625111e-05,0.0,-0.016702575683593745,0.009195034574888154,0.01858235677083333,0.009133823795271372,-0.005794270833333336,0.005666555740168313,0.5565818187888477,0.759679727859282,-1.06046875,0.0,210.3515625,0.0,1.1346628570556643,0.0,-0.03152750651041667,0.009707623563246918,-0.02335388183593749,0.0,-0.05488138834635415,0.009707623563246918,-0.019497070312500003,0.009756622437351993,-0.014519856770833334,0.0037446573840857005,0.8458059410207893,0.25099575065493945,0.0075458051575175355,0.00773793780465024,0.007946117339825122
4.5,-1.2588964843750003,2.220446049250313e-16,223.701171875,0.0,1.5965694046020509,0.0,-0.019832890828450522,0.010557096525065868,6.40869140625111e-05,0.0,-0.01976880391438801,0.010557096525065868,0.015494893391927084,0.01052263568291518,-0.007220662434895834,0.006297855407232044,0.7854738509645705,0.9018118524348802,-1.2588964843750003,2.220446049250313e-16,223.701171875,0.0,1.5965694046020509,0.0,-0.034401588439941407,0.008856763776473639,-0.024968872070312485,3.469446951953614e-18,-0.05937046051025389,0.008856763776473639,-0.024033050537109375,0.008883291009188757,-0.015690714518229166,0.003345168734959511,0.8698652692793378,0.4110810129116265,0.008673962114201522,0.00896027992540034,0.00927048420098142
5.0,-1.469921875,0.0,235.302734375,0.0,2.17381649017334,4.440892098500626e-16,-0.021380933125813805,0.013374725789283101,6.40869140625111e-05,0.0,-0.021316846211751294,0.013374725789283101,0.013939412434895833,0.01334643643051474,-0.007845052083333333,0.007112341554139865,1.2118940494184718,0.8352153904943416,-1.469921875,0.0,235.302734375,0.0,2.17381649017334,4.440892098500626e-16,-0.036142349243164056,0.0055889427849598,-0.02647399902343749,0.0,-0.06261634826660155,0.0055889427849598,-0.027296447753906244,0.005597088144733675,-0.01626383463541667,0.003363538621208204,0.9343832708090485,0.5261738783766611,0.008957535803343731,0.009351506387258937,0.00977829225612947
5.5,-1.6919580078125003,2.220446049250313e-16,246.2255859375,0.0,2.8766261148452763,0.0,-0.02204205830891927,0.01153206206966392,6.40869140625111e-05,0.0,-0.021977971394856757,0.01153206206966392,0.013290608723958333,0.011556833952626999,-0.008010050455729166,0.005923427142543933,1.5914736779605059,0.8886188178773347,-1.6919580078125003,2.220446049250313e-16,246.2255859375,0.0,2.8766261148452763,0.0,-0.03785648345947266,0.006817965823629358,-0.02785827636718749,0.0,-0.06571475982666014,0.00681796582362936,-0.030409317016601562,0.006812373461917729,-0.016815999348958333,0.004194180188773989,0.9282560430021362,0.6463333367209749,0.008742711460443335,0.00925668700803773,0.00981338175271678
6.0,-1.9242187500000003,0.0,256.5625,0.0,3.717084503173829,0.0,-0.02156203746795655,0.005125583949992844,6.40869140625111e-05,0.0,-0.02149795055389404,0.005125583949992844,0.013787129720052077,0.005224374265718579,-0.00762613932291667,0.0032457476657242424,1.8148402975063143,1.1005115342271758,-1.9242187500000003,0.0,256.5625,0.0,3.717084503173829,0.0,-0.03980585734049479,0.008206012872992186,-0.02924255371093749,0.0,-0.06904841105143228,0.008206012872992184,-0.03374481201171875,0.008211290993341967,-0.01749755859375,0.003939941325565692,1.0549957583649119,0.7325294914028225,0.00794283592436341,0.008588280702360956,0.009287223033472146
6.5,-2.1663867187500006,4.440892098500626e-16,263.9453125,0.0,4.707189331054688,0.0,-0.02819939732551575,0.008456317894478049,6.40869140625111e-05,0.0,-0.02813531041145324,0.008456317894478049,0.007152531941731765,0.008520026855783631,-0.010825602213541669,0.0035770268807375025,2.0777837342778773,1.047862325710378,-2.1663867187500006,4.440892098500626e-16,263.9453125,0.0,4.707189331054688,0.0,-0.04114689509073893,0.009649652707643461,-0.030626831054687494,3.469446951953614e-18,-0.07177372614542642,0.009649652707643463,-0.03637870788574219,0.009681353045159963,-0.017833251953125,0.004352834843123069,1.276935378803065,0.8879820358267425,0.010694232615953092,0.011481355712703506,0.012333491983955922
7.0,-2.4155078125,0.0,270.87890625,0.0,5.84754379272461,0.0,-0.03691906611124674,0.008504599471747176,6.40869140625111e-05,0.0,-0.03685497919718423,0.008504599471747176,-0.0015849304199218779,0.008528101163105312,-0.01501017252604167,0.002836787092760178,2.380818779744568,1.0001837495603978,-2.4155078125,0.0,270.87890625,0.0,5.84754379272461,0.0,-0.04526782115300496,0.005771916739638813,-0.03195495605468749,0.0,-0.07722277720769245,0.005771916739638814,-0.04169965108235677,0.005774367274862923,-0.019577636718750003,0.003696818210985752,1.350134173010158,1.0230430106298887,0.014401980867477864,0.015339958718638112,0.01635507864317322
7.5,-2.6712402343750004,0.0,276.416015625,0.0,7.146473789215091,8.881784197001252e-16,-0.04079608519872031,0.007765774166374707,6.40869140625111e-05,0.0,-0.040731998284657796,0.007765774166374707,-0.005434417724609381,0.007742453541091832,-0.016635131835937504,0.0034928266970056525,2.489507596624306,1.0831015680903204,-2.6712402343750004,0.0,276.416015625,0.0,7.146473789215091,8.881784197001252e-16,-0.05279157757759093,0.009721176304728678,-0.03310852050781249,0.0,-0.08590009808540343,0.009721176304728676,-0.05188217163085939,0.011546793892859453,-0.022904459635416666,0.005375056875775674,1.4522466533574965,1.1528620052583147,0.015523916263661522,0.016621146090010502,0.017808151983807335
8.0,-2.932187500000001,4.440892098500626e-16,281.953125,0.0,8.60607666015625,1.7763568394002505e-15,-0.044972089131673186,0.010492633198512938,6.40869140625111e-05,0.0,-0.044908002217610675,0.010492633198512938,-0.00964538574218751,0.010479853865464777,-0.018393554687500004,0.0067178551129677706,2.567651803491653,0.6974438833046515,-2.932187500000001,4.440892098500626e-16,281.953125,0.0,8.60607666015625,1.7763568394002505e-15,-0.05114795684814454,0.008574340602135225,-0.03423278808593749,0.0,-0.08538074493408204,0.008574340602135229,-0.06027404785156253,0.02475727586123491,-0.02165201822916667,0.005193116656963031,1.3673544337606776,0.9683348833266319,0.016757772304886807,0.018021210946450202,0.019387395837808435
8.5,-3.198349609375,0.0,287.236328125,0.0,10.23445001602173,0.0,-0.05230877876281739,0.00878940390078421,6.40869140625111e-05,0.0,-0.05224469184875488,0.00878940390078421,-0.01695897420247396,0.008777527935768907,-0.021777750651041667,0.004585658209876315,2.2718847789038215,0.4916407697237997,-3.198349609375,0.0,287.236328125,0.0,10.23445001602173,0.0,-0.05918526331583659,0.011722971891052763,-0.03517150878906249,0.0,-0.09435677210489908,0.011722971891052762,-0.0834933344523112,0.03333448016136807,-0.025295003255208337,0.006305199829844525,1.0395283021015358,0.6359556935601816,0.019597910670290156,0.021033900138235914,0.022585838415472126
9.0,-3.4696875000000005,0.0,289.08203125,0.0,12.039558563232426,0.0,-0.05587378184000652,0.00815646746128933,6.40869140625111e-05,0.0,-0.05580969492594401,0.00815646746128933,-0.020583394368489587,0.00815698986863704,-0.02307698567708333,0.0045090263373485885,1.5494777439357683,0.5485685133726819,-3.4696875000000005,0.0,289.08203125,0.0,12.039558563232426,0.0,-0.060961116949717196,0.016078805422779945,-0.03632263183593749,6.938893903907228e-18,-0.09728374878565471,0.016078805422779945,-0.07848345438639323,0.035436860162988935,-0.02566731770833333,0.008378656043224712,1.0889852741659458,0.6074405678772573,0.020335421712300315,0.021949764068143023,0.02369338789344651
9.5,-3.7428515625000003,0.0,290.927734375,0.0,14.012528686523439,0.0,-0.05778797785441081,0.009844264855659823,6.40869140625111e-05,0.0,-0.05772389094034829,0.009844264855659823,-0.022438710530598958,0.00980799818632551,-0.023615315755208335,0.006051518735632434,1.588064340444725,0.5965042701473713,-3.7428515625000003,0.0,290.927734375,0.0,14.012528686523439,0.0,-0.0603630808989207,0.01633164962255439,-0.03724548339843748,6.938893903907228e-18,-0.0976085642973582,0.016331649622554394,-0.07895208994547526,0.03632244087265193,-0.024898274739583334,0.00850580359721786,1.0108709446478144,0.5665768552855212,0.020301877160095603,0.02209804052841778,0.02403669116264639
10.0,-4.017773437500001,0.0,292.7734375,0.0,16.150125503540043,0.0,-0.06128832499186199,0.006008512232279163,6.40869140625111e-05,0.0,-0.061224238077799475,0.006008512232279163,-0.025941975911458335,0.00606873320449961,-0.024922688802083332,0.0030151586836385026,1.5372749808784893,0.8332934142374188,-4.017773437500001,0.0,292.7734375,0.0,16.150125503540043,0.0,-0.06651519934336346,0.015454038681630125,-0.03816833496093749,0.0,-0.10468353430430094,0.015454038681630125,-0.08608805338541668,0.037257317685585906,-0.027571614583333334,0.00824171003633048,1.0481685469478388,0.5701836584639621,0.02102863703073524,0.023009682430869118,0.02514619863730956
10.5,-4.29443359375,0.0,292.96875,0.0,18.453401565551758,0.0,-0.06894936561584472,0.00792215290950943,6.40869140625111e-05,0.0,-0.06888527870178222,0.00792215290950943,-0.03358055114746093,0.00792774500790446,-0.028262736002604164,0.005098555446192758,1.2394914723405883,0.9393694306668384,-4.29443359375,0.0,292.96875,0.0,18.453401565551758,0.0,-0.06487422068913777,0.008350011833737134,-0.03909118652343749,0.0,-0.10396540721257526,0.008350011833737136,-0.08538279215494793,0.031243973874036025,-0.026187947591145833,0.0054367981425155615,1.1842074686923374,0.5482492545433253,0.023783018872217704,0.025950884051767445,0.02828682304801914
11.0,-4.5712890625,0.0,289.8828125,0.0,20.91092300415039,0.0,-0.0681653372446696,0.010077973384925486,6.40869140625111e-05,0.0,-0.06810125033060709,0.010077973384925486,-0.03283070882161458,0.010076896181750897,-0.027370605468749993,0.004409719034963077,1.3667483503909361,0.7518279073277726,-4.5712890625,0.0,289.8828125,0.0,20.91092300415039,0.0,-0.0706157914797465,0.012447776224897011,-0.04001403808593749,0.0,-0.110629829565684,0.012447776224897013,-0.09860137939453127,0.0331627996036547,-0.028546956380208335,0.0066456893483770926,1.12477786427983,0.5629117417846582,0.022300462450247648,0.024657033827304255,0.027193832668860458
11.5,-4.8452734375,0.0,289.0625,0.0,23.492949523925788,0.0,-0.07333164374033611,0.00968106654813731,6.40869140625111e-05,0.0,-0.0732675568262736,0.00968106654813731,-0.038000920613606784,0.009636715281436161,-0.029429931640625007,0.004868840483386597,1.6140182720382954,0.5683418793432522,-4.8452734375,0.0,289.0625,0.0,23.492949523925788,0.0,-0.07866636792818706,0.013080120121711338,-0.040936889648437495,6.938893903907228e-18,-0.11960325757662456,0.013080120121711343,-0.11544075012207033,0.031257430411641134,-0.03203755696614584,0.007081661474097956,1.4083686834541396,0.7011813694184094,0.023765513035398755,0.02631243200407021,0.029051194843180944
12.0,-5.1184375,0.0,289.0625,0.0,26.21658447265625,0.0,-0.07904032389322918,0.012130980356102087,6.40869140625111e-05,0.0,-0.07897623697916667,0.012130980356102087,-0.043685709635416674,0.01202675086417113,-0.03172526041666667,0.006385035343203454,1.5393360437305779,0.5267783449793271,-5.1184375,0.0,289.0625,0.0,26.21658447265625,0.0,-0.07888699849446615,0.013040138519103434,-0.04185974121093749,0.0,-0.12074673970540363,0.013040138519103434,-0.10734924316406248,0.032350477238501256,-0.03157389322916667,0.0069209130132728705,1.6385876493298366,0.7599033460415722,0.025471283239335858,0.028207530732279797,0.03114640859530657
12.5,-5.3916015625,0.0,284.1796875,0.0,29.088951110839847,0.0,-0.079864501953125,0.009799131947935268,6.40869140625111e-05,0.0,-0.07980041503906249,0.009799131947935268,-0.04448699951171875,0.00973491808030527,-0.031524658203125,0.005088632667401975,1.4653535619111884,0.5953771817397259,-5.3916015625,0.0,284.1796875,0.0,29.088951110839847,0.0,-0.08239054679870605,0.013446606572963421,-0.04263000488281249,0.0,-0.12502055168151857,0.013446606572963418,-0.1115274429321289,0.03534245909335644,-0.032689412434895836,0.007307657308464248,1.6315226047281675,0.8426154946183956,0.02468603487016785,0.027610571475666184,0.030747627860228926
13.0,-5.660312500000001,0.0,281.25,0.0,32.058525390625,7.105427357601002e-15,-0.0851664733886719,0.007299956222330715,6.40869140625111e-05,0.0,-0.08510238647460938,0.007299956222330715,-0.04981323242187502,0.007248856698075276,-0.033557128906250004,0.002988041554397366,1.6168985907755495,0.9565056014887312,-5.660312500000001,0.0,281.25,0.0,32.058525390625,7.105427357601002e-15,-0.087338924407959,0.016364195453430427,-0.04346130371093749,0.0,-0.1308002281188965,0.01636419545343043,-0.12044265747070314,0.039713532215583706,-0.03453816731770833,0.008261687897688965,1.4892843701437455,0.5988015945131403,0.02613896033957141,0.029250727130814586,0.03258394103936563
13.5,-5.926093750000001,0.0,277.2265625,0.0,35.13834472656251,0.0,-0.09202873229980468,0.004340702240283549,6.40869140625111e-05,0.0,-0.09196464538574219,0.004340702240283549,-0.056712646484375,0.004317574233334607,-0.03636189778645834,0.0014456821805122907,1.5561389700794024,1.0475915684877868,-5.926093750000001,0.0,277.2265625,0.0,35.13834472656251,0.0,-0.08998997052510578,0.014998335267393907,-0.0442584228515625,6.938893903907228e-18,-0.1342483933766683,0.014998335267393904,-0.12387816111246745,0.03753114880477556,-0.03526224772135416,0.006984549437607727,1.272031225339336,0.5105194153038722,0.028373440836177922,0.03167010659809421,0.03519601521310961
14.0,-6.18828125,0.0,271.640625,0.0,38.31339721679688,0.0,-0.09470540364583334,0.0038635048473174317,6.40869140625111e-05,0.0,-0.09464131673177083,0.0038635048473174317,-0.05938059488932291,0.003763988508223732,-0.03705973307291667,0.004017378226840618,1.3105504792516565,0.8210278835482959,-6.18828125,0.0,271.640625,0.0,38.31339721679688,0.0,-0.0963353474934896,0.013653685146085028,-0.04495056152343749,0.0,-0.14128590901692709,0.01365368514608503,-0.134825185139974,0.0335501082048647,-0.03777750651041668,0.006483744037779795,1.1672387941919256,0.8401059463979744,0.02851825922548716,0.031994998549169054,0.03570737883187619
14.5,-6.44509765625,8.881784197001252e-16,267.94921875,0.0,41.556789932250986,0.0,-0.09653531392415365,0.00801858092673011,6.40869140625111e-05,0.0,-0.09647122701009114,0.00801858092673011,-0.061200205485026055,0.007920886197722984,-0.03728495279947917,0.005809699733182668,1.214836256950519,0.7865074504026298,-6.44509765625,8.881784197001252e-16,267.94921875,0.0,41.556789932250986,0.0,-0.10132588704427085,0.016334632644618867,-0.04574157714843749,0.0,-0.1470674641927083,0.01633463264461887,-0.14170331319173174,0.035580462167918644,-0.03951334635416666,0.00826529323085915,1.1381531947327852,1.0138655629794535,0.028202280757012033,0.03185601745080875,0.0357504981459773
15.0,-6.6984375,8.881784197001252e-16,261.52343749999994,0.0,44.885116577148445,0.0,-0.1017906188964844,0.00806886250479636,6.40869140625111e-05,0.0,-0.10172653198242192,0.00806886250479636,-0.06645889282226565,0.007947789099470992,-0.03916625976562501,0.005067975342692701,0.9836785257927875,0.9070861792428095,-6.6984375,8.881784197001252e-16,261.52343749999994,0.0,44.885116577148445,0.0,-0.1008718490600586,0.016449279964785183,-0.046578979492187485,6.938893903907228e-18,-0.14745082855224612,0.016449279964785183,-0.13407376607259114,0.0372255813285718,-0.038519287109375,0.008212528440009144,0.8925431258194881,0.8628174061534472,0.029552315117138808,0.03338060275303475,0.03745344428016321
15.5,-6.94599609375,8.881784197001252e-16,253.90625,0.0,48.260269546508795,0.0,-0.10652943929036457,0.009320726221823214,6.40869140625111e-05,0.0,-0.10646535237630206,0.009320726221823214,-0.07116165161132812,0.009188244784029962,-0.0407977294921875,0.005550503092719527,0.411905734781717,0.9439952392121449,-6.94599609375,8.881784197001252e-16,253.90625,0.0,48.260269546508795,0.0,-0.10488761266072592,0.017344264892786565,-0.04727111816406249,0.0,-0.1521587308247884,0.01734426489278656,-0.13584013621012372,0.038549928378991655,-0.03982686360677084,0.00810334576657334,0.5325037579065945,0.3984763421986941,0.030674287578529805,0.03467097210447592,0.03891436381916504
16.0,-7.1859375000000005,0.0,251.09374999999997,0.0,51.64945678710938,0.0,-0.10454610188802084,0.007843621808174366,6.40869140625111e-05,0.0,-0.10448201497395833,0.007843621808174366,-0.0691845703125,0.0077866076558232205,-0.039052734375,0.004656189510626738,-0.02231031772047609,0.6041943895329618,-7.1859375000000005,0.0,251.09374999999997,0.0,51.64945678710938,0.0,-0.10777272542317708,0.01144880492366222,-0.04790466308593749,0.0,-0.15567738850911458,0.01144880492366222,-0.14328318277994792,0.032532757213477134,-0.040525716145833335,0.0048132328174588885,0.3420947000048688,0.24284377860080725,0.02843677966259861,0.0325972386789552,0.03700499954781093
16.5,-7.4237109375,0.0,240.7421875,0.0,55.12032775878907,0.0,-0.10820887247721354,0.01344033722136331,6.40869140625111e-05,0.0,-0.10814478556315105,0.01344033722136331,-0.07287762959798177,0.013406608185928629,-0.040133666992187504,0.0066652881450012256,-0.296128161118402,0.5559550151742997,-7.4237109375,0.0,240.7421875,0.0,55.12032775878907,0.0,-0.10939706166585285,0.014467316907427547,-0.0484112548828125,6.938893903907228e-18,-0.15780831654866537,0.014467316907427552,-0.13921958923339844,0.03679490889773127,-0.04056660970052083,0.006934218774004806,0.2397816145985091,0.4804094834015625,0.029044790064629775,0.03336360078801913,0.03792864691093665
17.0,-7.6515625,8.881784197001252e-16,233.8671875,0.0,58.55262145996095,7.105427357601002e-15,-0.11171651204427081,0.011966807052173947,6.40869140625111e-05,0.0,-0.11165242513020833,0.011966807052173947,-0.07633997599283854,0.011912873683590168,-0.04108113606770833,0.006531604887503969,-0.5595837810193399,0.7471314707549443,-7.6515625,8.881784197001252e-16,233.8671875,0.0,58.55262145996095,7.105427357601002e-15,-0.11072745005289714,0.015094734286122728,-0.04910339355468749,0.0,-0.15983084360758462,0.01509473428612273,-0.1411503601074219,0.03735456462531976,-0.04040283203125,0.006958834272234911,0.23983069881506688,0.9496396705516498,0.029542610026869608,0.03401320503683252,0.03872718357310376
17.5,-7.87275390625,8.881784197001252e-16,229.58984374999997,0.0,61.98393898010255,0.0,-0.10602506001790364,0.01350737816030689,6.40869140625111e-05,0.0,-0.10596097310384113,0.01350737816030689,-0.07070032755533855,0.013397850085859095,-0.03747456868489583,0.0072484470469289485,-0.8792180651921903,0.7398480788859753,-7.87275390625,8.881784197001252e-16,229.58984374999997,0.0,61.98393898010255,0.0,-0.11446167627970377,0.02040253819552427,-0.04977722167968749,0.0,-0.16423889795939126,0.020402538195524268,-0.14489479064941402,0.039711887110266665,-0.04156494140624999,0.008913274359624466,0.1566201471596915,0.9064423566524435,0.025504957779047988,0.030122266765186388,0.03497843074587444
18.0,-8.090312500000001,0.0,218.59374999999997,0.0,65.45409423828129,1.4210854715202004e-14,-0.10826497395833333,0.013343439765555302,6.40869140625111e-05,0.0,-0.10820088704427079,0.013343439765555302,-0.07287038167317707,0.013259676767263364,-0.03792805989583333,0.00741246194270404,-0.9785562202554313,0.6020929321087971,-8.090312500000001,0.0,218.59374999999997,0.0,65.45409423828129,1.4210854715202004e-14,-0.1115891520182292,0.017124136092948414,-0.05024353027343748,6.938893903907228e-18,-0.1618326822916667,0.017124136092948418,-0.1348601277669271,0.032251211534995425,-0.03936523437500001,0.007939585754613029,-0.4260035754176295,0.5999020840273588,0.02555242442998036,0.03030934096797915,0.03529871345273957
18.5,-8.297031250000002,1.7763568394002505e-15,211.2109375,0.0,68.84234375,0.0,-0.10628468831380207,0.013527570359966089,6.40869140625111e-05,0.0,-0.10622060139973959,0.013527570359966089,-0.07092374165852865,0.013496466016677524,-0.03623616536458333,0.006822688703150269,-0.9360706296741449,0.6471031734334199,-8.297031250000002,1.7763568394002505e-15,211.2109375,0.0,68.84234375,0.0,-0.11863550821940104,0.013362292445766054,-0.05093566894531249,0.0,-0.1695711771647135,0.013362292445766056,-0.14244962056477864,0.028886008905596356,-0.0421337890625,0.005678664797953256,-0.526391468774282,1.0862052027619316,0.023482224926952937,0.02837080713909939,0.033483499272674695
19.0,-8.496640625,0.0,210.9375,0.0,72.19654602050781,0.0,-0.10693801879882812,0.013502236991793766,6.40869140625111e-05,0.0,-0.10687393188476561,0.013502236991793766,-0.07158294677734377,0.013454682924302486,-0.03584025065104167,0.006994131860979358,-0.9336771220316248,0.639847744994927,-8.496640625,0.0,210.9375,0.0,72.19654602050781,0.0,-0.1169849141438802,0.014017939095556058,-0.05140563964843748,6.938893903907228e-18,-0.16839055379231768,0.014017939095556061,-0.14130282084147136,0.02983699236740631,-0.04053304036458333,0.007867190579368834,-0.42644841595037314,0.8403164268855411,0.022723890734751562,0.027739928130542713,0.032970102411625526
19.5,-8.6959765625,0.0,197.57812499999997,0.0,75.625524597168,1.4210854715202004e-14,-0.10934951782226565,0.009959573075712025,6.40869140625111e-05,0.0,-0.1092854309082031,0.009959573075712025,-0.0739775085449219,0.009859301517605572,-0.03639872233072917,0.005312635635844796,-0.4614165334990516,0.9304017338258334,-8.6959765625,0.0,197.57812499999997,0.0,75.625524597168,1.4210854715202004e-14,-0.11574780782063802,0.012618943339093823,-0.05186706542968749,0.0,-0.1676148732503255,0.012618943339093828,-0.14057886759440105,0.0297390846800067,-0.03911214192708332,0.006294987837736179,-0.7674620775817077,0.6205280657239728,0.022953900619197137,0.028087490628426116,0.03342311950041098
20.0,-8.8828125,0.0,189.06249999999997,0.0,78.91046142578126,0.0,-0.10612894694010415,0.01136473157066605,6.40869140625111e-05,0.0,-0.10606486002604164,0.01136473157066605,-0.07074178059895832,0.011281274876225175,-0.03405761718749999,0.006432151844394302,-0.23883858112373332,0.708738758761936,-8.8828125,0.0,189.06249999999997,0.0,78.91046142578126,0.0,-0.1158284505208333,0.014641710926867255,-0.05232849121093749,0.0,-0.16815694173177084,0.014641710926867255,-0.13442738850911456,0.01650548419675962,-0.03837890625,0.005955163214619772,-0.7889422318133295,0.8902098239230709,0.020309504774976398,0.025553499362806792,0.030985571295986725
20.5,-9.0615625,0.0,181.67968749999997,0.0,82.11859375000002,0.0,-0.10715334574381512,0.013827580919394372,6.40869140625111e-05,0.0,-0.10708925882975262,0.013827580919394374,-0.07178207397460938,0.013789917170067369,-0.03393229166666667,0.007474970300463762,-0.2697419564485062,1.0675228659403393,-9.0615625,0.0,181.67968749999997,0.0,82.11859375000002,0.0,-0.11267785390218098,0.010174384917339378,-0.05278991699218749,0.0,-0.16546777089436845,0.010174384917339378,-0.1300116475423177,0.010156882985677691,-0.036126708984374985,0.004037732159186514,-0.8927264209857005,1.1652492555200635,0.019899537568359115,0.025248838894508276,0.030770578301420805
21.0,-9.233359375000001,0.0,168.90625,0.0,85.26183166503905,1.4210854715202004e-14,-0.10963144938151041,0.014387463176932935,6.40869140625111e-05,0.0,-0.10956736246744792,0.014387463176932935,-0.074273681640625,0.014363942113029032,-0.03451944986979167,0.0073704627914296635,-0.377429170764138,1.0898411201456453,-9.233359375000001,0.0,168.90625,0.0,85.26183166503905,1.4210854715202004e-14,-0.11835423787434896,0.01456431945533866,-0.05325134277343748,6.938893903907228e-18,-0.17160558064778644,0.01456431945533866,-0.13613194783528645,0.014516303229510743,-0.038292236328125,0.006339268664376137,-1.1968259062985707,1.1932960962479786,0.020236709801397957,0.025681168374623378,0.031280322143040856
21.5,-9.3932421875,0.0,164.0625,0.0,88.23923736572266,0.0,-0.11086807250976562,0.014826643641118391,6.40869140625111e-05,0.0,-0.1108039855957031,0.014826643641118391,-0.07553929646809895,0.014811519840168891,-0.03447611490885417,0.007821814814697684,-0.7791215945512825,0.625960785187351,-9.3932421875,0.0,164.0625,0.0,88.23923736572266,0.0,-0.11596644083658854,0.022543022768454064,-0.05355773925781249,0.0,-0.16952418009440104,0.022543022768454067,-0.13414421081542968,0.02248757400753115,-0.03633585611979167,0.010176926123577162,-1.1980074843234076,0.7137002164216923,0.019968857907487404,0.025501193381153253,0.031168667165837043
22.0,-9.54828125,0.0,159.53125,0.0,91.17623168945313,0.0,-0.11144571940104166,0.013754555513207868,6.40869140625111e-05,0.0,-0.11138163248697915,0.013754555513207868,-0.07612589518229167,0.013715312648546444,-0.0341064453125,0.007277502380706175,-1.0829827724358951,0.487454189909073,-9.54828125,0.0,159.53125,0.0,91.17623168945313,0.0,-0.1129131571451823,0.021395398641125402,-0.05393005371093749,0.0,-0.16684321085611978,0.021395398641125402,-0.13143890380859374,0.021327868105344972,-0.03413411458333333,0.009242691016291146,-1.257385870422983,0.3006778230409736,0.01938271916335224,0.025001133820341644,0.030733802587254153
22.5,-9.69921875,0.0,152.14843749999997,0.0,94.0809326171875,0.0,-0.10934473673502604,0.012938553900832294,6.40869140625111e-05,0.0,-0.10928064982096351,0.012938553900832294,-0.07400995890299479,0.01285722182722569,-0.0324188232421875,0.0067280629674299364,-1.2903813715581334,0.5819171713848151,-9.69921875,0.0,152.14843749999997,0.0,94.0809326171875,0.0,-0.11416632334391276,0.02003962977948784,-0.05426330566406249,0.0,-0.16842962900797523,0.020039629779487835,-0.1329833984375,0.020002613047296353,-0.034108479817708336,0.008118444930552625,-1.45504943325989,0.41962062517528365,0.017518159484898224,0.0232109278821854,0.028994888583019778
23.0,-9.843203125,0.0,141.09374999999997,2.842170943040401e-14,96.89413635253908,0.0,-0.10713027954101562,0.013930529585582689,6.40869140625111e-05,0.0,-0.10706619262695312,0.01393052958558269,-0.07177388509114584,0.013874032107391281,-0.03070231119791666,0.007398558101277569,-1.6814331908326168,0.4474480818256517,-9.843203125,0.0,141.09374999999997,2.842170943040401e-14,96.89413635253908,0.0,-0.11102584838867184,0.019423821560796372,-0.05449401855468749,0.0,-0.16551986694335932,0.01942382156079637,-0.1301180013020833,0.019397064947110503,-0.03187296549479165,0.007622550239471783,-1.6134626956160203,0.7279115597159593,0.015651951608531597,0.021411180369047392,0.02723675880431536
23.5,-9.9769921875,0.0,132.8125,0.0,99.54465545654297,1.4210854715202004e-14,-0.10419773101806638,0.01700058662428855,6.40869140625111e-05,0.0,-0.10413364410400387,0.01700058662428855,-0.06886057535807288,0.016970765646022307,-0.02864237467447915,0.008544824172172871,-2.028071619136081,0.5811474743446576,-9.9769921875,0.0,132.8125,0.0,99.54465545654297,1.4210854715202004e-14,-0.10644287109375,0.014423560835979548,-0.05472473144531249,0.0,-0.16116760253906248,0.014423560835979544,-0.1257923380533854,0.014401269223204973,-0.028999023437500004,0.005165015967025278,-1.678100917908046,0.8727560162538613,0.013466426572423897,0.019285182945360135,0.025143791830752975
24.0,-10.102500000000001,0.0,129.99999999999997,0.0,102.06457031250001,0.0,-0.09950073242187497,0.02083765225147932,6.40869140625111e-05,0.0,-0.09943664550781249,0.02083765225147932,-0.06419230143229167,0.020761432061578995,-0.02574381510416666,0.009781951548720476,-2.024170490967371,0.6985155468774202,-10.102500000000001,0.0,129.99999999999997,0.0,102.06457031250001,0.0,-0.1075140380859375,0.015136311909120069,-0.054955444335937485,6.938893903907228e-18,-0.162469482421875,0.015136311909120076,-0.12708048502604166,0.015117311923456646,-0.028999023437500007,0.006054983480458791,-1.6218354670503141,0.7329200396911578,0.010478987063028508,0.016346334332067634,0.02222508773895048
24.5,-10.225625,0.0,122.6171875,0.0,104.56671875000002,1.4210854715202004e-14,-0.09884730021158854,0.018033646544060054,6.40869140625111e-05,0.0,-0.09878321329752604,0.018033646544060054,-0.06351104736328125,0.01796112486080069,-0.024916788736979164,0.008180485757094349,-1.8715354131003596,0.5958388864332862,-10.225625,0.0,122.6171875,0.0,104.56671875000002,1.4210854715202004e-14,-0.10631251017252603,0.020698340258335748,-0.0551861572265625,6.938893903907228e-18,-0.16149866739908852,0.02069834025833574,-0.12609090169270834,0.02066086561817731,-0.02783589680989583,0.008525320926501274,-1.5499349148030854,0.6903794845786001,0.009580079040244119,0.015491250510905453,0.021384032644775643
25.0,-10.341796875,0.0,113.28124999999999,1.4210854715202004e-14,106.95533752441406,0.0,-0.09856160481770833,0.015464776232596306,6.40869140625111e-05,0.0,-0.09849751790364579,0.015464776232596306,-0.06323496500651041,0.015441880500462066,-0.02428181966145833,0.006874287223954179,-1.7384230488478518,0.5061263188370555,-10.341796875,0.0,113.28124999999999,1.4210854715202004e-14,106.95533752441406,0.0,-0.10154978434244792,0.020481738603097294,-0.05535583496093749,0.0,-0.15690561930338542,0.020481738603097294,-0.12149810791015625,0.020439704222001753,-0.024912516276041668,0.007733294532479169,-1.5622415372171308,1.234975268220091,0.008889229926987194,0.014839755825012393,0.020740800764068694
25.5,-10.4494921875,0.0,101.5625,0.0,109.19350616455078,0.0,-0.09312402089436848,0.014051355385046675,6.40869140625111e-05,0.0,-0.09305993398030597,0.014051355385046675,-0.05779062906901041,0.01400682750248834,-0.02116597493489583,0.0058593136854849,-1.4960523011060118,0.7431908844553397,-10.4494921875,0.0,101.5625,0.0,109.19350616455078,0.0,-0.10395575205485023,0.016983531794003373,-0.05540344238281248,6.938893903907228e-18,-0.15935919443766275,0.016983531794003377,-0.12403320312499999,0.016924676501506017,-0.025638224283854153,0.0058726562624106,-1.499151957525991,1.006631153984725,0.005740140124406639,0.011723441029131284,0.017624721002846892
26.0,-10.54546875,1.7763568394002505e-15,100.46874999999999,1.4210854715202004e-14,111.20815307617188,0.0,-0.09148250579833984,0.015124243646897807,6.40869140625111e-05,0.0,-0.09141841888427733,0.015124243646897807,-0.0560980224609375,0.015084239756686055,-0.019968261718749998,0.0068829916253453464,-1.3888756100670172,0.9820897962613886,-10.54546875,1.7763568394002505e-15,100.46874999999999,1.4210854715202004e-14,111.20815307617188,0.0,-0.09809749603271484,0.01680376841096597,-0.05559997558593749,0.0,-0.15369747161865233,0.01680376841096597,-0.11828104654947917,0.016766160197641572,-0.022255859374999996,0.006872975022306344,-1.440496081609366,0.7022869003438926,0.00454026271884056,0.010547061050390343,0.016437674405403505
26.5,-10.640781250000002,1.7763568394002505e-15,93.08593749999996,0.0,113.2269091796875,1.4210854715202004e-14,-0.09139430046081543,0.020844559954791387,6.40869140625111e-05,0.0,-0.09133021354675291,0.020844559954791387,-0.056059315999348935,0.020784175629530614,-0.019518432617187494,0.008992701935545806,-1.4989290630159768,0.8186781206122317,-10.640781250000002,1.7763568394002505e-15,93.08593749999996,0.0,113.2269091796875,1.4210854715202004e-14,-0.09646658261617025,0.02087474268631988,-0.05562072753906249,0.0,-0.15208731015523275,0.020874742686319874,-0.11674662272135417,0.02085998473147407,-0.020954589843749996,0.007942097635190416,-1.5028738215994049,0.9397031238409597,0.004112103059434883,0.010135358486782247,0.016006908572818203
27.0,-10.729140625,0.0,85.9375,0.0,115.11467346191408,1.4210854715202004e-14,-0.089063720703125,0.011368254023536984,6.40869140625111e-05,0.0,-0.08899963378906249,0.011368254023536984,-0.05371480305989584,0.011380742642104567,-0.017984619140625,0.005298230088828881,-1.2508503188434976,0.6793702543430699,-10.729140625,0.0,85.9375,0.0,115.11467346191408,1.4210854715202004e-14,-0.09624310632546744,0.026416188459899265,-0.05584411621093749,0.0,-0.15208722253640491,0.02641618845989927,-0.11663798014322918,0.026354246742518905,-0.020458984375000003,0.010277146224788307,-1.6965871720510333,0.9306102721464601,0.002610191675359797,0.008647116608741753,0.014495880895516709
27.5,-10.810351562500001,1.7763568394002505e-15,85.9375,0.0,116.86388092041015,0.0,-0.08468017578124998,0.01506168974047916,6.40869140625111e-05,0.0,-0.08461608886718748,0.01506168974047916,-0.04935048421223959,0.015009042723769864,-0.015408325195312498,0.006883572188664611,-1.1756938468974647,0.5386044057139044,-10.810351562500001,1.7763568394002505e-15,85.9375,0.0,116.86388092041015,0.0,-0.09398638953765233,0.020371320968258434,-0.05584411621093749,0.0,-0.14983050574858983,0.020371320968258434,-0.1143885294596354,0.020373301005987686,-0.018920898437499997,0.007096840319765012,-1.7213704332234563,0.6594832999596089,8.688256420061671e-05,0.006131253967438894,0.011949802602209028
28.0,-10.891562500000001,0.0,71.56249999999996,0.0,118.62667724609376,1.4210854715202004e-14,-0.08865631103515625,0.01545628138170034,6.40869140625111e-05,0.0,-0.08859222412109374,0.01545628138170034,-0.053334147135416676,0.015443504981967015,-0.017211914062500003,0.006444110796867216,-1.276280685460367,0.5722254438446444,-10.891562500000001,0.0,71.56249999999996,0.0,118.62667724609376,1.4210854715202004e-14,-0.08819956938425698,0.017191468786481225,-0.05584411621093749,0.0,-0.14404368559519448,0.017191468786481225,-0.10857340494791663,0.01713947642274348,-0.015698242187499992,0.005431940356922011,-1.5623823875777096,0.7543694335710172,0.001968837200669815,0.008013038793957466,0.013792489449062069
28.5,-10.9592578125,0.0,70.3125,0.0,120.10590911865235,0.0,-0.07931813875834143,0.018150063203383134,6.40869140625111e-05,0.0,-0.07925405184427892,0.018150063203383134,-0.04399383544921872,0.018105556499998315,-0.012165527343749977,0.007557205973077341,-1.270965599884059,0.7749885205007466,-10.9592578125,0.0,70.3125,0.0,120.10590911865235,0.0,-0.0932562824090322,0.02015144720878378,-0.05584411621093749,0.0,-0.14910039861996968,0.02015144720878378,-0.11366043090820314,0.020085331056257417,-0.01792053222656251,0.007334283948757646,-1.4090252737713753,0.5941246016956941,-0.002968572873311542,0.003066145377854263,0.008795849381635454
29.0,-11.025703125,0.0,63.984374999999964,0.0,121.56689025878906,1.4210854715202004e-14,-0.08316773096720381,0.01820735925827721,6.40869140625111e-05,0.0,-0.0831036440531413,0.01820735925827721,-0.04781982421875003,0.018145443154624567,-0.013824462890625014,0.007335247874049145,-1.3678898548283442,0.6356573916457343,-11.025703125,0.0,63.984374999999964,0.0,121.56689025878906,1.4210854715202004e-14,-0.08323927243550612,0.01630816977348456,-0.05584411621093749,0.0,-0.1390833886464436,0.01630816977348455,-0.10366424560546868,0.01629131403253636,-0.012575683593749965,0.005470967342810784,-1.5392222252573877,0.5623969767002083,-0.0011962584765271428,0.004827871968984652,0.010506180450638166
29.5,-11.08625,0.0,56.60156249999995,0.0,122.90566162109376,0.0,-0.08242346127827961,0.019880829454200052,6.40869140625111e-05,0.0,-0.0823593743642171,0.019880829454200052,-0.047044677734374984,0.019798651740470224,-0.013206176757812492,0.00843263046272441,-1.3913969263700794,0.36696822661757644,-11.08625,0.0,56.60156249999995,0.0,122.90566162109376,0.0,-0.08092889944712321,0.022024887061271838,-0.05584411621093749,0.0,-0.1367730156580607,0.02202488706127184,-0.10132227579752605,0.022001185401253127,-0.011199747721354167,0.0072128370178427235,-1.5491241953033974,0.5926280396157669,-0.0016816852307611659,0.004325990310354804,0.009946096554916982
30.0,-11.139843749999999,1.7763568394002505e-15,54.6875,0.0,124.09674682617187,1.4210854715202004e-14,-0.07392088572184242,0.01955799706494997,6.40869140625111e-05,0.0,-0.0738567988077799,0.01955799706494997,-0.03855387369791664,0.019494332921926195,-0.008715820312499983,0.008445183822681963,-1.6699351538218774,0.6423053476950094,-11.139843749999999,1.7763568394002505e-15,54.6875,0.0,124.09674682617187,1.4210854715202004e-14,-0.08371798197428387,0.020041491524476596,-0.05584411621093749,0.0,-0.13956209818522133,0.02004149152447659,-0.10406697591145835,0.020055944826447264,-0.012386067708333337,0.00628472325258849,-1.3266491537975922,0.47589058964253717,-0.006020671023137037,-3.505084387047351e-05,0.005520397755148088
30.5,-11.1915234375,0.0,49.64843749999999,7.105427357601002e-15,125.25088165283204,0.0,-0.07473941485087078,0.017215631696861532,6.40869140625111e-05,0.0,-0.07467532793680826,0.017215631696861532,-0.03933054606119793,0.017222059420425068,-0.008952636718750006,0.006840464155903617,-1.7055525109114,0.6455946836093033,-11.1915234375,0.0,49.64843749999999,7.105427357601002e-15,125.25088165283204,0.0,-0.0804467980066935,0.01942484207318246,-0.055686645507812486,0.0,-0.13613344351450601,0.019424842073182468,-0.1007330830891927,0.019422376729672095,-0.010484212239583327,0.006463911124343603,-1.2939804065292362,0.5464292468209905,-0.005631565542579141,0.0003319123329857468,0.00582228754670121
31.0,-11.23859375,0.0,42.26562499999997,0.0,126.30652099609374,1.4210854715202004e-14,-0.07286163965861002,0.015258187915506453,6.40869140625111e-05,0.0,-0.07279755274454751,0.015258187915506453,-0.037512410481770814,0.015272879097084085,-0.007841796874999989,0.005619081633232402,-1.7188476941894961,0.7951779712392438,-11.23859375,0.0,42.26562499999997,0.0,126.30652099609374,1.4210854715202004e-14,-0.07776005109151204,0.02307379735523305,-0.05559997558593749,0.0,-0.13336002667744953,0.02307379735523306,-0.09800252278645834,0.023078833019536327,-0.008939208984374999,0.007768374859966171,-1.0948573588954498,0.7177471054224281,-0.0065546269870536585,-0.0006242918228332086,0.004788765546916723
31.5,-11.2787109375,0.0,39.0625,0.0,127.20970001220702,1.4210854715202004e-14,-0.06750708580017088,0.016228645641258053,6.40869140625111e-05,0.0,-0.06744299888610837,0.016228645641258053,-0.03216451009114581,0.01620712210351188,-0.005044352213541656,0.006247456973668358,-1.8782146605022654,1.1944104230638501,-11.2787109375,0.0,39.0625,0.0,127.20970001220702,1.4210854715202004e-14,-0.07493459701538084,0.021285291587853875,-0.05546936035156249,0.0,-0.13040395736694332,0.02128529158785387,-0.09508697509765622,0.021256091495882107,-0.007395833333333321,0.006538360478514747,-0.8088979298696174,0.7508065316579025,-0.00916116488644101,-0.0032648363469541973,0.0020697709541270624
32.0,-11.315624999999999,1.7763568394002505e-15,35.31249999999995,7.105427357601002e-15,128.04375000000002,0.0,-0.06511573791503907,0.015369397073827859,6.40869140625111e-05,0.0,-0.06505165100097655,0.015369397073827859,-0.029715169270833328,0.015323386355630504,-0.003751627604166665,0.005643332712361555,-1.57312495447261,1.364857685612981,-11.315624999999999,1.7763568394002505e-15,35.31249999999995,7.105427357601002e-15,128.04375000000002,0.0,-0.07379135131835939,0.014983790254832938,-0.05535583496093749,0.0,-0.12914718627929686,0.014983790254832938,-0.09384521484375001,0.014917408206380845,-0.006712239583333339,0.003949092317530494,-0.8384437827797226,0.8154016516813452,-0.010247706401556284,-0.004390090265292757,0.0008607816902702877
32.5,-11.34921875,0.0,31.25,0.0,128.80500488281248,2.842170943040401e-14,-0.06176861127217607,0.013371884531115286,6.40869140625111e-05,0.0,-0.061704524358113556,0.013371884531115286,-0.026366678873697886,0.013320316030443433,-0.0019663492838541516,0.004233550284464998,-1.081458079138743,1.0766849070206106,-11.34921875,0.0,31.25,0.0,128.80500488281248,2.842170943040401e-14,-0.07403307755788167,0.012636939763968107,-0.05535583496093749,0.0,-0.12938891251881915,0.012636939763968113,-0.09398295084635416,0.012591566006810702,-0.006695556640624995,0.0035862140839733815,-0.9079358887098149,0.6628242712765431,-0.011809336438264303,-0.0059958646990239195,-0.0008347446867515507
33.0,-11.378749999999998,1.7763568394002505e-15,28.359374999999968,0.0,129.47617919921876,0.0,-0.06008071899414066,0.01597507336272382,6.40869140625111e-05,0.0,-0.060016632080078146,0.01597507336272382,-0.024706217447916696,0.015947788206862577,-0.0010868326822916798,0.005810171661942415,-0.8023913071520453,0.6774418361609945,-11.378749999999998,1.7763568394002505e-15,28.359374999999968,0.0,129.47617919921876,0.0,-0.07171161333719887,0.01432016742911614,-0.05526550292968748,6.938893903907228e-18,-0.12697711626688638,0.014320167429116142,-0.0915228271484375,0.01430409493652223,-0.005403238932291662,0.003970139552247881,-0.8302450587606941,0.40072018810593785,-0.012461296040904709,-0.006693162334558649,-0.0016231518053001514
33.5,-11.4058203125,0.0,23.4375,0.0,130.09285552978517,0.0,-0.06067672729492179,0.018364956698144027,6.40869140625111e-05,0.0,-0.06061264038085928,0.018364956698144027,-0.02532786051432283,0.018341140137295993,-0.0013944498697916249,0.007341862587041134,-0.2369774119651974,0.7435616439510935,-11.4058203125,0.0,23.4375,0.0,130.09285552978517,0.0,-0.0709664026896159,0.01784422414864347,-0.05511169433593749,0.0,-0.1260780970255534,0.01784422414864347,-0.09065765380859377,0.017796380764993985,-0.0049418131510416755,0.004975825004420538,-0.8885955217742328,0.557626201978133,-0.011914796998573483,-0.006195547122037119,-0.0012205356052894137
34.0,-11.42796875,0.0,23.4375,0.0,130.59857543945313,0.0,-0.05532681783040366,0.01367926087586736,6.40869140625111e-05,0.0,-0.05526273091634115,0.01367926087586736,-0.01998657226562502,0.013585258531997999,0.0013362630208333234,0.004915645363979651,0.1478094117254242,0.9636670748810287,-11.42796875,0.0,23.4375,0.0,130.59857543945313,0.0,-0.07145253499348958,0.021921794938266643,-0.05504821777343749,0.0,-0.12650075276692707,0.021921794938266646,-0.09100992838541666,0.021862127225191593,-0.005058593749999994,0.006543478267435861,-0.8742188258789744,0.7029218251990301,-0.014389937002778354,-0.008724838611290489,-0.0038505377952285725
34.5,-11.4501171875,0.0,21.8359375,0.0,131.1052731323242,0.0,-0.06233248710632325,0.014955526791866125,6.40869140625111e-05,0.0,-0.06226840019226074,0.014955526791866125,-0.026998901367187498,0.014916967646885073,-0.0021649169921874995,0.006233036016579863,0.005310343139931099,0.923369032763042,-11.4501171875,0.0,21.8359375,0.0,131.1052731323242,0.0,-0.06735962470372518,0.019906051363544175,-0.054817504882812486,0.0,-0.12217712958653766,0.019906051363544175,-0.08679992675781249,0.019826729457323722,-0.0029193115234375008,0.006555039037962978,-0.7639529117800644,0.892772422222427,-0.010626948888757714,-0.005018010691013924,-0.0002465338285798785
35.0,-11.47109375,0.0,15.625,0.0,131.58602294921874,0.0,-0.06221418380737303,0.01453875420670999,6.40869140625111e-05,0.0,-0.06215009689331052,0.01453875420670999,-0.02688293457031249,0.014490247319804347,-0.002062988281249995,0.006044337953662928,0.14541732681381628,1.0489255929098895,-11.47109375,0.0,15.625,0.0,131.58602294921874,0.0,-0.06607242425282793,0.016525333182910988,-0.05462341308593749,0.0,-0.12069583733876543,0.01652533318291099,-0.08538818359374996,0.016517688331207748,-0.002203369140624987,0.004025821103185526,-0.6428728199968506,0.48657218834336385,-0.01045968936239038,-0.0049093002591604025,-0.00024314296812187
35.5,-11.485859375000002,1.7763568394002505e-15,14.882812499999988,0.0,131.92498657226562,0.0,-0.0611448351542155,0.010773193343523836,6.40869140625111e-05,0.0,-0.06108074824015299,0.010773193343523836,-0.02578277587890626,0.010748536278437183,-0.0015378824869791703,0.003467198194936451,0.21760787904586865,1.306336886937207,-11.485859375000002,1.7763568394002505e-15,14.882812499999988,0.0,131.92498657226562,0.0,-0.06212593078613282,0.01392027247421774,-0.05460021972656249,0.0,-0.1167261505126953,0.013920272474217735,-0.08134989420572916,0.01396093238023321,-0.00022460937500000107,0.004618401444738316,-0.6955323593507217,1.0689305781544969,-0.010707663269266263,-0.005218409597303559,-0.0006602505343288614
36.0,-11.5003125,0.0,7.8125,0.0,132.25718994140627,2.842170943040401e-14,-0.06529310862223299,0.012539747258085468,6.40869140625111e-05,0.0,-0.06522902170817048,0.012539747258085468,-0.029921061197916585,0.012603399631711263,-0.0035937499999999594,0.005966490525925881,0.25217810618200637,0.9912027201054725,-11.5003125,0.0,7.8125,0.0,132.25718994140627,2.842170943040401e-14,-0.06342566172281904,0.01398863462837709,-0.05437927246093749,0.0,-0.11780493418375652,0.01398863462837709,-0.08249430338541668,0.013979015898140254,-0.0008544921875000087,0.0031639909147476914,-0.8477636187597154,1.000445885886492,-0.00836975709422675,-0.0029432904558471173,0.0015052427929097539
36.5,-11.5076953125,0.0,7.8125,0.0,132.4270523071289,2.842170943040401e-14,-0.05647885481516517,0.01692834180883355,6.40869140625111e-05,0.0,-0.05641476790110266,0.01692834180883355,-0.021115519205729138,0.01694021978126267,0.0009051513671875164,0.0067909083997460505,0.2627995038273389,0.7500412423656414,-11.5076953125,0.0,7.8125,0.0,132.4270523071289,2.842170943040401e-14,-0.065422469774882,0.019770874000670905,-0.05437927246093749,0.0,-0.1198017422358195,0.019770874000670905,-0.08430155436197917,0.01977447988247042,-0.0018157958984375035,0.005264552543444694,-0.9845869394819569,0.9613739026553398,-0.012576963254696325,-0.007216448862825994,-0.0028807870941734218
37.0,-11.515078125,0.0,7.8125,0.0,132.5970281982422,2.842170943040401e-14,-0.060414330164591475,0.011183569016625412,6.40869140625111e-05,0.0,-0.06035024325052896,0.011183569016625412,-0.02508158365885416,0.01109518774809424,-0.0010290527343749963,0.005459926526197671,0.37962491880950044,0.5750025549468761,-11.515078125,0.0,7.8125,0.0,132.5970281982422,2.842170943040401e-14,-0.0630733839670817,0.014694991457376893,-0.05415222167968748,6.938893903907228e-18,-0.1172256056467692,0.014694991457376893,-0.08185160319010418,0.014655164715329655,-0.000620117187500002,0.003256393928788231,-0.9649710369925212,0.9209219827853834,-0.010353509624669828,-0.005058321137517882,-0.0008346211807381096
37.5,-11.5224609375,0.0,7.8125,0.0,132.7671127319336,0.0,-0.06449786822001143,0.019111653066703697,6.40869140625111e-05,0.0,-0.06443378130594891,0.019111653066703697,-0.029218037923177106,0.019083471947997175,-0.0030670166015625104,0.007843309488566458,0.5582499707865901,0.49025511223704954,-11.5224609375,0.0,7.8125,0.0,132.7671127319336,0.0,-0.0605026086171468,0.015501996739223858,-0.05413513183593749,0.0,-0.11463774045308428,0.015501996739223855,-0.07922617594401041,0.01544355656588396,0.0007171630859375066,0.0050741152338007545,-0.6014832064636836,1.2528569259176319,-0.008024863183477095,-0.0027955970162620155,0.001315722813483581
38.0,-11.52984375,0.0,7.8125,0.0,132.93730590820311,0.0,-0.06504236221313477,0.016455241306317037,6.40869140625111e-05,0.0,-0.06497827529907226,0.016455241306317037,-0.029714762369791665,0.016418035870664774,-0.0033032226562500003,0.007177500057072086,0.5997797233148686,0.2752758349301028,-11.52984375,0.0,7.8125,0.0,132.93730590820311,0.0,-0.05458885192871093,0.01420455987678165,-0.0539349365234375,6.938893903907228e-18,-0.1085237884521484,0.01420455987678165,-0.07318888346354167,0.014213350368818545,0.003664550781250005,0.0032114318194899753,-0.48935873154622866,1.0783417223717158,-0.007485513313878864,-0.002326253406461801,0.001668497645727433
38.5,-11.5372265625,0.0,1.8359374999999467,0.0,133.10760772705078,0.0,-0.06495760440826416,0.016950575804941168,6.40869140625111e-05,0.0,-0.06489351749420165,0.016950575804941168,-0.02962595621744792,0.01692347324370042,-0.003233642578125,0.0064585191689693405,0.7046449508607671,0.337105295697089,-11.5372265625,0.0,1.8359374999999467,0.0,133.10760772705078,0.0,-0.05637052536010745,0.01395030109359245,-0.05389099121093749,0.0,-0.11026151657104494,0.013950301093592453,-0.07483500162760419,0.013937635542203859,0.0026849365234374862,0.0033026011752372107,-0.4500444081742862,0.8972463234760472,-0.007252981409662236,-0.002163589192073729,0.0017150397138589687
39.0,-11.5390625,0.0,0.0,0.0,133.14996337890625,0.0,-0.06962540308634442,0.013037357158202534,6.40869140625111e-05,0.0,-0.06956131617228191,0.013037357158202534,-0.03426778157552087,0.013023217035494796,-0.005496826171875017,0.005128791358437616,0.3070248571957587,0.3858386543225193,-11.5390625,0.0,0.0,0.0,133.14996337890625,0.0,-0.05200580596923824,0.014328574325176055,-0.05371765136718749,0.0,-0.10572345733642574,0.014328574325176056,-0.07033630371093748,0.014335278119957192,0.004826253255208351,0.003183639437627831,-0.08223100142045651,0.5631782407558678,-0.004673501997010492,0.0003413572597015307,0.004099104736621607
39.5,-11.5390625,0.0,0.0,0.0,133.14996337890625,0.0,-0.06877134641011556,0.01478345350360079,6.40869140625111e-05,0.0,-0.06870725949605305,0.01478345350360079,-0.0334283447265625,0.014787142736474307,-0.004963175455729167,0.0058628753979386525,-0.20898138726506896,0.3280062410553155,-11.5390625,0.0,0.0,0.0,133.14996337890625,0.0,-0.05853332201639811,0.016487406849046014,-0.05364685058593749,0.0,-0.11218017260233559,0.016487406849046014,-0.07677083333333333,0.016484864868199337,0.001475830078125002,0.004211127553506929,0.28472212737349456,0.45207172494465125,-0.004894065752580427,4.7043719183095106e-05,0.0036851226082894642
40.0,-11.5390625,0.0,0.0,0.0,133.14996337890625,0.0,-0.06618817647298177,0.01573638564874957,6.40869140625111e-05,0.0,-0.06612408955891926,0.01573638564874957,-0.030859374999999994,0.01572105130993962,-0.003556315104166664,0.005943703115986778,-0.23176286604020754,0.5017332615228104,-11.5390625,0.0,0.0,0.0,133.14996337890625,0.0,-0.0600886027018229,0.015547866316108683,-0.05364685058593749,0.0,-0.1137354532877604,0.015547866316108681,-0.07827962239583332,0.015513913192813462,0.0006835937500000071,0.0045727567304421615,0.4717586016414175,0.6106745956046394,-0.005991012745065895,-0.001122878467873018,0.002396731338980156
40.5,-11.5390625,0.0,0.0,0.0,133.14996337890625,0.0,-0.06768698056538901,0.017950620359553717,6.40869140625111e-05,0.0,-0.0676228936513265,0.017950620359553717,-0.03232828776041668,0.01792116168032781,-0.004241943359375006,0.0072480069125694675,0.011554946247325226,0.6479915512933412,-11.5390625,0.0,0.0,0.0,133.14996337890625,0.0,-0.057987286249796544,0.01428703141534446,-0.05364685058593749,0.0,-0.11163413683573405,0.01428703141534446,-0.0761534627278646,0.014222987313084287,0.0017311604817708333,0.003798530679197389,0.4169023657548996,0.5024553798181565,-0.004998609868180366,-0.00020268468592900529,0.0031996423575563343
41.0,-11.5390625,0.0,0.0,0.0,133.14996337890625,0.0,-0.06625693003336586,0.017638319969264748,6.40869140625111e-05,0.0,-0.06619284311930335,0.017638319969264748,-0.030899861653645805,0.01758376188555386,-0.0034729003906249847,0.0072163363779976205,0.11116270881895589,0.7977125438280389,-11.5390625,0.0,0.0,0.0,133.14996337890625,0.0,-0.057949924468994156,0.013768616034540148,-0.05364685058593749,0.0,-0.11159677505493164,0.013768616034540144,-0.07614990234375002,0.013710265582394654,0.0017097981770833332,0.0031850327644013707,0.2002251898492046,0.6072801463591849,-0.005463982469803007,-0.0007395086807639685,0.0025467088757638416
41.5,-11.5390625,0.0,0.0,0.0,133.14996337890625,0.0,-0.06386491457621257,0.014743519518806845,6.40869140625111e-05,0.0,-0.06380082766215006,0.014743519518806845,-0.028539326985677096,0.014702915754902974,-0.002204589843750007,0.005830364848572509,0.1833520754419197,0.7320891347718343,-11.5390625,0.0,0.0,0.0,133.14996337890625,0.0,-0.05888141870498659,0.013942968353600971,-0.05364685058593749,0.0,-0.11252826929092408,0.013942968353600971,-0.07709136962890627,0.013900696920634965,0.0011903889973958264,0.0038633951811688485,-0.1349019226216521,0.41951463406691264,-0.006417323706554832,-0.0017680886425727486,0.0013982636214219628
42.0,-11.5390625,0.0,0.0,0.0,133.14996337890625,0.0,-0.0678603490193685,0.01332819929060765,6.40869140625111e-05,0.0,-0.06779626210530598,0.01332819929060765,-0.03253580729166667,0.013336883832154525,-0.004116210937500003,0.0054590819139131936,0.4930502440268061,0.4155388488638345,-11.5390625,0.0,0.0,0.0,133.14996337890625,0.0,-0.058187570571899404,0.01463269105991284,-0.05364685058593749,0.0,-0.11183442115783689,0.014632691059912838,-0.076358642578125,0.014607435342471612,0.001528320312500003,0.0031710574845743886,-0.37307798538266845,0.4992383647845927,-0.00418970122801558,0.00038371628756340113,0.0034299766333650357
42.5,-11.5390625,0.0,0.0,0.0,133.14996337890625,0.0,-0.07216657002766927,0.0136284716787365,6.40869140625111e-05,0.0,-0.07210248311360676,0.0136284716787365,-0.03681793212890625,0.01364029936417255,-0.006171671549479167,0.00626530701712179,0.7219719164299253,0.6025076652737599,-11.5390625,0.0,0.0,0.0,133.14996337890625,0.0,-0.056639989217122405,0.015901839207495674,-0.05364685058593749,0.0,-0.11028683980305988,0.015901839207495674,-0.07480519612630208,0.015918317297244463,0.0023254394531249992,0.0035642458363358154,-0.25782966761970577,0.5977850321901939,-0.001821694797494255,0.0026767342564319027,0.0056042159237888675
43.0,-11.5390625,0.0,0.0,0.0,133.14996337890625,0.0,-0.07221171696980794,0.015287981821455441,6.40869140625111e-05,0.0,-0.07214763005574543,0.015287981821455441,-0.036826171875,0.015265652964659777,-0.006111246744791667,0.006671204624350908,0.4169156445767816,0.9173865937220397,-11.5390625,0.0,0.0,0.0,133.14996337890625,0.0,-0.05834990819295246,0.01590691823554036,-0.05364685058593749,0.0,-0.11199675877888993,0.015906918235540357,-0.07648885091145831,0.015896377752887863,0.0014025878906250107,0.0038200796663546985,-0.105532014101351,0.33120351649341173,-0.0015729915622735274,0.0028512690504474475,0.00566127091845289
43.5,-11.5390625,0.0,0.0,0.0,133.14996337890625,0.0,-0.07177821159362792,0.018603067945148054,6.40869140625111e-05,0.0,-0.07171412467956541,0.018603067945148054,-0.036400044759114576,0.018591629250702017,-0.005759684244791664,0.00765415395430379,-0.05474004619511896,0.8901128394640792,-11.5390625,0.0,0.0,0.0,133.14996337890625,0.0,-0.05508639971415202,0.020596353586155476,-0.05364685058593749,0.0,-0.10873325030008951,0.02059635358615547,-0.0732683308919271,0.02056784903834264,0.0029870605468749977,0.00603991472120902,-0.1213153166278117,0.4612954744893777,-0.001618806426604509,0.0027320967981989096,0.0054259035423286205
44.0,-11.5390625,0.0,0.0,0.0,133.14996337890625,0.0,-0.07037516276041668,0.014200331402598942,6.40869140625111e-05,0.0,-0.07031107584635417,0.014200331402598942,-0.035014648437500025,0.014177123959847717,-0.0049772135416666745,0.005279684001380409,-0.6812832349941808,1.0474103349714647,-11.5390625,0.0,0.0,0.0,133.14996337890625,0.0,-0.05622034708658852,0.016530398369599714,-0.05364685058593749,0.0,-0.109867197672526,0.016530398369599714,-0.07444905598958332,0.016515362537279074,0.002345377604166676,0.0052783072635451235,0.008418773067214008,0.5894279591978355,-0.0020988729326047494,0.0021794750884672103,0.004758357335900276
44.5,-11.5390625,0.0,0.0,0.0,133.14996337890625,0.0,-0.07239550272623697,0.018231343423876487,6.40869140625111e-05,0.0,-0.07233141581217446,0.018231343423876487,-0.03702911376953125,0.01818897707717714,-0.005878702799479166,0.005893028778010232,-1.2909903003897192,1.3105773851959712,-11.5390625,0.0,0.0,0.0,133.14996337890625,0.0,-0.05456650416056317,0.017838914120032967,-0.05364685058593749,0.0,-0.10821335474650064,0.017838914120032967,-0.07280843098958335,0.01773734286224831,0.0030973307291666577,0.004552371011630582,-0.12031276557644781,0.2522357627202827,-0.0008982863547473737,0.0033082998746638793,0.0057735143579048555
45.0,-11.5390625,0.0,0.0,0.0,133.14996337890625,0.0,-0.07165838877360013,0.011308571656233099,6.40869140625111e-05,0.0,-0.07159430185953762,0.011308571656233099,-0.03628031412760404,0.0113137271062908,-0.005395507812499935,0.005729056848571596,-1.029483347598578,1.5057793611250172,-11.5390625,0.0,0.0,0.0,133.14996337890625,0.0,-0.05821002324422193,0.020243965267576918,-0.05364685058593749,0.0,-0.11185687383015942,0.020243965267576918,-0.0764139811197916,0.020295927631383735,0.0012227376302083686,0.005885736363935457,-0.5586945741975197,0.3306297929079285,-0.0010856547371073293,0.0030499544365242314,0.005402744145345417
45.5,-11.5390625,0.0,0.0,0.0,133.14996337890625,0.0,-0.060566145579020125,0.012917521743415792,6.40869140625111e-05,0.0,-0.060502058664957614,0.012917521743415792,-0.025225321451822852,0.01286598458916396,0.00029541015625003404,0.004252276072914717,-0.693273536901461,1.5277191163276131,-11.5390625,0.0,0.0,0.0,133.14996337890625,0.0,-0.052027037938435834,0.011012452388878154,-0.05364685058593749,0.0,-0.10567388852437332,0.011012452388878154,-0.07022318522135412,0.01100487290641642,0.0043373616536458515,0.002924468874382488,-0.7995807022296227,0.7695487410801329,-0.0064839810504474914,-0.0024185727780277164,-0.00017697844630554195
46.0,-11.5390625,0.0,0.0,0.0,133.14996337890625,0.0,-0.062320683797200516,0.017595468784647333,6.40869140625111e-05,0.0,-0.062256596883138005,0.017595468784647333,-0.02688802083333333,0.01759899181849356,-0.0006306966145833342,0.008385477361992529,-0.8609836344211446,1.0127076310768726,-11.5390625,0.0,0.0,0.0,133.14996337890625,0.0,-0.05837498346964518,0.022353313894183408,-0.05364685058593749,0.0,-0.11202183405558268,0.022353313894183408,-0.07661621093750001,0.022330646852095053,0.0010644531249999983,0.007211913511516853,-0.5201864650106752,0.781642989201999,-0.005268482198311535,-0.001272507160009598,0.0008591077481202012
46.5,-11.5390625,0.0,0.0,0.0,133.14996337890625,0.0,-0.05986750890811283,0.012961628481561127,6.40869140625111e-05,0.0,-0.05980342199405032,0.012961628481561127,-0.024549153645833318,0.012927215569731981,0.0006406656901041774,0.003991626698661175,-1.1980812292091665,0.7646836389700534,-11.5390625,0.0,0.0,0.0,133.14996337890625,0.0,-0.05064805189768467,0.021699116627188358,-0.05364685058593749,0.0,-0.10429490248362216,0.021699116627188365,-0.06881591796874993,0.02169189843253074,0.004959716796875034,0.005940063784700495,-0.43394336241016207,0.8594836767087913,-0.00625361700753836,-0.002326315930921314,-0.0003034777896794125
47.0,-11.5390625,0.0,0.0,0.0,133.14996337890625,0.0,-0.06347434302171073,0.011287696828665459,6.40869140625111e-05,0.0,-0.06341025610764822,0.011287696828665459,-0.028131713867187515,0.011283832815977508,-0.0012463378906250094,0.0046743685320528045,-1.016350592766604,0.45257866751952713,-11.5390625,0.0,0.0,0.0,133.14996337890625,0.0,-0.047645963033040355,0.018588594043851058,-0.05364685058593749,0.0,-0.10129281361897784,0.018588594043851065,-0.06582397460937499,0.018557027622356854,0.0062699381510416706,0.005660787475972433,-0.37027236001845143,1.030284848974026,-0.004083515911531846,-0.00022413782702969788,0.0016911130526309891
47.5,-11.5390625,0.0,0.0,0.0,133.14996337890625,0.0,-0.06443676650524138,0.013701046749216284,6.40869140625111e-05,0.0,-0.06437267959117889,0.013701046749216284,-0.029088338216145832,0.013685093990782334,-0.0016682942708333337,0.00644880418570135,-0.42810447473533303,0.4144147529281977,-11.5390625,0.0,0.0,0.0,133.14996337890625,0.0,-0.04523328145345049,0.02530850253461824,-0.05364685058593749,0.0,-0.09888013203938799,0.025308502534618228,-0.0634272257486979,0.025273135804524973,0.007375081380208345,0.008121262652624636,-0.47849997495993996,0.8155042962802792,-0.003381557768993869,0.00041064008089462334,0.0022194801966973115
48.0,-11.5390625,0.0,0.0,0.0,133.14996337890625,0.0,-0.05828450679779048,0.012776880798783228,6.40869140625111e-05,0.0,-0.058220419883727954,0.012776880798783228,-0.022952473958333275,0.012719138195498586,0.001466471354166697,0.004508855148549729,-0.47747039202118285,0.6791698616202005,-11.5390625,0.0,0.0,0.0,133.14996337890625,0.0,-0.049385197957356824,0.02590983980837391,-0.05364685058593749,0.0,-0.1030320485432943,0.02590983980837391,-0.06759195963541671,0.025874845122929875,0.00521809895833331,0.008672561694689688,-0.8744047293852094,1.126056869146737,-0.006239383531660916,-0.002513631281152257,-0.0008100382968261438
48.5,-11.5390625,0.0,0.0,0.0,133.14996337890625,0.0,-0.0531102422873179,0.012321404191667676,6.40869140625111e-05,0.0,-0.05304615537325539,0.012321404191667676,-0.017815551757812496,0.012248552304760818,0.0040114339192708365,0.004007363132263959,-0.9615448638275872,1.1179941940845217,-11.5390625,0.0,0.0,0.0,133.14996337890625,0.0,-0.05123084545135498,0.022841556118083063,-0.05364685058593749,0.0,-0.10487769603729247,0.02284155611808306,-0.06943766276041667,0.022797920995131626,0.0041912841796875,0.00591698594320433,-0.9577044388445793,0.9888808346431797,-0.008510434651669518,-0.004850401398754952,-0.003250904638179561
49.0,-11.5390625,0.0,0.0,0.0,133.14996337890625,0.0,-0.052260716756184905,0.012362417337308852,6.40869140625111e-05,0.0,-0.052196629842122394,0.012362417337308852,-0.016922810872395836,0.012283930258265552,0.0043815104166666655,0.004358531899241377,-1.2838401290549777,1.3067081699615837,-11.5390625,0.0,0.0,0.0,133.14996337890625,0.0,-0.04706399440765377,0.022505171010111135,-0.05364685058593749,0.0,-0.10071084499359127,0.022505171010111135,-0.06526774088541663,0.022510599730937494,0.006185709635416685,0.005889299175476913,-0.7956836051318438,0.860500696081363,-0.008609595004591663,-0.0050145620930854545,-0.0035180232340427265
49.5,-11.5390625,0.0,0.0,0.0,133.14996337890625,0.0,-0.0556053956349691,0.013139863265997104,6.40869140625111e-05,0.0,-0.055541308720906596,0.013139863265997104,-0.020235799153645862,0.013063744836387357,0.002632853190104152,0.005222052280150627,-1.1072692633971881,0.9584916041967708,-11.5390625,0.0,0.0,0.0,133.14996337890625,0.0,-0.04326213598251342,0.020588642850321894,-0.05364685058593749,0.0,-0.09690898656845091,0.020588642850321894,-0.061483866373697904,0.020597268416070423,0.007961222330729172,0.004905727298730934,-0.983666195458191,0.711327315675193,-0.0065929841797014626,-0.0030622408121304613,-0.0016675339802839733
50.0,-11.5390625,0.0,0.0,0.0,133.14996337890625,0.0,-0.053860664367675726,0.013088437923850702,6.40869140625111e-05,0.0,-0.053796577453613215,0.013088437923850702,-0.018513997395833284,0.013016318492164763,0.0034383138020833604,0.005694470683350106,-0.580118530557975,0.7196804831122819,-11.5390625,0.0,0.0,0.0,133.14996337890625,0.0,-0.03670183817545566,0.021528150813007442,-0.05364685058593749,0.0,-0.09034868876139314,0.021528150813007442,-0.054911295572916595,0.021488006361968938,0.01106770833333337,0.004947321002642082,-1.4339467769643692,0.9666690502762466,-0.007133421343202759,-0.003666264494869108,-0.002372276127642901
50.5,-11.5390625,0.0,0.0,0.0,133.14996337890625,0.0,-0.04769935766855871,0.013159796902388688,6.40869140625111e-05,0.0,-0.0476352707544962,0.013159796902388688,-0.012355957031249962,0.013122138892270903,0.006452840169270851,0.006729343417521407,-0.3392414131549893,0.8192557741535219,-11.5390625,0.0,0.0,0.0,133.14996337890625,0.0,-0.032881724039713574,0.025788175379944517,-0.05364685058593749,0.0,-0.08652857462565107,0.025788175379944517,-0.05106384277343753,0.025731353168143317,0.012779947916666647,0.007351266168758477,-1.5944505052781512,1.1627143446660928,-0.009885822369728733,-0.006481556703712333,-0.0052871854156582585
51.0,-11.5390625,0.0,0.0,0.0,133.14996337890625,0.0,-0.04511667887369791,0.012854449630540046,6.40869140625111e-05,0.0,-0.0450525919596354,0.012854449630540046,-0.009779052734375,0.012846568160404807,0.007618001302083334,0.0066712669057720775,-0.607136664875928,1.0940165095286039,-11.5390625,0.0,0.0,0.0,133.14996337890625,0.0,-0.03512640635172526,0.028485247048464862,-0.05364685058593749,0.0,-0.08877325693766276,0.028485247048464862,-0.0533209228515625,0.02844719165103128,0.011467692057291666,0.009080609655838208,-1.2204237954970378,1.0650131576587216,-0.010791724578051585,-0.007449662361142022,-0.006353818810779344
51.5,-11.5390625,0.0,0.0,0.0,133.14996337890625,0.0,-0.04595306714375815,0.008379069626711281,6.40869140625111e-05,0.0,-0.04588898022969564,0.008379069626711281,-0.010611063639322923,0.008323376442282262,0.007036743164062494,0.003018002917400557,-0.9625625906753861,1.2479592849315897,-11.5390625,0.0,0.0,0.0,133.14996337890625,0.0,-0.03371305465698241,0.028191457343665384,-0.05364685058593749,0.0,-0.08735990524291991,0.02819145734366538,-0.051927388509114575,0.02814883926792156,0.011952107747395838,0.008818305510483982,-0.737586625342974,0.7363023180629102,-0.009954042586625765,-0.006673503606173563,-0.005675110364284696
52.0,-11.5390625,0.0,0.0,0.0,133.14996337890625,0.0,-0.048028170267740894,0.008690728054216341,6.40869140625111e-05,0.0,-0.04796408335367838,0.008690728054216341,-0.01263264973958334,0.00864159756047014,0.005856119791666665,0.0039082378839415755,-1.0914053394522123,1.0884435538028963,-11.5390625,0.0,0.0,0.0,133.14996337890625,0.0,-0.029176991780598915,0.028442485012594842,-0.05364685058593749,0.0,-0.08282384236653641,0.028442485012594842,-0.047389322916666636,0.02838162780113008,0.013938802083333354,0.009294906393538227,-0.7447389307740867,0.30910020179995684,-0.008519799429589928,-0.005300110911267034,-0.0043981023306335154
52.5,-11.5390625,0.0,0.0,0.0,133.14996337890625,0.0,-0.046392265955607054,0.009299602124680478,6.40869140625111e-05,0.0,-0.04632817904154454,0.009299602124680478,-0.011075337727864542,0.009205135017049441,0.006586710611979188,0.0042796909979340705,-0.8658526938556244,0.6381442576600396,-11.5390625,0.0,0.0,0.0,133.14996337890625,0.0,-0.024877532323201505,0.02705800148709737,-0.05364685058593749,0.0,-0.07852438290913899,0.02705800148709737,-0.043078104654947914,0.027001257975235428,0.01589253743489583,0.009244138902802384,-1.0685752507041533,0.7424907543517767,-0.008999543870727053,-0.0058400403971866615,-0.005033362483749591
53.0,-11.5390625,0.0,0.0,0.0,133.14996337890625,0.0,-0.03871785481770832,0.015557054987109856,6.40869140625111e-05,0.0,-0.03865376790364581,0.015557054987109856,-0.003383789062499979,0.015448637901990267,0.01033772786458334,0.007211378165580114,-0.7161335029987402,0.541807735428167,-11.5390625,0.0,0.0,0.0,133.14996337890625,0.0,-0.02590585072835284,0.021153581956336022,-0.05364685058593749,0.0,-0.07955270131429032,0.02115358195633602,-0.04408833821614581,0.021127476038004186,0.015045572916666678,0.003952493123721392,-1.5164258078076527,1.2986077892413657,-0.012502457821632076,-0.009402481252057908,-0.008690091537487291
53.5,-11.5390625,0.0,0.0,0.0,133.14996337890625,0.0,-0.037081969976425176,0.017223029135040153,6.40869140625111e-05,0.0,-0.037017883062362665,0.017223029135040153,-0.0016743977864583342,0.017130344917179668,0.010908203125,0.007826541743064078,-0.7693777847586466,0.700901879394445,-11.5390625,0.0,0.0,0.0,133.14996337890625,0.0,-0.023252344131469718,0.026273293806453997,-0.05364685058593749,0.0,-0.07689919471740721,0.026273293806453997,-0.04142191569010416,0.026222813506930016,0.01609415690104167,0.007638190198985114,-1.568786336547572,1.0298111721931709,-0.012827542861482827,-0.009786442252018175,-0.009167309667675753
54.0,-11.5390625,0.0,0.0,0.0,133.14996337890625,0.0,-0.037137632369995115,0.020635629755620187,6.40869140625111e-05,0.0,-0.037073545455932604,0.020635629755620187,-0.0017891438802083316,0.020629004485464186,0.010729980468749999,0.010394237053019454,-0.5984793472586573,0.525030415817098,-11.5390625,0.0,0.0,0.0,133.14996337890625,0.0,-0.02035919189453125,0.020164462934176224,-0.05364685058593749,0.0,-0.07400604248046873,0.020164462934176224,-0.038539225260416664,0.020159034569517897,0.017211100260416667,0.00454802852358504,-0.9716825329618274,0.9337423354195022,-0.012406613397475761,-0.00942374492252266,-0.008896849674802997
54.5,-11.5390625,0.0,0.0,0.0,133.14996337890625,0.0,-0.03332073728243513,0.012020779916179773,6.40869140625111e-05,0.0,-0.033256650368372616,0.012020779916179773,0.0020375569661458055,0.011969774840542796,0.012440999348958317,0.006111389479534534,-0.3341790994378863,0.8016073193828224,-11.5390625,0.0,0.0,0.0,133.14996337890625,0.0,-0.009552930196126316,0.022442038328575283,-0.05364685058593749,0.0,-0.0631997807820638,0.02244203832857528,-0.027799479166666682,0.02238367300855637,0.022291666666666654,0.005074368024468509,-0.7333336083946471,0.9747637271219757,-0.01387757953884315,-0.010952306413222165,-0.010516639860256907
55.0,-11.5390625,0.0,0.0,0.0,133.14996337890625,0.0,-0.03657873074213665,0.0071075706213483,6.40869140625111e-05,0.0,-0.036514643828074136,0.0071075706213483,-0.0012308756510416765,0.007155517368026763,0.010518391927083329,0.005356984729047783,0.42258427878546095,0.9158304375806189,-11.5390625,0.0,0.0,0.0,133.14996337890625,0.0,-0.011170323689778652,0.017760702195327768,-0.05364685058593749,0.0,-0.06481717427571614,0.01776070219532777,-0.029337565104166675,0.017696186064695765,0.021061197916666663,0.0047196065758231985,-0.8877248104543093,0.6584228647001286,-0.011717544424034597,-0.008849236825995819,-0.00850380135570624
55.5,-11.5390625,0.0,0.0,0.0,133.14996337890625,0.0,-0.035043180783589666,0.013602086887771586,6.40869140625111e-05,0.0,-0.034979093869527154,0.013602086887771586,0.0002896118164062682,0.013552679939039835,0.011108601888020842,0.006258770527518521,0.5542630045193521,1.2406588270198304,-11.5390625,0.0,0.0,0.0,133.14996337890625,0.0,-0.008702112833658827,0.017206394212138505,-0.05364685058593749,0.0,-0.06234896341959631,0.017206394212138505,-0.026906127929687478,0.017201944628448502,0.021942952473958343,0.0043487205554581625,-0.5316747800268303,1.0152946629434125,-0.0120729230323121,-0.009260958027388033,-0.009004766936871104
56.0,-11.5390625,0.0,0.0,0.0,133.14996337890625,0.0,-0.0389499123891195,0.010565800675831462,6.40869140625111e-05,0.0,-0.038885825475056986,0.010565800675831462,-0.0035791015625000287,0.010518499562483184,0.008968098958333318,0.0054124463586495974,0.09271273431430511,1.3373967825666255,-11.5390625,0.0,0.0,0.0,133.14996337890625,0.0,-0.013990885416666708,0.022064582406251032,-0.05364685058593749,0.0,-0.0676377360026042,0.022064582406251036,-0.03221679687500004,0.0220094048525812,0.01887532552083331,0.005750716169418874,-0.04751731558371961,1.4398287859573289,-0.009700156698508693,-0.00694391816419984,-0.006775995540433245
56.5,-11.5390625,0.0,0.0,0.0,133.14996337890625,0.0,-0.03667435844739278,0.007420715435297505,6.40869140625111e-05,0.0,-0.03661027153333027,0.007420715435297505,-0.0013513183593749963,0.0073377362867026,0.009886474609375003,0.0022669212973730974,0.28430692706816535,0.5663000896339435,-11.5390625,0.0,0.0,0.0,133.14996337890625,0.0,-0.010014533996582028,0.0191262191267455,-0.05364685058593749,0.0,-0.0636613845825195,0.019126219126745496,-0.028173828124999994,0.01905838310884743,0.02050577799479167,0.0048233243839956004,-0.028882860303766283,1.2242171751239355,-0.010388808812720942,-0.00768768736400497,-0.007607067965856652
57.0,-11.5390625,0.0,0.0,0.0,133.14996337890625,0.0,-0.036200842857360846,0.009796033954020868,6.40869140625111e-05,0.0,-0.036136755943298335,0.009796033954020868,-0.0008705647786458364,0.009729675510167648,0.009956868489583331,0.003758884519349054,0.4660766886108654,0.6020171193278997,-11.5390625,0.0,0.0,0.0,133.14996337890625,0.0,-0.006584370930989568,0.01797299742745055,-0.05364685058593749,0.0,-0.06023122151692706,0.017972997427450548,-0.02475423177083332,0.017966876356138882,0.021831054687500004,0.003408538014919968,-0.1337381287332496,0.9123600269820215,-0.010231991249205253,-0.007585384164860733,-0.007591113306388699
57.5,-11.5390625,0.0,0.0,0.0,133.14996337890625,0.0,-0.038084865361452114,0.011829599053355323,6.40869140625111e-05,0.0,-0.0380207784473896,0.011829599053355323,-0.002740987141927093,0.011744134142067642,0.008830769856770827,0.004025698364026059,0.0649156548204337,0.5744708933126919,-11.5390625,0.0,0.0,0.0,133.14996337890625,0.0,-0.005515607198079426,0.01331159987588269,-0.05364685058593749,0.0,-0.05916245778401691,0.01331159987588269,-0.02370503743489583,0.01328804338687507,0.021929931640624997,0.0023983088778821325,-0.23500313569893336,0.6090007824592625,-0.008881165795311795,-0.006288476945047623,-0.006379610380075893
58.0,-11.5390625,0.0,0.0,0.0,133.14996337890625,0.0,-0.03331194142500553,0.008430963728021887,6.40869140625111e-05,0.0,-0.03324785451094302,0.008430963728021887,0.0020072428385417324,0.008321664239708081,0.0110660807291667,0.0026948534686739955,-0.3954765124198854,0.4192805631258239,-11.5390625,0.0,0.0,0.0,133.14996337890625,0.0,-0.008226216634114615,0.011783046340387607,-0.05364685058593749,0.0,-0.0618730672200521,0.011783046340387609,-0.0264103190104167,0.011756582833021771,0.02018554687499998,0.0031922828345145675,-0.35201967086732305,0.44126298049490315,-0.010894207299204844,-0.008354847071586515,-0.008530450879543273
58.5,-11.5390625,0.0,0.0,0.0,133.14996337890625,0.0,-0.033705804347991995,0.009647875800745933,6.40869140625111e-05,0.0,-0.033641717433929484,0.009647875800745933,0.0016158040364582845,0.009601069188789961,0.01066691080729164,0.00460692198544744,-0.4448471721421005,0.5425364887619816,-11.5390625,0.0,0.0,0.0,133.14996337890625,0.0,-0.003504714965820229,0.014070813529298214,-0.05364685058593749,0.0,-0.05715156555175772,0.014070813529298216,-0.021708882649739497,0.014041526180130192,0.02217671712239587,0.003814142760262716,-0.18038497011885155,0.5905446078696595,-0.01027519858845267,-0.007788583819616701,-0.008047734292620836
59.0,-11.5390625,0.0,0.0,0.0,133.14996337890625,0.0,-0.03903528809547429,0.013327112272909026,6.40869140625111e-05,0.0,-0.03897120118141178,0.013327112272909022,-0.0037192789713542096,0.013273742899351007,0.0077665201822916426,0.005478916965712662,-0.2582560126505415,0.4857391612653177,-11.5390625,0.0,0.0,0.0,133.14996337890625,0.0,0.0003387451171874799,0.015690620560609995,-0.05364685058593749,0.0,-0.05330810546875,0.015690620560609995,-0.01787495930989585,0.015644645474869268,0.023665364583333317,0.0020676436906602006,0.18070200199106767,0.6238231278324692,-0.007157373175112299,-0.0047229270782601866,-0.005064710609442581
59.5,-11.5390625,0.0,0.0,0.0,133.14996337890625,0.0,-0.03581979533036537,0.011283553344461286,6.40869140625111e-05,0.0,-0.03575570841630286,0.011283553344461286,-0.0005049641927082064,0.011198693348319631,0.009213460286458397,0.003562452315035527,-0.14967010664031702,0.2982164901070302,-11.5390625,0.0,0.0,0.0,133.14996337890625,0.0,-0.0028534062703451015,0.016932155800590615,-0.05364685058593749,0.0,-0.0565002568562826,0.016932155800590615,-0.021062927246093797,0.01686326484154345,0.02160888671874997,0.002729349513638488,0.17225335157463736,0.6028493169334931,-0.008389256203036478,-0.006006408298699645,-0.0064299212717456875
60.0,-11.5390625,0.0,0.0,0.0,133.14996337890625,0.0,-0.02782592773437498,0.009307081804829597,6.40869140625111e-05,0.0,-0.02776184082031247,0.009307081804829597,0.007511393229166685,0.0092241513508311,0.013085937500000006,0.0036840704363047885,-0.0050933766753968835,0.3324234945398415,-11.5390625,0.0,0.0,0.0,133.14996337890625,0.0,-0.003513081868489558,0.016182217225735963,-0.05364685058593749,0.0,-0.05715993245442704,0.016182217225735963,-0.021732584635416646,0.016099659206273088,0.020865885416666678,0.0036468504440612514,-0.16448666351009722,0.6260976163164069,-0.012049028051466017,-0.00971721409853335,-0.010221562778433346
60.5,-11.5390625,0.0,0.0,0.0,133.14996337890625,0.0,-0.02857819139957432,0.010214649337079993,6.40869140625111e-05,0.0,-0.02851410448551181,0.010214649337079993,0.006759440104166625,0.010172185754806497,0.012493896484374977,0.0038506688105757387,0.17480739068874407,0.42032816054505684,-11.5390625,0.0,0.0,0.0,133.14996337890625,0.0,-0.0007199605305989581,0.014669098305974333,-0.05364685058593749,0.0,-0.054366811116536455,0.014669098305974333,-0.019003702799479164,0.01465861374208401,0.021872965494791664,0.002703336452624606,-0.1824393935599935,1.0412999813041084,-0.011246607665220195,-0.008965269592719805,-0.009549570017714058
61.0,-11.5390625,0.0,-2.265625000000067,0.0,133.14996337890625,0.0,-0.03390538891156514,0.013586156180260902,6.40869140625111e-05,0.0,-0.033841301997502626,0.013586156180260902,0.0014404296875000038,0.013549775636200754,0.009550374348958333,0.004737206114396511,0.13950303440048628,0.6992487436804737,-11.5390625,0.0,-2.265625000000067,0.0,133.14996337890625,0.0,-0.0012412516276041833,0.011541037720271872,-0.05371765136718749,6.938893903907228e-18,-0.05495890299479167,0.011541037720271872,-0.019679565429687518,0.011532674390240341,0.021205240885416653,0.00272241124699234,0.11160992056987644,1.4074061914987404,-0.008095006718253688,-0.005863592557880656,-0.006526970432586161
61.5,-11.5372265625,0.0,-5.976562499999949,8.881784197001252e-16,133.10760772705078,0.0,-0.033664857546488444,0.012436396067707897,6.40869140625111e-05,0.0,-0.03360077063242593,0.012436396067707897,0.0016958618164062491,0.012374145936463693,0.009464111328124998,0.003937917457632685,0.36763461690219223,0.5087962342943851,-11.5372265625,0.0,-5.976562499999949,8.881784197001252e-16,133.10760772705078,0.0,-0.0008850606282551597,0.009760568687309519,-0.053948364257812485,6.938893903907228e-18,-0.05483342488606765,0.009760568687309519,-0.019474690755208288,0.009755912819224765,0.020968831380208358,0.006414991077957185,0.015320440735469435,1.2290926748766287,-0.007802940287664717,-0.005620904107046672,-0.006362494696752502
62.0,-11.53125,0.0,-1.4062500000000924,0.0,132.9697265625,0.0,-0.033707586924235027,0.011338120531551645,6.40869140625111e-05,0.0,-0.033643500010172515,0.011338120531551645,0.0016308593750000027,0.011243560237106588,0.00927001953125,0.0038084526361911466,0.9226704014301731,0.6754104904778084,-11.53125,0.0,-1.4062500000000924,0.0,132.9697265625,0.0,0.004934488932291683,0.01296376300809018,-0.05413513183593749,0.0,-0.049200642903645814,0.012963763008090181,-0.01383138020833332,0.01294278449913039,0.023440755208333334,0.006288307202505021,-0.3808233324834813,0.8980761825440536,-0.007405295600653681,-0.00527209743734614,-0.006091045463464736
62.5,-11.5302734375,0.0,-7.8125,0.0,132.94721221923828,0.0,-0.033752183119455985,0.010190264996802442,6.40869140625111e-05,0.0,-0.033688096205393474,0.010190264996802442,0.0015945434570312379,0.010090105262039961,0.009099324544270827,0.001957365571748777,0.5846179170764235,0.7872076433544285,-11.5302734375,0.0,-7.8125,0.0,132.94721221923828,0.0,0.005653381347656229,0.011935209545293651,-0.05416564941406249,0.0,-0.04851226806640626,0.011935209545293651,-0.013188680013020855,0.011929887109935247,0.023396809895833315,0.0061598572105770345,-0.0040547831075164464,0.5769180149859026,-0.0070332736330772005,-0.00494837942928068,-0.0058438389659424194
63.0,-11.522890625,0.0,-8.35937500000002,0.0,132.77701232910155,0.0,-0.03528455575307209,0.011805533893485678,6.40869140625111e-05,0.0,-0.03522046883900958,0.011805533893485678,7.853190104167157e-05,0.011757380617362386,0.008192138671875002,0.0037831338729388785,0.11605310921717416,0.6924677846406765,-11.522890625,0.0,-8.35937500000002,0.0,132.77701232910155,0.0,0.002896219889322911,0.01065048961619437,-0.05439636230468748,6.938893903907228e-18,-0.051500142415364575,0.01065048961619437,-0.01607828776041667,0.010630614505168317,0.021588134765625,0.008782881166680237,0.4842639321399081,0.26809649202709784,-0.0059269623486602465,-0.003889843886651276,-0.0048609782584298055
63.5,-11.515390625,0.0,-15.50781249999992,0.0,132.60422485351566,2.842170943040401e-14,-0.033495529492696165,0.012785393339765985,6.40869140625111e-05,0.0,-0.033431442578633654,0.012785393339765985,0.0018726603190103762,0.012746235834389653,0.008878784179687479,0.004424272940127133,0.22393239220630068,0.5446141046555131,-11.515390625,0.0,-15.50781249999992,0.0,132.60422485351566,2.842170943040401e-14,0.0010978190104167114,0.011589697980720215,-0.05462341308593749,0.0,-0.05352559407552077,0.011589697980720213,-0.017984720865885376,0.011502909006788716,0.02029052734375002,0.0041731279660893504,0.38477876154879187,0.6276732135043992,-0.006416659938240675,-0.004426794776508877,-0.005472776457264844
64.0,-11.500625,0.0,-8.12499999999986,1.7763568394002505e-15,132.26438476562498,0.0,-0.03729718526204434,0.014994265409742535,6.40869140625111e-05,0.0,-0.03723309834798183,0.014994265409742535,-0.0019148763020834048,0.014991089350879658,0.006840820312499962,0.005784517344367496,0.029386032803992507,1.118405170014321,-11.500625,0.0,-8.12499999999986,1.7763568394002505e-15,132.26438476562498,0.0,0.005212198893229244,0.01078354438879402,-0.05462341308593749,0.0,-0.049411214192708254,0.010783544388794022,-0.014120279947916597,0.010678263064082365,0.021982421875000033,0.006118744023248465,0.6552434653020633,0.44219798616141315,-0.00417845472840172,-0.0022370459436841113,-0.0033589201072587033
64.5,-11.4929296875,0.0,-14.882812500000101,1.7763568394002505e-15,132.08743804931643,2.842170943040401e-14,-0.03301873048146559,0.007905272994017085,6.40869140625111e-05,0.0,-0.03295464356740308,0.007905272994017085,0.0023437500000000645,0.007867889193696753,0.008853556315104196,0.0016686345567470363,0.0365162859059465,0.9557750087322944,-11.4929296875,0.0,-14.882812500000101,1.7763568394002505e-15,132.08743804931643,2.842170943040401e-14,0.0060353851318359466,0.011375159926485487,-0.05484436035156249,0.0,-0.04880897521972655,0.011375159926485485,-0.013404337565104158,0.011380118755974444,0.021980387369791663,0.006233792177628818,0.606261685363242,0.817217740687992,-0.005984279420228229,-0.004093606105131565,-0.005293568189284548
65.0,-11.47890625,0.0,-22.26562500000006,3.552713678800501e-15,131.76531982421875,0.0,-0.03039592107137042,0.007623022963731819,6.40869140625111e-05,0.0,-0.030331834157307908,0.007623022963731819,0.004951985677083354,0.007608856361916837,0.010007731119791675,0.002314366599681894,0.04083000603997248,0.8839223621841823,-11.47890625,0.0,-22.26562500000006,3.552713678800501e-15,131.76531982421875,0.0,-0.001570383707682364,0.007293059743380705,-0.05507507324218749,0.0,-0.05664545694986985,0.007293059743380705,-0.021197509765625077,0.00724617727527993,0.017753092447916625,0.005495079177638523,0.24087071511387625,0.46163078653545925,-0.00694499654995961,-0.005101008770963925,-0.006374356924544467
65.5,-11.4579296875,0.0,-23.4375,0.0,131.28424224853515,0.0,-0.03871961911519372,0.014228044867134294,6.40869140625111e-05,0.0,-0.03865553220113121,0.014228044867134294,-0.0033552042643229495,0.014174213243413595,0.005643717447916649,0.0049183352253644435,-0.21895283400410281,0.7653391285285279,-11.4579296875,0.0,-23.4375,0.0,131.28424224853515,0.0,0.0024412282307942905,0.010131609189670052,-0.05511169433593749,0.0,-0.0526704661051432,0.010131609189670054,-0.017342529296874982,0.010096812855554773,0.019434611002604175,0.0036982047109845786,0.3015501886351519,0.795913865742509,-0.0023742716814108907,-0.000581317592844223,-0.0019325044995471025
66.0,-11.43578125,0.0,-23.4375,0.0,130.77719848632816,2.842170943040401e-14,-0.03230624834696454,0.014566549656139407,6.40869140625111e-05,0.0,-0.03224216143290203,0.014566549656139407,0.0030167643229166417,0.01456040862532555,0.008751627604166654,0.005650352049205558,-0.11206756568085112,1.03495074941269,-11.43578125,0.0,-23.4375,0.0,130.77719848632816,2.842170943040401e-14,0.0053567504882812466,0.011033812819488127,-0.05529235839843749,0.0,-0.04993560791015624,0.011033812819488125,-0.01451578776041667,0.011022994429884128,0.020511881510416666,0.005328461411123764,0.36508508310266025,0.4761262264187436,-0.005276666692924232,-0.003534571425259783,-0.004963086493879885
66.5,-11.4136328125,0.0,-28.789062500000085,0.0,130.2711325073242,0.0,-0.03071639458338422,0.014700381091509118,6.40869140625111e-05,0.0,-0.03065230766932171,0.014700381091509118,0.004607035319010393,0.014669026534423082,0.009361979166666652,0.005526564475378423,0.29721536465920617,0.7887167825824136,-11.4136328125,0.0,-28.789062500000085,0.0,130.2711325073242,0.0,0.0030240885416666203,0.013557204109626209,-0.05552307128906248,6.938893903907228e-18,-0.05249898274739587,0.013557204109626209,-0.016993713378906303,0.01354811079532104,0.018970336914062472,0.005957225723427474,0.38656547445609823,0.4792298094401524,-0.005666818148809879,-0.003980419415907243,-0.005491186270453615
67.0,-11.386562499999998,1.7763568394002505e-15,-31.25,0.0,129.65403320312498,0.0,-0.03429049173990892,0.015497111691561023,6.40869140625111e-05,0.0,-0.03422640482584641,0.015497111691561023,0.0010630289713541008,0.015425050246534998,0.00741373697916663,0.005934691294635103,0.335144659485473,0.5071444059858093,-11.386562499999998,1.7763568394002505e-15,-31.25,0.0,129.65403320312498,0.0,0.005427347819010502,0.006106281215137611,-0.05559997558593749,0.0,-0.050172627766926985,0.006106281215137611,-0.014769897460937417,0.00613387694911035,0.019777832031250036,0.004225653662894481,0.3240023052034778,0.5855077044068169,-0.0035190338859085136,-0.0018820546886856378,-0.003467882813092801
67.5,-11.35703125,0.0,-31.25,0.0,128.9823974609375,0.0,-0.03227693239847813,0.010877289964729135,6.40869140625111e-05,0.0,-0.032212845484415616,0.010877289964729135,0.00304260253906256,0.010837073731114793,0.008288574218750027,0.004046431393163997,0.1343579651685153,1.1473688927852088,-11.35703125,0.0,-31.25,0.0,128.9823974609375,0.0,0.0037653605143228536,0.006743913387590208,-0.05574035644531249,0.0,-0.051974995930989636,0.006743913387590207,-0.01653849283854173,0.006750330004332147,0.018582153320312465,0.006264330161362792,0.22255068336611636,1.0253632958625156,-0.004180524047017621,-0.00259752053998759,-0.004263034358535476
68.0,-11.3275,0.0,-39.375000000000064,7.105427357601002e-15,128.3125,0.0,-0.030836356480916354,0.010556939621757253,6.40869140625111e-05,0.0,-0.030772269566853843,0.010556939621757253,0.004498697916666657,0.010532991541375271,0.008841145833333328,0.003199613139821817,0.2582161761849298,1.551667787718931,-11.3275,0.0,-39.375000000000064,7.105427357601002e-15,128.3125,0.0,0.002102864583333343,0.008408429896808704,-0.05584411621093749,0.0,-0.053741251627604146,0.008408429896808704,-0.018319498697916655,0.008350538017480362,0.01738932291666667,0.004094253729063998,0.16636656529235208,1.0329821143407067,-0.004504805490278163,-0.0029807312022373292,-0.004730925496951995
68.5,-11.290703125,0.0,-43.24218750000001,0.0,127.48052368164063,1.4210854715202004e-14,-0.036241563161214185,0.013634921967766726,6.40869140625111e-05,0.0,-0.036177476247151674,0.013634921967766726,-0.000901692708333326,0.013588653028491679,0.005962117513020837,0.003807101840519811,0.4313219806994199,1.2331903269976014,-11.290703125,0.0,-43.24218750000001,0.0,127.48052368164063,1.4210854715202004e-14,0.004587224324544268,0.009392829615181909,-0.05595764160156249,0.0,-0.051370417277018215,0.009392829615181909,-0.01601755777994792,0.009368698011429843,0.01830851236979167,0.0038280403145140186,0.20373103594539685,0.7800675026641659,-0.001397873783843498,6.711638132180127e-05,-0.001767487545016184
69.0,-11.249609375,0.0,-45.46875000000008,0.0,126.55408020019532,1.4210854715202004e-14,-0.03733921448389684,0.009942278701771848,6.40869140625111e-05,0.0,-0.03727512756983433,0.009942278701771848,-0.0020326741536457866,0.009890954615705211,0.005293782552083356,0.002532083423859939,0.32956044064442863,1.0436328076145605,-11.249609375,0.0,-45.46875000000008,0.0,126.55408020019532,1.4210854715202004e-14,0.0037229919433593443,0.0048738189643356515,-0.05608825683593749,0.0,-0.052365264892578145,0.004873818964335652,-0.017020467122395865,0.004862725018817915,0.01756022135416665,0.006443014589399529,0.3965705924934468,0.5625203063176107,-0.0005048736668004359,0.0009017735907798576,-0.001015991459818416
69.5,-11.207148437499997,1.7763568394002505e-15,-54.6875,0.0,125.60086090087889,0.0,-0.03194775104522705,0.005919770587277026,6.40869140625111e-05,0.0,-0.03188366413116454,0.005919770587277026,0.003378601074218751,0.005889405612876625,0.007905680338541663,0.0032575886987727203,0.359389417006621,0.9367334516371016,-11.207148437499997,1.7763568394002505e-15,-54.6875,0.0,125.60086090087889,0.0,0.0029337310791016855,0.006129396311693838,-0.05617492675781249,0.0,-0.05324119567871081,0.006129396311693837,-0.01788665771484363,0.00616559305224258,0.01681477864583339,0.008404698091158192,0.46595860194491995,0.5432772393830673,-0.002882441235870741,-0.0015374662578914178,-0.0035415602773832076
70.0,-11.155468749999999,0.0,-57.03125000000009,7.105427357601002e-15,124.44511108398434,1.4210854715202004e-14,-0.034070110321045,0.008577390110203935,6.40869140625111e-05,0.0,-0.034006023406982486,0.008577390110203935,0.0012512207031249222,0.008528175292490505,0.006717936197916626,0.0039491313082385205,0.608236435873159,0.6846209218331497,-11.155468749999999,0.0,-57.03125000000009,7.105427357601002e-15,124.44511108398434,1.4210854715202004e-14,0.008190917968750008,0.006687557573753887,-0.05633239746093749,0.0,-0.04814147949218748,0.006687557573753887,-0.012719726562499992,0.006672159753182766,0.019124348958333332,0.007686458685973497,0.21417791193181482,0.2551630555061202,-0.0014579206329221016,-0.00017569583660578206,-0.0022668029964278704
70.5,-11.101875,0.0,-62.5,0.0,123.25235107421874,0.0,-0.037660724322001106,0.006533042987764372,6.40869140625111e-05,0.0,-0.037596637407938595,0.006533042987764372,-0.0023340861002603824,0.006493152097805528,0.004766845703125016,0.0030755646928872955,0.6436759515983096,0.46129764331315093,-11.101875,0.0,-62.5,0.0,123.25235107421874,0.0,0.007046254475911419,0.0069892108779093225,-0.05633239746093749,0.0,-0.04928614298502607,0.0069892108779093225,-0.013946634928385456,0.007003289111815,0.018187255859374977,0.005974924490529995,0.3816869301488545,0.5720045116241261,0.0007263688914891978,0.0019466556856893385,-0.00023008198788450557
71.0,-11.042812499999998,1.7763568394002505e-15,-65.46875000000001,0.0,121.94430908203127,1.4210854715202004e-14,-0.03409201939900716,0.011094696846851108,6.40869140625111e-05,0.0,-0.03402793248494465,0.011094696846851108,0.0012579345703124971,0.011081847126242095,0.006430257161458332,0.002917940934295599,0.7461588162271786,0.495262483439527,-11.042812499999998,1.7763568394002505e-15,-65.46875000000001,0.0,121.94430908203127,1.4210854715202004e-14,0.0010276285807291647,0.0056467394476676655,-0.056378784179687495,6.938893903907228e-18,-0.05535115559895833,0.005646739447667667,-0.020061238606770837,0.005662873830337157,0.014866536458333331,0.005941245531723924,0.9976644449300741,0.7844534990920861,-0.000687844840479573,0.00046513934639482585,-0.0018025458866984196
71.5,-10.981640624999999,1.7763568394002505e-15,-78.125,0.0,120.59714355468749,1.4210854715202004e-14,-0.03871028443177541,0.007343218569727636,6.40869140625111e-05,0.0,-0.0386461975177129,0.007343218569727636,-0.003403015136718746,0.00726594452300656,0.004013264973958336,0.001691555510942119,1.222726011239202,0.7400081812223781,-10.981640624999999,1.7763568394002505e-15,-78.125,0.0,120.59714355468749,1.4210854715202004e-14,-0.0012293752034505277,0.006603969867931573,-0.05657653808593749,0.0,-0.05780591328938802,0.006603969867931573,-0.022302449544270842,0.006567040895797246,0.01347127278645833,0.005552140305389623,0.9204336313100949,1.1064692421695497,0.0019836935404754473,0.0030673316294450104,0.0007070463485766706
72.0,-10.907812499999999,0.0,-78.75000000000013,0.0,118.98082275390622,0.0,-0.042859695752461714,0.005627184708662479,6.40869140625111e-05,0.0,-0.0427956088383992,0.005627184708662479,-0.0074755859374999725,0.005602657308666714,0.0018961588541666805,0.0037262628000710356,1.1434678060654513,0.8857851240652908,-10.907812499999999,0.0,-78.75000000000013,0.0,118.98082275390622,0.0,0.0050183105468750025,0.008592420359543789,-0.05657653808593749,0.0,-0.05155822753906248,0.00859242035954379,-0.016067708333333333,0.008541109485596495,0.016337890624999993,0.003539900994074764,0.6559017154720376,0.7799369785386255,0.004356552382594518,0.0053700863259596755,0.0029169767567298307
72.5,-10.833789062500001,1.7763568394002505e-15,-85.9375,0.0,117.37116546630857,0.0,-0.04141194025675462,0.013217046079067799,6.40869140625111e-05,0.0,-0.04134785334269211,0.013217046079067799,-0.006058756510416724,0.013177995395759253,0.002583821614583304,0.0048837847271563355,0.5464638307655897,1.0741949588767514,-10.833789062500001,1.7763568394002505e-15,-85.9375,0.0,117.37116546630857,0.0,0.0049399058024087415,0.0077568375925406614,-0.05657653808593749,0.0,-0.051636632283528744,0.007756837592540663,-0.01624247233072928,0.007738697153368369,0.015988159179687437,0.004790649051174555,0.7014881480823835,0.9982496356623416,0.003942607181155254,0.0048799845687401405,0.002328094497911752
73.0,-10.752578125,0.0,-85.9375,0.0,115.61815124511718,0.0,-0.045890413920084666,0.01321999993415278,6.40869140625111e-05,0.0,-0.045826327006022155,0.01321999993415278,-0.010519205729166701,0.013135128893865039,0.00027669270833331647,0.005458041772990649,0.8957599204181302,0.8531011705548457,-10.752578125,0.0,-85.9375,0.0,115.61815124511718,0.0,-0.0038608296712240235,0.004047821550279715,-0.05657653808593749,0.0,-0.06043736775716152,0.004047821550279715,-0.024971110026041732,0.0039817058540465924,0.011258544921874966,0.0047074895717412885,0.31199208506337167,1.1827117198738815,0.006524394886987389,0.007384886204205285,0.0047341097687693175
73.5,-10.671367187499998,1.7763568394002505e-15,-100.23437500000001,1.4210854715202004e-14,113.87865203857423,1.4210854715202004e-14,-0.0460228435198466,0.011163908507508395,6.40869140625111e-05,0.0,-0.045958756605784086,0.011163908507508395,-0.010679423014322917,0.011104586962058002,0.00016621907552083321,0.002488701184255074,0.7162219494372758,0.46418347633459145,-10.671367187499998,1.7763568394002505e-15,-100.23437500000001,1.4210854715202004e-14,113.87865203857423,1.4210854715202004e-14,-0.004684727986653647,0.012593339087101281,-0.05635314941406249,0.0,-0.06103787740071614,0.012593339087101281,-0.025769449869791666,0.012602296263851964,0.010661621093749999,0.00606928532017424,0.10383659309441118,0.6977031853438949,0.006917917062761755,0.007698435569901928,0.00494612126802388
74.0,-10.57671875,0.0,-101.5625,0.0,111.86822143554689,0.0,-0.04621614535649617,0.00540126148394103,6.40869140625111e-05,0.0,-0.04615205844243366,0.00540126148394103,-0.010873616536458333,0.005383020172148629,0.00012776692708333336,0.0036354579431327285,0.23246379813762794,0.525286910860587,-10.57671875,0.0,-101.5625,0.0,111.86822143554689,0.0,0.005408426920572878,0.005741309343351805,-0.05633239746093749,0.0,-0.05092397054036462,0.005741309343351805,-0.015547281901041704,0.005804828027136907,0.01544921874999998,0.004690793046306736,0.7031733728511064,0.5380396310024765,0.007241535532210077,0.007940947585104538,0.005086603349843935
74.5,-10.480742187499999,0.0,-114.14062500000021,0.0,109.84757598876949,1.4210854715202004e-14,-0.043020476698875376,0.010152049120738662,6.40869140625111e-05,0.0,-0.042956389784812865,0.010152049120738662,-0.007629394531249947,0.010090999204329326,0.0017270914713541933,0.005416227458148466,0.36843727426004275,0.924181337330316,-10.480742187499999,0.0,-114.14062500000021,0.0,109.84757598876949,1.4210854715202004e-14,0.0021586863199868985,0.006577924271297886,-0.05633239746093749,0.0,-0.05417371114095059,0.006577924271297886,-0.01872314453125008,0.00659062008184536,0.013582153320312457,0.0048745413216993196,0.7486500180591946,0.5083508020847326,0.005952705440786712,0.00656254348113252,0.003597739025722497
75.0,-10.373046874999998,0.0,-117.1875,0.0,107.60267639160155,1.4210854715202004e-14,-0.04775726795196542,0.009370693754190678,6.40869140625111e-05,0.0,-0.04769318103790291,0.009370693754190678,-0.012374877929687602,0.00931409199945753,-0.0006612141927083829,0.0031786010587770775,0.3634484683068657,0.7846026453576249,-10.373046874999998,0.0,-117.1875,0.0,107.60267639160155,1.4210854715202004e-14,-0.002595265706380273,0.00931890220219155,-0.05614929199218749,0.0,-0.058744557698567755,0.009318902202191549,-0.023422241210937566,0.00931855718039864,0.010955810546874964,0.005857122836143853,0.2480649911069717,0.6180439225385382,0.008647234681650021,0.009168306994240673,0.006094773614307862
75.5,-10.262304687499999,0.0,-128.04687500000014,0.0,105.31780853271482,0.0,-0.051386411587397283,0.009364614460148982,6.40869140625111e-05,0.0,-0.05132232467333477,0.009364614460148982,-0.01601694742838544,0.009299162825054011,-0.002463582356770844,0.003059275117777846,0.25160142591782975,0.5811514330745043,-10.262304687499999,0.0,-128.04687500000014,0.0,105.31780853271482,0.0,-0.0004259745279947518,0.006785103587671712,-0.05608825683593749,0.0,-0.056514231363932244,0.006785103587671714,-0.02111877441406246,0.00676453525196484,0.01184997558593752,0.002943596333173286,0.2658733139690202,0.6469658311857401,0.010767389880376215,0.011195513156494578,0.008009560777466045
76.0,-10.1415625,0.0,-132.8125,0.0,102.85535400390624,0.0,-0.04616384188334144,0.008724448479897022,6.40869140625111e-05,0.0,-0.04609975496927893,0.008724448479897022,-0.010802408854166638,0.00866374171857258,0.00014648437500001523,0.0026282839140018537,0.3454238903457652,0.5234560370635469,-10.1415625,0.0,-132.8125,0.0,102.85535400390624,0.0,-0.0016019694010416799,0.006243568555155487,-0.055932006835937485,0.0,-0.05753397623697917,0.006243568555155489,-0.022092285156250013,0.006277791065672778,0.01102213541666666,0.006068217374871892,0.5893861997377646,0.4602782472428629,0.008469055786229075,0.008805575288067618,0.005509558477367135
76.5,-10.0160546875,0.0,-137.38281249999997,0.0,100.32563385009767,1.4210854715202004e-14,-0.04832003752390542,0.00909593686155951,6.40869140625111e-05,0.0,-0.04825595060984291,0.00909593686155951,-0.012972208658854149,0.009035613985218155,-0.000930175781249991,0.002875481019345855,0.14549107169956688,0.3837750808615207,-10.0160546875,0.0,-137.38281249999997,0.0,100.32563385009767,1.4210854715202004e-14,-0.0053895060221354095,0.007882335826016077,-0.05570129394531249,0.0,-0.0610907999674479,0.007882335826016077,-0.025652770996093744,0.00791180656823269,0.00891092936197917,0.006494735018139737,0.3933160955255686,0.5503619556987883,0.009885853396510547,0.010121244576388216,0.006705723199652437
77.0,-9.886406249999999,0.0,-148.9062500000001,0.0,97.74595458984373,0.0,-0.05053202231725055,0.01068330912225711,6.40869140625111e-05,0.0,-0.05046793540318804,0.01068330912225711,-0.015181477864583312,0.01063023502901605,-0.0020048014322916544,0.004917847012821087,-0.47267341761971043,0.8264293202723,-9.886406249999999,0.0,-148.9062500000001,0.0,97.74595458984373,0.0,-0.0006005350748697038,0.0067809549608827775,-0.05547058105468749,0.0,-0.056071116129557196,0.006780954960882779,-0.02065734863281241,0.006783655170419034,0.011121419270833375,0.005989704960127204,-0.17189861733318912,0.7094470521204663,0.011297132077189267,0.011431869765708133,0.007898348619833228
77.5,-9.746093749999998,0.0,-156.25,0.0,94.99243164062496,0.0,-0.04819043676058449,0.010495241695867628,6.40869140625111e-05,0.0,-0.048126349846521976,0.010495241695867628,-0.012839762369791641,0.01044952886285633,-0.0007761637369791529,0.004828798250042081,-0.8953850308220402,0.6499043509839303,-9.746093749999998,0.0,-156.25,0.0,94.99243164062496,0.0,0.0009020487467446614,0.004070607515660734,-0.055239868164062476,6.938893903907228e-18,-0.05433781941731782,0.004070607515660734,-0.01890207926432304,0.004056405475504487,0.011652628580729097,0.004680724567556588,-0.4208710736420684,0.8214512849563472,0.01042873376282072,0.010454749791949342,0.006795469785297581
78.0,-9.598437500000001,1.7763568394002505e-15,-162.81250000000014,0.0,92.13594970703122,0.0,-0.046833296219507846,0.0081558021006379,6.40869140625111e-05,0.0,-0.046769209305445335,0.0081558021006379,-0.011498209635416657,0.008098116398559474,-7.97526041666619e-05,0.002758697838339324,-0.9394491413534416,0.6076492030090229,-9.598437500000001,1.7763568394002505e-15,-162.81250000000014,0.0,92.13594970703122,0.0,-0.001641133626302035,0.0060364885867375895,-0.05490661621093749,6.938893903907228e-18,-0.056547749837239515,0.006036488586737589,-0.021125895182291618,0.006020259049360406,0.010170084635416689,0.0028197927468632438,-0.3140545706463745,0.9205846584545875,0.010092645067168702,0.010009236605703856,0.006224507625768592
78.5,-9.445078124999997,1.7763568394002505e-15,-174.72656250000003,0.0,89.21634765624998,0.0,-0.04584373424450556,0.0047062472923177145,6.40869140625111e-05,0.0,-0.04577964733044305,0.0047062472923177145,-0.010513305664062495,0.004632880132116105,0.00041137695312500267,0.003466985849593883,-0.8913885796820463,0.6845979611464035,-9.445078124999997,1.7763568394002505e-15,-174.72656250000003,0.0,89.21634765624998,0.0,0.0016383361816406294,0.009724737266038055,-0.05453430175781249,0.0,-0.052895965576171856,0.009724737266038053,-0.017511393229166658,0.009759762235429707,0.011619262695312502,0.005368854483626519,-0.27276312554633664,0.8443977898989188,0.009980644414059032,0.009781193451117007,0.005864921269829336
79.0,-9.280234375000001,0.0,-179.6875,0.0,86.12965637207031,0.0,-0.041323943138122564,0.005770349401775793,6.40869140625111e-05,0.0,-0.04125985622406005,0.005770349401775793,-0.005988566080729173,0.005808034547837182,0.002690429687499997,0.005451490505213622,-0.8267337588626679,0.7253424301866179,-9.280234375000001,0.0,-179.6875,0.0,86.12965637207031,0.0,0.003491566975911456,0.007736518825283693,-0.05422790527343748,6.938893903907228e-18,-0.05073633829752603,0.007736518825283694,-0.015300903320312502,0.007742647497701187,0.012317301432291665,0.005957432537077516,-0.3455642664627054,0.4773241667187091,0.008084409265247923,0.007767029155195053,0.0037183127546808613
79.5,-9.1104296875,0.0,-183.67187500000003,0.0,83.00606292724609,0.0,-0.035272570848464975,0.0060411830409379825,6.40869140625111e-05,0.0,-0.035208483934402464,0.0060411830409379825,6.642659505207091e-05,0.005983559842370634,0.005650634765624993,0.0032695440355154965,-0.8316628101173937,0.8327610999992786,-9.1104296875,0.0,-183.67187500000003,0.0,83.00606292724609,0.0,0.005212987263997393,0.008231737573178246,-0.05376647949218749,0.0,-0.04855349222819009,0.008231737573178244,-0.013198242187500006,0.008241581864426153,0.012970377604166661,0.0063629591409977825,-0.3747217138330394,0.6888420474419195,0.005510101567576442,0.005073087172826885,0.0008912392244342792
80.0,-8.937499999999998,1.7763568394002505e-15,-196.8750000000001,0.0,79.88500976562494,0.0,-0.0417016347249348,0.011880735141791712,6.40869140625111e-05,0.0,-0.0416375478108723,0.011880735141791714,-0.00635986328124991,0.01181476466017824,0.0023681640625000436,0.004337168109373219,-0.7996316834207442,0.8125763773394591,-8.937499999999998,1.7763568394002505e-15,-196.8750000000001,0.0,79.88500976562494,0.0,0.003303019205729216,0.007855334804380727,-0.053305053710937474,6.938893903907228e-18,-0.050002034505208265,0.007855334804380729,-0.01466064453124994,0.007893973543329684,0.011775716145833356,0.005765056900297964,-0.4567155934343434,1.0092895652772582,0.009198159242665057,0.008634555420488877,0.00431320869982775
80.5,-8.751796874999998,0.0,-204.25781250000009,0.0,76.59906372070309,0.0,-0.037098488807678215,0.011628746650560653,6.40869140625111e-05,0.0,-0.037034401893615704,0.011628746650560653,-0.0017882283528645726,0.011626894672647041,0.004563802083333336,0.005695662369844706,-0.5236434640121231,0.7579932993644112,-8.751796874999998,0.0,-204.25781250000009,0.0,76.59906372070309,0.0,0.005259602864583293,0.007792995613207793,-0.05284362792968749,6.938893903907228e-18,-0.04758402506510418,0.007792995613207793,-0.012231140136718784,0.007849209986174008,0.012522379557291644,0.0067936826080649895,-0.4299407461028541,1.1108341908981896,0.007417277715687876,0.006723410734240311,0.0022598173462868203
81.0,-8.559140625,0.0,-211.64062500000003,2.842170943040401e-14,73.2625323486328,1.4210854715202004e-14,-0.036886973381042513,0.009818547691761666,6.40869140625111e-05,0.0,-0.03682288646698,0.009818547691761666,-0.0014870198567708695,0.009822274336490012,0.004563802083333315,0.00425711755398858,-0.4048788667929344,0.33737674026921244,-8.559140625,0.0,-211.64062500000003,2.842170943040401e-14,73.2625323486328,1.4210854715202004e-14,0.003406575520833411,0.012317829583873703,-0.05238220214843748,6.938893903907228e-18,-0.048975626627604074,0.012317829583873705,-0.013663940429687419,0.012289191216661454,0.011346842447916705,0.008162559926681344,-0.30639790710591924,0.7324763810814917,0.007839073658324093,0.007011922308826203,0.0024040731335797775
81.5,-8.359531250000002,1.7763568394002505e-15,-218.88671875,0.0,69.88337890625,0.0,-0.04179908514022825,0.012129623417062712,6.40869140625111e-05,0.0,-0.04173499822616574,0.012129623417062712,-0.0064687093098958195,0.012049598974180948,0.0020458984375000063,0.005257331743031548,-0.692868295712528,0.716208012230829,-8.359531250000002,1.7763568394002505e-15,-218.88671875,0.0,69.88337890625,0.0,0.01508534749348958,0.008932429980230328,-0.05191223144531249,0.0,-0.03682688395182291,0.00893242998023033,-0.0014105224609375037,0.008974150734833503,0.016945190429687496,0.007094666799532928,-0.9040660606212492,0.5921773557928982,0.01079850928680041,0.009831034940108792,0.005072581272137725
82.0,-8.152812500000001,0.0,-222.57812499999997,0.0,66.46928955078126,1.4210854715202004e-14,-0.025817861557006907,0.01276880515965784,6.40869140625111e-05,0.0,-0.025753774642944396,0.01276880515965784,0.009488932291666592,0.012767812337340482,0.010043945312499964,0.007660512451314451,-1.4726222941554985,0.9886121500768019,-8.152812500000001,0.0,-222.57812499999997,0.0,66.46928955078126,1.4210854715202004e-14,0.009990437825520854,0.012738789404032938,-0.05122009277343748,6.938893903907228e-18,-0.04122965494791664,0.01273878940403294,-0.005986328124999979,0.012694942371156944,0.014138183593750013,0.008961485411686457,-1.1324037019837774,0.9805981208636099,0.0032445517851901126,0.002135102147743661,-0.0027744085615448184
82.5,-7.942480468749998,8.881784197001252e-16,-233.4960937500002,2.842170943040401e-14,63.08643531799311,0.0,-0.03282528718312593,0.008712056795286216,6.40869140625111e-05,0.0,-0.03276120026906342,0.008712056795286216,0.002524820963541545,0.00877853180650847,0.0063741048177082685,0.005906813346844995,-1.7434251336229016,0.6863198038253907,-7.942480468749998,8.881784197001252e-16,-233.4960937500002,2.842170943040401e-14,63.08643531799311,0.0,0.011002349853515643,0.013227073377668642,-0.050753784179687476,6.938893903907228e-18,-0.039751434326171835,0.01322707337766864,-0.00444590250651039,0.013246804267229373,0.014379882812500003,0.009814465777387444,-0.7112385972859494,0.8258172604469074,0.007358608891364451,0.006106297955513251,0.0010461095897358243
83.0,-7.721874999999997,0.0,-241.17187500000009,0.0,59.63356628417964,0.0,-0.030673755009969036,0.010942191978706411,6.40869140625111e-05,0.0,-0.030609668095906525,0.010942191978706411,0.004658610026041707,0.011002735092016276,0.007266438802083349,0.005995075361629984,-1.573674128605768,0.7036165861373306,-7.721874999999997,0.0,-241.17187500000009,0.0,59.63356628417964,0.0,0.014137573242187543,0.009658699524314215,-0.05007995605468748,0.0,-0.03594238281249994,0.009658699524314215,-0.0005784098307291136,0.00974919341636726,0.015678710937500017,0.007724162465384262,-0.5825035018150284,0.781817798220394,0.006932785191910799,0.005529738334186633,0.00031166278688497546
83.5,-7.494023437499998,0.0,-248.55468750000003,2.842170943040401e-14,56.169230957031225,0.0,-0.022101160685221277,0.011741188279883224,6.40869140625111e-05,0.0,-0.022037073771158766,0.011741188279883224,0.013190714518229238,0.011742571363959014,0.011392618815104201,0.005939372144678985,-1.7266165163504097,0.9413565911502637,-7.494023437499998,0.0,-248.55468750000003,2.842170943040401e-14,56.169230957031225,0.0,0.01913574218750004,0.008554944324122085,-0.049387817382812484,0.0,-0.030252075195312447,0.008554944324122085,0.005070088704427129,0.008528752979668444,0.017892049153645853,0.006940646043059797,-0.49027639298635695,0.745662088871939,0.003280929304581145,0.0017238070643371597,-0.003654392854550188
84.0,-7.25921875,0.0,-252.96875,0.0,52.707656860351555,0.0,-0.016112263997395824,0.007522353486262335,6.40869140625111e-05,0.0,-0.016048177083333313,0.007522353486262335,0.019209798177083345,0.007554548584656824,0.014205729166666672,0.004695690769580236,-1.2910562202554392,0.9997299294757123,-7.25921875,0.0,-252.96875,0.0,52.707656860351555,0.0,0.024395955403645846,0.008144025426068962,-0.04869567871093749,0.0,-0.024299723307291642,0.008144025426068964,0.011003417968750014,0.008172188567448049,0.020206705729166673,0.007123366713385411,-0.7252664869852357,0.6469280616500394,0.0009497970439629865,-0.0007646940324771718,-0.006305198578738588
84.5,-7.02021484375,8.881784197001252e-16,-259.4140625,0.0,49.29682426452638,0.0,-0.015748284657796218,0.011183942417035485,6.40869140625111e-05,0.0,-0.015684197743733707,0.011183942417035485,0.01956715901692709,0.011151080393545749,0.01409403483072917,0.004691232330072872,-1.087381619303008,0.5433653728876953,-7.02021484375,8.881784197001252e-16,-259.4140625,0.0,49.29682426452638,0.0,0.01702145894368493,0.009915583799625028,-0.048003540039062494,0.0,-0.030982081095377558,0.00991558379962503,0.004279174804687535,0.009903109926507387,0.016088053385416686,0.007505407194405733,-1.1669675268308068,0.4283555222110428,0.001550648320920783,-0.000324357253953432,-0.006029183021507967
85.0,-6.775195312499997,8.881784197001252e-16,-266.79687500000006,0.0,45.91885452270504,7.105427357601002e-15,-0.015478006998697905,0.008039713696990709,6.40869140625111e-05,0.0,-0.015413920084635394,0.008039713696990709,0.019826253255208343,0.00803785400731629,0.013979085286458337,0.004730553618990268,-1.1795150650131168,0.5524492244820534,-6.775195312499997,8.881784197001252e-16,-266.79687500000006,0.0,45.91885452270504,7.105427357601002e-15,0.0198865254720053,0.00978193448698896,-0.047311401367187485,0.0,-0.02742487589518218,0.009781934486988959,0.00789591471354177,0.009814199230311453,0.017213948567708377,0.00667632517177701,-1.2261972375497745,0.6139469953256783,0.002153257427843693,0.00011733095949792959,-0.00575086414264687
85.5,-6.523222656249996,0.0,-271.85546875000006,0.0,42.56993995666499,0.0,-0.013170477549234982,0.009491941273422799,6.40869140625111e-05,0.0,-0.013106390635172471,0.009491941273422799,0.022155456542968795,0.009449134717146975,0.01485351562500002,0.004824982143856626,-0.7735034672900772,0.729664892115775,-6.523222656249996,0.0,-271.85546875000006,0.0,42.56993995666499,0.0,0.026666208902994867,0.010021032571035671,-0.046619262695312476,0.0,-0.019953053792317613,0.01002103257103567,0.015438944498698003,0.010037829175021601,0.020260213216145864,0.007565566252352969,-1.0941277350579075,0.4750988735173723,0.0017824259977835977,-0.0004203147597863048,-0.0064569021715598285
86.0,-6.266406249999997,8.881784197001252e-16,-275.54687500000006,0.0,39.28641967773434,7.105427357601002e-15,-0.009937235514322885,0.008901454004164344,6.40869140625111e-05,0.0,-0.009873148600260374,0.008901454004164344,0.02538818359375003,0.00881487039831748,0.016193847656250013,0.0028641122372823,-0.3855695628156526,0.7345742232496066,-6.266406249999997,8.881784197001252e-16,-275.54687500000006,0.0,39.28641967773434,7.105427357601002e-15,0.031053873697916696,0.01548781191272572,-0.045795288085937476,6.938893903907228e-18,-0.014741414388020782,0.01548781191272572,0.02062174479166671,0.015502887053610507,0.022078450520833348,0.010304910455090854,-1.148067020869762,0.6052314808328125,0.0009535599054576131,-0.0014193498568973017,-0.0076265857357403245
86.5,-6.006113281249999,0.0,-279.23828125,0.0,36.09260932922362,0.0,-0.009998346964518241,0.006719308392421284,6.40869140625111e-05,0.0,-0.00993426005045573,0.006719308392421284,0.025320434570312484,0.006719376179990704,0.01587992350260416,0.0033872770003103496,-0.538759742861312,0.5419452015232211,-6.006113281249999,0.0,-279.23828125,0.0,36.09260932922362,0.0,0.03464431762695314,0.013067987681729435,-0.044990844726562486,0.0,-0.01034652709960935,0.013067987681729435,0.025038655598958348,0.013071749766198218,0.023498128255208337,0.008642747857006985,-1.3202857526588097,0.8254548550879102,0.0017860097620053614,-0.0007601624964154279,-0.00714002997867646
87.0,-5.742343749999997,0.0,-282.92968750000006,0.0,32.99389953613278,0.0,-0.007525863647460839,0.011538551879772143,6.40869140625111e-05,0.0,-0.007461776733398328,0.011538551879772143,0.027817179361979263,0.011543661343486436,0.01682332356770838,0.0057830353148213285,-0.6558229910280796,0.29666056098650256,-5.742343749999997,0.0,-282.92968750000006,0.0,32.99389953613278,0.0,0.037772623697916695,0.010471811995355795,-0.04419372558593748,0.0,-0.006421101888020783,0.010471811995355795,0.028997192382812537,0.010427737101280438,0.02461303710937501,0.006842626115031396,-1.0022337823851488,0.7857031871328526,0.0013609844379020419,-0.0013592569597627446,-0.00791127724290223
87.5,-5.475097656249994,8.881784197001252e-16,-286.62109375000006,0.0,29.995752334594666,3.552713678800501e-15,-0.0035524368286133715,0.00861193470665249,6.40869140625111e-05,0.0,-0.0034883499145508604,0.00861193470665249,0.03180185953776033,0.008602788430531083,0.01851399739583328,0.0027770809783123846,-0.27446850566967157,0.46289306720305406,-5.475097656249994,8.881784197001252e-16,-286.62109375000006,0.0,29.995752334594666,3.552713678800501e-15,0.03883997599283851,0.01041940167962428,-0.04327087402343747,0.0,-0.004430898030598961,0.01041940167962428,0.030937194824218736,0.010450353701919565,0.024673461914062472,0.00725083677454679,-0.24978412429583616,0.7765735882867943,0.00019349431128182562,-0.002703165460546853,-0.009428568407356733
88.0,-5.204374999999995,0.0,-290.31250000000006,0.0,27.103701171874956,0.0,-0.005698140462239553,0.008750684024668253,6.40869140625111e-05,0.0,-0.005634053548177042,0.008750684024668253,0.029636230468750028,0.008769324965057897,0.017081705729166678,0.0045085625482698495,0.10477938944736047,0.5054786369458021,-5.204374999999995,0.0,-290.31250000000006,0.0,27.103701171874956,0.0,0.03881571451822922,0.012584597429158025,-0.042348022460937475,0.0,-0.0035323079427082606,0.012584597429158023,0.03185221354166673,0.012635282146244141,0.024236653645833352,0.008282801484777481,0.11879234047203102,0.8158373621200781,0.0021560283806540594,-0.0009200911187783357,-0.007820885403139171
88.5,-4.930175781249997,0.0,-291.93359374999994,0.0,24.323350906372042,0.0,-0.0036419804890950266,0.007880244072299107,6.40869140625111e-05,0.0,-0.0035778935750325155,0.007880244072299107,0.03169596354166669,0.007852172809391085,0.01774475097656251,0.004881834148303091,0.02405458582216601,0.36553165147210626,-4.930175781249997,0.0,-291.93359374999994,0.0,24.323350906372042,0.0,0.0411846415201823,0.01446648873579212,-0.04142517089843748,0.0,-0.0002405293782551781,0.014466488735792121,0.03516815185546877,0.014498575464781279,0.024962158203124998,0.008952570889753408,0.07185976729434242,0.9674016813479716,0.002024661818541532,-0.0012321666712286038,-0.008308445803062222
89.0,-4.6541406249999975,8.881784197001252e-16,-289.8828125,0.0,21.674887084960925,0.0,-0.0017586263020833335,0.010670093102792681,6.40869140625111e-05,0.0,-0.0016945393880208224,0.010670093102792681,0.03358439127604166,0.01064093252276933,0.018347167968749998,0.004492932907401064,-0.09053500752719092,0.909516062844417,-4.6541406249999975,8.881784197001252e-16,-289.8828125,0.0,21.674887084960925,0.0,0.040918680826822894,0.01397746733517184,-0.04050231933593748,0.0,0.00041636149088541095,0.013977467335171844,0.035776977539062484,0.014000243710450146,0.024321289062499987,0.008577187964673945,-0.13578780973800783,1.3264755986559147,0.0019521532590478993,-0.0014855942761954812,-0.008736368101639407
89.5,-4.380371093749999,0.0,-292.96875,0.0,19.19889259338378,0.0,-0.0029369099934896128,0.011834555438627431,6.40869140625111e-05,0.0,-0.0028728230794271017,0.011834555438627431,0.03234639485677081,0.011767294703122322,0.017401326497395814,0.004121612432822394,-0.03365114296510333,1.0064228931464114,-4.380371093749999,0.0,-292.96875,0.0,19.19889259338378,0.0,0.037953033447265645,0.0148009629361647,-0.03954162597656249,0.0,-0.001588592529296844,0.0148009629361647,0.03383015950520835,0.01479587820282497,0.022368774414062504,0.008950600948739148,-0.4017671171601905,0.9904677207471205,0.0034262842637790645,-0.00019260690322055532,-0.0076169536794748515
90.0,-4.103515624999994,0.0,-292.57812499999994,0.0,16.846565246581978,3.552713678800501e-15,-0.008301544189452927,0.014068660825611064,6.40869140625111e-05,0.0,-0.008237457275390415,0.014068660825611064,0.027052815755208532,0.014016591150888717,0.01443277994791676,0.005445784835482636,0.0021056417540714196,1.1791420342695385,-4.103515624999994,0.0,-292.57812499999994,0.0,16.846565246581978,3.552713678800501e-15,0.04208475748697935,0.009942242535780115,-0.03841247558593747,0.0,0.0036722819010418903,0.009942242535780115,0.03901774088541688,0.009950102521005021,0.024035644531250084,0.006196183729065527,-0.4104720962631027,1.0461401977624252,0.006921659077015894,0.0031213843085360175,-0.004475684798857038
90.5,-3.8268359374999954,0.0,-288.97460937499994,0.0,14.648264160156215,0.0,0.00018013000488286147,0.007146282776091114,6.40869140625111e-05,0.0,0.00024421691894537255,0.007146282776091114,0.03555165608723963,0.007078296879434016,0.018402506510416684,0.0024647567687999146,-0.12707974805142913,0.8965605726124785,-3.8268359374999954,0.0,-288.97460937499994,0.0,14.648264160156215,0.0,0.04983378092447907,0.012884082923057953,-0.03747863769531246,6.938893903907228e-18,0.012355143229166601,0.01288408292305795,0.04773996988932284,0.012890488727006544,0.027428588867187447,0.007310855653088187,-0.33495923022289736,1.043630231021807,0.003477463451213827,-0.0005044511282803702,-0.008273465798515196
91.0,-3.553671874999997,0.0,-287.12890625,0.0,12.629411010742162,1.7763568394002505e-15,0.003001556396484409,0.010322105960384074,6.40869140625111e-05,0.0,0.00306564331054692,0.010322105960384074,0.03830098470052087,0.010344660285218795,0.01947916666666668,0.003297845762819625,-0.24422883431672307,0.9350889534945385,-3.553671874999997,0.0,-287.12890625,0.0,12.629411010742162,1.7763568394002505e-15,0.04414286295572909,0.009983599325869156,-0.03632507324218748,0.0,0.007817789713541622,0.009983599325869156,0.04326029459635411,0.009936604602845662,0.024083251953124957,0.0061701370158276396,0.025540865384616807,0.7138362630900482,0.0029252071960607674,-0.0012386205041918646,-0.009178880564595938
91.5,-3.2823339843749983,0.0,-283.45703125,0.0,10.778726177215562,1.7763568394002505e-15,0.0008580780029296737,0.009825164193257284,6.40869140625111e-05,0.0,0.0009221649169921848,0.009825164193257284,0.036218566894531234,0.009750426569330476,0.01800679524739582,0.002764440226749752,-0.3689160232129111,0.8919172211137092,-3.2823339843749983,0.0,-283.45703125,0.0,10.778726177215562,1.7763568394002505e-15,0.05485895792643237,0.010472152199853401,-0.03517150878906248,0.0,0.019687449137369882,0.010472152199853401,0.05510203043619799,0.010455089348507647,0.02899373372395837,0.005964804852896009,0.14100828370848753,0.912899772990626,0.004916054628306812,0.0005715940790847092,-0.007537587563322224
92.0,-3.0144531249999997,0.0,-278.046875,0.0,9.095397186279294,0.0,0.00273905436197917,0.011233358424210688,6.40869140625111e-05,0.0,0.002803141276041681,0.011233358424210688,0.038130696614583334,0.011220374984672295,0.018655598958333335,0.005455817538253557,-0.4617160183566465,0.6931261774082323,-3.0144531249999997,0.0,-278.046875,0.0,9.095397186279294,0.0,0.04568949381510415,0.0078031615208115955,-0.03401794433593749,0.0,0.011671549479166668,0.0078031615208115955,0.047119954427083326,0.007774734474069296,0.02385904947916666,0.005165509217345427,0.6284126572212503,1.115688970123741,0.00477122984755686,0.0002501652517014445,-0.008022703832482611
92.5,-2.751660156249995,0.0,-274.12109374999994,0.0,7.582738876342745,0.0,-0.0006806691487631026,0.01022618910563746,6.40869140625111e-05,0.0,-0.0006165822347005915,0.01022618910563746,0.034668477376302,0.010165053216808398,0.016609700520833288,0.0031697166743639123,0.03260899256995128,0.6515252452484296,-2.751660156249995,0.0,-274.12109374999994,0.0,7.582738876342745,0.0,0.047920481363932364,0.00869543750979667,-0.03266296386718747,6.938893903907228e-18,0.015257517496744907,0.00869543750979667,0.050584920247395936,0.008706641803503532,0.024521891276041697,0.005524391611088211,1.1844471988515086,1.2001388621412181,0.007319372331322772,0.0026217568690314434,-0.005813958805067588
93.0,-2.4925781249999948,4.440892098500626e-16,-265.91796874999983,0.0,6.226187133789039,8.881784197001252e-16,0.00580012003580746,0.014813526000725573,6.40869140625111e-05,0.0,0.005864206949869971,0.014813526000725573,0.041174723307291834,0.01478596485076345,0.019537760416666744,0.005545419075079984,0.4773897706026819,0.7004376532939289,-2.4925781249999948,4.440892098500626e-16,-265.91796874999983,0.0,6.226187133789039,8.881784197001252e-16,0.04477986653645824,0.007777107677988817,-0.03146667480468746,6.938893903907228e-18,0.013313191731770778,0.007777107677988815,0.04869222005208327,0.007857598619914672,0.02250244140624995,0.004372917769699849,1.1472731370192257,0.7733381586369764,0.004883664036122847,1.216611948191837e-05,-0.008582784127759079
93.5,-2.2411621093749967,0.0,-257.38769531249994,5.684341886080802e-14,5.036974620819077,0.0,0.0049590047200520305,0.01130030033994254,6.40869140625111e-05,0.0,0.005023091634114542,0.01130030033994254,0.04032958984374995,0.011265618599842594,0.018715616861979135,0.0034747908158103274,0.44222507906589587,0.7358884009236424,-2.2411621093749967,0.0,-257.38769531249994,5.684341886080802e-14,5.036974620819077,0.0,0.04324376424153645,0.009324222674594542,-0.03013854980468747,0.0,0.013105214436848983,0.009324222674594542,0.04850036621093751,0.009387157001866415,0.02131530761718749,0.00513207077858599,1.0163780988976292,0.35251395456466883,0.006180876988910827,0.001140545818949009,-0.007607522500681731
94.0,-1.997792968749998,0.0,-248.43749999999991,0.0,4.0057549476623455,0.0,0.003980305989583336,0.010589304201352418,6.40869140625111e-05,0.0,0.004044392903645847,0.010589304201352418,0.039324951171875004,0.010523125907025048,0.017850748697916665,0.002776522524986064,0.5194238812402826,0.8201965855561719,-1.997792968749998,0.0,-248.43749999999991,0.0,4.0057549476623455,0.0,0.04436482747395835,0.0059553062845941855,-0.028754272460937477,0.0,0.015610555013020869,0.005955306284594187,0.05106323242187502,0.006010832880132849,0.021440429687500002,0.00386937654235904,0.7907785031808476,0.3105742451687149,0.007508211569281366,0.002302673139350033,-0.006594024758449982
94.5,-1.7628369140624993,0.0,-238.61816406249997,0.0,3.1219521856307964,0.0,0.002651240030924474,0.011887869030524722,6.40869140625111e-05,0.0,0.002715326944986985,0.011887869030524722,0.03798858642578125,0.011820966622168607,0.01689534505208333,0.003485865320332068,0.722969013679469,1.045116104356981,-1.7628369140624993,0.0,-238.61816406249997,0.0,3.1219521856307964,0.0,0.04216903686523437,0.0036499105929703583,-0.027222290039062486,0.0,0.01494674682617188,0.0036499105929703596,0.05038747151692708,0.0037141418746090785,0.019907836914062494,0.0022635728761201106,0.7542901976495741,0.8704810581901925,0.008909473346146045,0.0035436686748973514,-0.005495825167759656
95.0,-1.5371093749999971,0.0,-226.8554687499998,2.842170943040401e-14,2.3763008117675692,0.0,0.0003746032714843463,0.010334647379788214,6.40869140625111e-05,0.0,0.0004386901855468574,0.010334647379788214,0.03570556640624997,0.010290944252000648,0.015443929036458312,0.0034453280980301306,1.0120928333819084,1.1172104443594404,-1.5371093749999971,0.0,-226.8554687499998,2.842170943040401e-14,2.3763008117675692,0.0,0.042311604817708376,0.006628604524882026,-0.025607299804687466,3.469446951953614e-18,0.01670430501302091,0.006628604524882026,0.052105712890625065,0.006651942575707698,0.019626871744791687,0.004159842804197921,1.048687843731799,1.0950381575679133,0.01078638781792708,0.005266492004959289,-0.003908705494916179
95.5,-1.3223925781249959,0.0,-213.45214843749974,2.842170943040401e-14,1.76089838027953,0.0,9.353637695315609e-05,0.009711583063386922,6.40869140625111e-05,0.0,0.00015762329101566712,0.009711583063386922,0.03544281005859379,0.009628407513454798,0.014991658528645846,0.0022913641892564956,1.1385401775416404,0.7395824120319542,-1.3223925781249959,0.0,-213.45214843749974,2.842170943040401e-14,1.76089838027953,0.0,0.0426059468587239,0.012100445415246304,-0.023992309570312457,0.0,0.01861363728841145,0.012100445415246304,0.05398071289062498,0.012126037306468478,0.019438273111979137,0.006963690021834805,1.2861359425080197,1.0817971941120175,0.011647839656931475,0.005978801491310574,-0.003326415497834301
96.0,-1.1202734374999972,0.0,-199.6093749999998,0.0,1.265474357604974,0.0,-0.00016031901041670127,0.012420017048835892,6.40869140625111e-05,0.0,-9.623209635419032e-05,0.012420017048835892,0.03521240234374996,0.012308293455046797,0.014578450520833312,0.003460750746059624,0.9336453477078388,0.21870891849319007,-1.1202734374999972,0.0,-199.6093749999998,0.0,1.265474357604974,0.0,0.0411627197265625,0.009763138206473664,-0.022269897460937462,0.0,0.018892822265625032,0.009763138206473664,0.054252115885416695,0.00978272201977432,0.01835774739583333,0.005505570961838331,1.3486578525641069,1.154084728259408,0.012444036229673319,0.006633967974520675,-0.0027922282523229845
96.5,-0.9311914062499983,0.0,-184.82666015624986,0.0,0.8757920074462859,0.0,-0.0024867630004883033,0.01288325246278646,6.40869140625111e-05,0.0,-0.002422676086425792,0.01288325246278646,0.03284688313802081,0.012820043188042158,0.013132934570312489,0.004497705070328283,0.778557007499879,0.7927841156280293,-0.9311914062499983,0.0,-184.82666015624986,0.0,0.8757920074462859,0.0,0.038251749674479106,0.009412470091401512,-0.020424194335937475,3.469446951953614e-18,0.017827555338541627,0.009412470091401512,0.05322530110677079,0.009410095768529103,0.016540527343749965,0.004728449557742392,1.3491275908878488,1.1326282434537076,0.014246094076106202,0.008303236228360517,-0.0012348361501426514
97.0,-0.7559521484374994,0.0,-168.19335937499997,2.842170943040401e-14,0.5781820416450492,0.0,-0.004024734497070312,0.012679455284736024,6.40869140625111e-05,0.0,-0.003960647583007801,0.012679455284736024,0.03129048665364583,0.012655230320498392,0.012126464843749999,0.003917056077848044,0.9042844498166759,0.9969728085515586,-0.7559521484374994,0.0,-168.19335937499997,2.842170943040401e-14,0.5781820416450492,0.0,0.032726847330729156,0.008133042781349312,-0.018497924804687482,0.0,0.014228922526041675,0.008133042781349312,0.049591267903645826,0.008124724909718635,0.013433837890624993,0.004016372935086384,1.2838249532585506,0.804406939018591,0.015582171101835022,0.009514963166270839,-0.00012573781790624697
97.5,-0.596325683593749,0.0,-150.3906249999999,0.0,0.36044149994850055,0.0,-0.00462900797526043,0.013942628319491026,6.40869140625111e-05,0.0,-0.004564921061197919,0.013942628319491026,0.030749511718749987,0.013920851642374272,0.011604817708333326,0.00441048680791635,0.9160893224613909,0.7875204463050367,-0.596325683593749,0.0,-150.3906249999999,0.0,0.36044149994850055,0.0,0.030573781331380206,0.011436255944234633,-0.01642150878906248,3.469446951953614e-18,0.014152272542317728,0.01143625594423463,0.049405924479166675,0.011481741814545279,0.012106323242187496,0.005620490392362383,1.2485080295138868,0.9554549784512717,0.016404912756867007,0.010222334049621641,0.0004887711914774908
98.0,-0.4534277343749972,0.0,-131.69189453124957,0.0,0.20878139019012218,2.7755575615628914e-17,-0.00563034057617183,0.008167083639352639,6.40869140625111e-05,0.0,-0.005566253662109319,0.008167083639352639,0.02970784505208338,0.008098949542761504,0.01086669921875002,0.0016244111339057297,0.6776211256191674,0.7416574917224447,-0.4534277343749972,0.0,-131.69189453124957,0.0,0.20878139019012218,2.7755575615628914e-17,0.030820922851562543,0.012443702576662047,-0.014345092773437445,0.0,0.016475830078125097,0.012443702576662045,0.051788736979166757,0.012434463892919353,0.01201985677083335,0.006243712547545472,1.131236114146272,1.3321058798081107,0.017411455748836267,0.011123836657360935,0.0013085817401387902
98.5,-0.32809387207031065,5.551115123125783e-17,-111.95495605468716,0.0,0.10948674447834388,1.3877787807814457e-17,-0.00467449188232429,0.013765003750582925,6.40869140625111e-05,0.0,-0.004610404968261779,0.013765003750582925,0.030674641927083263,0.013743232081326155,0.011173706054687461,0.0045407310451359255,0.42811822780085257,0.9476416453105541,-0.32809387207031065,5.551115123125783e-17,-111.95495605468716,0.0,0.10948674447834388,1.3877787807814457e-17,0.03202743530273434,0.01369765361209128,-0.012228393554687451,0.0,0.01979904174804688,0.01369765361209128,0.05518290201822917,0.013688070920693705,0.01239949544270831,0.0067140632616175654,1.051660639978518,1.3156382698599292,0.01733680783982776,0.010955586729350056,0.0010709533581646311
99.0,-0.22128173828124906,0.0,-90.94787597656226,0.0,0.04982158124446834,0.0,-0.008876419067382837,0.012735134983394864,6.40869140625111e-05,0.0,-0.008812332153320326,0.012735134983394864,0.026455891927083308,0.01263992651440015,0.008872070312499985,0.0036952512385187396,0.7434997321472,0.7627341156404348,-0.22128173828124906,0.0,-90.94787597656226,0.0,0.04982158124446834,0.0,0.02955932617187497,0.007918710902179433,-0.009921264648437464,0.0,0.019638061523437507,0.007918710902179433,0.05499064127604167,0.007901231594983849,0.010924886067708315,0.004139625480659961,1.1314096873178945,0.7635632554671294,0.019834251300778667,0.01337105253156192,0.0034295041303643017
99.5,-0.1341976928710934,0.0,-68.9137268066405,0.0,0.01826553134247653,0.0,-0.010968360900878894,0.010750242522007625,6.40869140625111e-05,0.0,-0.010904273986816383,0.010750242522007625,0.024348246256510428,0.010724199605608787,0.007628784179687505,0.0030351504297581027,1.3782027569869477,1.0896900832612373,-0.1341976928710934,0.0,-68.9137268066405,0.0,0.01826553134247653,0.0,0.026983388264973946,0.006173011111908046,-0.007600708007812475,0.0,0.019382680257161472,0.006173011111908045,0.05482747395833334,0.006210738311495201,0.009366251627604159,0.003312748945876215,1.5699560584814627,0.5580542690076101,0.02123508938069608,0.014702103858580055,0.004716672860279609
100.0,-0.06781005859375,0.0,-45.928955078125,0.0,0.004598204046487808,0.0,-0.00860595703125,0.006434657460383536,6.40869140625111e-05,0.0,-0.008541870117187489,0.006434657460383536,0.026713053385416668,0.006479859164847086,0.0086669921875,0.0036722678116433895,1.28292389034577,1.202722554514645,-0.06781005859375,0.0,-45.928955078125,0.0,0.004598204046487808,0.0,0.024724324544270832,0.014652128990710504,-0.005062866210937489,0.0,0.019661458333333343,0.014652128990710504,0.055135091145833336,0.014689353032376869,0.008097330729166666,0.007063806771131798,2.3069107541763922,0.5617600044985993,0.020312282104187607,0.013722954907299658,0.003707994380733162
