phase_pct,baseline_omega_mean,baseline_omega_std,baseline_alpha_mag_mean,baseline_alpha_mag_std,baseline_omega_sq_mean,baseline_omega_sq_std,baseline_sp_feedback_mean,baseline_sp_feedback_std,baseline_turn_ff_mean,baseline_turn_ff_std,baseline_required_turn_voltage_mean,baseline_required_turn_voltage_std,baseline_motor_voltage_delta_mean,baseline_motor_voltage_delta_std,baseline_speed_error_mean,baseline_speed_error_std,baseline_acceleration_mean,baseline_acceleration_std,trial_omega_mean,trial_omega_std,trial_alpha_mag_mean,trial_alpha_mag_std,trial_omega_sq_mean,trial_omega_sq_std,trial_sp_feedback_mean,trial_sp_feedback_std,trial_turn_ff_mean,trial_turn_ff_std,trial_required_turn_voltage_mean,trial_required_turn_voltage_std,trial_motor_voltage_delta_mean,trial_motor_voltage_delta_std,trial_speed_error_mean,trial_speed_error_std,trial_acceleration_mean,trial_acceleration_std,predicted_speed_error_unconstrained,predicted_speed_error_constrained,predicted_speed_error_conservative
0.0,-0.0819091796875,0.0,99.609375,0.0,0.006709113717079163,0.0,-0.0012264251708984375,0.005893132882383732,-0.0001237792968750151,0.0,-0.0013502044677734526,0.005893132882383732,0.03485107421875,0.005846326922811285,0.00390625,0.004895004310489117,0.7963380613527118,0.7515956299029268,-0.6357683454241071,1.9969676214490448,79.1015625,73.94196951635135,4.392081070159163,15.81168345093376,0.0006234305245535714,0.05839499154279266,-0.009581136648995545,0.008272623324375238,-0.008957706124441975,0.05292031941598459,0.06429617745535714,0.1843516029481064,-0.0028773716517857145,0.007898769126134728,4.321444006788715,14.168009534990954,0.003631591796875,0.003631591796875,0.003631591796875
0.5,-0.15860839843750002,0.0069056314044625465,127.713623046875,2.5303722915861524,0.026913815140724183,0.0018191348353064191,-0.002786407470703125,0.009556588478897373,-0.0001237792968750151,0.0,-0.0029101867675781403,0.009556588478897373,0.03328605651855469,0.009465328225591828,0.003047027587890625,0.006556656212102108,0.8647203778887191,0.8799326297058866,-0.704760393415179,1.9682229596026608,105.18637520926339,81.61266027372444,4.372542874174457,15.668133774169823,-0.002954483032226563,0.0604179568742808,-0.011644212123325903,0.008776910406468752,-0.014598695155552467,0.055441036606883896,0.05871895926339284,0.1867659573128457,-0.00467991420200893,0.008353119091684187,4.614890641940671,13.796098999862702,0.004490814208984375,0.004490814208984375,0.004490814208984375
1.0,-0.25501708984375,0.018872007392097406,154.63134765625,4.756084374151898,0.06963544934988022,0.009419877713169711,-0.00210214614868164,0.008466735196321183,-0.0001237792968750151,0.0,-0.002225925445556655,0.008466735196321183,0.033956985473632816,0.008435038341257759,0.00335968017578125,0.0060232889522611206,0.8693643494363753,0.8596398320465443,-0.7922365897042413,1.9344125851077811,130.15842982700892,89.01839770439949,4.374121748751826,15.518729651764268,-0.0031583077566964307,0.06168885882767522,-0.013534994070870544,0.009442133529096558,-0.016693301827566974,0.057528783855459766,0.05658900669642857,0.1883728567513485,-0.004716099330357144,0.009214132017245727,4.648979528721208,13.497806300830522,0.00417816162109375,0.00417816162109375,0.00417816162109375
1.5,-0.37088287353515625,0.03469145322194512,180.29571533203125,6.702575704436243,0.14431475941091776,0.027039096552230014,-0.004014329910278322,0.009448067649082546,-0.0001237792968750151,0.0,-0.004138109207153337,0.009448067649082546,0.032031288146972654,0.009458390742204418,0.0023521423339843742,0.006717027549784228,0.8870647225902348,0.6776759912462174,-0.8979522269112722,1.8956729613049064,153.95433698381697,96.11518267266926,4.405803913713566,15.360992490900582,-0.004859270368303571,0.0623225027362825,-0.015354975237165188,0.010232096448465452,-0.02021424560546876,0.059341649188750394,0.05302634102957588,0.19018133734318995,-0.005478515625,0.008901154726564593,4.714891654112096,13.197096196990364,0.005185699462890625,0.005185699462890625,0.005185699462890625
2.0,-0.5074267578124999,0.05057787456102803,204.51171875,8.6154486941513,0.26738321423530587,0.04858629674225372,-0.009740219116210938,0.009896658006841755,-0.0001237792968750151,0.0,-0.009863998413085953,0.009896658006841755,0.026300048828125,0.009900971624199216,-0.0005456542968750001,0.007077205838275556,0.9664127376529714,0.47039437411861484,-1.0228222656249997,1.8517549613199447,176.40729631696428,102.85764174740108,4.482481107200893,15.190805641795448,-0.007243434361049106,0.06333495691328442,-0.017145659528459832,0.011120418488170317,-0.02438909388950894,0.0613158967997353,0.04886648995535714,0.19215356245505946,-0.006566336495535713,0.008789812750594914,4.815789545689921,12.898077574774886,0.00808349609375,0.00808349609375,0.00808349609375
2.5,-0.6611785888671875,0.07079564542887644,227.4200439453125,10.192427025904038,0.44599926099181175,0.08560993300862038,-0.011016845703125,0.013082136206559679,-0.0001237792968750151,0.0,-0.011140625000000015,0.013082136206559679,0.025025177001953124,0.013050142213903587,-0.0011772155761718747,0.007623715804995532,1.0567129352987448,0.4115588732249147,-1.1638292585100447,1.803653963432916,197.63401576450892,109.2487728027004,4.611269265732595,15.006267106646103,-0.007411411830357145,0.06436032069685685,-0.01885194091796876,0.01204579557379962,-0.02626335274832591,0.062347047418452296,0.04701341901506696,0.19337854662747783,-0.006569562639508928,0.008307209445279327,4.8770709868236475,12.610586121871286,0.008715057373046875,0.008715057373046875,0.008715057373046875
3.0,-0.834967041015625,0.09518224887177239,248.831787109375,11.47029012998232,0.7119995906949043,0.14966755274384405,-0.007972335815429688,0.008490564665225818,-0.0001237792968750151,0.0,-0.008096115112304703,0.008490564665225818,0.028035888671875,0.0085154862403501,0.0003573608398437498,0.005207960742299248,1.0176548813328576,0.4742550158010572,-1.3235984584263392,1.7505541859309923,217.45518275669642,115.23366620160165,4.8220981257728175,14.79787098672928,-0.012736467633928572,0.06588315678542561,-0.020451497977120547,0.012967720115744158,-0.03318796561104912,0.06515368594454993,0.04008719308035714,0.19584937260091093,-0.009104003906250002,0.009067332712729529,4.5861224535898675,12.15886203092271,0.007180480957031249,0.007180480957031249,0.007180480957031249
3.5,-1.0265576171875002,0.12048312966607609,268.714599609375,12.561834163480773,1.0827962481975557,0.23124617685006416,-0.012204246520996097,0.008243867367203072,-0.0001237792968750151,0.0,-0.012328025817871112,0.008243867367203072,0.015449886322021478,0.018133117264188946,-0.0017361450195312505,0.005501818870596454,1.175168799909399,0.6338904952293059,-1.4998195103236611,1.6931855612712265,235.8544921875,120.81155856704997,5.13037159059729,14.56199791668191,-0.011180441720145087,0.06579260361118305,-0.021950085449218757,0.013870587099634821,-0.03313052716936384,0.06593514262480707,0.030559943062918538,0.20022536815307548,-0.008159615652901782,0.009722565489067053,4.348935958269727,11.543976726897615,0.008942597376395953,0.009009399771711944,0.009141693294059098
4.0,-1.2320898437500003,0.14897222412360397,286.93359375,13.10133844774321,1.5580181217193607,0.34552013217044225,-0.015193862915039064,0.008607299369595815,-0.0001237792968750151,0.0,-0.01531764221191408,0.008607299369595815,0.005370407104492181,0.024302736414477045,-0.003188476562500001,0.005741099559458218,1.3645269931891022,0.8098634885723951,-1.689102957589286,1.632925451457458,252.68833705357142,125.90697366091449,5.536759009361269,14.30004322992924,-0.012592686244419645,0.06629735365817813,-0.02342111990792412,0.014788332090616136,-0.03601380615234377,0.0670165683768707,0.016979849679129452,0.20478762778965529,-0.00872628348214286,0.009847615987041664,4.308234699718022,10.890520601177899,0.009973021361205628,0.01012487317709621,0.010425595768235605
4.5,-1.4515344238281251,0.17837275676680112,303.819580078125,13.507329567019871,2.1553057879209523,0.4856254853607322,-0.013916606903076176,0.014219009860508055,-0.0001237792968750151,0.0,-0.014040386199951191,0.014219009860508055,0.0015704822540283134,0.0294566850523657,-0.0024858093261718754,0.00835038691101611,1.6658846981875608,1.0330226027602079,-1.8914116559709824,1.5697918200833942,268.272705078125,130.64632464563502,6.057991145253179,14.007913216120059,-0.017796451023646763,0.0675806200904266,-0.02480565883091519,0.01567453403371931,-0.042602109854561955,0.06855071873065109,-0.0006320789882115007,0.20930430684735946,-0.011196114676339287,0.00971310136391304,4.275117206684647,10.242452891839426,0.008762718042244183,0.00901690096852485,0.009520276045785864
5.0,-1.6840087890624997,0.2081280771663795,319.53125,14.218377747745622,2.8913810014724737,0.6462877853642237,-0.016743946075439456,0.017031498387804222,-0.0001237792968750151,0.0,-0.01686772537231447,0.017031498387804222,-0.013214015960693354,0.033572758405738284,-0.00386962890625,0.01002888226418191,1.9129150675171303,1.2458505732336698,-2.105744280133929,1.5041848999066654,282.7915736607143,135.11762338187373,6.708200894083293,13.682378344979238,-0.022300284249441964,0.06858095262123046,-0.026063244628906263,0.016489177286131293,-0.048363528878348216,0.06968627272422794,-0.016020420619419638,0.21280212553086422,-0.013276018415178571,0.009492026472083403,4.160067485722954,9.60581034973805,0.009558157170192105,0.00993094840863271,0.010669209555878854
5.5,-1.92914306640625,0.2411747615976344,332.47802734375,13.716619895370176,3.789200565814972,0.8619183819094242,-0.022101364135742187,0.011374427664951909,-0.0001237792968750151,0.0,-0.022225143432617202,0.011374427664951909,-0.034816436767578125,0.012139501087786463,-0.006545867919921875,0.007061507130388926,2.205500391535556,1.0505315995024131,-2.3319444056919636,1.4366573987416538,294.69552176339283,138.72010195619208,7.510507593495506,13.319494850757234,-0.02123041425432478,0.06785281923850585,-0.02731036725725447,0.017312072835189086,-0.04854078151157925,0.07012952978610244,-0.018489254542759487,0.2133531305133341,-0.01251735142299107,0.008968471076763882,4.039949722540935,8.907527000703235,0.011570885799347543,0.012077431127841319,0.013080570422319098
6.0,-2.185400390625,0.2744228194499118,345.302734375,13.42734729555722,4.872599840164185,1.1160368021981357,-0.026125698089599605,0.018933450656190367,-0.0001237792968750151,0.0,-0.02624947738647462,0.018933450656190367,-0.04004074096679688,0.019010448350931686,-0.0084259033203125,0.010287419059007413,2.36922257430071,0.6049559456183705,-2.568475167410714,1.3672668907805652,306.533203125,142.16537801741697,8.487183485031128,12.913505715151102,-0.02284454345703125,0.06756472475655052,-0.028522612653459834,0.018129647812649006,-0.051367156110491086,0.07016961243867517,-0.023594774518694187,0.21334311694976188,-0.013103724888392858,0.008312677270316976,4.17393412385193,7.844511312197077,0.012717388517059582,0.013371804501498857,0.014667774809343179
6.5,-2.45123046875,0.3078921920322207,356.025390625,13.186222972778891,6.133665771484374,1.4021793757342254,-0.030240298807621,0.017133225201312875,-0.0001237792968750151,0.0,-0.030364078104496015,0.017133225201312875,-0.04421619415283204,0.017177046099321237,-0.010324401855468752,0.009329230436123558,2.573096357581231,0.6706400328207949,-2.813807896205357,1.297084841175202,316.4439174107143,145.08073982306414,9.62888124602182,12.47116215163416,-0.027455545152936665,0.06817552109988773,-0.029670160784040188,0.018909123247478905,-0.057125705936976856,0.07121178198136754,-0.03024659293038504,0.214321368012754,-0.01520533970424107,0.008228660337989968,4.275010555853586,6.769719191391257,0.01381807286678624,0.014633319456010043,0.016247781554176895
7.0,-2.7247460937500003,0.34252580712539843,365.185546875,12.613207304434454,7.566984024047853,1.7396788701298112,-0.034355310201644895,0.012801534272514568,-0.0001237792968750151,0.0,-0.03447908949851991,0.012801534272514568,-0.04833309173583984,0.012826998704347007,-0.012214050292968749,0.007330327798680893,2.854003194884552,0.9843275857671946,-3.0663351004464294,1.227085766184316,324.86886160714283,147.5648637497594,10.932367725372316,11.999129687517355,-0.033931858880179265,0.0694058787857959,-0.030783529227120545,0.01967063032278494,-0.06471538810729982,0.07285607946132407,-0.03780255998883929,0.21585607271031693,-0.01821236746651786,0.00892096984193148,4.230342229683732,5.764008069360414,0.014851450332785409,0.01583931406323062,0.017795603076537186
7.5,-3.0056396484375,0.37644034339354077,373.4375,11.5168148342231,9.194617795944216,2.0973838361012045,-0.039673848450183874,0.011602798285883592,-0.0001237792968750151,0.0,-0.03979762774705889,0.011602798285883592,-0.05363512039184571,0.011574046842751503,-0.014704132080078126,0.006824503899145622,3.1511053338751216,0.9515463500336063,-3.3257568359375,1.1573082223401032,332.42885044642856,149.77671245778635,12.418475852693833,11.49254993969726,-0.03899310997554234,0.07106868611628517,-0.031878587123325905,0.02042461541977081,-0.07087169709886824,0.07526951882764994,-0.04396732875279019,0.21739398481224645,-0.0204498291015625,0.010987857469954758,4.002421995103277,4.83939565044007,0.016433025365222967,0.0176040394671275,0.019923006672040312
8.0,-3.2929296875,0.41046094151487467,380.33203125,10.531292742633958,11.023459548950195,2.4975251917990406,-0.04414112210273742,0.01675371573793318,-0.0001237792968750151,0.0,-0.044264901399612436,0.01675371573793318,-0.058123168945312505,0.016730773147692484,-0.016735839843749996,0.009142136082091449,3.194850396998848,0.619666958698226,-3.59103236607143,1.0888107079877076,338.75558035714283,151.6607211888847,14.09132211957659,10.96061031739376,-0.039242338453020366,0.07087683516401698,-0.032879127720424124,0.021116885843695418,-0.07212146617344448,0.0752684484888902,-0.04522539411272321,0.2171797511028908,-0.02026646205357143,0.011438725252399955,3.92523725549659,3.851720543311723,0.017509083367502436,0.018872755318119962,0.02157321847937248
8.5,-3.5859057617187506,0.4450455500497255,385.821533203125,9.378511963118706,13.07917822360993,2.9694519780938515,-0.05085094571113587,0.010754072674824363,-0.0001237792968750151,0.0,-0.05097472500801088,0.010754072674824363,-0.06482963562011719,0.010794157160751494,-0.0198016357421875,0.005822689287958727,3.086795406741703,0.7184980841310775,-3.861598074776786,1.0223630365503718,343.71861049107144,153.32376695889485,15.978216668537693,10.413539878272724,-0.047863505056926194,0.07326056258233653,-0.03387094900948662,0.021808889708778815,-0.08173445406641279,0.07801854003451017,-0.054808600289481035,0.22024277486912974,-0.02426112583705357,0.011562977981892533,3.6218961842092745,2.6643515373664637,0.01957663229184227,0.021141554192166317,0.02424051586561441
9.0,-3.8833203124999995,0.47836159121996663,390.9765625,8.67139660314717,15.344041709899903,3.4543966585756993,-0.05615110397338867,0.012713605654482426,-0.0001237792968750151,0.0,-0.056274883270263684,0.012713605654482426,-0.0701556396484375,0.012671255058900198,-0.02212249755859375,0.006455626464442039,3.0473252943345774,0.6096717345981683,-4.136259765625001,0.9584451557251502,348.37193080357144,154.97580178646464,18.06100113187517,9.854917556847319,-0.052848991325923377,0.07502129979770387,-0.03479196951729911,0.02245124885071039,-0.0876409608432225,0.08003725667251503,-0.060748421805245534,0.2225819416445514,-0.02637782505580357,0.01177397258283361,3.269546310622977,1.4156709932370937,0.020866483242713188,0.022639266103112423,0.026149802729290586
9.5,-4.184365234375,0.5116944766278987,393.095703125,6.623995434874653,17.806910667419437,3.9816637416231178,-0.06141812324523925,0.01626127118973071,-0.0001237792968750151,0.0,-0.061541902542114266,0.01626127118973071,-0.07541526794433594,0.016199909118994153,-0.0244195556640625,0.008173000038522178,3.1844984290205307,0.692727657424935,-4.414241071428572,0.8987638761094472,350.16183035714283,155.78129397758988,20.327471133640838,9.313015933611489,-0.05776506560189383,0.07708489939662366,-0.03567270682198662,0.02306916411538675,-0.09343777242388047,0.08233074911616509,-0.06657819475446428,0.22499100586539963,-0.0284326171875,0.012660418880111256,2.9439769075427358,0.4179305646039014,0.02210075721091656,0.024087813650095012,0.028022605555516254
10.0,-4.4875,0.5443088509698706,393.1396484375,3.778978280135497,20.455904579162603,4.546935877596743,-0.06768808364868165,0.01574274597210769,-0.0001237792968750151,0.0,-0.06781186294555666,0.01574274597210769,-0.08165435791015625,0.015768107696428113,-0.0272064208984375,0.008055030777513975,3.401105831830938,0.881174862465551,-4.694168526785715,0.8442996213384002,349.98604910714283,156.04786842497336,22.76929937090193,8.80928350555748,-0.06344605173383441,0.07951495424574663,-0.03654298095703127,0.023684179165549414,-0.09998903269086568,0.08522976284591915,-0.07312883649553571,0.22774728811925155,-0.03082798549107143,0.013722165869424877,2.711295573424785,1.3549569946152729,0.02380062174235425,0.026006842309126012,0.03037555250221926
10.5,-4.789951171875001,0.5740502273834237,396.4599609375,3.4389839437231378,23.28243816375733,5.104073709408053,-0.07418751716613768,0.019047704761200022,-0.0001237792968750151,0.0,-0.0743112964630127,0.019047704761200022,-0.08810192108154297,0.0190431105118986,-0.030056304931640625,0.009788953772104292,3.497447122782823,0.9818034573729617,-4.973339843750002,0.7954291337597321,352.95689174107144,157.2651285738196,25.3755247116089,8.350146911630707,-0.0659334104401725,0.08162113472755625,-0.0374132550920759,0.024301370933772812,-0.10334666553224839,0.0881420958193128,-0.07646523611886162,0.22993923830533172,-0.03156337193080359,0.014597742765518508,2.4100819008770458,2.6719213922630387,0.02554497426209397,0.02797410453598783,0.03278412563225173
11.0,-5.095283203125,0.6042187452649223,397.412109375,1.805029898525316,26.352190074920657,5.731283282774683,-0.07541399002075196,0.016445499114117874,-0.0001237792968750151,0.0,-0.07553776931762697,0.016445499114117874,-0.08937004089355469,0.016459535030368858,-0.030181274414062497,0.008105560830753734,3.2978543368252935,0.706645277914447,-5.2551464843749995,0.7545180572682639,353.68722098214283,157.76794256565307,28.208865064893455,7.995021687617318,-0.0730763728278024,0.08391499374937411,-0.03827184535435269,0.024915392071204006,-0.1113482181821551,0.09079811573112165,-0.08450234549386161,0.23235877896553211,-0.03464861188616072,0.015494205218535914,2.037778629527835,3.4356348685315976,0.024549374452675066,0.02720445720954858,0.03246178671024304
11.5,-5.401175537109375,0.6334098596839846,394.593505859375,1.8754318852525067,29.605519344806673,6.386593124169858,-0.08251885414123536,0.018287882512641726,-0.0001237792968750151,0.0,-0.08264263343811037,0.018287882512641726,-0.09644775390625002,0.01830898804641381,-0.03325241088867188,0.008715096792275357,3.0760468525208595,0.5747895581023262,-5.53739955357143,0.7224102764302424,350.888671875,157.19150346350506,31.215451570238397,7.770654783362508,-0.07645396232604983,0.08334209035193357,-0.03911622314453126,0.02552554777847267,-0.11557018547058107,0.09034240925985207,-0.08876645769391743,0.23207054288940118,-0.03578404017857144,0.015114238034670073,1.9907384977871156,3.571161779544658,0.026489871180236033,0.029372949239389094,0.035081600962467985
12.0,-5.7052734375,0.6597627560161874,390.703125,3.1210913055372154,33.02258377075196,7.024456542280769,-0.09019577026367188,0.01938848869966461,-0.0001237792968750151,0.0,-0.0903195495605469,0.01938848869966461,-0.1041339111328125,0.019419279481709326,-0.03659057617187501,0.009119601648392794,3.05454921055508,0.9459731629607746,-5.817845982142857,0.6992644941605196,347.23214285714283,156.39705611727234,34.371917245047435,7.684578844790395,-0.08365430559430806,0.0841053933892472,-0.039906889997209836,0.026096536033746284,-0.12356119559151789,0.09160951421640744,-0.09679391043526787,0.23311081017850852,-0.03882463727678572,0.015459851812044286,1.9727564254999632,3.701717385945535,0.028692448180008382,0.03180453341586744,0.037966475692308724
12.5,-6.00634765625,0.6846380921247832,387.451171875,4.65790625691868,36.57266044616699,7.6818101644656815,-0.09749746322631836,0.019441359755922913,-0.0001237792968750151,0.0,-0.09762124252319337,0.019441359755922913,-0.1114664077758789,0.01947092950247015,-0.03968048095703125,0.009099162132103088,3.1286430803490233,1.251633862796397,-6.095493861607143,0.6866400335046094,344.02901785714283,155.73992871764665,37.65235982622419,7.787752776234671,-0.09100845881870814,0.08521294432645052,-0.040682908412388405,0.026657837239010294,-0.13169136723109656,0.09329079688696547,-0.1049177987234933,0.23432875699611458,-0.041900634765625,0.01602228488085863,1.8818274840012925,3.8054657395977807,0.03064330273485985,0.033985108752713246,0.04060171575330975
13.0,-6.3050537109375,0.7090242980477683,383.5009765625,8.36726449170562,40.26651403427124,8.354572882663957,-0.1068073272705078,0.016846941881485934,-0.0001237792968750151,0.0,-0.10693110656738282,0.016846941881485934,-0.12076400756835937,0.01680594580195991,-0.04373260498046874,0.007578070083645314,3.1726718004488967,1.3209601654010577,-6.3708844866071415,0.6857359735204036,340.15904017857144,155.0032102642904,41.06896223885673,8.082154621038585,-0.09547263009207592,0.08404555404364072,-0.04151996198381698,0.02726738842785835,-0.13699259207589284,0.09270877537196136,-0.11015777587890627,0.23413432632108677,-0.04346697126116072,0.014560110536518532,1.7723528385321126,3.941415009363531,0.0335633579650253,0.03713349447315136,0.044201970625247555
13.5,-6.5998730468749995,0.7300035883540968,381.240234375,9.928845937919247,44.11250728607178,9.009366700591514,-0.11092527389526366,0.015336883200970985,-0.0001237792968750151,0.0,-0.11104905319213867,0.015336883200970985,-0.12484813690185546,0.015305919902905822,-0.04512481689453124,0.007109879636932375,3.2681409573499454,1.1062142123038545,-6.642495814732143,0.6936108071130395,337.97572544642856,154.68291086448454,44.62341405051095,8.542408902372241,-0.10006238664899554,0.08434944939471388,-0.042265462820870556,0.027807988446031745,-0.14232784946986607,0.09351071027591693,-0.11549089704241071,0.23451562504689588,-0.04506678989955357,0.014886899310683868,1.766657063931653,4.080037893783127,0.033837617901438105,0.03763325744891545,0.045147958070160844
14.0,-6.892812500000002,0.7496310005348575,374.4921875,12.934289211330624,48.10133300781251,9.686493341524605,-0.11305397033691407,0.0178265030146092,-0.0001237792968750151,0.0,-0.11317774963378908,0.0178265030146092,-0.12703445434570312,0.017812855626386608,-0.0454931640625,0.008053726686582758,3.1493351009342403,0.9883059011215798,-6.912287946428571,0.7111704205553716,331.6127232142857,153.3302071339256,48.311673322405134,9.188389608478584,-0.10537113734654018,0.08752930959373648,-0.043014102608816975,0.028348538338848178,-0.14838523995535716,0.09648876624700684,-0.12152134486607143,0.23759493314550048,-0.04700648716517857,0.01620951403297765,1.7497645431147648,3.5527058539872,0.03309138354540586,0.0371138641498438,0.04507143597788556
14.5,-7.181064453125,0.7665540933128606,367.5390625,14.01670331432316,52.184252738952644,10.334775899505495,-0.11623037338256836,0.021669284404415207,-0.0001237792968750151,0.0,-0.11635415267944339,0.021669284404415207,-0.1301900100708008,0.021657919328004774,-0.04636077880859375,0.009902756882688947,2.7542354343654605,0.7907637655389936,-7.177614397321428,0.7361720921122059,325.06277901785717,151.8051875405336,52.089220275878915,9.945448712757885,-0.1113807351248605,0.09129084545297482,-0.04376282958984375,0.028890012121110586,-0.15514356471470428,0.10067398027101342,-0.12827571323939732,0.24134924005215194,-0.049286499023437506,0.018101107834484317,1.659483190302134,3.044534144758457,0.03285601948557379,0.03710164840500137,0.0454988238669788
15.0,-7.46376953125,0.7825086723553945,361.1328125,15.902384050243702,56.348755264282225,10.967499674182527,-0.12398929595947265,0.021358081971625066,-0.0001237792968750151,0.0,-0.12411307525634767,0.021358081971625066,-0.13790931701660156,0.021327328874366103,-0.04951477050781251,0.009821178257758951,2.1280924479166767,0.5928129548206638,-7.437834821428571,0.7686923491357119,318.9453125,150.4741441036833,55.93951307024276,10.813256284147256,-0.11651992797851561,0.09413932155849479,-0.044494117954799114,0.02942316330698743,-0.16101404593331475,0.10380361865306371,-0.13414808000837053,0.24451636880992914,-0.05110560825892856,0.01911746740878748,1.5160219851153145,2.479207875857887,0.034931366393236615,0.03939461388412642,0.04822231413424546
15.5,-7.742077636718751,0.796956323516833,353.55224609375,18.476233287886565,60.58763924598695,11.602059657686091,-0.1300702667236328,0.024261699124502992,-0.0001237792968750151,0.0,-0.13019404602050783,0.024261699124502992,-0.1439883804321289,0.024229624524429838,-0.0517889404296875,0.011155810209896791,1.6161817715162363,0.5017971046338867,-7.693871372767858,0.8071553953682304,311.79268973214283,148.97202190838303,59.85845812661309,11.78359861171371,-0.11860775538853238,0.09569100920277046,-0.04521206577845983,0.029946881019008026,-0.1638198211669922,0.10482661804136291,-0.13695663452148438,0.24626910661185636,-0.05135402134486607,0.019186963801763206,1.4146614201736607,1.9375740407529374,0.036154832636626125,0.04083008961426912,0.050077148534294486
16.0,-8.01375,0.8087019402258168,347.5390625,19.022234304865943,64.88573547363282,12.197947560342314,-0.13712615966796876,0.021163884813693568,-0.0001237792968750151,0.0,-0.13724993896484378,0.021163884813693568,-0.15103302001953123,0.02117291850645156,-0.0545263671875,0.009077022360777202,1.4032224286130492,0.4477577019999856,-7.943593749999999,0.8490916787897264,306.13839285714283,147.676083189113,63.83343453543527,12.798112318853162,-0.12640049525669644,0.09903939977610064,-0.04586182861328126,0.030414317180969094,-0.1722623238699777,0.10865429527719718,-0.14541800362723215,0.2501585852175877,-0.05442940848214285,0.020594620468324613,1.265169665133049,1.553906412550672,0.03786733350843988,0.04274942774033168,0.05240554244714478
16.5,-8.280263671875002,0.8194809603757341,337.68554687499994,22.786189544545664,69.25890438079834,12.788332794142693,-0.14247039794921873,0.022606791228464457,-0.0001237792968750151,0.0,-0.14259417724609377,0.022606791228464453,-0.15637947082519532,0.022580596749111812,-0.0563519287109375,0.009741899719362334,1.1424776446291378,0.7324844904913471,-8.188549107142856,0.8949158923983589,296.708984375,145.8595808166224,67.87603949410575,13.882125883025205,-0.128198481968471,0.09945898739788292,-0.046494152832031274,0.030874973628126023,-0.17469263480050223,0.10868797676594108,-0.147890625,0.25097900600516126,-0.054480590820312494,0.020070274660736322,0.9401566451127071,1.6029779372632496,0.03869606695930673,0.04377935937338394,0.0538333003940939
17.0,-8.5394580078125,0.8272568079552148,330.458984375,24.896152340003663,73.63044424057007,13.338199930932992,-0.1439276123046875,0.017833038635356763,-0.0001237792968750151,0.0,-0.14405139160156252,0.017833038635356763,-0.15785049438476562,0.01780345663851368,-0.056179504394531246,0.007181192557606883,0.7959976729813182,1.056530177408599,-8.426509486607141,0.941996594572654,289.88560267857144,144.7148504035034,71.91566801888601,14.983518969496524,-0.12856977190290178,0.09984250931899301,-0.04718402448381697,0.03138422852629792,-0.17575379638671879,0.10911780233024446,-0.14889500209263393,0.25136232359586674,-0.05380667550223215,0.020025942703993587,0.6283964651884592,1.6248369271540648,0.03754928106293771,0.04282926865344894,0.05327205414332969
17.5,-8.79296875,0.8328429139615332,321.826171875,25.646063358650164,78.03210449218751,13.841663194696876,-0.14192256927490232,0.016215707502599815,-0.0001237792968750151,0.0,-0.14204634857177734,0.016215707502599815,-0.15584297180175782,0.016199687308393954,-0.0542877197265625,0.00628496314843314,0.5261312275777635,1.198159614532469,-8.659075055803571,0.9904445533456144,281.7592075892857,143.01210734882528,75.98291961124967,16.093174066453567,-0.13038766043526787,0.10103533406518836,-0.047821405901227694,0.03185353282192341,-0.17820906633649553,0.11061477806610107,-0.1513391767229353,0.25244925346811414,-0.05384957449776786,0.02060512749429662,0.45826823323160637,1.3990276528929937,0.03472055554085386,0.04018972160278676,0.051006399451025405
18.0,-9.040703125,0.8378411780645806,310.8203125,28.49279372812701,82.45202423095702,14.328563999601801,-0.14107376098632812,0.019085836303853916,-0.0001237792968750151,0.0,-0.14119754028320317,0.019085836303853916,-0.15498977661132812,0.019092419186740154,-0.05307006835937499,0.007810613690581995,0.3474344462503631,1.0498033509439775,-8.886395089285713,1.0406451987936143,271.27232142857144,141.01164427433025,80.06574724469867,17.230589663282828,-0.13455941336495536,0.10280593486334523,-0.04836601388113841,0.032251609043864926,-0.18292542724609379,0.11286151811461739,-0.15611755371093752,0.2542662797498218,-0.05509381975446429,0.021498396159274978,0.42871394555964243,1.1932296184763675,0.032603881247168426,0.03825460929869149,0.04943002868289449
18.5,-9.279858398437499,0.8401320604982038,299.94384765625,31.581151663398558,86.82828321456908,14.766862040491596,-0.1469247055053711,0.018759910612621777,-0.0001237792968750151,0.0,-0.14704848480224608,0.018759910612621777,-0.16083534240722658,0.018772853271624305,-0.05516189575195313,0.007625475432314331,0.09509462298768614,1.1927185298908496,-9.105555245535715,1.090345710854042,260.9779575892857,139.20859187320292,84.10611001150947,18.356030843307174,-0.13574517386300222,0.10269931191672947,-0.04898996756417411,0.03271165212655875,-0.18473514142717634,0.11300399721368437,-0.1578926304408482,0.2546493747862375,-0.05485377720424107,0.02096207878111074,0.23419990247383224,1.2283619009420992,0.033832574943845554,0.03965765780807365,0.051177477602771006
19.0,-9.50896484375,0.8387288266279517,293.18359375,31.244115656929605,91.13955223083498,15.13098057480858,-0.14814857482910157,0.020421492829814567,-0.0001237792968750151,0.0,-0.14827235412597656,0.020421492829814567,-0.16203826904296875,0.0204295484098656,-0.054898071289062496,0.00793153738890728,-0.16155394085082636,1.235994705629882,-9.315189732142857,1.1382233323913256,254.64285714285714,137.79364512016886,88.08351268223355,19.44430633314662,-0.13705230712890623,0.10303185405162964,-0.04951922956194197,0.03309829438356869,-0.18657153669084822,0.11275602548636386,-0.15977416992187504,0.2549630760189058,-0.054646693638392856,0.020796509607762265,0.042018121852110325,1.3913773638156424,0.032745210439550865,0.038736694491285376,0.05058509458409247
19.5,-9.733105468749999,0.8370961439090133,283.41796875,33.26274518564512,95.4532341003418,15.480466786070469,-0.14944911956787107,0.022695593487193827,-0.0001237792968750151,0.0,-0.14957289886474612,0.022695593487193827,-0.16336139678955078,0.02270178688966935,-0.05470367431640624,0.009265127063891947,-0.19899363840098755,1.221955797831462,-9.520244140624998,1.1872607840557843,245.38922991071428,135.8880500165204,92.06249976566859,20.54755873572198,-0.1396738978794643,0.10448810424190591,-0.0501073468889509,0.03352998208194456,-0.18978124476841515,0.11466580828845356,-0.16293127877371652,0.25676746284399765,-0.055084490094866066,0.02131521919018556,0.015146698191131189,1.6044281370594862,0.03176139295999912,0.0379124282469301,0.050075773749883035
20.0,-9.950195312500002,0.8339039362188602,274.8046875,34.86369156796356,99.71836700439454,15.787076136656525,-0.15350952148437502,0.01999344312206364,-0.0001237792968750151,0.0,-0.15363330078125,0.01999344312206364,-0.1674369812011719,0.02001278145617104,-0.055914306640624994,0.008208842782526848,-0.26050203052155724,1.011506920893338,-9.718582589285717,1.2359265007415983,237.33258928571428,134.2965206911426,95.9946574619838,21.634870280228885,-0.14282182965959822,0.10595124873603241,-0.05061420026506697,0.033901504888987376,-0.1934360299246652,0.11725392331205392,-0.16657017299107144,0.2589644984177693,-0.05577915736607144,0.02175685043648342,-0.05263697890651696,1.7949264927835384,0.0322293154177964,0.03853051413952435,0.05099014353658435
20.5,-10.16037109375,0.8287509509695362,265.25390625,34.98215901834766,103.93297836303711,16.03908499113706,-0.15663921356201171,0.01667873587209284,-0.0001237792968750151,0.0,-0.15676299285888673,0.01667873587209284,-0.16663450241088867,0.019571629031074927,-0.05664047241210937,0.0064585191046798865,-0.3720987315500264,0.7736201694481619,-9.91042271205357,1.2836770292805149,228.46958705357142,132.16559099655862,99.87761347634451,22.697067161720916,-0.1448370797293527,0.10695024050959491,-0.051046590750558056,0.034215764857916775,-0.19588367047991073,0.11912466094184469,-0.16830911908830912,0.26072573061940707,-0.055934273856026784,0.021791491410605775,-0.2775387251095308,1.8518441619472479,0.03225032332924824,0.03869414364303765,0.05143505175723188
21.0,-10.365312500000002,0.8236817054049759,249.29687499999997,39.65621075278792,108.12316467285157,16.281468344256613,-0.15673606872558588,0.02399547161765969,-0.0001237792968750151,0.0,-0.15685984802246092,0.02399547161765969,-0.1518407821655273,0.04277251994944004,-0.05582885742187498,0.010522178840838703,-0.6260549549734138,0.8191240063379556,-10.097586495535714,1.3317086702394962,213.2952008928571,129.4342622266769,103.73912339346751,23.76507826827881,-0.1460287475585937,0.10810122675338155,-0.051560245186941966,0.03459099940868823,-0.19758899274553574,0.12060473497189436,-0.16716934204101558,0.2627133396600636,-0.05566162109374999,0.02210592521238763,-0.4992494891176544,1.6841223612488294,0.03077549396011755,0.03735350874916149,0.05035893730402696
21.5,-10.5548388671875,0.8132995175262301,243.1201171875,39.92681692930076,112.07569149017336,16.396642507076162,-0.15131866455078122,0.023931948034936916,-0.0001237792968750151,0.0,-0.15144244384765626,0.023931948034936916,-0.14133703231811517,0.044821291401737635,-0.05223907470703124,0.01027774272301597,-1.00126928938574,0.9899952909278722,-10.27003208705357,1.3750442976042356,207.54603794642858,128.2014615954214,107.37345821380619,24.726543340936377,-0.14468944004603795,0.10932224647815851,-0.05198391636439732,0.034895827381648335,-0.1966733564104353,0.12204026190497808,-0.16628347124372206,0.2636638782329641,-0.05410234723772321,0.023098741081474954,-0.8901223491677587,1.3156389839029556,0.02657199052456701,0.03327425057208877,0.04652442725346097
22.0,-10.739765625,0.802216271366346,236.09375,38.73865761419723,115.99906311035156,16.480745205508693,-0.15277847290039062,0.023268880009543337,-0.0001237792968750151,0.0,-0.1529022521972656,0.023268880009543337,-0.14172119140625,0.04508207108863,-0.052135620117187496,0.009831583569094474,-1.2395799187791372,0.9567957063704062,-10.438169642857144,1.4183656548364096,201.06026785714286,126.53532802691566,110.97981044224329,25.67907124012525,-0.1444816371372768,0.10879845864516902,-0.0523748029436384,0.035185118428074647,-0.1968564400809152,0.12170860854522922,-0.16419703892299103,0.2635520905595622,-0.05316231863839284,0.0224202758923013,-1.2887218575695167,1.200218398883463,0.025903368547701096,0.03272011362266297,0.04619564178659305
22.5,-10.919824218750001,0.791122623694991,223.53515625,40.126025035278985,119.87971115112305,16.551130864557837,-0.1543060302734375,0.022114454598287207,-0.0001237792968750151,0.0,-0.1544298095703125,0.022114454598287203,-0.1404104232788086,0.04082672891475173,-0.05211334228515625,0.009462088535159747,-1.5262328105650875,0.90059281088326,-10.601953125,1.4616576362062057,189.24386160714286,124.1819033043114,114.54845668247768,26.627955364271553,-0.14539555140904017,0.10836917476955636,-0.052764381626674114,0.035474980282620173,-0.19815993303571428,0.12164810193218724,-0.1642003195626395,0.2636230434292145,-0.05278102329799107,0.021984136410958074,-1.5752959402251463,1.1587107734997337,0.025350246968558053,0.03227458458042916,0.045961748560427285
23.0,-11.09138671875,0.7793708237059664,209.931640625,42.39905430260935,123.6349053955078,16.5800869344271,-0.15312187194824217,0.02029790577168346,-0.0001237792968750151,0.0,-0.15324565124511721,0.020297905771683458,-0.13579368591308594,0.03645706470877068,-0.0507177734375,0.00818762659382685,-1.6947542203889874,0.8652664319759217,-10.757645089285715,1.5038725720536725,176.38392857142858,121.84067034735801,117.99779541015626,27.542872545644734,-0.14615051269531248,0.10763596108637624,-0.053133905901227685,0.03574754442375411,-0.19928441859654017,0.12085047352495881,-0.1653204781668527,0.263078358804066,-0.052298060825892854,0.02146118907350666,-1.6668117852199917,1.1331048502905885,0.023467854844107912,0.030490937571035184,0.04437215075188684
23.5,-11.251230468750002,0.7646097848528046,203.59374999999997,42.36400162192958,127.18019393920899,16.521146989538632,-0.15334384918212887,0.019791548551275594,-0.0001237792968750151,0.0,-0.15346762847900391,0.019791548551275594,-0.13560701370239253,0.03605654947716538,-0.05002410888671873,0.007469515706109888,-1.5890689663120214,0.7882362983935418,-10.902449776785716,1.542888856602244,170.3069196428571,120.56231841509143,121.24964215959822,28.378808428354237,-0.1452522931780134,0.10663396353512704,-0.053430187988281266,0.03596691302550405,-0.19868248116629467,0.11959403077206582,-0.16474912370954242,0.2619558245748059,-0.05102800641741072,0.021049390050370646,-1.730347086182046,1.108340628512396,0.02232708487547641,0.029440932037553647,0.043500325739568656
24.0,-11.4056640625,0.7492253394766927,197.1484375,42.18936266142623,130.6557510375977,16.435990734252805,-0.14728210449218748,0.021119745651732785,-0.0001237792968750151,0.0,-0.1474058837890625,0.021119745651732785,-0.12447654724121092,0.029909118231192775,-0.04624389648437499,0.008383993725064307,-1.3197636104130352,0.8352694763532142,-11.042142857142858,1.581310085220044,164.35267857142858,119.40675205792046,124.43406005859379,29.201080766632337,-0.14488429478236606,0.10671757897704026,-0.053818720354352687,0.036257060890609635,-0.19870301513671879,0.12020321344273745,-0.16469020298549109,0.262153429623024,-0.050080915178571425,0.02113957909170158,-1.7723885814706117,1.0725804251248643,0.018142170432753985,0.025338259397430247,0.03955889315878032
24.5,-11.555068359375,0.7332335826988104,185.95214843749997,43.0906913949913,134.06492317199707,16.318130385103633,-0.14717769622802734,0.02253151922155502,-0.0001237792968750151,0.0,-0.14730147552490236,0.02253151922155502,-0.12359996795654296,0.03376170137006504,-0.04546630859375,0.009696094868682729,-1.4153515653454614,0.9128212550820651,-11.17704799107143,1.6192680603118856,153.84207589285714,117.1945920539465,127.55615962437221,30.004745569595972,-0.14054807390485494,0.10581599297311708,-0.054135144042968764,0.036488923769942956,-0.19468321794782367,0.11900059288089361,-0.16063553946358816,0.2608242683890732,-0.04712158203125,0.0206799471223963,-1.8496213259396925,0.9117584173305002,0.017023181119847283,0.024288776331705158,0.0386453675324788
25.0,-11.6962890625,0.716211230442059,174.80468749999997,45.67974829502542,137.3238296508789,16.1554567064356,-0.1493206024169922,0.024672582462634575,-0.0001237792968750151,0.0,-0.14944438171386723,0.024672582462634575,-0.12573814392089844,0.0373492463931335,-0.0458221435546875,0.011175925030895094,-1.6904977651742779,0.8910445781519352,-11.304408482142858,1.6557836746426782,143.27566964285714,115.26654538945463,130.5390864780971,30.764112385218347,-0.13996996198381698,0.10604339986274483,-0.05435042375837055,0.036645273117422654,-0.1943203857421875,0.119813229972013,-0.15851974487304688,0.2610860827078852,-0.046077183314732144,0.020212900560462686,-1.9156919333921376,0.9407582410875365,0.017067437660458977,0.02439655011094163,0.03887718166665681
25.5,-11.8290771484375,0.6970517736926668,165.068359375,46.60331729165503,140.41878322601318,15.923749475734098,-0.1492576599121094,0.024262777906715993,-0.0001237792968750151,0.0,-0.1493814392089844,0.024262777906715993,-0.12568576812744142,0.03654402295314253,-0.045099639892578126,0.010809345332580505,-1.960192415819861,0.8854706201348811,-11.423741629464287,1.6902577551534086,134.42801339285714,113.4929255083248,133.36486330304825,31.468345537862387,-0.13938515799386159,0.10617674426999359,-0.054558989606584826,0.036797940290479995,-0.19394414760044643,0.12052781679970744,-0.15637802124023437,0.26158436334820595,-0.04506539481026784,0.01961464459212415,-1.9355125058860474,1.0674770675990686,0.016065693535338557,0.023451826828405502,0.03804357787142473
26.0,-11.95435546875,0.6757575250419023,156.8359375,43.324996928871464,143.36696243286133,15.622385931462162,-0.1473750305175781,0.022003750919705127,-0.0001237792968750151,0.0,-0.14749880981445315,0.022003750919705127,-0.12380039215087892,0.03434939775717787,-0.043487548828125,0.009563329134007004,-2.1132192189321146,0.7822291907430449,-11.535982142857145,1.7228813379717554,126.953125,110.42388886912067,136.05194632393975,32.120644879130836,-0.13755109514508929,0.10668759924818422,-0.05482667236328126,0.0369940606382931,-0.19237776750837052,0.12070932112889736,-0.15346313476562495,0.2613811719802891,-0.043441685267857126,0.02015108998107701,-1.8301599930017944,1.2126732582745539,0.014224750171547493,0.021657768791826428,0.03634051291177416
26.5,-12.073203125,0.6561600387673876,149.921875,42.231426964547566,146.1959158325195,15.340293705139933,-0.14585720062255858,0.02069162278082621,-0.0001237792968750151,0.0,-0.14598097991943362,0.020691622780826213,-0.12226235389709474,0.031914915525850275,-0.04208343505859375,0.008305380607266807,-2.1029723552001442,0.649377951232261,-11.642639508928571,1.755116755892855,120.32087053571429,108.16044113076819,138.63482020786827,32.76399989405047,-0.1379186357770647,0.10791762702039448,-0.05499835553850447,0.037119135389624754,-0.1929169913155692,0.12128631031866267,-0.14531481061662946,0.2598901304127064,-0.04296142578125001,0.021287483871746008,-1.7460338123790298,1.2087894156265975,0.012645001974727808,0.02011419887480316,0.03486668057390556
27.0,-12.186005859375,0.6371105454818292,139.5703125,45.27564503354012,148.90920295715333,15.053304208474252,-0.14309623718261716,0.02157801413679694,-0.0001237792968750151,0.0,-0.1432200164794922,0.02157801413679694,-0.1171946144104004,0.03215743103547591,-0.04002593994140625,0.009295149646067605,-1.8643039089816513,0.45489002281681157,-11.74342075892857,1.7867753123022025,110.5859375,106.76743323110456,141.10451734270367,33.39338415464831,-0.13502144949776787,0.10757015022127767,-0.055071684919084825,0.03717127264768003,-0.19009313441685266,0.1212509232616349,-0.13921600341796875,0.2588478862719004,-0.04083095005580357,0.020905049450386806,-1.6864588861659122,1.263426599775499,0.010440112504340807,0.017939814006724106,0.03275075000198552
27.5,-12.291186523437501,0.6154503855467671,131.982421875,46.614341806251325,151.4558931350708,14.68713786683678,-0.14033355712890627,0.019783092797289296,-0.0001237792968750151,0.0,-0.1404573364257813,0.019783092797289296,-0.11048574447631837,0.029096843360747804,-0.038013458251953125,0.008426086488727226,-1.9301434496899676,0.5862177985124296,-11.83696986607143,1.8162946055667502,103.45284598214286,105.66016602335367,143.4172836303711,33.95834877064319,-0.13393543788364956,0.10649557708680493,-0.0552005562918527,0.0372702001296891,-0.18913599417550225,0.1199604793190295,-0.13735288892473493,0.2578094582658207,-0.03965846470424107,0.019972476035402684,-1.741241241668487,1.1555987741972455,0.008308472373695114,0.01583300496049063,0.030691113970914688
28.0,-12.3903125,0.5923402054101283,124.45312499999999,44.639875737499274,153.8742907714844,14.268431188754345,-0.13539657592773435,0.01911304910010784,-0.0001237792968750151,0.0,-0.13552035522460937,0.01911304910010784,-0.10556671142578124,0.02811983326468695,-0.03497680664062499,0.007755818455515398,-2.157542977855486,0.8151406468631374,-11.924933035714288,1.8444176650473052,96.79687499999999,103.62559017662156,145.60993007114956,34.48394716244721,-0.13329616001674108,0.10553576531175146,-0.055360991559709846,0.03739350723898643,-0.18865715157645088,0.11877569258750253,-0.1351109967912946,0.2561788683809387,-0.038728376116071425,0.019397412597301524,-1.722648282706882,1.037172938627153,0.005196348472776044,0.01273692347766902,0.027624756677419447
28.5,-12.4843115234375,0.5696736287925189,116.55273437499999,41.84520401540154,156.1854712295532,13.843662706388434,-0.13156024932861327,0.021783777071410007,-0.0001237792968750151,0.0,-0.1316840286254883,0.021783777071410007,-0.10178857803344725,0.030878119584394098,-0.03253265380859374,0.009452279576218438,-2.242675994659641,0.7758816015489661,-12.008289620535717,1.8719220743075244,89.34291294642856,100.72736773996438,147.70673873901364,34.992467342600754,-0.13158915928431922,0.10380208896961624,-0.05549483293805805,0.03749764171371108,-0.18708399222237723,0.11757713139054174,-0.128891726902553,0.25383955003116854,-0.03725995744977679,0.018230898551326452,-1.6171695532657548,1.073350806257187,0.0027196209106836525,0.010267607377395058,0.025168031382394904
29.0,-12.572421875,0.5485705133839195,110.078125,41.557598542048034,158.3679571533203,13.441787736269005,-0.1312518310546875,0.024199100693067587,-0.0001237792968750151,0.0,-0.1313756103515625,0.024199100693067587,-0.09889665603637696,0.028443185634849346,-0.031872863769531246,0.01056196937113426,-1.9918371525122125,0.8784586956367845,-12.086166294642855,1.8989183025010192,83.16127232142857,99.13579260107699,149.68349500383647,35.490543793938095,-0.13106576102120535,0.10396614034863332,-0.05553781912667412,0.037535060768780666,-0.1866035801478795,0.11954209070284044,-0.12760330200195313,0.2544839240908008,-0.03640363420758929,0.018437633755554014,-1.455727500039037,1.2103735651130036,0.0020648181756320813,0.009612659351710302,0.024510671439432436
29.5,-12.65453125,0.5271830401093448,99.43359374999994,44.770754641745874,160.417135925293,13.017838568777659,-0.1349896621704102,0.020714664191323857,-0.0001237792968750151,0.0,-0.1351134414672852,0.020714664191323857,-0.09896628379821779,0.020711882709449392,-0.03325408935546876,0.008613427927537248,-1.4843043969783565,0.7785380821656293,-12.158426339285713,1.9247874698229577,73.09570312499996,98.02560918476026,151.5341066632952,35.95978828054011,-0.1293548148018973,0.1029762737516089,-0.0555889142717634,0.037578450015660174,-0.1849437290736607,0.11873038083046551,-0.125917489188058,0.25368416570127733,-0.03497541155133928,0.017720895640766315,-1.5214051288880495,1.16910055089477,0.0034830235393089673,0.011024284191080643,0.025907105660508738
30.0,-12.72861328125,0.5032227889093562,95.41015625,43.50594157715299,162.27334213256836,12.51357933324284,-0.13584671020507813,0.02117899593673464,-0.0001237792968750151,0.0,-0.13597048950195315,0.02117899593673464,-0.09981899261474611,0.02117280067697822,-0.0331634521484375,0.008336695784961762,-1.3034811664572452,0.601418121835722,-12.223018973214286,1.9485492407866365,69.44754464285714,96.85319123885854,153.20168555123465,36.36498602999551,-0.1279898507254464,0.10313241289631059,-0.05564524100167412,0.0376258869438187,-0.18363509172712056,0.11867974590560113,-0.12461395263671877,0.25388773669027503,-0.03374372209821428,0.017741487149183825,-1.6429594981841105,0.92231807253993,0.0034564993923467263,0.010985722819079464,0.025842515299147724
30.5,-12.799550781250002,0.4790275191682454,88.35937499999997,42.421029716486544,164.05985763549805,11.994095981298432,-0.13168399810791015,0.019375523567117997,-0.0001237792968750151,0.0,-0.13180777740478516,0.019375523567117997,-0.09565237045288084,0.019388278151836413,-0.03056793212890624,0.0074320346098741595,-1.2671568899443628,0.8177896050924022,-12.284660993303572,1.9719927765585892,62.98409598214283,95.04954836519343,154.80443128858292,36.7582578606889,-0.12530297415597097,0.10352907195170682,-0.05568936070033483,0.03766539831449248,-0.18099233485630584,0.118664541064981,-0.12049066816057476,0.25338786676712866,-0.03187543596540179,0.01735195394608694,-1.725094973385988,0.8470322211022535,0.0009632381580827742,0.008472746781515588,0.0232882761192034
31.0,-12.866425781250003,0.4558167117829279,78.90625000000001,42.01796084061108,165.75382873535156,11.486519515158673,-0.12630111694335938,0.01696002409391077,-0.0001237792968750151,0.0,-0.1264248962402344,0.01696002409391077,-0.09026111602783204,0.01698861486455472,-0.02738525390625,0.006782846113542158,-1.2838866049315207,1.0979320655416331,-12.342832031250001,1.995020840061711,54.17689732142858,92.86575231358844,156.32751149858748,37.141841497832054,-0.12352482386997769,0.10439762491331091,-0.05569075578962056,0.03767424395145697,-0.17921557965959825,0.11964438341661472,-0.11581863403320312,0.25297816264589285,-0.030490199497767854,0.01718225094735062,-1.7138808050673313,0.9595273974189097,-0.002088832800205803,0.005395257071603751,0.020158200922679483
31.5,-12.924541015625,0.43188055308149126,76.4501953125,38.14957342696781,167.23153533935545,10.944401322105739,-0.12556507110595705,0.021244938771151144,-0.0001237792968750151,0.0,-0.12568885040283204,0.021244938771151144,-0.08952241897583008,0.021271443993413762,-0.02660446166992188,0.00795057884825068,-1.363375292513475,0.8603718165772931,-12.392654854910713,2.016104614492953,51.934988839285715,90.92353738757014,157.64469536372593,37.47404389382222,-0.12379695347377231,0.10643765839770922,-0.05561655447823661,0.0376278092973795,-0.17941350795200892,0.12221232804407954,-0.1133021327427455,0.25374777121653147,-0.030159127371651783,0.018334352947875325,-1.6763093270661702,0.9301629112546685,-0.0027113190734207385,0.0047417780502821034,0.019441073985474087
32.0,-12.981328125000005,0.4102204637233768,70.078125,38.0444686097319,168.68414245605467,10.453333797054537,-0.12727386474609376,0.018858648956117986,-0.0001237792968750151,0.0,-0.12739764404296877,0.018858648956117986,-0.09123535156250001,0.018858679715150293,-0.027130126953125,0.006681756374022246,-1.4942871662842452,0.46928359429213623,-12.441395089285718,2.0376585807867023,45.87053571428572,89.45310480906109,158.94190625871934,37.823495163547435,-0.12264299665178571,0.1074938479016985,-0.05564907749720983,0.03766016624363184,-0.17829207414899553,0.12196591916922686,-0.11212794712611607,0.2544049000679128,-0.02909737723214286,0.01852196499058924,-1.653384863834086,0.8426412055137942,-0.0019988303259339743,0.005417534127572371,0.020041793279895907
32.5,-13.033032226562499,0.38858566094765706,64.06250000000001,38.58608401375555,170.01201305389404,9.951954378805672,-0.1251771926879883,0.02121936022356624,-0.0001237792968750151,0.0,-0.12530097198486329,0.02121936022356624,-0.08910818099975587,0.0212280159864315,-0.025665283203125007,0.008068609883416324,-1.4478865759078279,0.294808994755113,-12.48536551339286,2.0582687088582428,40.22042410714287,88.38981083716547,160.12179183959964,38.14790892132136,-0.11849746704101562,0.10759684162249396,-0.055598592703683045,0.037631788707880205,-0.17409605974469872,0.12235910326909814,-0.10793102809361048,0.2546752475865287,-0.026556832449776795,0.018385643915485497,-1.5756226602173953,0.8101423132895168,-0.003253533658264314,0.004121405524351172,0.018661315640706107
33.0,-13.080244140624998,0.3663728276282376,57.822265625,38.75642661669754,171.22818641662596,9.42653150599868,-0.12222740173339842,0.02119984096762147,-0.0001237792968750151,0.0,-0.12235118103027345,0.021199840967621474,-0.08613868713378905,0.021208605940976618,-0.02377716064453124,0.0087987948839362,-1.2607362831667095,0.2088942069267591,-12.525022321428569,2.0780962870659585,34.486607142857146,87.06380792036053,161.19649496895923,38.44434412758979,-0.11549678257533481,0.10609335612517096,-0.055513230678013406,0.037578365759749245,-0.17101001325334822,0.12059472287281035,-0.10489615304129464,0.25307165991490915,-0.024626639229910704,0.017703033188841324,-1.5107335291661548,0.8783443477894041,-0.00489474344378607,0.002431364449048481,0.016872242285108252
33.5,-13.123125,0.34326044685486223,52.53906250000001,36.96650127881832,172.33491027832034,8.87089810512578,-0.12183727264404298,0.019319526541564557,-0.0001237792968750151,0.0,-0.121961051940918,0.019319526541564557,-0.0857565689086914,0.01934440298722956,-0.023215484619140626,0.00900226905893856,-0.95221050413616,0.4182682577694251,-12.560658482142857,2.096971134774137,29.782366071428584,85.27260634007887,162.1691241019113,38.715390003936626,-0.11454825265066967,0.10519264883100778,-0.05544835902622769,0.03754014894269363,-0.16999661167689734,0.11932211372428518,-0.10390238080705916,0.25197852349771527,-0.023756539481026788,0.017360467448956172,-1.431935272572485,0.8649278477874097,-0.005195394557851903,0.00207904246171995,0.01641525166470643
34.0,-13.1613671875,0.3207979529222732,50.05859374999997,33.698051880806496,173.32515808105467,8.323191151254996,-0.12316879272460937,0.01914731435697279,-0.0001237792968750151,0.0,-0.12329257202148439,0.01914731435697279,-0.08708023071289062,0.019190283899911932,-0.0235357666015625,0.008726243889267866,-0.7215372721354089,0.6030146236990965,-12.592198660714285,2.115062216162353,27.466517857142833,83.3526893609353,163.03857513427732,38.967467896278876,-0.11581002371651786,0.10433074320010448,-0.055441557965959835,0.0375444744038726,-0.17125158168247764,0.11889913014024335,-0.10506016322544642,0.2514351034652587,-0.024006696428571422,0.01635157298090128,-1.2581311104260338,0.9899178084605748,-0.0045901391713659145,0.002627803997822649,0.01684978173520562
34.5,-13.198208007812498,0.30082733288766045,43.906249999999986,33.991159748382245,174.28383960723878,7.834120340897166,-0.12297187805175783,0.02454715382114326,-0.0001237792968750151,0.0,-0.12309565734863284,0.02454715382114326,-0.0869252395629883,0.024559375679527835,-0.02310073852539063,0.010109365791170341,-0.6703344313970492,0.9048708039094583,-12.622374441964286,2.133413521176994,21.704799107142843,81.96107836140031,163.87720352172852,39.23183322337408,-0.1145027596609933,0.10390255031758341,-0.05535645751953127,0.037491884520028454,-0.16985921718052457,0.11785105281726523,-0.10368197849818639,0.2505040616503971,-0.02298383440290178,0.01657499616072031,-1.1147134319131393,1.109185957107615,-0.004708612040983287,0.002446474840411765,0.01654161135559607
35.0,-13.230078124999999,0.2799931906825831,37.890624999999986,34.53277446436983,175.11377868652346,7.316538289107089,-0.12318763732910157,0.02101260026746696,-0.0001237792968750151,0.0,-0.12331141662597658,0.02101260026746696,-0.08716506958007812,0.02101833528053582,-0.0228485107421875,0.008050094603899266,-0.5843991721982447,0.9027060825925757,-12.647907366071426,2.1506027573490045,16.099330357142843,80.7406956884834,164.59522923060828,39.46547512460857,-0.11495688302176342,0.1034514689641606,-0.0552737984793527,0.037441476761053916,-0.17023068150111612,0.1176211128935836,-0.10405796595982143,0.2501323526941681,-0.022821044921875002,0.01623667694156059,-1.0574396713312708,0.873605750510854,-0.004636604374564188,0.0024540803041893933,0.01641930835966992
35.5,-13.2573388671875,0.25875403391877144,34.86328125,33.35052301319885,175.8245180130005,6.781669475456524,-0.1209493637084961,0.019887065971407773,-0.0001237792968750151,0.0,-0.12107314300537111,0.019887065971407773,-0.08487602233886718,0.019887457773913507,-0.02137985229492187,0.007407242906020562,-0.5017660714529635,1.0884422370963145,-12.669146205357142,2.1667909007228316,13.302176339285714,79.72130407180371,165.20321036202566,39.66908187299248,-0.11432256426130025,0.10202971694938445,-0.055182332938058055,0.03738474131776926,-0.16950489719935827,0.11526220557778125,-0.10336693899972096,0.24832191942491105,-0.022155238560267854,0.01499127600297476,-1.0643344285922407,0.7797343562859063,-0.005760426560868406,0.0012617052346897,0.015088799692332603
36.0,-13.282109375,0.23778728256163548,33.43750000000001,30.899993047127058,176.47140686035155,6.249723301020461,-0.11889663696289063,0.01869828334280736,-0.0001237792968750151,0.0,-0.11902041625976564,0.01869828334280736,-0.08281341552734375,0.018692595183468125,-0.020013427734375002,0.006564279837166891,-0.5681889318363933,1.0660947712519349,-12.688046874999998,2.182593258647593,12.075892857142861,78.7404868778215,165.75163648332867,39.86282132215759,-0.11318634033203126,0.10093412931470037,-0.05508057861328126,0.037320406961240504,-0.1682669189453125,0.11398780313847456,-0.1016038295200893,0.24676124765193605,-0.021248604910714286,0.014245846909029232,-1.0757618033008673,0.7689710143295032,-0.006762980141046222,0.00018676285705617607,0.013868124242194637
36.5,-13.30611328125,0.218119637934407,30.683593750000014,27.98701366634107,177.1004585266113,5.748525897321652,-0.12155380249023438,0.016890659086985244,-0.0001237792968750151,0.0,-0.1216775817871094,0.016890659086985244,-0.08553268432617185,0.016864260825307596,-0.02102310180664062,0.005923323913177328,-0.9052618066747704,0.8621014957821527,-12.70634765625,2.1985485184294755,9.75306919642858,77.44538861104888,166.28618362426758,40.06359150835842,-0.11166201455252511,0.09944068420057744,-0.054991118512834836,0.03726494002907922,-0.16665313306535998,0.11287234861913224,-0.09764045170375281,0.24425843907883601,-0.020118233816964287,0.013056161754178123,-1.1163221340833671,0.7258326020823642,-0.005369998784066268,0.0015034377228164142,0.015031306658709047
37.0,-13.328652343750003,0.20093022026294885,24.316406250000014,27.793723636972402,177.6936924743652,5.30838212177599,-0.12355575561523437,0.018813339792160853,-0.0001237792968750151,0.0,-0.12367953491210938,0.018813339792160853,-0.08747093200683594,0.018787839754415676,-0.02172454833984375,0.005643926137610504,-1.17464292299498,0.8730698394220298,-12.723498883928572,2.2145573343993177,3.535156250000008,75.79078886198407,166.79294869559152,40.26968187062581,-0.11144957406180245,0.09859037990976141,-0.0549846662248884,0.037269488043247596,-0.16643424028669088,0.11143396717461786,-0.09664874485560827,0.24280935180544494,-0.019703369140625,0.013074734990511505,-0.9922452628751504,0.8392861679484728,-0.0042693384255507345,0.0025245846321526183,0.015892611256666092
37.5,-13.345703125,0.1831523377515355,18.798828124999964,29.181699057902833,178.14155769348145,4.8488892763115015,-0.1189756393432617,0.01627117920987745,-0.0001237792968750151,0.0,-0.1190994186401367,0.01627117920987745,-0.08290004730224607,0.01629386323216944,-0.019104003906249983,0.004322844834094742,-1.0792881180912246,0.8280184534928849,-12.735421316964286,2.2292386513325435,-1.778738839285752,75.01200787440898,167.16116169520788,40.44118616655083,-0.10955633435930522,0.09847207689462968,-0.05488666120256697,0.0372079516628413,-0.1644429955618722,0.11143434772833771,-0.094691412789481,0.242143541972192,-0.018469674246651777,0.013377922997384592,-0.879509386284291,0.9680529377985362,-0.006484412530384228,0.00022873455241557636,0.013434421806504927
38.0,-13.35859375,0.1642770360704079,19.296875000000057,26.015390389332524,178.47913208007813,4.357056797168027,-0.11754364013671875,0.01670536469972273,-0.0001237792968750151,0.0,-0.11766741943359377,0.01670536469972273,-0.08146713256835937,0.016741148352999745,-0.018083496093749995,0.004889023759395237,-0.7827801470989977,0.8124718905138201,-12.743264508928572,2.2429502669449217,-0.8593749999999473,74.5596435789083,167.42195040021625,40.5843967613783,-0.10948394775390625,0.09837791835776899,-0.054781331961495545,0.03714124658594576,-0.1642652797154018,0.11233652529783024,-0.09446807861328128,0.24234784977984364,-0.01813999720982143,0.01339166885281475,-0.7342409380983604,1.0885424028527928,-0.007081082706102262,-0.00045241567046000464,0.0125836005257636
38.5,-13.371337890625004,0.1471429424510507,18.01757812499998,22.720139493782717,178.81456825256348,3.9091167631129338,-0.11731365203857423,0.018860181531065088,-0.0001237792968750151,0.0,-0.11743743133544925,0.018860181531065088,-0.08124504089355469,0.018888994123342537,-0.017704620361328124,0.005518757717246933,-0.5523594498356522,0.8349020910468207,-12.751256975446429,2.257068160380501,-2.1540178571428825,73.10347856023559,167.6899829265049,40.734802378953695,-0.10957471030099053,0.09823383076547233,-0.05466841692243306,0.03706875282697293,-0.16424312722342357,0.11264867817744265,-0.0921541922433036,0.241256129820081,-0.01791373116629465,0.012403148598955256,-0.4714519692547018,1.0493204580826696,-0.007018574970334056,-0.00047792738627560477,0.012381414469653306
39.0,-13.384570312500001,0.13270103318732823,13.583984375000005,23.52880773750732,179.16444259643555,3.531369202480333,-0.1170747375488281,0.023096989835236847,-0.0001237792968750151,0.0,-0.11719851684570311,0.023096989835236843,-0.0810085296630859,0.02311221582878922,-0.017346801757812485,0.007770770660208159,-0.4679842150850539,0.7191670989508909,-12.759762834821426,2.271607257400443,-6.467633928571424,72.10038527974483,167.9729846736363,40.89982597205968,-0.1092369079589844,0.09848129720195378,-0.05456980154854912,0.037006124702827575,-0.1638067095075335,0.11293393426670549,-0.09053510393415179,0.24103190102082747,-0.017486921037946433,0.011863970603928709,-0.1241724990504293,0.9246005340206152,-0.006927750525408172,-0.0004765891175961372,0.01220318190191991
39.5,-13.39345703125,0.11737758671811915,12.944335937500002,22.46741531503826,179.39855583190916,3.127733610855697,-0.11518829345703122,0.023383506875556875,-0.0001237792968750151,0.0,-0.11531207275390623,0.023383506875556875,-0.07905178070068358,0.02338516026688432,-0.01615325927734374,0.008347439060009806,-0.5967707067102827,0.6327042539904488,-12.764005301339285,2.2850360980134083,-6.833147321428571,71.80536414666578,168.14237056732173,41.03577092420319,-0.10797135489327568,0.09903985939042415,-0.05455210135323662,0.037001923433936004,-0.16252345624651227,0.11303328522737002,-0.08921133858816965,0.2412267156410972,-0.01654026576450893,0.012177183096844969,0.0721809318611107,0.9323721652374853,-0.007670884111651323,-0.0013095686007184443,0.011189928452094097
40.0,-13.401953125,0.10266751626724166,11.718750000000002,20.357522219992788,179.6230438232422,2.739092171267776,-0.11753616333007814,0.020536149619160587,-0.0001237792968750151,0.0,-0.11765994262695316,0.020536149619160587,-0.08145599365234377,0.020550689776006187,-0.017059326171875007,0.006230272511228916,-0.5114361956402953,0.8333387482653891,-12.768024553571427,2.2985179313091018,-7.868303571428571,70.970669733435,168.30651266915456,41.174496865027365,-0.1100400652204241,0.10029935511654572,-0.054537888881138405,0.03700048390409252,-0.16457795410156253,0.11498230566637696,-0.09123992919921875,0.24282232876334905,-0.01731305803571429,0.012602004532051445,-0.11400546068514562,0.8159719018711097,-0.00630826766385573,-3.803975362639059e-05,0.012278733787763849
40.5,-13.409907226562499,0.08888385819232986,10.449218750000005,18.16759038320799,179.83357288360594,2.3743106866875276,-0.11732433319091796,0.017542813860705886,-0.0001237792968750151,0.0,-0.117448112487793,0.017542813860705882,-0.0812476348876953,0.01752292299992155,-0.016686248779296874,0.004311895081756104,-0.49041143386236696,1.0142075404730104,-12.771597377232142,2.3119991967621116,-8.953683035714283,70.14347115215456,168.4591716166905,41.31471276825527,-0.11102700369698662,0.10212301107950646,-0.05451574183872769,0.03699291502895528,-0.16554274553571433,0.11638084315026913,-0.09221334729875837,0.24399894924722063,-0.017512294224330354,0.013952183432965922,-0.22863184179102453,0.7161697693534295,-0.006206744650753972,-3.124716039389422e-05,0.012095598786435487
41.0,-13.416884765625,0.07674335341610124,9.179687500000007,15.980143623709251,180.0187525177002,2.052169461517396,-0.1182862091064453,0.016239369187667618,-0.0001237792968750151,0.0,-0.11840998840332032,0.016239369187667618,-0.08221755981445313,0.016221330791750782,-0.016920471191406248,0.004746238947637086,-0.6073773435223697,0.8313124144659343,-12.774388950892856,2.325389937584224,-10.039062499999996,69.36870138868191,168.59315435137069,41.448515722237076,-0.11162798200334821,0.10294491923360896,-0.054483654785156266,0.03698211565403171,-0.1661116367885045,0.11662204099485414,-0.09278829302106585,0.24457915002346892,-0.017541678292410715,0.013878701185976713,-0.25333695438676146,0.753764451327244,-0.00548308763250506,0.0005946840133877786,0.012525682911804477
41.5,-13.422983398437498,0.06615279047465743,8.266601562500004,14.346948703318146,180.1809352493286,1.770560303289751,-0.11823139190673826,0.01792263097446064,-0.0001237792968750151,0.0,-0.1183551712036133,0.01792263097446064,-0.08216007232666013,0.017935090936626517,-0.016629943847656245,0.0057375172595962335,-0.7798596362133968,0.5258448433756858,-12.77637974330357,2.338663450011118,-10.920758928571425,68.76922372628366,168.7063508769444,41.58007946091756,-0.11216103690011162,0.10286149189887511,-0.054457671247209835,0.036976491972389995,-0.16661870814732144,0.11560136092704903,-0.09328035627092635,0.24454532557908146,-0.01755807059151786,0.012976181029540896,-0.20139081296307615,0.9707216630096396,-0.005289666176311852,0.00069147959948275,0.012428824300066811
42.0,-13.428515625,0.056538485492599475,7.792968750000002,13.49787433984833,180.3282489013672,1.5145783364010799,-0.11630294799804686,0.025338975855472692,-0.0001237792968750151,0.0,-0.11642672729492187,0.025338975855472692,-0.08022766113281249,0.025331646740597395,-0.015383300781249987,0.008575194353286698,-0.8444569549916258,0.5855228946426898,-12.777885044642858,2.3518707977604776,-11.450892857142858,68.42754709334342,168.80680827549526,41.71077573387547,-0.11118103027343743,0.10316030769280074,-0.05443953508649555,0.03697697419117097,-0.16562056535993297,0.11568370439009602,-0.09227595738002226,0.24480662260235117,-0.016756068638392827,0.012888817546627204,-0.1417336732278113,1.0546003943022064,-0.006051887523966935,-0.00016746878254653152,0.011376035778187417
42.5,-13.43359375,0.04782405140280492,7.1533203125000036,12.459857379654304,180.46377258300782,1.282032444602198,-0.11242599487304686,0.02429604109610631,-0.0001237792968750151,0.0,-0.11254977416992187,0.02429604109610631,-0.07635879516601561,0.024280150165278687,-0.013204956054687491,0.007909458624135095,-0.9513188075352466,0.8663757948282502,-12.778871372767856,2.3649938117047267,-11.816406249999998,68.2126434630646,168.8937028339931,41.840043718119844,-0.10695032392229349,0.10216888532529664,-0.054418434361049116,0.036975239233059995,-0.1613687582833426,0.11512051938813136,-0.08801830836704795,0.24428119632483897,-0.01435677664620533,0.01237735874422576,-0.18745546852236777,1.1501147084041075,-0.007734824731784488,-0.0019493532454484264,0.009395928321619068
43.0,-13.438349609374999,0.039592102016485026,6.054687500000012,10.620690762169167,180.59085334777834,1.0620865069198226,-0.11281227111816407,0.02642947344727383,-0.0001237792968750151,0.0,-0.1129360504150391,0.02642947344727383,-0.07676971435546877,0.026406159582420624,-0.013200683593750004,0.008930206871114186,-0.8433664317453312,0.8461186675309041,-12.779673549107143,2.378100470757706,-12.706473214285703,67.69904030225527,168.9758384377616,41.96935092448802,-0.1063167898995536,0.10353160832484068,-0.05438913748604912,0.036967272723081125,-0.1607059273856027,0.1174934906027699,-0.08735826764787948,0.24568949938907086,-0.013801967075892863,0.01311290658805171,-0.3124506109125254,1.2083300456667334,-0.007245606694158021,-0.0015587024953617745,0.009589124540754782
43.5,-13.44267578125,0.03203837096912812,4.785156250000014,8.460526305797657,180.70656661987306,0.8600735257308366,-0.11271713256835937,0.024439158438697924,-0.0001237792968750151,0.0,-0.11284091186523437,0.024439158438697928,-0.07666313171386718,0.02443515492718178,-0.01295913696289062,0.007987171143470504,-0.6386331411508283,0.6181306462697356,-12.780166015625001,2.3911557230590326,-13.791852678571416,67.11887435672921,169.05067355019705,42.094604784654514,-0.10863381522042413,0.10464488816838217,-0.0543584455217634,0.03695584116543267,-0.1629922607421875,0.11929138041441294,-0.08965257917131701,0.24689737043693302,-0.014742170061383942,0.013510406032869224,-0.45606797987168973,1.20763290817718,-0.006993628527446644,-0.0014053050133720282,0.009545056977845088
44.0,-13.445859375,0.026406596706303898,4.140625000000002,7.187075395066832,180.79185119628906,0.7092263736089767,-0.11018768310546875,0.021381010188561093,-0.0001237792968750151,0.0,-0.11031146240234377,0.021381010188561093,-0.07410461425781249,0.021404622418071957,-0.011486816406250001,0.006657653069707917,-0.5058149857954529,0.6091923181423902,-12.77970982142857,2.4039896284529485,-14.520089285714281,66.74758557107455,169.10109592982704,42.21154804690768,-0.11142329624720981,0.1045154147187425,-0.054329323032924114,0.03694334791490313,-0.16575261928013393,0.11925900301878985,-0.09240059988839286,0.24692452859493424,-0.01590192522321428,0.013291807249064933,-0.4857235863095263,1.2002257096042277,-0.007972266092874124,-0.002482561680002167,0.008270275315260504
44.5,-13.4486328125,0.021594038303068382,3.90625,6.7658234670659265,180.86620452880862,0.5802172364039625,-0.10961822509765624,0.0218413053921791,-0.0001237792968750151,0.0,-0.10974200439453126,0.0218413053921791,-0.07354652404785156,0.02185939822726054,-0.01104263305664062,0.007476400320729128,-0.519520864064334,1.0257384054188787,-12.778793247767856,2.4167176384266886,-14.787946428571429,66.62219633876984,169.13923862457276,42.3259636906442,-0.110114255632673,0.10305913627072102,-0.05430020054408483,0.036930940674374566,-0.16441445617675782,0.11767616335484604,-0.09106784275599888,0.24559622997563466,-0.014977068219866075,0.012514106898057585,-0.3693719407220452,1.176532677771033,-0.007922649629428343,-0.0025315945215886038,0.008023674106795711
45.0,-13.451171875,0.01727605030273131,3.90625,6.7658234670659265,180.934326171875,0.46437501691712896,-0.11336441040039061,0.025721700566130278,-0.0001237792968750151,0.0,-0.11348818969726562,0.025721700566130278,-0.07730636596679685,0.02572342652734916,-0.01277160644531249,0.008924923507078124,-0.7349152109283992,0.8040850704821608,-12.777608816964285,2.4293846251897913,-14.787946428571429,66.62219633876984,169.17024683271137,42.438936161850044,-0.11029673985072544,0.10261701935049554,-0.054271078055245545,0.03691861953056312,-0.16456781790597103,0.11570858795460444,-0.09126259940011161,0.24433120474453474,-0.014810616629464294,0.012691703055716133,-0.07791077737367294,1.1697798810759845,-0.005700982792593005,-0.000408360729297938,0.009949784523044123
45.5,-13.453710937499999,0.01301174161754945,3.315429687500002,5.862806205642437,181.0025210571289,0.3498527672044213,-0.11265308380126955,0.02338287679913285,-0.0001237792968750151,0.0,-0.11277686309814457,0.02338287679913285,-0.07659881591796874,0.023399221018296626,-0.012200622558593752,0.007171655812321535,-0.8927033608887904,0.623318522222134,-12.776424386160715,2.4420588755669166,-15.125558035714283,66.4790439034949,169.20131764548165,42.55221819760755,-0.10725921630859374,0.10112731843071864,-0.05425250592912947,0.036914270775880664,-0.16151172223772328,0.11534335751245704,-0.08818004063197546,0.24332107444980988,-0.013048967633928574,0.011428961011460233,-0.25683880328656,1.1549191777527308,-0.005781855237417109,-0.000587152543000527,0.009574903437781416
46.0,-13.45599609375,0.009098104057248466,2.3437500000000053,4.439397701617315,181.06392196655273,0.244704792073835,-0.1111236572265625,0.025002242226184905,-0.0001237792968750151,0.0,-0.11124743652343752,0.025002242226184905,-0.07504577636718748,0.025027308770207868,-0.011231689453124995,0.007534749966866733,-0.9497134335391189,0.8640860984582477,-12.775094866071429,2.4547004872040983,-15.87053571428571,66.1772236065142,169.22870223999027,42.66407252377978,-0.10721143450055803,0.10030980075293569,-0.054235852050781255,0.036911932356858496,-0.1614472865513393,0.11458525380817573,-0.08810006277901787,0.24257823995676303,-0.012821219308035717,0.01094413838913407,-0.5706602154356105,1.1020859746569798,-0.006262702153987408,-0.0011655174100655037,0.008801261156185226
46.5,-13.4578955078125,0.005582810173386479,1.0742187500000084,2.600224881350423,181.11498371124267,0.15021718095687986,-0.10857471466064449,0.024042048417756104,-0.0001237792968750151,0.0,-0.1086984939575195,0.024042048417756104,-0.07248489379882808,0.02407274884238017,-0.009771728515624975,0.007654451918145033,-1.0349394613768368,1.0007162668105154,-12.773544921874999,2.4672875355787376,-16.95591517857142,65.77534374246986,169.25170898982455,42.769081938347135,-0.10804131644112722,0.09969842080532804,-0.05421475132533483,0.03691061845950762,-0.1622560677664621,0.11419287093386482,-0.08891446794782364,0.2421637604299687,-0.013033534458705347,0.010733937000361482,-0.76451207890417,1.1192551693377888,-0.0072350703807007,-0.002235310948867978,0.007536390562964467
47.0,-13.458623046875,0.004073366158244652,0.9179687500000016,1.6372500629270648,181.13455268859863,0.10961920493340381,-0.1049088668823242,0.020907192745308802,-0.0001237792968750151,0.0,-0.10503264617919922,0.020907192745308802,-0.0688360595703125,0.020914228605395283,-0.007781982421874994,0.008262672279108492,-1.2567270274484548,0.9329660665747377,-12.77097377232143,2.4795990083763577,-17.405133928571423,65.60911517579392,169.24727987016948,42.86679961095754,-0.10669991629464289,0.09873938112636788,-0.054182664271763395,0.036901147584044454,-0.16088258056640628,0.11455938543285511,-0.08754510062081475,0.2417713744363573,-0.012149658203125009,0.010425763267024208,-0.7581330615998546,1.1790650478919389,-0.008737162186663115,-0.003834847340153453,0.0057417559061693334
47.5,-13.4592041015625,0.0030343252097386262,1.0253906249999998,2.0268083574723983,181.15018558502197,0.08166601834022759,-0.1035191535949707,0.029933776030925847,-0.0001237792968750151,0.0,-0.10364293289184572,0.029933776030925847,-0.06739921569824217,0.02991429011707994,-0.006966400146484371,0.010387030127304717,-1.37357911863528,0.7615677288274254,-12.76815708705357,2.4918441948639702,-17.39676339285715,65.61642397052152,169.23624897003174,42.96276162485953,-0.10771909441266743,0.09873012792055011,-0.054150315638950904,0.0368915825917492,-0.16186941005161828,0.11363662918481256,-0.0885059356689453,0.24113066127538166,-0.012459019252232141,0.011729178427180579,-0.6750812460651316,1.1879907975924362,-0.009067156488087334,-0.004261876715715932,0.0051204566077350435
48.0,-13.459843750000001,0.0025579227412101473,1.0156250000000009,2.3528469291211853,181.1674011230469,0.0688440925271011,-0.10079566955566406,0.030303787556652934,-0.0001237792968750151,0.0,-0.10091944885253906,0.03030378755665293,-0.06469787597656249,0.03024648797690837,-0.005539550781249991,0.01074504994488625,-1.4521885585118144,0.5734274019707933,-12.765167410714286,2.50404257447611,-17.042410714285715,65.74103432975853,169.22056862967355,43.05748312947643,-0.10660548618861608,0.09752178727629278,-0.054117967006138405,0.03688211985143066,-0.16072345319475448,0.11277995320153006,-0.08738996233258926,0.240210247761646,-0.011711774553571423,0.009900692225947314,-0.7969545103334195,1.0538605642441932,-0.010011847602764877,-0.005302918571051137,0.003886517466335034
48.5,-13.4605126953125,0.0011239275588993678,0.4248046875000011,1.1239275588995117,181.1854051589966,0.03024945656569757,-0.10229974746704103,0.030376850425492433,-0.0001237792968750151,0.0,-0.10242352676391606,0.03037685042549243,-0.0662456512451172,0.030332289802467313,-0.006192169189453133,0.010164333664942451,-1.2768492443022539,0.5209755388326397,-12.762509765625,2.51633217195059,-17.650669642857142,65.53616046568023,169.21382459912982,43.1546462598068,-0.10372953687395368,0.09661794340568015,-0.05409494803292412,0.03687959621962003,-0.1578244849068778,0.1123035395621366,-0.08448817661830355,0.23918488981233443,-0.010087803431919637,0.00994294198293483,-0.9332361770716283,0.9946698354944166,-0.008881259696503115,-0.004267844047749731,0.004730370343332806
49.0,-13.4609375,0.0,0.0,0.0,181.19683837890625,0.0,-0.10102472305297852,0.028590178578098185,-0.0001237792968750151,0.0,-0.10114850234985352,0.028590178578098185,-0.06499908447265623,0.028568630980767073,-0.005454406738281244,0.009218661779652373,-1.0051163537796834,0.7535533680644407,-12.759640066964286,2.528563854161541,-18.118024553571427,65.32546653801737,169.20257061549594,43.24594743262059,-0.10211391993931362,0.09617837965529263,-0.05407995082310269,0.03687964340019313,-0.15619387076241628,0.1125516845379343,-0.08285103934151786,0.23895406799579363,-0.009117257254464287,0.01019628309127483,-1.0418676782202196,0.9813742847492505,-0.009143238306921325,-0.004624902409473513,0.004182966291004769
49.5,-13.4609375,0.0,0.0,0.0,181.19683837890625,0.0,-0.09549586296081543,0.026318879939704647,-0.0001237792968750151,0.0,-0.09561964225769044,0.026318879939704647,-0.059464111328125,0.02631812752495948,-0.002628936767578128,0.008733808700783342,-0.7612615198522147,1.039423439767837,-12.756284877232144,2.540661162779694,-18.092215401785715,65.2324103178777,169.17875663212368,43.33180997074239,-0.1027596855163574,0.09671409795422183,-0.05407349853515626,0.036884559997429525,-0.15683318405151367,0.11409228566503367,-0.08349108014787944,0.23979657072803082,-0.00930262974330357,0.011104526633626318,-1.1328254062018763,0.9577229108617219,-0.011493834212149705,-0.007070401617643746,0.001547487999071187
50.0,-13.4609375,0.0,0.0,0.0,181.19683837890625,0.0,-0.09493255615234374,0.030347290823161874,-0.0001237792968750151,0.0,-0.09505633544921877,0.030347290823161878,-0.05886840820312499,0.0303584106064395,-0.002334594726562496,0.009780383878361422,-0.8090359347683596,1.3086233015886752,-12.7529296875,2.552758471397844,-18.06640625,65.13935409773809,169.1549426487514,43.41767250886421,-0.1017813001360212,0.09666243828222165,-0.05406704624720983,0.036889490610674765,-0.155848346383231,0.11354038752589618,-0.0824737548828125,0.23940177331625126,-0.008649553571428574,0.011165345457249077,-1.166507239505291,0.8786809273319083,-0.011313229204867329,-0.006984721585577516,0.0014431632359873502
50.5,-13.4609375,0.0,0.0,0.0,181.19683837890625,0.0,-0.097420825958252,0.03284414174988955,-0.0001237792968750151,0.0,-0.09754460525512701,0.03284414174988955,-0.0613907623291016,0.03287224869976677,-0.003556671142578143,0.011179306851802172,-0.776242698544952,1.0636096345117676,-12.749574497767856,2.564855780015995,-18.040597098214285,65.04629787759846,169.1311286653791,43.50353504698602,-0.09966260637555803,0.09537075059678574,-0.0540605939592634,0.0368944352343095,-0.15372320033482142,0.1111342170699879,-0.08035668509347096,0.2379577828572517,-0.007476981026785712,0.009980597638980999,-1.163566149833238,0.9113829353658897,-0.009619886937528676,-0.005385569356634491,0.0028537837442452908
51.0,-13.4609375,0.0,0.0,0.0,181.19683837890625,0.0,-0.09189113616943353,0.026815102069282743,-0.0001237792968750151,0.0,-0.09201491546630855,0.026815102069282743,-0.05584274291992182,0.02683439253046435,-0.0007339477539062228,0.008597580744096785,-0.9156617918214685,0.7866923174764958,-12.746219308035714,2.5769530886341476,-18.014787946428573,64.95324165745882,169.10731468200683,43.58939758510781,-0.09514934539794918,0.09381211520054128,-0.05405414167131697,0.03689939386270143,-0.14920348706926617,0.10987135536411158,-0.07583535330636158,0.23668132973610861,-0.005084751674107127,0.008866278524536135,-1.2615405834400029,0.9280818148436317,-0.011975876311919752,-0.007834842323623645,0.00021779169707661708
51.5,-13.4609375,0.0,0.0,0.0,181.19683837890625,0.0,-0.0915793800354004,0.025114207430124186,-0.0001237792968750151,0.0,-0.09170315933227542,0.025114207430124186,-0.05551521301269533,0.025113425114743463,-0.0005638122558593844,0.00865016049547075,-0.9678845527844601,0.7180489088868491,-12.742871791294643,2.5890227318895547,-17.981305803571427,64.83252007457503,169.08405586651392,43.673258436974024,-0.09429882049560546,0.09446394883881351,-0.05404673025948662,0.03690510685935792,-0.1483455507550921,0.11092295613788056,-0.07497569492885045,0.23704022963657723,-0.0045635114397321415,0.009969380470620692,-1.4704585575557356,1.0994418080426034,-0.011683376875657724,-0.007634807195681005,0.00023274758806074436
52.0,-13.4609375,0.0,0.0,0.0,181.19683837890625,0.0,-0.09410221099853511,0.027824315243165983,-0.0001237792968750151,0.0,-0.09422599029541012,0.027824315243165983,-0.058041992187499954,0.02780533880557261,-0.0018457031249999728,0.010289755506066882,-0.8411512397108165,0.7047662308196379,-12.739542410714288,2.6010269842875653,-17.9296875,64.64640763429574,169.06210926600866,43.75238803041795,-0.09491073063441684,0.09555539277914016,-0.054037051827566976,0.036912595155687976,-0.1489477824619838,0.11194092808895356,-0.07559212820870533,0.23759259067603852,-0.004805385044642845,0.01136823824148726,-1.6407054859203378,1.2112539206357542,-0.00994097921861872,-0.005984451800296825,0.001698876742220445
52.5,-13.4609375,0.0,0.0,0.0,181.19683837890625,0.0,-0.08921616077423096,0.030641764056251197,-0.0001237792968750151,0.0,-0.08933994007110597,0.030641764056251197,-0.05316009521484375,0.030663379658549362,0.0005981445312499972,0.011858748009156688,-0.5611366325325091,0.6897952782079754,-12.736213030133928,2.613031236685577,-17.878069196428573,64.46029519401648,169.04016266550337,43.83151762386188,-0.09072539125170025,0.09319387560169383,-0.05402737339564733,0.036920114916234585,-0.1447527646473476,0.10884454733452549,-0.0714292253766741,0.23548301222420406,-0.0026127406529017796,0.010102345779922006,-1.5896767010658663,1.1623652425224098,-0.01192699196306039,-0.00806197513939536,-0.0005618027872130111
53.0,-13.4609375,0.0,0.0,0.0,181.19683837890625,0.0,-0.08979886054992678,0.03363210733500166,-0.0001237792968750151,0.0,-0.0899226398468018,0.03363210733500166,-0.05374389648437501,0.03362316163702979,0.0002932739257812428,0.011771906800520815,-0.5466121504634577,0.9472611772993264,-12.732883649553571,2.6250354890835905,-17.826450892857142,64.27418275373724,169.0182160649981,43.91064721730579,-0.08829901422773087,0.09252136594054768,-0.05401769496372769,0.0369276661217761,-0.14231670919145858,0.10815917279792353,-0.06897975376674106,0.23477077646881825,-0.0013542829241071364,0.009953421289028356,-1.400267213255494,1.1678928890830387,-0.011168365862399495,-0.007394044252495803,-7.539612596648565e-05
53.5,-13.4609375,0.0,0.0,0.0,181.19683837890625,0.0,-0.088042573928833,0.034586420370528566,-0.0001237792968750151,0.0,-0.08816635322570801,0.034586420370528566,-0.051996078491210934,0.03452338924566648,0.0011804199218750022,0.011719829748001573,-0.4980703500600857,0.9520371962908724,-12.729554268973216,2.6370397414816007,-17.774832589285715,64.08807031345799,168.9962694644928,43.989776810749724,-0.08518345492226738,0.09220039518566871,-0.05400801653180805,0.03693524875302626,-0.1391914714540754,0.10871301546606194,-0.0658294459751674,0.23449957918647704,0.00023629324776786267,0.010624147476269129,-1.2020521389417858,1.149723365011541,-0.01160579943135693,-0.007921364919554348,-0.0007826235951848637
54.0,-13.4609375,0.0,0.0,0.0,181.19683837890625,0.0,-0.08524833679199217,0.032769280049524833,-0.0001237792968750151,0.0,-0.08537211608886719,0.032769280049524833,-0.04921661376953124,0.032723387406807684,0.0025891113281250036,0.011313184883397956,-0.7583113094587691,0.8072565369160198,-12.726224888392858,2.6490439938796126,-17.723214285714285,63.90195787317872,168.9743228639875,44.06890640419363,-0.08131482533046176,0.09160594492368378,-0.0539983380998884,0.03694286279063442,-0.1353131634303502,0.10899785371020126,-0.06192914690290178,0.2339859937350325,0.002141462053571433,0.01151194263229794,-1.2232827393960242,1.1362475464994752,-0.012568785453840254,-0.008973437124978945,-0.0020129995908993734
54.5,-13.4609375,0.0,0.0,0.0,181.19683837890625,0.0,-0.08360379695892337,0.028325270476563063,-0.0001237792968750151,0.0,-0.08372757625579838,0.028325270476563063,-0.047559967041015644,0.028302630966844062,0.003374938964843739,0.009870451855932537,-1.0745287274980928,0.7479603274157047,-12.722941545758928,2.660882254101158,-17.671595982142858,63.71584543289946,168.95414144107275,44.141671559324685,-0.08003161430358888,0.09123452559154423,-0.053988659667968765,0.036950508215185744,-0.13402027397155764,0.10815836922269946,-0.06063047136579242,0.2334145941290381,0.002732979910714283,0.011966053090223885,-1.31218949914019,1.127330511210478,-0.012912879046464236,-0.009405823121726572,-0.0026221006492793252
55.0,-13.4609375,0.0,0.0,0.0,181.19683837890625,0.0,-0.08612070083618159,0.02391979679260759,-0.0001237792968750151,0.0,-0.0862444801330566,0.02391979679260759,-0.05006637573242183,0.023903879424734282,0.002018737792968771,0.007965485281549507,-1.1843096681963898,0.9492199146233014,-12.719663783482144,2.6727003940588916,-17.619977678571427,63.52973299262022,168.93417397907803,44.21366526738754,-0.0825452123369489,0.09180275191841565,-0.05397898123604912,0.03695818500720147,-0.13652419357299803,0.10750813078900619,-0.06314719063895087,0.23354644452017437,0.001435198102678586,0.011776277678034247,-1.2738776929450768,1.1349547221988394,-0.011118879784597024,-0.007699329557921124,-0.0010907475743941663
55.5,-13.4609375,0.0,0.0,0.0,181.19683837890625,0.0,-0.08441508293151852,0.027907523928156316,-0.0001237792968750151,0.0,-0.08453886222839353,0.027907523928156316,-0.04834938049316402,0.02795146981046734,0.0028385925292968954,0.010046629131029923,-0.9627584532980094,1.0107633147769028,-12.716386021205356,2.6845185340166227,-17.568359375,63.34362055234099,168.91420651708333,44.28565897545036,-0.07985756465366907,0.09145220074819307,-0.053969302804129475,0.036965893147139155,-0.13382686745779857,0.10855497569457835,-0.06045959472656249,0.2336458992937982,0.002744227818080365,0.011419914411171156,-0.9277812234965478,0.9415193166656637,-0.01150483731475976,-0.008172013089819552,-0.001737011052313605
56.0,-13.4609375,0.0,0.0,0.0,181.19683837890625,0.0,-0.08318565368652343,0.027441257125030993,-0.0001237792968750151,0.0,-0.08330943298339845,0.027441257125030993,-0.04710693359374999,0.02747758255085498,0.0033471679687500045,0.010201335604027683,-0.93131112052011,0.8133438408680725,-12.713108258928571,2.6963366739743564,-17.516741071428573,63.157508112061706,168.89423905508858,44.357652683513194,-0.07628085204533165,0.09042267770009332,-0.05395962437220984,0.036973632615392854,-0.13024047641754147,0.10741433392197335,-0.056869070870535686,0.23257284193980446,0.004492885044642873,0.011188761515499331,-0.7441581855644317,0.8590856224198731,-0.01158338167408306,-0.008336510701829905,-0.0020735419722495126
56.5,-13.4609375,0.0,0.0,0.0,181.19683837890625,0.0,-0.0782517290115356,0.028428528140401966,-0.0001237792968750151,0.0,-0.07837550830841061,0.028428528140401966,-0.0421620941162109,0.02842673265522535,0.005778961181640645,0.010246848637355237,-0.8283731598398352,0.43074182472050065,-12.709830496651787,2.708154813932088,-17.465122767857142,62.97139567178245,168.87427159309388,44.429646391576,-0.07537891668932777,0.09127561782475889,-0.053949945940290185,0.03698140339229341,-0.12932886262961796,0.10785175163780576,-0.055979112897600436,0.23265829368056704,0.004870343889508935,0.012997608799187068,-0.7928072497164368,0.9246694246184196,-0.013588975484788286,-0.010427291901549096,-0.004334823622707564
57.0,-13.4609375,0.0,0.0,0.0,181.19683837890625,0.0,-0.07388284683227539,0.028299235406844175,-0.0001237792968750151,0.0,-0.0740066261291504,0.028299235406844175,-0.037795410156250014,0.028281342811853682,0.007891235351562496,0.009758701826820534,-0.8763915731078837,0.6086778812290788,-12.706577845982142,2.7198824127026575,-17.413504464285715,62.78528323150321,168.85522958210535,44.498303338583014,-0.07306242431913103,0.09168222100626633,-0.05394026750837055,0.03698920545810863,-0.1270026918275016,0.10878647975570538,-0.053663003104073646,0.2329676371005691,0.005937151227678577,0.013589822263027273,-1.0353117341642855,0.9965391408949577,-0.015278847789318518,-0.012201592555445446,-0.0062781055282737
57.5,-13.4609375,0.0,0.0,0.0,181.19683837890625,0.0,-0.07365753650665285,0.026483196079494987,-0.0001237792968750151,0.0,-0.07378131580352787,0.026483196079494987,-0.037587738037109394,0.02647732073477857,0.007900238037109363,0.008899699119957487,-0.948010068951236,0.7236986985084016,-12.703351702008929,2.7315144402201117,-17.361886160714285,62.59917079122398,168.83716443606787,44.563438148920014,-0.07058877348899845,0.09146951830165208,-0.053930589076450895,0.03699703879304358,-0.1245193625654493,0.10916374853920238,-0.05115808759416855,0.23321028518337253,0.007060023716517844,0.013119472493820146,-1.3179137553527267,1.029232135939361,-0.014869212309322635,-0.011875633148389401,-0.006119621710238956
58.0,-13.4609375,0.0,0.0,0.0,181.19683837890625,0.0,-0.0755242919921875,0.02724670579523644,-0.0001237792968750151,0.0,-0.07564807128906252,0.02724670579523644,-0.03951171875000002,0.02725374121313223,0.00679016113281249,0.00776269023615319,-0.8639960300116589,0.9223199026782324,-12.700125558035714,2.743146467737564,-17.310267857142858,62.413058350944716,168.81909929003035,44.62857295925699,-0.07146163736070908,0.09079454293320251,-0.05392091064453126,0.03700490337724076,-0.12538254800524035,0.1076766599692624,-0.052047947474888424,0.23312269324610088,0.006533203124999986,0.010749547879162671,-1.2076892020739656,0.9189154831896947,-0.013344227403882077,-0.010433578742422086,-0.0048435506464523555
58.5,-13.4609375,0.0,0.0,0.0,181.19683837890625,0.0,-0.07426809310913082,0.025418866318053433,-0.0001237792968750151,0.0,-0.07439187240600584,0.025418866318053433,-0.0382350158691406,0.025421992785740533,0.007355957031250013,0.008385942612417747,-0.598258527564562,1.1394498313340358,-12.6968994140625,2.7547784952550183,-17.258649553571427,62.22694591066547,168.80103414399284,44.693707769594006,-0.07013654581138064,0.0920668477837552,-0.05391123221261162,0.03701279919078037,-0.12404777802399228,0.10851531254120352,-0.05069192068917409,0.23374711610101678,0.007138933454241082,0.011549813647315126,-0.9333879011613381,0.9129893647621206,-0.01349881222893392,-0.010670355136715305,-0.0052448314323556
59.0,-13.4609375,0.0,0.0,0.0,181.19683837890625,0.0,-0.07425806999206544,0.03005165647369525,-0.0001237792968750151,0.0,-0.07438184928894045,0.03005165647369525,-0.03819778442382813,0.030027807877616525,0.007234191894531248,0.010354117847329319,-0.392421197780085,1.078361509017518,-12.693673270089286,2.766410522772471,-17.20703125,62.040833470386225,168.78296899795532,44.758842579931,-0.06773218171937125,0.09285969516431862,-0.05390155378069197,0.03702072621368056,-0.12163373550006319,0.10862588636104979,-0.04827366420200892,0.2338666400663983,0.008220040457589292,0.012811340201924721,-0.9094447625941805,1.0687814559449802,-0.012969500006092687,-0.010222502136925538,-0.004960017051402188
59.5,-13.4609375,0.0,0.0,0.0,181.19683837890625,0.0,-0.07250509262084961,0.029392748094766313,-0.0001237792968750151,0.0,-0.07262887191772463,0.029392748094766313,-0.03646385192871095,0.029378693790884675,0.007975311279296866,0.010004666866235868,-0.3834515907269819,1.0054094936498634,-12.690451311383928,2.7780274600920642,-17.155412946428573,61.854721030106994,168.7650519629887,44.82344336820736,-0.062319843428475484,0.09184031708714059,-0.05389161376953126,0.03702889994539444,-0.11621145719800675,0.10729820909958378,-0.04286525181361604,0.2328570584583414,0.010772269112723222,0.011926404787808686,-1.1347908073372008,1.1827453055053085,-0.013306703645011827,-0.010640439178082814,-0.005539539999001884
60.0,-13.4609375,0.0,0.0,0.0,181.19683837890625,0.0,-0.06996927261352541,0.02428095574179108,-0.0001237792968750151,0.0,-0.07009305191040043,0.02428095574179108,-0.03394165039062503,0.024269225987568834,0.009088134765624985,0.00827674302229595,-0.5542319415610442,0.8333740809186334,-12.687276785714285,2.7894733751692384,-17.103794642857142,61.668608589827734,168.74881352015905,44.88199190646346,-0.06033578940800259,0.09312499354645434,-0.05387870919363841,0.03703956049969435,-0.11421449860164098,0.10838494808596191,-0.040896170479910725,0.2335006808312742,0.011607142857142856,0.013198897633144179,-1.2498325242465878,1.2539228663758346,-0.014019210369674526,-0.011432959951404283,-0.006492206910380537
60.5,-13.4609375,0.0,-0.05859375000004654,0.0338291173353565,181.19683837890625,0.0,-0.06908049583435055,0.024577082658243862,-0.0001237792968750151,0.0,-0.06920427513122557,0.024577082658243862,-0.03303047180175778,0.02456864685179844,0.009350738525390645,0.00664250314848832,-0.8060903482503923,0.8380489184867785,-12.684102260044643,2.8009192902464113,-17.107979910714327,61.467027207389435,168.73257507732936,44.94054044471955,-0.0621260804789407,0.09453488657911815,-0.05386702532087053,0.03705117630223527,-0.11599310579981126,0.11077146276236935,-0.042740391322544646,0.23535986857278413,0.01056038992745535,0.013639128572673805,-1.2528692417608396,1.1840377061133147,-0.013885064284161324,-0.011378114970579861,-0.006596081127902596
61.0,-13.4609375,0.0,-4.804687500000039,2.773987621497053,181.19683837890625,0.0,-0.06627254486083982,0.022935286602671027,-0.0001237792968750151,0.0,-0.06639632415771483,0.022935286602671027,-0.0301997375488281,0.022971054223808796,0.010657043457031262,0.007385328907231123,-0.7295468915036902,0.7582659181199704,-12.680927734375,2.8123652053235872,-21.576450892857185,60.08358103378866,168.71633663449967,44.99908898297563,-0.0613266008240836,0.09464988876107606,-0.05395299769810269,0.037134912451845054,-0.11527959852218632,0.10952264527356223,-0.04203072684151787,0.2351079607835132,0.010779680524553565,0.012970431365149792,-1.0287974557994066,1.1460130553816874,-0.014798154504846723,-0.0123697997044823,-0.0077450708348088424
61.5,-13.457246093749998,0.0021312343921261363,-5.859375,3.3829117335329633,181.09748764038085,0.05736017563182486,-0.0669669270515442,0.026511214769485487,-0.0001237792968750151,0.0,-0.06709070634841921,0.026511214769485487,-0.03091178894042969,0.026546316357565755,0.010133056640624997,0.007228851497116688,-0.7521882312836942,0.8602918804817086,-12.674237583705352,2.8228367687485028,-22.529296875,59.646954114271736,168.60547844069342,45.03142684020293,-0.05812509468623567,0.09468345771389827,-0.054038970075334834,0.037218849621225895,-0.1121640647615705,0.10969431738879475,-0.03892222813197542,0.23514390782383882,0.012212698800223227,0.013265226568425575,-0.9714453433935845,1.2009550732490795,-0.013884456612931593,-0.011533996030208474,-0.007065170509276178
62.0,-13.452499999999999,0.004871392896287652,-5.859375,3.3829117335329633,180.9697912597656,0.1310857153545669,-0.0672910404205322,0.0287592620637396,-0.0001237792968750151,0.0,-0.06741481971740722,0.0287592620637396,-0.031238403320312483,0.02878187505864439,0.009800415039062512,0.00825348840911492,-0.7800321423368273,1.0361984310641221,-12.666542968749999,2.833032011247032,-22.477678571428573,59.461105831161085,168.4676243972778,45.05638080204507,-0.05551320212227956,0.09467335186850166,-0.05412494245256698,0.03730298645340628,-0.10963814457484655,0.10879679191496276,-0.036380528041294644,0.23476914163057225,0.013345075334821432,0.01403489694274705,-1.011725091314936,1.1844908697351209,-0.01316557635309172,-0.01089231593223226,-0.0065780046245799174
62.5,-13.44775390625,0.007611551400449168,-7.324218750000017,4.228639666916214,180.8421516418457,0.20477848311989674,-0.06383934617042542,0.02569795462328703,-0.0001237792968750151,0.0,-0.06396312546730043,0.02569795462328703,-0.027774810791015625,0.025708439803863822,0.011402130126953122,0.00747802004407477,-0.6672385689261882,1.0068513948182571,-12.658883231026786,2.8431038027675575,-23.77755301339286,58.78008647792297,168.33100840023585,45.07718658626286,-0.05193264143807551,0.09218287719753551,-0.05421309465680805,0.03738546169116818,-0.10614573609488354,0.10556892363907362,-0.032885960170200915,0.23263244317559587,0.014942714146205346,0.012254772057404462,-1.071954067254366,1.1490893987827513,-0.014384494259883173,-0.012187746129309743,-0.008026572276999438
63.0,-13.442656250000002,0.010554684608622477,-11.71875,6.7658234670659265,180.7051287841797,0.2838886668785041,-0.060195647478103645,0.025439856683992144,-0.0001237792968750151,0.0,-0.06031942677497866,0.025439856683992144,-0.024142913818359386,0.02544483620210939,0.013011779785156243,0.007746937494450967,-0.5264079487407143,0.8248359827872349,-12.650905412946432,2.8530253016862623,-27.8466796875,57.41819198259659,168.18602429798673,45.09360018356016,-0.05151394707815987,0.09209564700960582,-0.0543022931780134,0.037467215939527926,-0.1058162402561733,0.10647268256601723,-0.03256705147879464,0.2326290472779091,0.014929722377232144,0.011620357647779227,-1.2185686221330836,1.1592055121488989,-0.015614757549795251,-0.013493839967027571,-0.009484439079358031
63.5,-13.4331640625,0.016035001616946275,-11.71875,6.7658234670659265,180.45017456054686,0.4310865565239419,-0.06099504530429839,0.02689379283793234,-0.0001237792968750151,0.0,-0.061118824601173405,0.02689379283793234,-0.024922943115234356,0.026870154748256415,0.012376861572265635,0.007659413585170216,-0.4331267741454506,0.653076745230742,-12.638742327008927,2.861800139467884,-27.730538504464285,57.00202136705808,167.92872460910252,45.07951282743514,-0.05118249756949289,0.0915711348347756,-0.05439149169921875,0.03754913595981855,-0.10557398926871164,0.10703733342466107,-0.032299586704799106,0.2324817175672143,0.014884992327008928,0.010895703214240713,-1.2463510000741518,1.2238466858078965,-0.014603833390278346,-0.012558070687321793,-0.008699090431524432
64.0,-13.423671874999998,0.021515318625269307,-11.71875,6.7658234670659265,180.19546936035152,0.5781406724207061,-0.0609140968322754,0.025713779391627695,-0.0001237792968750151,0.0,-0.06103787612915042,0.025713779391627695,-0.024802856445312507,0.02570049376049364,0.012225341796874997,0.0066713290873402315,-0.5223143962157634,0.9438139412412251,-12.626579241071427,2.87058403884428,-27.614397321428573,56.58588885442284,167.67166208539683,45.065912962464395,-0.0477490942818778,0.08998620710847043,-0.054480690220424115,0.03763122066942517,-0.10222978450230191,0.10527481988127932,-0.02895961216517857,0.23077064282031853,0.01636928013392857,0.011956185016235514,-0.8143069495608606,1.2155766199509501,-0.01407946302838876,-0.012108224854361218,-0.008398402769487251
64.5,-13.4141796875,0.02699563563359311,-14.589843750000021,8.423450216497091,179.9409912109375,0.7250637004877846,-0.05934625506401064,0.024386548749727437,-0.0001237792968750151,0.0,-0.05947003436088565,0.024386548749727437,-0.023250961303710953,0.02436843158855274,0.012824249267578117,0.005453974106323066,-0.596565299934441,1.2781469546035364,-12.614416155133929,2.8793769168848646,-30.232631138392865,55.61568804072621,167.4148158005306,45.0527941027571,-0.045143372331346784,0.08875354416622583,-0.054569888741629484,0.037713468992991286,-0.09971326107297626,0.10388166560020125,-0.02644607543945313,0.22936276880277767,0.017410278320312497,0.011950797271521861,-0.3961461105626177,1.1092556857493783,-0.014293051862819905,-0.012398857223570165,-0.008843167874866399
65.0,-13.4029296875,0.03349082616197665,-19.335937500000025,11.163608720658795,179.63973236083984,0.898995578687426,-0.05909404158592225,0.02403900283896744,-0.0001237792968750151,0.0,-0.05921782088279726,0.02403900283896744,-0.023030853271484384,0.02403230637879249,0.012756347656249995,0.005314508086638466,-0.5958183662041119,1.4821923357876439,-12.600610351562498,2.88761142444659,-34.643554687500036,54.42088863905407,167.11393902982985,45.02632613177029,-0.04451869215284076,0.0877863145458684,-0.05465821533203127,0.03779664148018823,-0.099176907484872,0.10210807131793609,-0.025910949707031262,0.22833239855620882,0.017460414341517853,0.010819955308538775,-0.16444736903721685,0.8950786061284867,-0.01383991257551155,-0.012022751490706009,-0.008621159431092386
65.5,-13.388046874999999,0.042083421965150254,-24.08203124999998,13.903767224820468,179.2416418457031,1.1288332447634453,-0.058889593482017555,0.021608888529371012,-0.0001237792968750151,0.0,-0.05901337277889257,0.021608888529371012,-0.022793807983398473,0.02159382024533438,0.012662811279296858,0.004387038261614875,-0.38025702629890246,1.2798154718202777,-12.583429478236608,2.894619489157031,-39.073311941964285,53.43990968000749,166.7222525443349,44.970998860314204,-0.044510950531278355,0.08840142143802045,-0.05474418770926341,0.037882050460831006,-0.09925513824054177,0.10239477011455898,-0.026008540562220996,0.22894546130355473,0.01719482421874999,0.010490320519412902,-0.24205937291875193,0.9116481583658892,-0.013364772388507834,-0.011623918824604465,-0.00837497018040394
66.0,-13.3690625,0.05304405598179709,-28.828125000000025,16.643925728982197,178.7346997070312,1.421516424989225,-0.05303893566131587,0.02052489971319446,-0.0001237792968750151,0.0,-0.05316271495819089,0.02052489971319446,-0.01696289062499995,0.020498509649438616,0.015404663085937525,0.004502954888754146,-0.15991282074045893,1.0473033955774123,-12.562342354910713,2.9006034194018477,-43.503069196428605,52.613735191773856,166.2268978459494,44.88968732551977,-0.04109889234815323,0.08877088668224638,-0.05483016008649555,0.037967649044237134,-0.09592905243464879,0.10192281064511284,-0.022665754045758914,0.22865256926906113,0.018617466517857152,0.011554151173047226,-0.28515917676073843,0.9772235549638445,-0.015723748253288216,-0.014059465082296677,-0.010963664525547211
66.5,-13.34580078125,0.06647421556392304,-29.296875,16.914558667664817,178.11504287719725,1.7792754624990625,-0.05622068881988529,0.019605236520747346,-0.0001237792968750151,0.0,-0.056344468116760305,0.019605236520747346,-0.02017807006835941,0.01958214009752859,0.01357757568359373,0.0053341987504625646,0.1715712113813998,1.099337168600359,-12.537181570870533,2.9055422033769727,-43.859165736607146,52.261063573448965,165.6241958226476,44.782562142404835,-0.0437049772058215,0.09040918781081399,-0.05491613246372769,0.03805343595091159,-0.09862110966954919,0.1041614076083312,-0.025353458949497826,0.2305456810867648,0.01705374581473211,0.011257214255033905,-0.07579558299772791,0.9058748329239236,-0.01350279184522053,-0.011917301521239834,-0.008979034398586203
67.0,-13.322070312499998,0.08017500808473138,-32.46093750000005,18.741331003772643,177.48426971435546,2.1434525178633703,-0.05556224822998047,0.021998226401859368,-0.0001237792968750151,0.0,-0.05568602752685548,0.021998226401859368,-0.019544525146484377,0.02199490899138337,0.013677978515624996,0.0054094851246273435,0.37907633748088737,0.9950977354597239,-12.511574358258926,2.910417433389276,-46.78222656250006,51.7122405017715,165.01090681552887,44.67534946459835,-0.04399151768003191,0.09059617509929406,-0.05500210484095983,0.03813940991006881,-0.09899362252099177,0.10539643311826347,-0.02570905412946428,0.23161642345059513,0.016659981863839286,0.010069779078664097,0.08219360392212154,1.0606636002183216,-0.013213237061036756,-0.011705758364493942,-0.008923459632358563
67.5,-13.2962890625,0.09505981971227674,-37.207031250000036,21.481489507934338,176.80071411132812,2.538103529277284,-0.0540232300758362,0.022570430490549083,-0.0001237792968750151,0.0,-0.05414700937271121,0.022570430490549083,-0.01800575256347658,0.0226005281292961,0.014209747314453115,0.0052516987547660005,0.3879609363618215,0.8643322185201835,-12.484014020647322,2.9148405706142198,-51.21198381696431,51.18516323660414,164.3473488177572,44.558419486347205,-0.041752506579671556,0.09011749041890278,-0.05508807721819197,0.0382255696595974,-0.09684058379786355,0.10498523146346168,-0.023539624895368278,0.2315371693946463,0.01753365652901787,0.009539120010329884,-0.020815569521624794,1.2536732434110052,-0.013358924389184797,-0.011928683138672264,-0.009300801856013022
68.0,-13.266874999999997,0.11204203661461214,-41.95312500000006,24.22164801209605,176.02282714843747,2.9872167767012923,-0.05481317520141602,0.02067897062999039,-0.0001237792968750151,0.0,-0.05493695449829104,0.02067897062999039,-0.018774414062500012,0.02072358469990972,0.013593749999999995,0.005845124271791461,0.2895413912259631,0.8967330629318305,-12.453071986607142,2.9181589349091,-55.63058035714291,50.79584666834078,163.59540819713044,44.41775377207916,-0.0400413141931806,0.09043948077186466,-0.055174049595424116,0.038311913946024234,-0.09521536378860473,0.10416904996038413,-0.02189226422991069,0.23063423825055065,0.01814453125000001,0.012011641055751919,-0.305163586413589,1.2906379345739,-0.012351134736157204,-0.010999289259744877,-0.008528101737130062
68.5,-13.233652343749998,0.13122314614374353,-46.69921875,26.96180651625772,175.1468391418457,3.4929686881139372,-0.0575229239463806,0.022307930964801038,-0.0001237792968750151,0.0,-0.05764670324325562,0.022307930964801038,-0.02148880004882811,0.02231974321749854,0.012050018310546884,0.005583347338173981,0.36654190027908307,1.0370266585063799,-12.418514927455353,2.9205999783906273,-60.047433035714285,50.58074723996213,162.75026563099453,44.25849965934453,-0.037287245903696364,0.08907841738698015,-0.05526002197265627,0.038398441524477966,-0.09254726787635263,0.1023906273265666,-0.019152635846819227,0.22900010591513573,0.019265834263392845,0.012049125189412584,-0.50444774138622,1.337865114967727,-0.01040378635517076,-0.009132727631799202,-0.006822950596531763
69.0,-13.195859375,0.1530429268250313,-51.44531250000004,29.701965020419447,174.15462951660157,4.06582118234119,-0.059513406753540055,0.021519692528562246,-0.0001237792968750151,0.0,-0.05963718605041507,0.021519692528562246,-0.02345718383789064,0.021556969970435717,0.010934753417968743,0.004951262981095744,0.16680773043687752,0.9895045496595946,-12.379605189732143,2.9220653094970213,-64.46428571428574,50.547943253150514,161.79443580899922,44.079415492907955,-0.035967593874250144,0.08625479774510905,-0.0552507795061384,0.038412966578375986,-0.09121837338038853,0.10050226225513642,-0.01790270124162947,0.2275830101890557,0.01964582170758928,0.009789530435928265,-0.48834689886936367,1.3999241516717817,-0.00887333842673253,-0.007685406067391135,-0.005541652926074524
69.5,-13.154433593750001,0.17696011278110912,-56.19140625000001,32.44212352458113,173.0713349914551,4.691261568046151,-0.059061367511749244,0.019996750422449656,-0.0001237792968750151,0.0,-0.05918514680862426,0.019996750422449656,-0.023003387451171853,0.02003400268344009,0.010959930419921887,0.004881452368604999,0.019355542732000297,0.9595172670528005,-12.337235630580356,2.9228260712933247,-68.88113839285714,50.697788571750834,160.7518584632874,43.88827672820622,-0.03798451278890881,0.08615819378248271,-0.055309896414620544,0.038479369765752676,-0.09329440920352935,0.0996379800780513,-0.019964359828404003,0.22715803520611721,0.018335745675223218,0.009007662188131014,-0.34575714812531405,1.4512383837635743,-0.008472040707150373,-0.007369519680686743,-0.00539629383131371
70.0,-13.109375,0.2029747040119778,-60.9375,35.18228202874282,171.89801025390625,5.368680921116813,-0.05775694847106935,0.018475460357888853,-0.0001237792968750151,0.0,-0.05788072776794437,0.01847546035788885,-0.021688842773437515,0.01851772013813885,0.011413574218749993,0.004523755156278775,0.05117207418232034,1.0789426515029152,-12.29140625,2.9229284978881616,-73.29799107142857,51.0286741761885,159.6235380581447,43.68752973314264,-0.03800818409238543,0.08647876824079898,-0.05534704066685269,0.03852921435400508,-0.09335522475923812,0.0997119351943453,-0.020016043526785713,0.22681673732511357,0.01803850446428571,0.009662536844041836,-0.20033677260239727,1.5190308580988485,-0.008502427106699545,-0.007484678364416874,-0.0056806907094339235
70.5,-13.060683593750001,0.23108670051763733,-65.68359375000004,37.922440532904545,170.6357759094238,6.097432259684135,-0.054970412254333516,0.017420832096748193,-0.0001237792968750151,0.0,-0.05509419155120853,0.017420832096748193,-0.018890380859375028,0.017477264558165,0.012635040283203112,0.0046610357336176475,0.16357813126001255,1.1035877019247042,-12.242164481026785,2.9222527141614316,-77.70298549107144,51.50617159062531,158.41127904074534,43.47720028652131,-0.0339121798106602,0.08511370452423997,-0.055334136090959836,0.03854113582087394,-0.08924631590162002,0.09910008136126051,-0.015926426478794616,0.22547517346449442,0.019817156110491087,0.010312876221562427,-0.123747102506871,1.4829991792888835,-0.009294874656876319,-0.00836306904340334,-0.006730614756871581
71.0,-13.008359375,0.26129610229808686,-70.4296875000001,40.66259903706628,169.2858184814453,6.876830544122077,-0.05537165641784671,0.01665605931776351,-0.0001237792968750151,0.0,-0.05549543571472172,0.01665605931776351,-0.01927703857421878,0.01673639691661794,0.012229309082031231,0.005023198170619002,0.18925557881247002,0.971401604983859,-12.189518694196426,2.920824268981274,-82.09402901785724,52.125212283652715,157.1163415282113,43.259717896153575,-0.029645836693900047,0.08182368481718581,-0.055321231515066974,0.038553109754198636,-0.084967068208967,0.09574846409447814,-0.01166534423828132,0.22288868775231294,0.02165405273437496,0.00951533531080886,-0.14387976118934004,1.3869154773722816,-0.00844923495648986,-0.0076055775086533535,-0.006148999103158885
71.5,-12.951406250000002,0.29417800434802666,-75.17578125000003,43.402757541227935,167.8263946533203,7.719429284151791,-0.05527280807495119,0.020236820806363895,-0.0001237792968750151,0.0,-0.055396587371826206,0.020236820806363895,-0.019214324951171893,0.020285964294270445,0.012112121582031243,0.004715527379442427,0.2736747403800759,0.793933849682795,-12.132464425223217,2.9186929757462807,-86.48507254464288,52.917869679759164,155.71715030125208,43.037384449339854,-0.032768210683550174,0.08166810976770537,-0.05530832693917411,0.038565136105108894,-0.08807653762272429,0.09403691316118684,-0.014730704171316984,0.22225547429410492,0.019724382672991054,0.00961241163704637,-0.079794676352293,1.3361087722973448,-0.007881494713909242,-0.007128141533653838,-0.005851683118094422
72.0,-12.890703125,0.32922496990742856,-83.6718750000001,48.307979554850775,166.28039855957027,8.612010545044471,-0.05353562355041504,0.016879286785721252,-0.0001237792968750151,0.0,-0.05365940284729005,0.016879286785721252,-0.017489624023437494,0.016873354555634875,0.012801513671875002,0.005495482231124259,0.415383363381422,0.8455190070759616,-12.071838727678571,2.9161233870110754,-94.44754464285724,54.95291511570076,154.23550929750712,42.81771786036814,-0.033617534637451166,0.08032247405396116,-0.05529542236328126,0.038577214824581554,-0.08891295700073241,0.09371961252382319,-0.015558035714285712,0.22183788671070054,0.019019252232142857,0.008401772653845492,0.015313462579094344,1.3617872017255752,-0.008109939312504479,-0.007448996832523099,-0.006356802602733024
72.5,-12.82373046875,0.3678916510217098,-90.52734375000003,52.26598628308431,164.5859565734863,9.590297081836262,-0.056991547346115126,0.012711063995775582,-0.0001237792968750151,0.0,-0.05711532664299014,0.012711063995775582,-0.020923995971679696,0.012717898519138234,0.010867309570312494,0.005115363327329457,0.6177933343918488,0.9027451616490617,-12.005242047991072,2.912689384885086,-100.84751674107144,56.862178079247315,152.61249125344415,42.5952052501014,-0.032963123491832176,0.07939207830142955,-0.05522758614676341,0.03854763427841067,-0.08819070963859559,0.09248084232973981,-0.014876883370535705,0.2207846143927299,0.01906869070870536,0.008796787554143511,0.10535576484063879,1.4003315158797183,-0.005704668808958335,-0.005138188609279631,-0.004234292268121702
73.0,-12.751015624999999,0.4098735856348541,-96.79687500000001,55.88570183796457,162.7586505126953,10.645292727925785,-0.060080091953277584,0.014771105787360812,-0.0001237792968750151,0.0,-0.0602038712501526,0.014771105787360812,-0.02399063110351562,0.014812463331749303,0.009151000976562502,0.006225372161186785,0.7109660257548466,1.002520196654709,-11.93318359375,2.9086031260022573,-106.689453125,58.81838855999193,150.8630193247114,42.37789058695064,-0.03076778650283812,0.07833696244233383,-0.05511563023158484,0.038484970593487794,-0.08588341673442297,0.0905994492427219,-0.012606898716517842,0.21919756731442866,0.01988298688616072,0.01007313045734959,0.22135823161214277,1.3596883626112253,-0.003507408655707868,-0.003037395756757653,-0.0023257374099527385
73.5,-12.674257812499999,0.4541897293441364,-105.87890625000003,61.12921502494067,160.84406494140623,11.750679222896105,-0.05901463508605957,0.01563369520186774,-0.0001237792968750151,0.0,-0.05913841438293459,0.01563369520186774,-0.02299736022949219,0.01565874194111585,0.00956802368164062,0.004655338119556017,0.7478565491718583,1.0431171148953389,-11.857396763392854,2.903901191628059,-115.20996093750001,62.081779525760446,149.03188231604437,42.17243064873372,-0.028691137858799575,0.07599922841200756,-0.05500062255859376,0.03842534562615775,-0.08369176041739333,0.08970001319618189,-0.010426679338727724,0.21801443725975225,0.020626569475446405,0.00916135213040725,0.26776263287493457,1.3437189873274842,-0.003433824651522315,-0.003062238256434184,-0.0025466659141412016
74.0,-12.588828125000001,0.5035125824190461,-110.625,63.86937352910235,158.7336846923828,12.969107827762242,-0.05917318344116211,0.0113615559910817,-0.0001237792968750151,0.0,-0.059296962738037126,0.0113615559910817,-0.023136291503906253,0.011396094264861207,0.009355468749999998,0.006544113286818047,0.8197156643811871,1.186598969867642,-11.773351004464287,2.8983261270996037,-119.60100446428571,63.84516122096189,147.01427418572567,41.978032568504965,-0.03155678885323663,0.07650960606119248,-0.05488561488560268,0.03836588784426784,-0.08644240373883935,0.08884234190838056,-0.01315586635044645,0.21768057437103147,0.018863002232142847,0.009662252453280937,0.1391260107080395,1.4462561228715363,-0.0027212340526000006,-0.002449988303377646,-0.002134259410119584
74.5,-12.499355468749998,0.5551696445900951,-115.37109375000001,66.60953203326406,156.54563522338867,14.232378777686225,-0.06029639720916749,0.013160193363649833,-0.0001237792968750151,0.0,-0.060420176506042506,0.013160193363649833,-0.024214172363281255,0.01318631273771006,0.008672637939453122,0.0068934983659722105,0.7802064268738994,0.9191857791619352,-11.68545479910714,2.8928793173140264,-123.99204799107143,65.70671963894792,144.92269536972046,41.81461051631991,-0.030371570587158187,0.07531880029563369,-0.054770607212611615,0.03830659802631129,-0.0851421777997698,0.08953753996359726,-0.011832057407924094,0.21728996295953,0.019181518554687516,0.008438513164518761,0.09628900559075808,1.5692198219873852,-0.001529160922574903,-0.0013601256699826865,-0.0012479086626660898
75.0,-12.406249999999998,0.6089241120359342,-123.29101562500014,70.61997049703236,154.29040527343747,15.534436396375066,-0.06160376965999604,0.015214602302650638,-0.0001237792968750151,0.0,-0.061727548956871055,0.015214602302650638,-0.025539398193359385,0.015252863210137252,0.007873535156249995,0.0074407838576148215,0.6485963479066457,0.4333054620428235,-11.594098772321427,2.8877493936922827,-131.31277901785728,68.71481262143242,142.76713514328,41.687536785788,-0.031061649322509762,0.07561458038597949,-0.054598924037388405,0.03820450866263947,-0.08566057335989817,0.08914251240588322,-0.01240103585379464,0.21678035801032125,0.018528529575892856,0.009724604810827854,0.09293989701704437,1.628660203942313,-0.00021186377010569196,-0.0001468582175676563,-0.00024171955524242966
75.5,-12.3076953125,0.6658246873939584,-131.60644531250006,73.96311711345142,151.92742553710931,16.89870338323374,-0.06306556552648546,0.01500314437942003,-0.0001237792968750151,0.0,-0.06318934482336047,0.01500314437942003,-0.027016448974609395,0.015049137551538274,0.007027740478515613,0.007831315734159534,0.37693263767483026,0.4068083091840901,-11.497553013392858,2.8828004128154974,-138.8595145089286,71.47937539106819,140.508956072671,41.599522233008,-0.02943581853594098,0.07447880726681369,-0.054434303501674115,0.038107806395939206,-0.08387012203761511,0.08668463965339393,-0.010635157993861596,0.21502597590453879,0.019044886997767855,0.011072873131718685,0.0006076077243082108,1.7236959044123883,0.0011733373203596945,0.0011300220653089562,0.0008196218791292451
76.0,-12.20203125,0.7255677329900022,-137.89062500000009,77.28845087509443,149.41857421875,18.313221811262505,-0.06289669036865236,0.012557963527174741,-0.0001237792968750151,0.0,-0.06302046966552738,0.012557963527174741,-0.026823730468750005,0.012565774718528513,0.007022705078124999,0.0077320125131340595,0.17707308967074648,0.5370935320742163,-11.394528459821426,2.877561364050282,-144.6665736607143,74.13761148132146,138.11835671833578,41.545383864212404,-0.0267779895237514,0.07316384505923357,-0.05430421142578125,0.038033871611780505,-0.08108220094953267,0.08506342999200273,-0.007781459263392846,0.2140068100742629,0.020103236607142853,0.0111273279061592,-0.12244672645063116,1.7752028980347985,0.0017331098010075394,0.0015783672633352293,0.0010463160971722078
76.5,-12.0922314453125,0.7874862261430451,-152.7587890625002,84.3974329478942,146.843773612976,19.760113165350464,-0.0645107197761536,0.0174980798367445,-0.0001237792968750151,0.0,-0.06463449907302861,0.0174980798367445,-0.02845031738281253,0.017535845295791955,0.006107940673828109,0.008188494667790702,-0.04678206010298548,0.7530042873890862,-11.287645786830357,2.872867773650843,-158.7854003906252,79.75878810311254,135.6663848549979,41.54102417345979,-0.026978561537606385,0.07465744198583436,-0.05401734619140626,0.037841104420263394,-0.08099590772901263,0.08583355957136996,-0.007747279575892859,0.21476428507483886,0.019711914062499992,0.011938564753784799,-0.4124115833710575,1.779837305890871,0.003215646486994553,0.0029468320895228396,0.002187934596331241
77.0,-11.9691015625,0.8563555584739889,-154.296875,84.57279333832409,143.99869338989257,21.34300618680219,-0.062199501991271985,0.015328752069280128,-0.0001237792968750151,0.0,-0.062323281288147,0.015328752069280128,-0.02614456176757814,0.015363101819694214,0.007185668945312492,0.008281091180214114,-0.2748075898710636,0.906822655403219,-11.168006417410712,2.8678636264279818,-160.14753069196428,79.65551188822525,132.95534918376376,41.58784514707221,-0.02501687748091561,0.07451675102090476,-0.05382081298828125,0.037716942452139676,-0.07883769046919686,0.0857195334918076,-0.005563267299107141,0.21478377798702367,0.020369698660714287,0.011601531737032593,-0.5660074788492736,1.6843012255388394,0.0027278291365493215,0.002340462719876687,0.0013458896250761456
77.5,-11.844433593749999,0.9254004565288741,-164.4775390625001,89.27247242144276,141.15463409423825,22.906149255554492,-0.05865103006362913,0.012648783674854431,-0.0001237792968750151,0.0,-0.058774809360504145,0.012648783674854431,-0.02259178161621091,0.012640842025712366,0.008850097656250014,0.00784129854949055,-0.45514940381884306,1.0189561387858306,-11.046843610491072,2.864100335363484,-169.48678152901795,84.09179808087181,130.24370577675955,41.688491995166764,-0.023261947716985424,0.07404471682152164,-0.053565686035156254,0.037550523793251384,-0.07682763375214167,0.0855804917923746,-0.0035531180245535576,0.21482208697425442,0.020935930524553576,0.011518313272396042,-0.5810245052798777,1.571376837684069,0.0016605184160247294,0.0011531284889305627,-7.998803085376336e-05
78.0,-11.713261718750001,0.9977956032688814,-174.96093750000003,94.2681562911217,138.2049723815918,24.519428535969986,-0.05953523635864259,0.010577084869898421,-0.0001237792968750151,0.0,-0.05965901565551761,0.010577084869898421,-0.023461303710937506,0.010557575643173807,0.008283081054687497,0.006579741552298931,-0.6308054534983326,1.0908703038974876,-10.91955357142857,2.8614441856076347,-179.13295200892858,88.91921677851977,127.43328673498968,41.85725302414983,-0.020817172186715246,0.07395462380711593,-0.05327882080078126,0.03736226078195883,-0.0740959929874965,0.0850872156981671,-0.0008464704241071296,0.21460649095408652,0.021830705915178578,0.011766546591333167,-0.5741877751155178,1.4445465272496296,0.002831673418576786,0.0022028257154886356,0.0007283726642257929
78.5,-11.5727197265625,1.0745329781779511,-180.96191406249997,97.1255480923892,135.08828182220458,26.20051229210729,-0.06097512602806092,0.011434494015370214,-0.0001237792968750151,0.0,-0.061098905324935934,0.011434494015370214,-0.024909439086914075,0.011394734317465707,0.007425537109374995,0.006437288115310599,-0.7485791186352755,1.063719568108229,-10.783555559430804,2.859744637136994,-184.73615373883925,91.46069330088189,124.46885105243753,42.098818765660035,-0.017180945192064555,0.07415101554178354,-0.05299117082868305,0.0371764941175962,-0.07017211602074759,0.08426369388377114,0.0030814034598214248,0.2139537556436151,0.023313249860491075,0.012519906968481138,-0.567157960041268,1.4345694711251369,0.004310767029124129,0.003556932347877695,0.0018342017004060664
79.0,-11.428427734375,1.1534362554427195,-191.08398437500006,101.5044187702029,131.94019142150876,27.899834050669632,-0.055747554302215535,0.0159353652601694,-0.0001237792968750151,0.0,-0.05587133359909055,0.0159353652601694,-0.01973617553710933,0.01597415598670644,0.009930419921875022,0.0062675667890741684,-0.5836255622632553,1.1708077633775482,-10.644108189174107,2.8595897111785957,-194.33489118303575,95.32279159012124,121.4754816986833,42.41463690535014,-0.018538364001682833,0.07447066142760307,-0.05270107945033482,0.036994885859474684,-0.07123944345201766,0.0844529955574611,0.002029680524553555,0.2142597348690063,0.022309221540178562,0.012428197249447185,-0.48712436651890034,1.3107544679476903,0.0024458359978483165,0.001563284782789812,-0.0004150597744479838
79.5,-11.274335937499997,1.236740467374858,-200.80566406250017,106.58746768060229,128.6479656982421,29.64866947863171,-0.05534927487373352,0.013129681390014069,-0.0001237792968750151,0.0,-0.055473054170608535,0.013129681390014069,-0.019304428100585937,0.013137052492699485,0.010000457763671873,0.007227935401243106,-0.40212511182665,1.279949935734083,-10.495224434988836,2.8608287113927258,-203.39512416294656,100.30093826978197,118.34206295004908,42.7991033497921,-0.01451548780713756,0.07386630389646587,-0.0523145525251116,0.03674577085106189,-0.06683004033224918,0.0818799816529631,0.006429966517857223,0.2125465829935865,0.023971383231026815,0.013229544814819829,-0.46055385044643227,1.10489825593918,0.0030270001648190934,0.002013443668325899,-0.00022499557173053615
80.0,-11.112890624999999,1.3240864033237407,-207.42187500000003,108.94096357625023,125.26225280761716,31.446106964407406,-0.05390796661376948,0.012148445752248912,-0.0001237792968750151,0.0,-0.054031745910644496,0.012148445752248912,-0.017843627929687453,0.012133570694061811,0.010577392578125022,0.006223667821661492,-0.1982006437572858,1.45169726088423,-10.339320591517858,2.8644254845786334,-209.29129464285717,103.03662535115168,115.11915000847402,43.27122145855957,-0.013620035988943928,0.07333820601679322,-0.051925584193638394,0.03649778873709757,-0.06554562018258232,0.08180627211866243,0.007734026227678574,0.21233972050153133,0.02405133928571428,0.012641874276689499,-0.5152562281468563,1.0555311025099015,0.003140872262136306,0.0019883056312782416,-0.0005260283494303297
80.5,-10.946137695312498,1.4134748624459608,-215.20996093750006,111.98506987632774,121.82942745208737,33.2435615463312,-0.05481912039220331,0.012166809707914075,-0.0001237792968750151,0.0,-0.054942899689078326,0.012166809707914075,-0.01875633239746092,0.01215322735069059,0.009948730468750007,0.004407800097415966,-0.14126739857636228,1.3625646505851474,-10.178531145368302,2.8705512152933887,-216.3035365513393,106.4885068293694,111.85588931909626,43.81732889366449,-0.012437179429190487,0.07318860701368701,-0.05153661586216518,0.036252766571827306,-0.06397379529135568,0.0820464002320155,0.009321812220982151,0.2122071636626446,0.024272024972098214,0.0116957707454753,-0.5417154663370478,1.1743486769945113,0.004454818093469069,0.0031643317264471236,0.0003763193683872404
81.0,-10.774160156249998,1.5051841241739856,-225.8203125000001,115.53594015195833,118.35887969970697,35.04435642047883,-0.05380814030766487,0.012705454330380964,-0.0001237792968750151,0.0,-0.0539319196045399,0.012705454330380964,-0.017749938964843757,0.012691363421027611,0.010303039550781247,0.005446505734294298,-0.23293092812136668,1.234071861511503,-10.012881208147322,2.879524929075777,-226.0947963169644,110.30890236500646,108.55977937783508,44.43828860547666,-0.010435442243303537,0.07384207171924571,-0.051120792061941964,0.03599199361404481,-0.06155623430524552,0.08183490791825315,0.011722760881696473,0.21175879170863354,0.024903041294642873,0.012179433522637062,-0.4602081268341026,1.3190013002342513,0.0048090741909215615,0.0033759521823471385,0.00030497863865188964
81.5,-10.5942529296875,1.599943941736168,-236.40625,118.71523860308297,114.80007183074949,36.85557492706271,-0.05253102108836173,0.010738314959124844,-0.0001237792968750151,0.0,-0.05265480038523675,0.010738314959124844,-0.016497573852539048,0.010727642607232595,0.010790863037109383,0.004831123601303575,-0.34449579554560333,1.0717184788062373,-9.839991978236608,2.890952068289386,-235.87541852678572,113.78834948448669,105.18526435307093,45.128097329488604,-0.008018779754638663,0.07331169586624237,-0.05063390590122769,0.03569009748033466,-0.05865268565586635,0.08087166411157873,0.014577941894531262,0.21090285723838847,0.025744890485491077,0.01294064386593376,-0.47528948102678675,1.258481742653877,0.0050537306169014355,0.0034731288348546826,0.00010965877314354127
82.0,-10.404296874999998,1.6984083268538719,-242.01171875000003,119.94789104762313,111.14340026855466,38.66766380456096,-0.05432627975940704,0.014359139673778162,-0.0001237792968750151,0.0,-0.05445005905628206,0.014359139673778162,-0.018276062011718747,0.014321796835485914,0.0097039794921875,0.00465897011990198,-0.3129374897563304,0.8904698308692313,-9.65761997767857,2.905216140396296,-241.06584821428572,115.09336335599095,101.71931407724105,45.873805811623676,-0.007599912370954227,0.0725661243658114,-0.05024171142578125,0.03545836847559209,-0.057841623796735485,0.08053930881984592,0.01549822126116074,0.21060743960815972,0.025554547991071437,0.013498919937571475,-0.6123722468937316,1.0515010042524564,0.006881619406674512,0.005151794941318738,0.0014924371185946316
82.5,-10.2098876953125,1.7979532179721418,-251.26953125000003,123.65194115447417,107.49114818572997,40.437808622108065,-0.049475603550672494,0.016827987283893543,-0.0001237792968750151,0.0,-0.04959938284754751,0.016827987283893543,-0.013412857055664022,0.016799079910921822,0.011985778808593769,0.006398209310137563,-0.47402815385297636,0.7686236391098669,-9.471015276227678,2.922536246751072,-249.79422433035714,118.81599052396489,98.25776768411909,46.65623393639468,-0.004967955180576875,0.07239206867215331,-0.04969082554408483,0.03512260634968946,-0.0546587807246617,0.08031422722245626,0.01863555908203126,0.20997614490764588,0.026480102539062498,0.012923441797597019,-0.6695996670972211,0.9078436308874063,0.005362936067908689,0.0034794074164404753,-0.00048465281365138533
83.0,-10.0088671875,1.9006566039458703,-259.267578125,125.49721020945138,103.81002609252928,42.20766592940729,-0.04843504428863525,0.017718424486199605,-0.0001237792968750151,0.0,-0.048558823585510266,0.017718424486199605,-0.012343902587890629,0.017695291578494143,0.012349853515625,0.007010346493551641,-0.7193921495984458,0.6565453852685518,-9.278060128348216,2.9436804114528576,-257.09402901785717,121.13247872601923,94.76721258912767,47.49536809980869,-0.0024071039472307503,0.07182695972765246,-0.04915702950613841,0.03480416098551737,-0.05156413345336914,0.07902958094792736,0.021714477539062502,0.20894859509683228,0.027358224051339284,0.013308998978735255,-0.6991370852454801,0.8791349245520274,0.005782331738368552,0.0037409706073809317,-0.0005359051143829525
83.5,-9.801225585937496,2.0050144247299597,-264.65332031250006,127.15014375400257,100.10089237213131,43.93681658331203,-0.0498950815200805,0.017063331990780126,-0.0001237792968750151,0.0,-0.050018860816955515,0.017063331990780126,-0.013800125122070244,0.017047572752868546,0.011444396972656283,0.006515742799153734,-0.9638768976384968,0.7315032495400756,-9.078835449218746,2.968076196680609,-261.79896763392856,123.43675743161515,91.25089082717894,48.35760997791875,-0.00032426016671316594,0.07070338832327362,-0.04863299909319197,0.0344979041449014,-0.04895725925990513,0.07740559086685359,0.024326389857700907,0.2078770944328793,0.027979300362723215,0.014062641465574063,-0.6938399531783317,0.8729003548711135,0.0074809524349075405,0.005279779068296984,0.0006862308140677719
84.0,-9.589648437499998,2.110950467423511,-270.8593750000002,128.4572435782989,96.42404998779291,45.629633240022194,-0.046112775802612326,0.017749757861266306,-0.0001237792968750151,0.0,-0.04623655509948734,0.017749757861266306,-0.01002685546875002,0.017771463976273084,0.013164062499999987,0.008342490569084482,-0.9936395391717698,1.0793862330363575,-8.876056082589283,2.9963317150117077,-267.34514508928595,125.32681025587499,87.76877255644112,49.2551463916229,6.655011858268092e-05,0.07056393756257809,-0.04804444580078126,0.0341534393003845,-0.047977895682198575,0.07828166741298838,0.025238909040178673,0.20786410622884183,0.02777064732142861,0.013746975369677235,-0.615064460279303,0.8917877895147003,0.006567883016383389,0.004204163990320303,-0.0007114060926150731
84.5,-9.373188476562499,2.2183184525385746,-281.62109375000006,131.73811185357908,92.78635578155514,47.26444669418988,-0.04563255548477174,0.019188396758447045,-0.0001237792968750151,0.0,-0.04575633478164676,0.019188396758447045,-0.009532623291015641,0.0191910165478671,0.013183441162109363,0.007596426240001042,-0.8955107646666526,1.3574823391862878,-8.668956821986606,3.028353995181043,-277.27390834263394,129.21858968754339,84.3303856182098,50.169320794653736,0.0020189585004534278,0.07223683617653612,-0.04745772356305804,0.03381444225160565,-0.04543876506260462,0.07885231597718141,0.027806701660156277,0.20719628167453824,0.02830078125,0.0143838471012205,-0.6151022642721803,0.9216508110602379,0.007377742935901341,0.004846888100296021,-0.0003997300029635123
85.0,-9.147558593749997,2.3287432798164795,-288.28125000000006,132.65170068207826,89.12138824462886,48.85721180185219,-0.0429147720336914,0.015356263086089866,-0.0001237792968750151,0.0,-0.043038551330566416,0.015356263086089866,-0.0068298339843749925,0.015335587981910422,0.014282226562500002,0.0056996411957243665,-0.753997589324742,1.534010108721786,-8.45313546316964,3.0644416319511927,-283.29642159598217,130.7235073932326,80.86623534815648,51.08932842215571,0.004208564758300777,0.07020970758823696,-0.04686489780970983,0.033476130787086354,-0.04265633305140904,0.0774686702460441,0.030605207170758937,0.20574494196695498,0.028925432477678568,0.013801728543811353,-0.5633221758710051,0.6368835411954628,0.007130416476500163,0.004427920356744665,-0.0011586032392054586
85.5,-8.917060546874998,2.4406149397873502,-295.79101562500006,134.05565897953463,85.49592079162595,50.39229543047195,-0.038015999794006286,0.016060874729126297,-0.0001237792968750151,0.0,-0.0381397790908813,0.016060874729126297,-0.0019651031494140056,0.016049490287962247,0.016511230468750027,0.005822585897201093,-0.7550530778222432,1.479119589074686,-8.232738211495532,3.104623656342047,-290.12808663504467,132.76777228391666,77.44122282573153,52.00934190187888,0.0062428556169782335,0.06848884288056503,-0.046266840471540185,0.033139159166656475,-0.040023984854561954,0.0757385720170128,0.033263462611607154,0.2041919384005156,0.02948931012834821,0.01385739144039657,-0.5801648709363637,0.6803497463370745,0.005758169603331557,0.002882937477756956,-0.003045593325817407
86.0,-8.681015624999999,2.553440497451124,-302.3046875,134.88470169542896,81.90368103027342,51.8513640090872,-0.03410240173339843,0.017875264434154773,-0.0001237792968750151,0.0,-0.034226181030273445,0.017875264434154773,0.001946716308593754,0.017826057049086887,0.018239746093750002,0.00724002512034384,-0.7738012922949404,1.2641087547791217,-8.007234933035713,3.1486113960950193,-296.01109095982144,134.2518167505271,74.05223739419662,52.91153130487546,0.008045937674386161,0.06712524805008077,-0.04564105573381697,0.03279946471799882,-0.03759511805943081,0.0742103885880353,0.03570225306919644,0.20275384961272164,0.02995082310267857,0.0142465453853394,-0.6139961926094825,0.890914499412343,0.0049038201973182986,0.0018523162288084736,-0.004425158486242013
86.5,-8.439404296874997,2.6674448020644035,-305.947265625,134.05663786478144,78.35152053833005,53.23608724568853,-0.03526090621948239,0.018212391857638906,-0.0001237792968750151,0.0,-0.03538468551635741,0.018212391857638906,0.0007853698730469084,0.01816222448881189,0.017417144775390636,0.008345832649560911,-0.7953152956662457,0.8916923116184341,-7.776444004603791,3.196311612841299,-299.15963309151783,134.04964540426036,70.70156460925932,53.78567544867443,0.008939552307128935,0.06662235112191066,-0.044939674595424105,0.03241503973791402,-0.03600012228829517,0.07424440390435456,0.03725660051618308,0.20206306440717092,0.029920043945312513,0.014627673546270242,-0.6000808680252047,1.039081333337758,0.006613605052824987,0.0033831787529735244,-0.0032484233176250116
87.0,-8.195185546875003,2.7815351010215887,-309.58984375,133.22858621899843,74.90433418273926,54.52494387231907,-0.0383132171630859,0.02268642729562255,-0.0001237792968750151,0.0,-0.03843699645996092,0.02268642729562255,-0.002236022949218719,0.022685882926731113,0.015577697753906265,0.009251450629275463,-0.7507263752686182,0.7339462623338372,-7.5434338378906265,3.247119157889856,-302.30503627232144,133.87552165316495,67.45343497851066,54.617397883400045,0.009552427019391716,0.0678038876479268,-0.044232189941406264,0.0320400419369598,-0.03467976292201453,0.07505075465213044,0.03856436593191962,0.20215613773623706,0.02976266043526785,0.014414901123537927,-0.47909955441693214,1.1526138160234138,0.009344401655266617,0.00593418682923001,-0.0010531925503344808
87.5,-7.947753906249999,2.8951401784293176,-315.42968750000006,133.6687201122619,71.56994342803954,55.691357873964776,-0.03549945354461667,0.02473180010927616,-0.0001237792968750151,0.0,-0.03562323284149169,0.02473180010927616,0.0005550384521484618,0.02468582878751925,0.01673889160156251,0.010091159933346984,-0.6278689368899446,0.6923547459667947,-7.307519095284598,3.300911814786552,-307.54307338169644,135.0436101517042,64.31641413856829,55.381423988763565,0.014155932835170196,0.06576465962609464,-0.04353194231305805,0.0316845880017064,-0.02937600947788785,0.07287753849778913,0.043873378208705356,0.2004031268584262,0.03162928989955357,0.01462639428157582,-0.39223929147024184,0.9501008108483122,0.009081466394430002,0.005490044385199034,-0.0018558575064348704
88.0,-7.696054687499997,3.0093326715996267,-318.1640625,132.31650836622944,68.31451782226557,56.76659481159669,-0.032845840454101535,0.024555403623903696,-0.0001237792968750151,0.0,-0.03296961975097655,0.024555403623903696,0.0032089233398437766,0.024508283334473947,0.017783203125000008,0.010176665694154145,-0.23169599768720744,0.6537314870827542,-7.067558593749996,3.3580467322145586,-309.82352120535717,134.37495247288294,61.2549486313547,56.09231468397414,0.015706525530133974,0.0666551740915882,-0.042822626604352675,0.03132814748485885,-0.027116101074218708,0.07323181165526467,0.046155831473214344,0.2001380687910318,0.031900111607142866,0.015296509387779754,-0.15355087620712315,1.1145054216582018,0.008957479295424953,0.005180376609580274,-0.0025328439946411384
88.5,-7.442241210937496,3.1232484490686874,-320.51757812500006,130.74450670595292,65.16904144287105,57.74251773932721,-0.03066061973571777,0.02299012034103342,-0.0001237792968750151,0.0,-0.030784399032592787,0.02299012034103342,0.005400619506835938,0.02295581621733009,0.018587493896484373,0.009546268727908609,0.08899430850725536,0.8695459855880825,-6.82567007882254,3.4181927910171312,-311.74124581473217,133.50087206910115,58.30018144916208,56.74514286453058,0.01613082340785439,0.0675173711374451,-0.04211113106863839,0.030979474501010174,-0.025980307660783995,0.0745608360812541,0.04732413155691971,0.2004436579894787,0.03159554617745537,0.015632403291931593,0.15240263073514834,1.2724086574584583,0.009081693295942618,0.0051172355402539765,-0.002966556781892728
89.0,-7.186855468749998,3.235662080855511,-324.208984375,128.65086229304453,62.138428497314436,58.595370881380475,-0.030396556854248045,0.023300334744909397,-0.0001237792968750151,0.0,-0.03052033615112306,0.023300334744909397,0.005650634765625006,0.023284860657401374,0.01843658447265625,0.009616508312514286,0.08051127542706034,1.0866752273342515,-6.5824143763950875,3.4802829531516197,-314.71365792410717,132.59762095159508,55.45771773376633,57.31520612680437,0.017060285295758898,0.06551006981493816,-0.04137766287667411,0.03063061300426814,-0.024317377580915216,0.0740086012567814,0.04901184082031247,0.19995756748669855,0.03155953543526784,0.014547052512537366,0.41866540035485034,1.2112628299765658,0.010172103867872975,0.006018049501673206,-0.0024406919840324493
89.5,-6.928637695312496,3.347436081327329,-325.87890625,125.79325326072927,59.21311733245845,59.333637420504544,-0.029650650024414076,0.02258326255193939,-0.0001237792968750151,0.0,-0.02977442932128909,0.02258326255193939,0.006404418945312492,0.022578165512560117,0.018539123535156243,0.00928987856373108,-0.020517558206764867,1.0927136433615128,-6.33670767647879,3.5444683153179644,-315.81577845982144,130.79510429956557,52.718849252909386,57.80571947913691,0.015005002702985418,0.06488453476195047,-0.040563017926897316,0.03025003420358064,-0.025558015223911903,0.07277611585211284,0.047766505650111556,0.20004156582535867,0.03003330775669638,0.01411392219318982,0.5679420880226581,1.1028354025912817,0.011016702731112204,0.006671487914818865,-0.002165239231141397
90.0,-6.669335937499999,3.457347856926808,-324.90234375,122.06792966424332,56.45261688232421,59.918006523835516,-0.02834129333496093,0.022545385128708822,-0.0001237792968750151,0.0,-0.028465072631835946,0.022545385128708822,0.0077331542968750045,0.022506769936701882,0.018914794921875006,0.008112706549267702,0.15847088295819362,1.3424879157712228,-6.0902954101562505,3.610109419888524,-314.56124441964283,127.78330864767013,50.14318753778934,58.18727078781802,0.017941720145089275,0.0650588948700886,-0.039741223144531254,0.029873772460484022,-0.021799502999441975,0.07193784263568298,0.05151628766741072,0.19951726774516776,0.03105468749999999,0.013486147171310782,0.7201335448405769,1.2306154034527954,0.011586249067369367,0.0070502369928309785,-0.002163697335348361
90.5,-6.410747070312498,3.5643694029357262,-324.97070312499994,116.46771911214,53.83090728759764,60.36727077786951,-0.028699693679809617,0.01794746281768082,-0.0001237792968750151,0.0,-0.028823472976684632,0.01794746281768082,0.00738082885742183,0.017930518872671677,0.0184138488769531,0.006480652617912386,0.3170566514377615,1.3336211211034685,-5.844667184012275,3.6761872057255993,-314.19677734374994,123.33504935944678,47.7017725180515,58.46505136274884,0.016171706063406777,0.0647328429680052,-0.03891942836216517,0.0295124764576976,-0.02274772229875841,0.07204927724623572,0.050546090262276744,0.2002115389945414,0.029675118582589265,0.012347850798348069,1.013794046936137,1.0008144816799813,0.013030675229079742,0.008304193260222933,-0.0012862431562225933
91.0,-6.152705078124999,3.6681373760946037,-324.55078125,111.73808665426164,51.339707870483394,60.672968876449495,-0.030016689300537074,0.0166441132116968,-0.0001237792968750151,0.0,-0.03014046859741209,0.0166441132116968,0.006040802001953158,0.016632915924487745,0.01745788574218752,0.006807008812686871,0.3641849686771554,1.1044780441256052,-5.599608154296874,3.741979741146844,-313.33565848214283,119.74821610060825,45.38552294718368,58.62490671485361,0.015713402884347128,0.06575379432079631,-0.038039562988281254,0.029133955520422947,-0.022326160103934126,0.07263199493857536,0.05094255719866075,0.2008212331699691,0.0289719935825893,0.01273852637437874,1.073812865194703,0.8349100045286914,0.0149358844687239,0.01001774840422463,4.851897919452494e-05
91.5,-5.8950781249999995,3.768441490236393,-322.1337890625,107.3349256372712,48.97331615447999,60.83271539617024,-0.031891117095947275,0.020521978953932034,-0.0001237792968750151,0.0,-0.03201489639282229,0.020521978953932034,0.004154510498046863,0.020507357466849306,0.016244812011718745,0.008583291924184427,0.3101930418214574,0.8043982069207913,-5.355174124581473,3.8073652854327587,-310.6971958705357,116.14625274498927,43.19321781688503,58.669482067001,0.0168862043108259,0.06757496652082053,-0.037107643345424116,0.028746621928781912,-0.020221439034598217,0.07368309804181046,0.053019321986607144,0.201293243526197,0.029112287248883928,0.013631155045060576,0.8253717311334546,0.9531723397181594,0.01709371151807256,0.011984805919303752,0.0016385875713065875
92.0,-5.638398437499998,3.8656493324741352,-317.03124999999994,99.95262549703233,46.73994415283202,60.86379538880332,-0.029678535461425803,0.018705224297135423,-0.0001237792968750151,0.0,-0.029802314758300818,0.018705224297135423,0.006424255371093727,0.018718379893389484,0.017077636718749983,0.008016697490246909,0.2214011167868558,0.6516621548545414,-5.111769670758926,3.872215161411922,-305.61209542410705,109.55142213991756,41.129007484061354,58.607578765226265,0.015764814104352674,0.06753669497460707,-0.03617502615792411,0.028380178725175505,-0.02041021205357143,0.07468441848564608,0.05280238560267859,0.2019899827092046,0.028096400669642856,0.012262216478936615,0.4177438772165352,0.9099190689532534,0.017200093588119723,0.011901516427256384,0.0011805334146478986
92.5,-5.387548828124996,3.9573168550020936,-314.03808593749994,94.17032430235065,44.70046920776364,60.736452660736525,-0.030570077896118195,0.018029683223683448,-0.0001237792968750151,0.0,-0.03069385719299321,0.018029683223683448,0.005502319335937467,0.018027928269003575,0.016365814208984353,0.0076118138123214985,0.10039322859756228,0.6583732461000942,-4.874084036690843,3.934308184647042,-302.4015154157365,104.83523579119215,39.24930153797777,58.40978645833083,0.016201319013323088,0.0662066189828991,-0.03523682861328124,0.028031827494658955,-0.019035509599958148,0.07350598363308104,0.05421186174665179,0.20090852624709296,0.02789393833705356,0.012554398775986415,0.4371843773088913,0.9372611617891192,0.018850257988400374,0.013362164516418841,0.002266771630770799
93.0,-5.139472656249997,4.044853085890136,-307.3339843749999,85.96825122307226,42.798209533691406,60.47729057250945,-0.029974203109741197,0.017411429015489904,-0.0001237792968750151,0.0,-0.030097982406616212,0.017411429015489904,0.006086578369140639,0.01743492725320281,0.016439514160156255,0.008087392476845152,-0.03806374289773104,0.8972135595646933,-4.639099295479909,3.9946808562471965,-295.41861397879455,98.07070898962303,37.50086041471788,58.098042570176794,0.015694394792829188,0.0640703422833175,-0.03420969412667411,0.02766386732744217,-0.018515299333844916,0.07154699254990504,0.05475132533482139,0.19970300278215905,0.02720110212053568,0.011337075280836722,0.5184014797051926,1.0172097849500794,0.019707483280231853,0.014031350409205834,0.0025645174922490875
93.5,-4.896235351562497,4.126034876156776,-299.96582031249994,78.43883908409177,41.02194972991943,60.07448779918386,-0.02899941921234129,0.018367590315728714,-0.0001237792968750151,0.0,-0.029123198509216304,0.018367590315728714,0.007045593261718765,0.018382208684037938,0.016652832031250005,0.007529324384310027,0.04107192957596173,0.9154344088995258,-4.408969464983256,4.051560273393323,-287.9837036132812,91.64662000611126,35.877619181594675,57.66692505124734,0.014048723493303602,0.06457838219275099,-0.03317270682198661,0.027331893700433204,-0.01912398332868301,0.07273888170458705,0.054142804827008964,0.1998474326383093,0.025947875976562503,0.0105582347400776,0.5475473419809372,1.0720265625425123,0.02040919506197968,0.014548210278114416,0.0027162913560706894
94.0,-4.659101562499997,4.201965140414635,-292.4316406249998,69.96836015355014,39.38207401275635,59.560633207237444,-0.027507781982421868,0.019051152460713476,-0.0001237792968750151,0.0,-0.027631561279296883,0.019051152460713476,0.008530578613281256,0.019052638897346184,0.0171221923828125,0.0072019907529994156,0.1938229007320837,0.7413755349650483,-4.1847771344866045,4.105702284998378,-280.3981236049106,84.53488863350218,34.38668479400021,57.1436430534138,0.015405066353934196,0.06458638416091002,-0.032095087541852675,0.027007663245476876,-0.016690021187918475,0.07308707111520862,0.056561279296875065,0.19913029193446555,0.0262290736607143,0.010458582746446891,0.5633051031000272,1.0622283011550964,0.020842805655385654,0.01479938416053129,0.002607200960885009
94.5,-4.4277758789062505,4.272519792191588,-284.2065429687499,58.070358670494954,37.866808583736436,58.94097725919889,-0.02553952217102054,0.019009187444551684,-0.0001237792968750151,0.0,-0.025663301467895555,0.019009187444551684,0.01053001403808591,0.019043087714233266,0.017867584228515608,0.009451256706058496,0.22716282130954946,0.6252189655466308,-3.966236310686384,4.156732098680289,-271.8429565429687,75.23479522200581,33.01612197018097,56.5302152708525,0.019510958535330587,0.06321334886760055,-0.030928095354352685,0.02665238946574486,-0.011417136819022096,0.07145120544968633,0.06181191580636157,0.19716442023549668,0.027886265345982122,0.011627708033890329,0.5953005937747184,1.025968458602489,0.020987014726378643,0.014763837155214468,0.0022167343494625662
95.0,-4.204077148437499,4.333159292245768,-273.07128906249983,48.63327209990842,36.45960786342621,58.14743901909524,-0.027721214294433597,0.020461362876384066,-0.0001237792968750151,0.0,-0.02784499359130861,0.020461362876384066,0.00831375122070312,0.020436985788612583,0.016485595703124994,0.009258039367085077,0.1939946954900561,0.5101450463396673,-3.7554438999720965,4.20034932205467,-260.9063284737722,67.30761980731535,31.754698502538467,55.76406154830036,0.015438052586146675,0.06197144286357946,-0.029781157575334817,0.026364328931711496,-0.014343104989188142,0.0698033411617105,0.05896083286830351,0.1970648843651109,0.02541765485491066,0.011238446148281869,0.5708148866107898,0.8323976049912798,0.023238905778716568,0.016839929495518796,0.003945777571323377
95.5,-3.9903222656249993,4.385816437760407,-260.8911132812499,38.45877477317449,35.17296570777894,57.24384834920606,-0.027758278846740717,0.02066604722101247,-0.0001237792968750151,0.0,-0.02788205814361573,0.02066604722101247,0.008328857421875006,0.020609071061880722,0.016203460693359376,0.009076462308562088,0.9433536485080322,1.0633314017404918,-3.554322640555245,4.238346985264354,-249.13872855050218,58.938363786450815,30.611061139314305,54.904040733737865,0.014666892460414327,0.06197232489982701,-0.02854475969587054,0.026093225901418122,-0.013877867235456214,0.0689822269936592,0.05944841657366072,0.19672455941323608,0.024636840820312488,0.011298558514203555,1.026406712108064,1.0480695222714622,0.02436269533833159,0.017793602248227146,0.004563684216722937
96.0,-3.78642578125,4.431753099255489,-249.91210937499994,23.577566090930922,33.99323699951172,56.27507100934444,-0.028220558166503915,0.016926739383294632,-0.0001237792968750151,0.0,-0.02834433746337893,0.016926739383294632,0.007836914062499988,0.01690871491152814,0.015739746093749993,0.007359232307881125,3.388649822670815,4.514409649480408,-3.3625066266741066,4.27134607707212,-238.06867327008925,49.322328449557,29.565771099371574,53.981708605293925,0.016169586181640636,0.06124643413681651,-0.027207392229352683,0.025805894226828243,-0.011037806047712049,0.06854546426462019,0.06225585937500001,0.19608643777725965,0.025,0.01072688134378116,2.9485557319877445,4.226791287303081,0.025647391759708087,0.01891233825754365,0.0053549122607191215
96.5,-3.5910620117187477,4.466670151986343,-235.3393554687497,12.776420548247348,32.860159738063814,55.16129966536023,-0.029758319854736322,0.01485179093204788,-0.0001237792968750151,0.0,-0.029882099151611337,0.01485179093204788,0.0062864685058593795,0.014833086329876517,0.014725189208984375,0.005248543205027921,2.816552159947358,3.6291941415022584,-3.1790095302036803,4.295287543822638,-223.6141313825332,42.47619265661943,28.5680303630286,52.92408490125543,0.01589516503470283,0.061522918524112555,-0.025802798897879453,0.02558304653029161,-0.009907633863176625,0.06907506706713869,0.06335292271205357,0.19610571690042536,0.024476841517857128,0.011150321153959175,2.5460587854667738,3.2154985335706416,0.027450311975744265,0.020555863614353777,0.006683956096630348
97.0,-3.4065722656249973,4.492463587081064,-219.01855468749957,7.397721994156084,31.79247069358826,53.96052875117591,-0.029170675277709883,0.016063418159022184,-0.0001237792968750151,0.0,-0.029294454574584898,0.016063418159022184,0.006907501220703205,0.016030887622640305,0.014787292480468787,0.004830582384919601,0.38231367275704076,1.1204378247972546,-3.0060732596261133,4.31213100647181,-207.63057163783444,37.394944661413845,27.636193996039886,51.79156825316693,0.013573543003627212,0.06178319537985988,-0.024340134974888374,0.02542081211924945,-0.01076659197126117,0.06943559725901662,0.062480119977678585,0.19643818602060736,0.022940325055803557,0.011693729597014826,0.6998562458709775,1.326870228904372,0.028142233483267293,0.021095303558303063,0.006922627123793752
97.5,-3.2357421874999988,4.509085198472902,-203.79638671874983,18.20101926354622,30.805911302566535,52.71539663042208,-0.026784157752990687,0.01938311738807411,-0.0001237792968750151,0.0,-0.0269079370498657,0.01938311738807411,0.009316635131835976,0.01935337606259407,0.015796661376953146,0.007304550744309089,-4.732920684458836,8.991421918284436,-2.8464622497558585,4.32188632429619,-192.7580152239117,37.01368420891762,26.784567144719357,50.62648425641799,0.013623373849051327,0.06173881918704685,-0.022867182268415182,0.025305844999985474,-0.009243808419363847,0.06865605019753855,0.06403939383370535,0.1959224101834125,0.02263052804129464,0.012126649712598641,-3.705022621662979,8.374429547154426,0.02785251944825948,0.02066002865329552,0.006200307890001944
98.0,-3.080195312499998,4.512312820060684,-186.36230468749966,33.28221100328646,29.85703691482545,51.37131646711126,-0.03085630416870128,0.014998651319755063,-0.0001237792968750151,0.0,-0.030980083465576295,0.014998651319755063,0.005219726562499895,0.014998947692755346,0.013469848632812441,0.007673972865618645,-8.05212158701087,14.252633582699186,-2.7015993826729896,4.319981582712146,-175.6151907784595,41.93047548674793,25.96861307736487,49.36451400311566,0.014154303414481031,0.061666774453419775,-0.02129291120256695,0.025252698520412346,-0.007138607788085919,0.06903327705520933,0.06616001674107144,0.19572481709216125,0.022526506696428573,0.011818223720504579,-6.292204080404515,13.123796694372306,0.030862821141546596,0.023532053191029065,0.008799729174130019
98.5,-2.938441162109375,4.504512323896469,-167.38281249999972,48.67245987591259,28.93046933829786,49.965632267446324,-0.029780650138854982,0.012262592072467927,-0.0001237792968750151,0.0,-0.029904429435729997,0.012262592072467927,0.0063031768798828105,0.012273759124412616,0.013781890869140622,0.005483987779529272,-10.269303755326689,17.44681815467825,-2.5699654497419084,4.30868249212222,-156.94195338657897,50.55049833079307,25.17467115280486,48.043984149553964,0.01409455708095004,0.061113087348472865,-0.019568580845424097,0.025287322478900767,-0.005474023764474062,0.06933262305310682,0.06774684361049108,0.19559644354018346,0.02213143484933035,0.010614907520893481,-7.6257502457081525,16.269805918622815,0.031188912469161934,0.02372900436526946,0.008742186262725628
99.0,-2.81081787109375,4.484494030550355,-147.39425659179665,64.31597602411757,28.017423535585422,48.50777865420467,-0.02561574935913085,0.013950470756871787,-0.0001237792968750151,0.0,-0.025739528656005865,0.013950470756871787,0.010460357666015638,0.013991726874612264,0.015680847167968755,0.005070719004280658,-12.32576072354971,20.746759493938004,-2.452142900739397,4.2871987656103165,-137.64624459402881,62.316645407928405,24.398469081422597,46.68111959028938,0.013971050807407894,0.06098421525346385,-0.017785656738281246,0.025427015929352165,-0.0038146059308733493,0.06813380798634626,0.06937168666294642,0.19493536439018805,0.021735316685267844,0.011800570677935157,-8.983454788441737,19.421127384072292,0.029879852080341628,0.022300522774128063,0.00707846991403876
99.5,-2.698777236938476,4.45309251863512,-998.7736129760558,1592.7280822972991,27.118215984927964,47.01758766200754,-0.022836656570434582,0.014825141845591177,-0.0001237792968750151,0.0,-0.022960435867309597,0.014825141845591177,0.01322990417480468,0.014835893699082269,0.01684738159179687,0.005349729005907646,-14.142981575919194,24.19009106177762,-2.3491572570800785,4.255719597921977,-875.643822806208,1528.607464631274,23.63383899500062,45.2839214362569,0.01399538585117885,0.06012418959044791,-0.01599654192243303,0.025649255226517766,-0.002001156071254176,0.06701368767498411,0.07124707903180806,0.1942637002674319,0.02141976492745535,0.012333786941709307,-10.537764280587892,22.47952643087487,0.02925957056008899,0.0215696136271522,0.006129750701801046
100.0,-2.6030807495117188,4.410244588973172,-2595.836639404297,4414.425026624579,26.226286723045632,45.50318469557414,-0.026319503784179688,0.016508993370479542,-0.0001237792968750151,0.0,-0.026443283081054703,0.016508993370479542,0.0097808837890625,0.016483384131983542,0.014801025390625,0.00457712806418776,-15.893869022111538,27.671293945883512,-2.261744907924107,4.214185248280047,-2251.5302385602677,4219.504286581915,22.874847335341787,43.86059190707334,0.015480586460658483,0.0583661993011557,-0.014202369907924117,0.025953847201906754,0.001278216552734365,0.0658959359155651,0.07461983816964286,0.1933094275483275,0.021833147321428572,0.011289345755430138,-12.171663779081868,25.4897026847595,0.03179704267904486,0.024007569058858286,0.008371909068476794
