phase_pct,baseline_omega_mean,baseline_omega_std,baseline_alpha_mag_mean,baseline_alpha_mag_std,baseline_omega_sq_mean,baseline_omega_sq_std,baseline_sp_feedback_mean,baseline_sp_feedback_std,baseline_turn_ff_mean,baseline_turn_ff_std,baseline_required_turn_voltage_mean,baseline_required_turn_voltage_std,baseline_motor_voltage_delta_mean,baseline_motor_voltage_delta_std,baseline_speed_error_mean,baseline_speed_error_std,baseline_acceleration_mean,baseline_acceleration_std,trial_omega_mean,trial_omega_std,trial_alpha_mag_mean,trial_alpha_mag_std,trial_omega_sq_mean,trial_omega_sq_std,trial_sp_feedback_mean,trial_sp_feedback_std,trial_turn_ff_mean,trial_turn_ff_std,trial_required_turn_voltage_mean,trial_required_turn_voltage_std,trial_motor_voltage_delta_mean,trial_motor_voltage_delta_std,trial_speed_error_mean,trial_speed_error_std,trial_acceleration_mean,trial_acceleration_std,predicted_speed_error_unconstrained,predicted_speed_error_constrained,predicted_speed_error_conservative
0.0,0.0819091796875,0.0,99.609375,0.0,0.006709113717079163,0.0,0.0019078254699707031,0.0124917864528235,-0.0001237792968750151,0.0,0.001784046173095688,0.0124917864528235,0.037994384765625,0.01251291412588529,0.004669189453125,0.00829219373907987,0.4459905735540587,0.7075179464147215,0.0819091796875,0.0,99.609375,0.0,0.006709113717079163,0.0,-0.009923934936523438,0.02035624250972407,-0.009889404296875015,0.0,-0.019813339233398453,0.02035624250972407,0.016448974609375,0.020378225619718925,-0.00384521484375,0.008561254967715782,0.6454218795527433,0.491201588052317,0.002105712890625,0.002105712890625,0.002105712890625
0.5,0.15873291015625002,0.006685479313394521,127.75924682617188,2.4497038170403935,0.02694661498069763,0.001761140668738451,-0.0009032773971557615,0.015522792128579814,-0.0001237792968750151,0.0,-0.0010270566940307766,0.015522792128579814,0.035206909179687496,0.015569387426257107,0.003181304931640625,0.010177910895592956,0.6675807357112369,0.7114589959679205,0.15916870117187504,0.005942418796552605,127.91893005371094,2.1774304168740537,0.027061414420604706,0.0015653979202832672,-0.007665281295776368,0.01599583438381377,-0.012540466308593765,0.00020390652733268773,-0.020205747604370133,0.01606801257259435,0.015951461791992187,0.016100866984312765,-0.00266693115234375,0.006270985412410344,0.9893254633550093,0.4458422507039323,0.003593597412109375,0.003593597412109375,0.003593597412109375
1.0,0.2553573608398438,0.018270366260869843,154.71710205078125,4.604460017313382,0.06980529408901931,0.00911957124520224,5.294799804687563e-05,0.015983386388784517,-0.0001237792968750151,0.0,-7.083129882813925e-05,0.015983386388784517,0.03615631103515625,0.016026687578305665,0.00364227294921875,0.01029210967888982,0.8164643685578787,0.8934922649080407,0.2565483093261719,0.016239698426853324,155.01724243164062,4.092695298606081,0.07039975067600608,0.008105972517993554,-0.010804252624511719,0.015396272326161682,-0.015191528320312515,0.00040781305466537437,-0.025995780944824232,0.015550718863363705,0.0101275634765625,0.015539369820307512,-0.0041766357421875,0.006277641178958708,0.9959927361050436,0.5326963954873112,0.0031326293945312497,0.0031326293945312497,0.0031326293945312497
1.5,0.37139328002929684,0.033792381028223316,180.42434692382812,6.4748401999862555,0.1445695265196264,0.026593025628822913,0.0004258060455322257,0.014364113515332665,-0.0001237792968750151,0.0,0.0003020267486572106,0.014364113515332665,0.036517868041992196,0.014398368538255336,0.0037886047363281253,0.009290400020113642,0.8156681727696093,0.9651744017702807,0.37335121154785156,0.03045886292718876,180.8629608154297,5.726636199469606,0.1458079886157066,0.02449137448968788,-0.01524951934814453,0.013581386275828,-0.01776263427734377,0.0005683083494950026,-0.033012153625488296,0.013708802615462206,0.0031028747558593745,0.013658076260054022,-0.0063604736328125005,0.005272684361400832,0.7424140698982032,0.567917863727101,0.0029862976074218747,0.0029862976074218747,0.0029862976074218747
2.0,0.5082788085937499,0.04907336333456258,204.671630859375,8.33253446365838,0.268069680929184,0.047377899758033665,-0.00354292869567871,0.015083875882978904,-0.0001237792968750151,0.0,-0.003666707992553725,0.015083875882978904,0.03253738403320312,0.015073015787007952,0.0017462158203125008,0.00897299998052216,0.7370742050917737,1.0402480971282286,0.511260986328125,0.043982421516551594,205.2313232421875,7.378730629466276,0.27047231435775765,0.04326545725385144,-0.01842430114746094,0.013388993143006738,-0.020180541992187516,0.000732047175882506,-0.03860484313964845,0.013481681435279494,-0.0024966430664062527,0.013442744514512588,-0.007900390625000002,0.004744058808539564,0.5066992130590822,0.8083273351308188,0.005028686523437499,0.005028686523437499,0.005028686523437499
2.5,0.6624435424804687,0.06855946349967079,227.60467529296875,9.865944922873869,0.4474899668246508,0.08297602438946551,-0.004867696762084962,0.0181101413367679,-0.0001237792968750151,0.0,-0.004991476058959977,0.0181101413367679,0.03124580383300781,0.018150703274799417,0.0010581970214843745,0.010246401691599431,0.8813124436598534,1.1782429364761955,0.6668708801269531,0.06100922700859777,228.25088500976562,8.764197323328366,0.4527074372395874,0.0740742223998867,-0.02200899124145508,0.014235519759720844,-0.022471801757812517,0.0008738851171400892,-0.04448079299926759,0.01451510307680396,-0.008396339416503907,0.014512555743891275,-0.009629058837890624,0.005097718163092392,0.6874546860203659,1.1038558722866612,0.005716705322265625,0.005716705322265625,0.005716705322265625
3.0,0.8364849853515626,0.09250466419354218,249.0533447265625,11.077978767403726,0.7137884376943111,0.1465264116570484,-0.006094436645507813,0.013477419817734681,-0.0001237792968750151,0.0,-0.006218215942382828,0.013477419817734681,0.030015106201171874,0.013471814413631005,0.00043975830078124957,0.008106655212109454,1.0692342122395944,0.9850294088633457,0.8420932006835937,0.08295064140285027,249.80682373046875,9.792607790933106,0.7214048815518618,0.13357879049835192,-0.02122959136962891,0.021374646405045408,-0.02474414062500002,0.0010486621405681076,-0.04597373199462892,0.02178466009847059,-0.009804916381835938,0.0217664664669139,-0.00898529052734375,0.008269717079483844,0.9381025265424697,0.8605494327799583,0.00633514404296875,0.00633514404296875,0.00633514404296875
3.5,1.0285870361328127,0.11689968643198183,268.953857421875,12.138310163882965,1.0860692808032038,0.2254844472363597,-0.00900096654891968,0.015125474874873118,-0.0001237792968750151,0.0,-0.009124745845794695,0.015125474874873118,0.022924480438232416,0.018053247421283017,-0.0010195922851562516,0.008915551075318016,1.195456764914783,0.78677413906832,1.0356900024414064,0.10477402707385174,269.791259765625,10.711961634649663,1.097524894922972,0.20587703085515602,-0.022295093536376955,0.01958322770372901,-0.02677111816406252,0.0010820965179148853,-0.04906621170043947,0.02005152849843292,-0.029655265808105482,0.03181078054148653,-0.009358520507812499,0.007239542130254684,0.860153945175921,0.9695979996957373,0.007794494628906251,0.007794494628906251,0.007794494628906251
4.0,1.2346826171875003,0.14439113006652088,287.1826171875,12.660547162747116,1.563473327159882,0.33589913843561997,-0.008429527282714842,0.0182237899183578,-0.0001237792968750151,0.0,-0.008553306579589857,0.0182237899183578,0.010941848754882806,0.015022017236738294,-0.0007299804687499983,0.010336982968280464,1.3539390297202856,0.897748482955608,1.24375732421875,0.12890816239759084,288.05419921875,11.175920247583903,1.5825665462017062,0.3032706098516035,-0.021654891967773437,0.01711880357407651,-0.028700439453125014,0.0011651801561867862,-0.050355331420898444,0.017604704701002002,-0.04420005798339845,0.033475581693549555,-0.008896484375,0.006023160500100685,0.786726091291524,0.8910181127276434,0.007504882812499999,0.007504882812499999,0.007504882812499999
4.5,1.4544512939453127,0.1732251667953057,304.0997314453125,13.010467095184431,2.1614428940415387,0.4748405652551366,-0.009843966960906987,0.019566662859824526,-0.0001237792968750151,0.0,-0.009967746257782002,0.019566662859824526,-0.0043382358551025384,0.015238349534421873,-0.0014521789550781276,0.010828221868682755,1.5628309627790846,1.0427992654015616,1.465033874511719,0.1551865094232262,305.02899169921875,11.424796587746087,2.1860252766311175,0.43296298365059954,-0.02142779350280762,0.018127240178725988,-0.030540954589843766,0.0012802321167656682,-0.05196874809265138,0.018526746926956078,-0.05324325561523438,0.03318406110807922,-0.008647003173828126,0.006778065314275797,0.8050995940095057,0.7280532757318209,0.008227081298828128,0.008227081298828128,0.008227081298828128
5.0,1.6875610351562498,0.20185411450024518,319.7998046875,13.743078917477664,2.900785434246064,0.6297250754951286,-0.015397000312805177,0.018941178024594,-0.0001237792968750151,0.0,-0.015520779609680192,0.018941178024594,-0.015277290344238283,0.010294878466191919,-0.00422821044921875,0.010548185227390214,1.66465563651843,0.8797846864155924,1.699993896484375,0.18063439440056206,320.73974609375,12.141811857793227,2.9337009489536294,0.5734082390749505,-0.021496486663818367,0.023588226845892384,-0.03228625488281252,0.0013404375045217153,-0.053782741546630874,0.024207733831355206,-0.05581197738647462,0.03788079929526344,-0.008567810058593752,0.009459501034380932,0.9485649340080506,0.6619994715397118,0.01100311279296875,0.01100311279296875,0.01100311279296875
5.5,1.933345947265625,0.23374862918796063,332.760009765625,13.216613278946596,3.802806571722031,0.8379224199800233,-0.01632739543914795,0.019818867507273262,-0.0001237792968750151,0.0,-0.016451174736022964,0.019818867507273262,-0.027808856964111336,0.01968993298716603,-0.004621124267578125,0.010906844057636807,1.7945737327451206,0.7810675495247038,1.9480560302734375,0.2086513318431241,333.7469482421875,11.538238572811382,3.850427592396737,0.7565423302352177,-0.0264048719406128,0.021419778857103767,-0.03400729370117189,0.0014419104432811458,-0.060412165641784685,0.022249177963014476,-0.06746907234191894,0.03584876151376296,-0.010860748291015626,0.00817966729878251,1.15745295455684,0.7491523196028219,0.011396026611328125,0.011396026611328125,0.011396026611328125
6.0,2.1899853515625,0.26632818350171644,345.6103515625,12.880436425426758,4.887442755699158,1.0899332368928571,-0.019174776077270507,0.01606078674775326,-0.0001237792968750151,0.0,-0.019298555374145522,0.01606078674775326,-0.02769378662109375,0.02637363985374322,-0.005936889648437501,0.008847196937579717,1.9592114428540293,0.9614432752783633,2.20644287109375,0.2382691319995735,346.58935546875,11.20838920527339,4.944842503070832,0.9920635795275314,-0.030920581817626958,0.02131161672186669,-0.03557971191406251,0.0014970358678509422,-0.06650029373168947,0.021931062381947683,-0.07511425018310547,0.0323092417161739,-0.012981567382812498,0.00808625259799034,1.505874598220789,0.6441624903181759,0.012711791992187499,0.012711791992187499,0.012711791992187499
6.5,2.4565307617187497,0.2985292745652834,356.279296875,12.736662676751607,6.154173350334166,1.366059211539066,-0.02211998701095581,0.015987188655202416,-0.0001237792968750151,0.0,-0.022243766307830825,0.015987188655202416,-0.03304301261901855,0.02056687752696999,-0.00733154296875,0.008616494662773512,2.2991544994718978,1.008041230974486,2.4750817871093753,0.2668720834799384,357.16796875,11.223316336531006,6.225949876308441,1.243261779306766,-0.0359698724746704,0.01941864809038784,-0.03703860473632814,0.0014867947252694092,-0.07300847721099855,0.019828716655449607,-0.08583667755126953,0.021377014419364924,-0.015301055908203126,0.006893989415733821,1.7873459040146005,0.5122141582284339,0.014106445312499999,0.014106445312499999,0.014106445312499999
7.0,2.7307275390625003,0.3319566711322561,365.458984375,12.127738564715674,7.594122495651247,1.6918267481978935,-0.026561726331710816,0.016522796408985234,-0.0001237792968750151,0.0,-0.02668550562858583,0.016522796408985234,-0.04052646636962891,0.01659469605785617,-0.009443359375,0.008817060169988563,2.6047684818436934,0.8436365858787431,2.7516625976562503,0.2962400622149653,366.416015625,10.502197580612203,7.689107146263124,1.5294769519485747,-0.03942777633666992,0.02110078997876334,-0.03842089843750002,0.0014898995439537046,-0.07784867477416993,0.0216445216885519,-0.09168075561523437,0.021630529521188088,-0.016806640625,0.007679042754171372,1.9930514533480859,0.6089893759772953,0.016218261718749998,0.016218261718749998,0.016218261718749998
7.5,3.01204833984375,0.36512189203987977,373.73046875,10.994463133982132,9.223694729804995,2.0462147422460797,-0.03300242722034455,0.016123911444642453,-0.0001237792968750151,0.0,-0.033126206517219564,0.016123911444642453,-0.04689130783081055,0.016168105331615664,-0.01249237060546875,0.008622306147132656,2.748506274812435,0.7508115769603582,3.034869384765625,0.3262088141967791,374.658203125,9.41243644378806,9.333484208583833,1.8589245829380898,-0.04206868410110473,0.02376093517433424,-0.039781372070312515,0.001530714384135017,-0.08185005617141725,0.024563868635558313,-0.09572296142578125,0.024574323889222902,-0.0178985595703125,0.009359760116493374,2.125573324990453,0.7308854337806875,0.01926727294921875,0.01926727294921875,0.01926727294921875
8.0,3.300078125,0.39783041986347656,380.56640625,10.11490608326356,11.060891113281249,2.4315695601188025,-0.03818487882614135,0.018351676048651604,-0.0001237792968750151,0.0,-0.03830865812301636,0.018351676048651604,-0.0521142578125,0.018344851968847848,-0.01490966796875,0.009561784642707268,2.915416086192457,0.8233055183389886,3.3250976562499996,0.3551433988193722,381.38671875,8.722469069868044,11.19190158843994,2.2075107913363863,-0.04187092781066894,0.017137192840236078,-0.041107666015625016,0.0016312522186614975,-0.08297859382629395,0.01830910440226684,-0.09686904907226562,0.018326640037199537,-0.017471923828125,0.0058326221072221565,2.229474830182849,0.6285906897755527,0.0216845703125,0.0216845703125,0.0216845703125
8.5,3.5936987304687507,0.4312747309891171,386.03759765625,8.994316571530767,13.124510703086859,2.8895493812047124,-0.04426601290702821,0.018665608869537276,-0.0001237792968750151,0.0,-0.044389792203903225,0.018665608869537276,-0.058195457458496094,0.018663037879007728,-0.017743682861328127,0.009641602058945762,3.0635698580797492,0.7635403537916224,3.621153564453126,0.3844424886129427,386.763916015625,7.76130525037576,13.28822087526322,2.6097702430817917,-0.04521673202514649,0.01919981264929897,-0.04229220581054689,0.001651973071522508,-0.08750893783569338,0.020347536371341558,-0.10142349243164062,0.0203595626480744,-0.01887893676757813,0.006691396053457315,2.30043193399212,0.750955430900446,0.024518585205078127,0.024518585205078127,0.024518585205078127
9.0,3.8916259765624996,0.4636872540360297,391.1962890625,8.279676467821927,15.393567476272583,3.3671951187503146,-0.046324729919433594,0.021051086695038357,-0.0001237792968750151,0.0,-0.04644850921630861,0.021051086695038357,-0.06026351928710938,0.0210884750043355,-0.018491516113281252,0.010801831822925939,2.8689322660575116,0.7912251033257346,3.9209887695312498,0.41361638852784344,391.90673828125,7.069947881412081,15.577157788276674,3.053891420729402,-0.049647052288055424,0.020838516898340743,-0.04346942138671877,0.0016684908340151294,-0.09311647367477419,0.02182671340594238,-0.10692810058593749,0.021781221309708644,-0.02080413818359375,0.007394421138588448,2.295811437504557,0.838510488537775,0.025266418457031252,0.025266418457031252,0.025266418457031252
9.5,4.193364257812499,0.49579108638725733,393.28125,6.292215824371312,17.867302551269535,3.875229521013808,-0.05073491364717483,0.02246524942334869,-0.0001237792968750151,0.0,-0.05085869294404984,0.02246524942334869,-0.06468334197998046,0.0225413003718019,-0.020372161865234373,0.011349960320368632,2.5186544920736837,0.6915178716328205,4.22486083984375,0.44206254116156835,393.9306640625,5.19729232351161,18.078674144744877,3.5137971088304973,-0.055279580354690556,0.02242075301840899,-0.04457522583007814,0.0016439065514081005,-0.09985480618476868,0.023304994708372693,-0.11364810943603515,0.023223510148006443,-0.02328109741210937,0.007862392482319505,2.2080549048932876,0.8872008868347052,0.027147064208984373,0.027147064208984373,0.027147064208984373
10.0,4.4970703125,0.5273959392577892,393.310546875,3.4674845268712877,20.52383136749268,4.427253255909203,-0.05676916241645814,0.02395734542898853,-0.0001237792968750151,0.0,-0.05689294171333315,0.02395734542898853,-0.07071609497070314,0.02402592088639273,-0.023049926757812502,0.01192908941879415,2.1846246608209525,0.4720092383185184,4.530908203125,0.46968337401749777,393.8232421875,2.6166363036060476,20.776822471618654,3.994949546457884,-0.0629383683204651,0.023229308760760757,-0.04557666015625001,0.001621181531620646,-0.1085150284767151,0.024069730926775765,-0.12239913940429688,0.024030305771773588,-0.02675476074218751,0.008045058161059727,2.209024496011806,0.8592643693404312,0.0298248291015625,0.0298248291015625,0.0298248291015625
10.5,4.8001025390625,0.5561084025961506,396.61376953125,3.1587938311864048,23.358335494995124,4.970357996877135,-0.06252832561731339,0.024141656121835643,-0.0001237792968750151,0.0,-0.0626521049141884,0.024141656121835643,-0.0764498519897461,0.02416944133369347,-0.025601348876953124,0.011846372721263144,2.1187369251028962,0.3688456338846039,4.83583740234375,0.4951766212861605,397.152099609375,2.273692205259736,23.63621715545655,4.4961302412963375,-0.06996308982372285,0.026440674139267845,-0.046564514160156265,0.0016231447768723286,-0.11652760398387911,0.027273817880882262,-0.13043087005615234,0.027339889167985177,-0.029849395751953126,0.009944512362358835,2.3859642046592757,0.9556741898492205,0.032376251220703124,0.032376251220703124,0.032376251220703124
11.0,5.1060791015625,0.5851337852698631,397.5732421875,1.4969384420883363,26.44131949424744,5.57413375663672,-0.06705505371093749,0.018631393096275175,-0.0001237792968750151,0.0,-0.06717883300781251,0.018631393096275175,-0.08103202819824219,0.018687741099226603,-0.027430419921875,0.009047734629847638,2.1931414837603915,0.41167592988352386,5.14386474609375,0.5206953764021997,398.13720703125,0.7100715813349432,26.75327246189118,5.040911984018074,-0.07099151730537415,0.02942991583838265,-0.04755236816406251,0.00162512576551869,-0.11854388546943667,0.03029147286612618,-0.1324900817871094,0.0303125273163509,-0.029891052246093754,0.01078328479261933,2.4464508981415753,1.1073770349615728,0.034205322265625004,0.034205322265625004,0.034205322265625004
11.5,5.412509765625,0.6133726409655295,394.6826171875,2.0212897607859457,29.701653900146486,6.217188392211114,-0.06927956581115723,0.019382694787826536,-0.0001237792968750151,0.0,-0.06940334510803224,0.019382694787826536,-0.08316158294677735,0.01947657425468602,-0.028104248046875,0.00908309167393195,2.284054522747769,0.6538238050837364,5.4526025390625,0.5450144287920415,394.28955078125,1.382170188565982,30.064368209838868,5.597589303461967,-0.07292016506195069,0.02796104137224239,-0.0485116882324219,0.0016749464745185046,-0.12143185329437257,0.028927791480116483,-0.1353436279296875,0.02892397954791553,-0.0303985595703125,0.009771005578732507,2.3399306788589063,0.97073493344849,0.034879150390624995,0.034879150390624995,0.034879150390624995
12.0,5.7172265625000005,0.6386260770563535,390.5859375,2.9093040908383485,33.13072219848633,6.833825014419548,-0.07129539489746095,0.024611270347029524,-0.0001237792968750151,0.0,-0.07141917419433597,0.024611270347029524,-0.08520843505859375,0.024639624969563782,-0.028657226562500002,0.011582914321968524,2.490767899093104,0.9686324503039616,5.758906250000001,0.5675490249766566,390.48828125,2.753767727012563,33.52030715942383,6.168789721805284,-0.07809179306030273,0.025151092934971312,-0.04945849609375002,0.0017477702342801784,-0.12755028915405278,0.026156701814938177,-0.14141387939453123,0.026139059088204117,-0.032503662109375005,0.008524895530211593,2.0575833265042327,0.6043480672345284,0.03543212890625,0.03543212890625,0.03543212890625
12.5,6.0186767578125,0.6628392677891154,387.5732421875,4.862935616953635,36.69397687911987,7.46785115742448,-0.07607626914978027,0.026851440773063857,-0.0001237792968750151,0.0,-0.07620004844665529,0.026851440773063857,-0.09001731872558594,0.026878689282842438,-0.0305938720703125,0.01255863229736772,2.7259613250519106,1.1556860071356818,6.06182861328125,0.5892600367032798,388.00048828125,5.614902652395959,37.118584394454956,6.742239611948947,-0.08402800559997559,0.02419469548130621,-0.05035952758789064,0.0017942180309441214,-0.13438753318786623,0.02525648588588317,-0.14823341369628906,0.025245160336692943,-0.03496551513671875,0.008341210446502973,1.7924853416033901,0.6464073617261947,0.0373687744140625,0.0373687744140625,0.0373687744140625
13.0,6.3178906249999995,0.6863251324991684,383.61328125,8.558766685838398,40.39401206970215,8.12984743928875,-0.08116758346557618,0.025116818555018336,-0.0001237792968750151,0.0,-0.08129136276245119,0.025116818555018336,-0.09501365661621095,0.025193386983737128,-0.03269378662109375,0.011392457993611547,2.836718792681931,1.2237168659047777,6.363212890625,0.6090648279590852,383.61328125,8.558766685838398,40.87591522216797,7.306851274096412,-0.08620710372924806,0.0308090533186445,-0.05115802001953127,0.0017815943341220521,-0.13736512374877932,0.031930476244778586,-0.15128929138183594,0.03190678157118615,-0.035509338378906255,0.010932511073147386,1.6188774909172867,1.055141836804197,0.039468688964843755,0.039468688964843755,0.039468688964843755
13.5,6.613320312499999,0.7062166534923419,381.240234375,9.928845937919247,44.2554895401001,8.757174657227594,-0.08959771156311035,0.026886129081626308,-0.0001237792968750151,0.0,-0.08972149085998536,0.026886129081626308,-0.10346134185791016,0.0269239504811184,-0.03641494750976563,0.012130611033232291,2.7069413689744533,1.3138317145978666,6.660385742187499,0.6259981828356992,380.888671875,9.346407203102226,44.77021514892578,7.878938899316229,-0.0890248966217041,0.03152763831955643,-0.05195651245117189,0.0017689872033250275,-0.14098140907287599,0.032693092576743285,-0.15487674713134764,0.03260937766357264,-0.036334686279296875,0.011360272617003482,1.780548984909946,1.0474581169581723,0.04296711652882236,0.043035944626477425,0.04311289723999653
14.0,6.906757812500001,0.7249579844961147,374.21875,12.449115179401305,48.26072357177735,9.405173844468143,-0.09479118347167968,0.02827772078872945,-0.0001237792968750151,0.0,-0.09491496276855471,0.028277720788729453,-0.10864059448242187,0.02828742181192477,-0.03844482421875,0.01264519267315915,2.592993960791822,1.2770869258695074,6.955527343750001,0.6418464771682529,373.28125,10.85347186675766,48.81968521118164,8.450687472478553,-0.09524967193603515,0.028571921638244655,-0.05275500488281252,0.0017563969952777523,-0.14800467681884766,0.02969213899348495,-0.16187957763671879,0.02969274279924003,-0.03891540527343751,0.00950397981473311,2.226589531887393,1.004524835358082,0.04471373573678312,0.044870095923754585,0.04504491124312729
14.5,7.1955078125,0.740992986113061,367.255859375,13.514732375464188,52.349335823059086,10.043568337430239,-0.10135610580444337,0.027476344374680137,-0.0001237792968750151,0.0,-0.10147988510131838,0.02747634437468014,-0.11523693084716798,0.027501624868565437,-0.04113494873046875,0.012091822943661647,2.4078842198654327,1.2178782871159917,7.245078125,0.6565105082476409,366.75537109375,12.65499320677745,52.95463008880616,9.010131368292427,-0.1001006317138672,0.027591273490198333,-0.05355349731445314,0.001743824076521147,-0.15365412902832035,0.02860277582421383,-0.16752464294433594,0.028628576760227342,-0.04073440551757812,0.008680482148532297,2.52617486984859,1.0783807525058227,0.04706342959756837,0.047324991658573526,0.047617421366396136
15.0,7.47841796875,0.7565882092046475,360.986328125,15.645966767589956,56.52774085998535,10.651644012560503,-0.10509510040283206,0.027030663241864015,-0.0001237792968750151,0.0,-0.10521887969970707,0.027030663241864015,-0.11904144287109378,0.027039317773106097,-0.042369079589843754,0.011522182198218017,2.1763461453097763,1.2042084681030538,7.5294921875,0.6695432147778654,360.2783203125,14.443533524294512,57.16683464050293,9.56124672802515,-0.10343513488769532,0.027127510130720685,-0.054339782714843764,0.0017506021066259645,-0.1577749176025391,0.02817013361115651,-0.1716361999511719,0.028153553918419574,-0.041764831542968756,0.008211383607607158,2.5691443667823206,1.0367046052832745,0.04790341727131971,0.04828678344723924,0.048715382690416496
15.5,7.757065429687501,0.7704327754741315,353.251953125,17.946346746392372,60.78223222732545,11.25848535437924,-0.10891710281372069,0.027307209682540967,-0.0001237792968750151,0.0,-0.1090408821105957,0.027307209682540967,-0.12285465240478516,0.02730915247378994,-0.04360946655273437,0.011445902354132002,1.8004602819056046,1.0582311763886132,7.809436035156251,0.6811989767189474,352.2314453125,16.200055617955183,61.46574652671814,10.091749883366424,-0.10827445983886719,0.02571623476631494,-0.05507861328125001,0.0017944236287988629,-0.1633530731201172,0.026842796967743263,-0.17714965820312498,0.026832044715075488,-0.0435418701171875,0.007753705014901328,2.3487220888649243,0.7661666385667699,0.04869986648687196,0.049220431106932264,0.04980240000170832
16.0,8.02921875,0.7813172939767737,347.2265625,18.47069806508998,65.08676879882813,11.843119400334716,-0.11025039672851562,0.023049787148964867,-0.0001237792968750151,0.0,-0.11037417602539064,0.023049787148964867,-0.12416046142578124,0.02305361282126411,-0.043568115234375,0.009130065475466204,1.3934397308420763,1.0362902458334988,8.08234375,0.6908001050638674,346.640625,17.462117200081295,65.81489929199219,10.600444398565935,-0.11306934356689453,0.028670095642984568,-0.05568774414062501,0.0017672324501209842,-0.16875708770751957,0.02985192677984609,-0.18262054443359374,0.029834675656003232,-0.045267333984375005,0.008742189923815346,2.3635330733719524,0.9251039265044559,0.048168344156407035,0.04884040424511342,0.049591710911619215
16.5,8.2958935546875,0.7918127776300596,337.52441406249994,22.504820307328064,69.47399843215943,12.408541348761005,-0.11487298965454103,0.02359573786856892,-0.0001237792968750151,0.0,-0.11499676895141604,0.02359573786856892,-0.12880218505859375,0.0236764147335952,-0.045220794677734384,0.009373047415478366,1.1289983362584697,1.3420921762675155,8.350383300781251,0.6989795347348667,336.53076171874994,20.8270949719281,70.23942030906679,11.103053639540251,-0.1192076301574707,0.030353877311285263,-0.05629687500000002,0.0017400582478080354,-0.1755045051574707,0.03147905945734142,-0.18943450927734373,0.03145991402491845,-0.04761810302734374,0.009630695427300042,2.0696820523633286,0.8748876407189746,0.04928857134808496,0.0501252076564938,0.05106045233898909
17.0,8.555429687500002,0.7989760932258155,330.029296875,24.137075218757694,73.8597836303711,12.93308351785983,-0.11807907104492187,0.024673554317322575,-0.0001237792968750151,0.0,-0.11820285034179691,0.024673554317322575,-0.1320121002197266,0.024753774492961296,-0.046138305664062504,0.009708500430489818,0.8147140538497967,1.4297492330763575,8.61103515625,0.7042656283691008,328.3447265625,21.263943192955068,74.67095481872559,11.54914350802962,-0.12761970520019533,0.028041926883960726,-0.05690600585937501,0.0017129018298209999,-0.18452571105957036,0.029209962243772494,-0.19846939086914062,0.029173143924944227,-0.05108886718750001,0.008443448830632989,1.6030378719587706,0.9910292408509125,0.04963543099523929,0.05064846885115062,0.05178083842948156
17.5,8.809375,0.8037798278874322,321.3134765625,24.737542051459794,78.27025146484375,13.420983434048662,-0.11965141296386719,0.02650229309925719,-0.0001237792968750151,0.0,-0.11977519226074221,0.02650229309925719,-0.13359546661376953,0.026555800551107633,-0.046189880371093756,0.010437628632990604,0.5389500331211738,1.2748522758661849,8.865222167968751,0.7086555705288656,320.0439453125,22.561962322052494,79.11694788932802,11.976566945688372,-0.13113288879394533,0.027462018573756346,-0.05751513671875002,0.001685764055637293,-0.1886480255126953,0.028619872151795015,-0.20255432128906248,0.02859032820202414,-0.05205764770507812,0.0076459424041762205,1.0198979944615907,0.8393466555704858,0.049082468622274805,0.05028240637311798,0.05162359454398087
18.0,9.05705078125,0.8088880246050669,310.46875,27.875192684311617,82.70138984680176,13.88796783771998,-0.12260177612304686,0.0258589041960023,-0.0001237792968750151,0.0,-0.12272555541992188,0.0258589041960023,-0.1365777587890625,0.025906484735976155,-0.0469146728515625,0.009848304311846395,0.3916650162987983,1.269507834057827,9.113798828124999,0.712223965831486,309.00390625,25.383765599892257,83.58234882354736,12.385716018222837,-0.13068161010742188,0.027923423431018297,-0.05812426757812501,0.0016586458403735401,-0.18880587768554688,0.028817497771425296,-0.20266387939453126,0.028800108211095386,-0.0510064697265625,0.007780938459195832,0.6155367053194147,0.8284958671217267,0.04917232424573741,0.05056858976885847,0.05212908248208548
18.5,9.296430664062498,0.8107739978965116,299.4677734375,30.742210378480806,87.08858011245727,14.306835178310159,-0.12272563934326172,0.030625634457098247,-0.0001237792968750151,0.0,-0.12284941864013672,0.03062563445709825,-0.13667354583740235,0.030653295606357184,-0.04627426147460937,0.012291806918521171,0.2685105828416374,1.057142217747934,9.35373779296875,0.7131902716610125,297.64892578125,27.630989801907017,88.0087343120575,12.7375982684138,-0.13165924072265625,0.028246034255352204,-0.058728515625000026,0.0016391984095923621,-0.19038775634765626,0.02922542383287506,-0.20418800354003908,0.02922278535890082,-0.05070770263671874,0.008293062497721788,0.29426805900804326,0.9886199560236201,0.04786984582144216,0.04947086452908103,0.0512600141737202
19.0,9.525849609375001,0.8088034518117295,292.626953125,30.260145456452356,91.40924678802492,14.654238772819438,-0.12684715270996094,0.02889818194589324,-0.0001237792968750151,0.0,-0.12697093200683596,0.02889818194589324,-0.1407660675048828,0.028951233253842266,-0.04760406494140625,0.011190947340998252,-0.014127006619676613,0.9681812787667844,9.5833203125,0.7109507886378258,291.220703125,27.846711794349588,92.36055603027346,13.032136124667026,-0.13435668945312498,0.024916469629045816,-0.05916583251953126,0.00157809483031904,-0.1935225219726563,0.02596193112890612,-0.20739364624023438,0.025953269736450065,-0.051226196289062505,0.006625034852880889,0.13611444504388875,1.201599523391916,0.04851712522246382,0.05032926946463543,0.05235411837489584
19.5,9.749863281249999,0.8073995434423127,283.037109375,32.594354552590126,95.73261825561525,14.986471560907447,-0.12659492492675783,0.02968611443642559,-0.0001237792968750151,0.0,-0.12671870422363285,0.02968611443642559,-0.14050991058349607,0.029689279538403352,-0.04675750732421874,0.011503920769641829,-0.36979372962648893,0.8269369134550919,9.8080078125,0.7084048681900704,281.1962890625,29.48505279942536,96.71683822631837,13.308981466676398,-0.13246498107910157,0.021645169525328762,-0.059585601806640645,0.0015363562940332721,-0.1920505828857422,0.02259012606724372,-0.20597694396972654,0.02260150955275396,-0.0494879150390625,0.004314096920493706,-0.06087527686343114,1.0858221239948724,0.046968338125765334,0.04899775810309333,0.05126508388553103
20.0,9.967187500000001,0.8037798278874326,274.21875,33.829117335329634,100.00736694335937,15.275929081937294,-0.12598648071289062,0.02978986596369977,-0.0001237792968750151,0.0,-0.12611026000976563,0.02978986596369977,-0.13991241455078124,0.029788216722876182,-0.04573974609374999,0.011503966093312487,-0.7178175421583657,0.7864715334819279,10.0255859375,0.7043799293704379,271.6796875,29.49606762555127,101.0259262084961,13.539796969883438,-0.13457183837890627,0.02408924736995381,-0.06000537109375001,0.0014946386965680564,-0.19457720947265628,0.024764936192001014,-0.20852966308593754,0.02477639510900537,-0.0497802734375,0.006141143776914274,-0.18587979403408908,0.9913684235370925,0.045234017026229256,0.047485211949873866,0.049999930193686926
20.5,10.177587890624999,0.7982149380857709,264.453125,33.55848439664703,104.23171669006346,15.510522778333689,-0.1279006576538086,0.02857690526352727,-0.0001237792968750151,0.0,-0.1280244369506836,0.02857690526352727,-0.1418242073059082,0.028626629072553096,-0.04599380493164062,0.011040842910877018,-0.8881065173026952,1.0140665470659076,10.2356103515625,0.6994530039079576,262.7685546875,30.66425804513189,105.26858264923096,13.743262208145115,-0.14019985198974608,0.02740221723892908,-0.06042514038085939,0.0014529438415398952,-0.2006249923706055,0.028019682285626197,-0.2145957946777344,0.028015817883673102,-0.05183090209960938,0.007479842546649323,-0.2884081860522347,1.0852876908626714,0.044760941249249536,0.04723725912722685,0.050002983201308734
21.0,10.382128906250001,0.7938678965081816,248.88671874999997,38.937314052964425,108.42599136352541,15.745688398245045,-0.12954963684082033,0.027387325095018084,-0.0001237792968750151,0.0,-0.1296734161376953,0.027387325095018084,-0.14335823059082026,0.027617348144483387,-0.04611602783203124,0.010252848066496843,-0.8282360441479097,1.3093515938825968,10.440439453125,0.6946267180079194,246.90429687499997,35.5796538750301,109.48987953186038,13.933153641315695,-0.14075477600097658,0.029091542293324446,-0.060844909667968766,0.0014112737446667746,-0.20159968566894534,0.02974522418487166,-0.2155523681640625,0.029777318611169418,-0.051318664550781254,0.008430912345792626,-0.5479996687882522,1.19670859026711,0.04414789647121026,0.04685194099746995,0.049871435586625594
21.5,10.57189453125,0.7830425789608759,242.5390625,38.903484935629116,112.38690536499026,15.845786113540486,-0.12521209716796874,0.027385697152069753,-0.0001237792968750151,0.0,-0.12533587646484376,0.027385697152069753,-0.13397365570068356,0.03569906009063915,-0.043227539062499994,0.010032059772731052,-0.8391081981169838,1.5564051990837036,10.63021484375,0.6838193787798064,239.59960937499997,33.905944822845356,113.47945968627933,13.984563823620892,-0.14084430694580077,0.02619894307431149,-0.061264678955078145,0.0013696306657014856,-0.20210898590087892,0.0270189799399288,-0.2159979248046875,0.027038974998379935,-0.05055480957031249,0.006328487827354645,-0.9756176288311322,1.1826294461282145,0.040519629865570755,0.043452896345969695,0.046727668876109844
22.0,10.756953125,0.77170982465354,235.234375,37.2120290688626,116.31944885253907,15.91335951112783,-0.12874221801757812,0.02812078422294105,-0.0001237792968750151,0.0,-0.12886599731445314,0.02812078422294105,-0.13641273498535159,0.03900388376073125,-0.044313964843750005,0.010200060327201908,-0.9504610786349127,1.1934025461106288,10.814804687499999,0.6732922359552047,232.2265625,32.106024574288924,117.42452209472656,14.031037594004884,-0.14027130126953122,0.019909082903472163,-0.061567260742187525,0.0012606546680380675,-0.20183856201171874,0.02060048776012318,-0.21577056884765622,0.02061683760362723,-0.04945495605468749,0.004030954644006804,-1.276195321605478,1.0785398646339661,0.04086522279235164,0.044028150963879624,0.047558509075689814
22.5,10.9365234375,0.7614934312182705,222.65625,38.56519376227578,120.20117111206054,15.981854223582591,-0.12718048095703124,0.027122691866021738,-0.0001237792968750151,0.0,-0.12730426025390626,0.027122691866021738,-0.1292215347290039,0.037116203134303645,-0.04283981323242187,0.00958294591137315,-0.964350133509077,0.827867708902862,10.993798828125,0.6640089430810002,220.166015625,34.2832902494193,121.31591720581054,14.082708988179322,-0.13945159912109376,0.01643843396249918,-0.0619028015136719,0.0012096146984108833,-0.20135440063476565,0.016938925703746336,-0.2152179718017578,0.016942153012199333,-0.048274993896484375,0.004058106937415067,-1.3994070199819764,1.1526734002675243,0.0386502154422178,0.04204293686107626,0.045828826218624066
23.0,11.108203125000001,0.7495179236815632,209.16015625,41.03471932775485,123.96126342773437,16.001965369548465,-0.12288970947265626,0.027923688195873143,-0.0001237792968750151,0.0,-0.12301348876953126,0.027923688195873143,-0.1164373779296875,0.038139749108551474,-0.04001556396484375,0.009996491050315515,-0.9645130361988283,0.7864978804284491,11.16453125,0.6537170611921874,207.314453125,37.88526737049815,125.08345306396484,14.091134784714566,-0.13761688232421876,0.015358406172162414,-0.062236206054687514,0.001207047490131047,-0.19985308837890628,0.01573738166773684,-0.21363487243652346,0.01572311426448536,-0.04661224365234375,0.004628577230727474,-1.423450105395916,1.060916337824407,0.03509228200148533,0.038712715641577806,0.04275159097508578
23.5,11.267753906250002,0.7352758652833901,203.13476562499997,41.55907064645247,127.50782272338867,15.940677844826007,-0.12362297058105472,0.03517563554985076,-0.0001237792968750151,0.0,-0.12374674987792973,0.03517563554985076,-0.11209079742431638,0.04989870359293922,-0.03976913452148439,0.013480249003483515,-1.0739518101120802,0.5717107949764866,11.324399414062501,0.6389829789097577,200.34179687499997,36.824625812812585,128.65403217315674,13.98991462492048,-0.1341884231567383,0.01864079502278376,-0.06245379638671877,0.0011433902935048077,-0.19664221954345706,0.018805425053627835,-0.21048240661621098,0.018783830423500594,-0.04420333862304687,0.006304321228124838,-1.3765122562577505,0.8656005965871191,0.03412414625941659,0.037968735090779776,0.04225638597800708
24.0,11.422109375,0.7200189333651564,196.25,40.5949408023956,130.9901727294922,15.843140835138854,-0.128427734375,0.03304257522306506,-0.0001237792968750151,0.0,-0.128551513671875,0.03304257522306506,-0.11184555053710937,0.049010356591962435,-0.041552734375,0.012547812572902297,-0.9038609502476639,0.6743810186841042,11.478281249999998,0.6244764213172905,193.59374999999997,36.02807878499074,132.14607055664064,13.875307269115902,-0.13585647583007815,0.018361237856907107,-0.06253588867187503,0.0010018217658775124,-0.19839236450195313,0.018557489443958967,-0.21234390258789065,0.018510521117253508,-0.044344482421875005,0.006026109624714119,-1.1690551473266286,0.4979795952841625,0.03519084693923177,0.039258258626176774,0.04379294767246339
24.5,11.571630859375,0.7037978716028657,185.08789062499997,41.55907064645247,134.4041399383545,15.716480523340694,-0.12716785430908203,0.027485781863767506,-0.0001237792968750151,0.0,-0.12729163360595705,0.027485781863767506,-0.10553913116455077,0.039791288301807004,-0.04033004760742187,0.010382013049349409,-0.8354537359206523,0.8049928516673754,11.6265869140625,0.6104039349210093,182.78808593749997,37.671538292524446,135.55857242584227,13.752469523692778,-0.13366741180419922,0.018957694698819885,-0.06274432373046877,0.0009330388558892854,-0.19641173553466795,0.019241797284409633,-0.2103624725341797,0.019235003952714644,-0.042579040527343744,0.004787777387172063,-1.1048474789777225,0.47969472775946187,0.03326164699084505,0.03754883810033548,0.042326894025753674
25.0,11.71240234375,0.6875768098405748,174.31640624999997,44.82358046931179,137.66082382202148,15.55770052179256,-0.1260051727294922,0.02631910942905128,-0.0001237792968750151,0.0,-0.1261289520263672,0.02631910942905128,-0.10241317749023439,0.03571158851473431,-0.03911590576171875,0.009334959388913964,-0.9169056143238363,0.7876371282675587,11.767578125,0.5938624225393427,170.16601562499997,37.89059353856621,138.83460998535156,13.561869083507718,-0.13340950012207034,0.02061463734734343,-0.06297473144531252,0.0008769490384216926,-0.19638423156738283,0.021019859001428876,-0.21026420593261722,0.021006073683363068,-0.04176330566406251,0.004004407479151651,-1.210432786207934,0.8483263517256141,0.03136015387684964,0.03586137765747034,0.040876092881469546
25.5,11.845117187500001,0.6685310167807846,163.779296875,44.299229150614195,140.76067260742187,15.316891914390707,-0.12590606689453127,0.027933620455652026,-0.0001237792968750151,0.0,-0.12602984619140628,0.027933620455652026,-0.10227346420288086,0.03553438805595839,-0.038456268310546875,0.009641512515731842,-1.0454289007298192,0.8583682350156412,11.89890625,0.5770325034257305,159.87792968749997,37.586252519250394,141.9221127319336,13.339608031985074,-0.13713714599609378,0.01928397897292887,-0.06314837646484377,0.0007883771407987572,-0.20028552246093753,0.019655277981015806,-0.21409736633300783,0.01962178651171665,-0.04295166015625,0.004307788168333755,-1.2667688400873287,0.8572214968145266,0.030035082694253236,0.03474374883686181,0.039987459745579344
26.0,11.9704296875,0.6471510146248566,155.4296875,40.79791550640756,143.71211212158204,15.009310708038445,-0.1236865234375,0.026908649170431953,-0.0001237792968750151,0.0,-0.12381030273437499,0.026908649170431953,-0.10004615783691406,0.03418696140810216,-0.0367510986328125,0.008835932203775253,-1.1546386149657741,1.087882197981449,12.021621093750001,0.5601746092784362,153.65234375,37.75021806868669,144.83750747680668,13.095365667594258,-0.13865798950195313,0.01953665702302915,-0.06321948242187501,0.0006637213335474144,-0.20187747192382813,0.019787748774516813,-0.21496101379394533,0.020710294913462803,-0.04306152343749999,0.005454953911688878,-1.3345201754625635,0.7102416180292346,0.027683947777779588,0.032594228629787614,0.03806011480317506
26.5,12.088212890625,0.6294753008171464,149.404296875,41.32226682510517,146.5246062469482,14.756893295445987,-0.12404354095458983,0.02150229470979643,-0.0001237792968750151,0.0,-0.12416732025146485,0.02150229470979643,-0.10048627853393555,0.030317346788717406,-0.03638504028320313,0.006380331973861441,-1.421135677880063,0.9913357120635157,12.139453125,0.5424633903280396,147.5146484375,38.08765990446232,147.6627699279785,12.822323325419728,-0.13307136535644531,0.01977626569292372,-0.06327456665039063,0.0005665560022884707,-0.19634593200683592,0.01990191804705619,-0.20440290451049806,0.03099032403055622,-0.03961120605468749,0.005132862391294714,-1.5797858249335304,0.7849471385724881,0.026693516233384493,0.031798933891251414,0.03747943825910227
27.0,12.2009375,0.6105479096680293,139.04296875,44.34997282661717,149.24068786621095,14.464549331408493,-0.12302017211914062,0.027398521833746185,-0.0001237792968750151,0.0,-0.12314395141601564,0.027398521833746185,-0.09945285797119141,0.035248723948091094,-0.03529632568359375,0.009145180385245692,-1.612119163388699,0.620472769689797,12.251914062500001,0.5240121714219427,135.791015625,38.966022215496736,150.38785278320313,12.515609600615587,-0.13173553466796875,0.019356872226708365,-0.06333636474609376,0.0004666606712346453,-0.19507189941406253,0.01940734221439764,-0.19806186676025392,0.033051228422308024,-0.03834533691406249,0.005984399400815697,-1.7265408744900907,0.954573963326292,0.024998493016943076,0.03029366694409122,0.03618244748571749
27.5,12.306201171875001,0.5887112144280743,131.396484375,45.5847356093567,151.79165992736816,14.090212572809461,-0.1207344055175781,0.029457469504034942,-0.0001237792968750151,0.0,-0.12085818481445312,0.029457469504034942,-0.09712896347045898,0.037655136300417134,-0.03359603881835937,0.010058155762062277,-1.851101855298035,0.5701895344534498,12.3557861328125,0.50450952125748,126.53808593749999,37.313434314371904,152.92461528778074,12.164627818849421,-0.12753219604492186,0.018882887329229294,-0.06340350341796877,0.00034936629534439883,-0.19093569946289066,0.01892086956575713,-0.19228801727294922,0.035361998697623805,-0.03563842773437499,0.0062895062686898935,-1.81849375193492,1.0331019417278149,0.022720388138256258,0.028196722231012133,0.03428383169656075
28.0,12.405078125000001,0.566028791254736,122.81249999999999,41.67747255712614,154.2105548095703,13.670146511982455,-0.11914627075195311,0.030013438850553135,-0.0001237792968750151,0.0,-0.11927005004882812,0.030013438850553135,-0.09553771972656248,0.040126922748523544,-0.032292480468749996,0.010762583564584528,-1.8669046610941216,0.7191010922316072,12.4528125,0.48493891065814965,119.64843749999999,36.23431688627294,155.3105859375,11.799985144569023,-0.12597946166992188,0.020154207757662617,-0.06345507812500001,0.0002558443487283123,-0.18943453979492192,0.020183632449700308,-0.18626144409179685,0.032834180689428415,-0.03429443359375001,0.006474242509255376,-1.900344528518366,1.056740539880802,0.020867196056649738,0.0265161915003466,0.032791787156423294
28.5,12.498359375,0.5446487890988071,115.53710937499999,40.03676036636263,156.50851745605468,13.269045239336618,-0.11698928833007816,0.031148842060214055,-0.0001237792968750151,0.0,-0.11711306762695316,0.031148842060214055,-0.09127943992614748,0.038740698000622784,-0.030747680664062506,0.011296577691087465,-1.811809406413898,0.8276681257866481,12.544374999999999,0.46654640900752015,113.58886718749999,36.700317626223104,157.58105377197265,11.447332462891753,-0.12845535278320314,0.02342782359744275,-0.06344424438476563,0.00019856645109476612,-0.19189959716796876,0.023447036983844056,-0.17860010147094724,0.03285384719521842,-0.03501129150390625,0.007676065351115817,-1.9777743466250575,0.9258986804749674,0.01879923437736984,0.024612924497472037,0.03106775375264227
29.0,12.586015625,0.5243513186976093,109.51171875,40.56111168506025,158.68294982910155,12.88143332722824,-0.11750320434570313,0.031431441786728014,-0.0001237792968750151,0.0,-0.11762698364257815,0.031431441786728014,-0.08774320602416996,0.03517077410399689,-0.03054077148437501,0.010452577568054703,-1.5863620429050085,0.798657133007016,12.631201171875,0.4477221996467095,107.099609375,36.473069328264195,159.74972648620604,11.07088663234794,-0.12539726257324219,0.02219705000133129,-0.06331225585937501,8.873428635442328e-05,-0.18870951843261718,0.022192778313006138,-0.16540004730224606,0.030269465807920448,-0.03290863037109374,0.00842688607602232,-1.729259713268501,0.7672067607221886,0.018098745780697034,0.024068204829432,0.030691939328778506
29.5,12.667783203125001,0.5035633260950494,98.85742187499994,43.75796327324892,160.72907447814944,12.462586964655161,-0.11349441528320309,0.028904100348631064,-0.0001237792968750151,0.0,-0.1136181945800781,0.028904100348631064,-0.0836845207214355,0.03523642079910121,-0.028044281005859355,0.009853150111196893,-1.486162305711872,0.9379470084221839,12.712607421875001,0.42757827477197263,95.51757812499994,38.13022140018468,161.7951156616211,10.654132363583912,-0.12276330947875977,0.023915739714741476,-0.06333651733398439,6.387566763898379e-05,-0.18609982681274415,0.023907929808164807,-0.16246591567993163,0.032930451760282094,-0.031082611083984368,0.009231599795702329,-1.4998215895432727,0.7479261821506837,0.015134197489256564,0.0212517551827459,0.02803546926617763
30.0,12.741796875,0.4796968838149749,94.53125,41.94810549580876,162.5859375,11.95652094460224,-0.11264953613281252,0.02760508722912339,-0.0001237792968750151,0.0,-0.11277331542968753,0.02760508722912339,-0.08097629547119144,0.03165225058007117,-0.027194213867187508,0.00921950480636168,-1.5573354867788567,0.8923151839664925,12.7853515625,0.40581778202118024,90.4296875,35.02089830188675,163.6316131591797,10.181699516280016,-0.12122421264648438,0.02371174028880131,-0.06326770019531253,0.00011447143147895187,-0.1844919128417969,0.023698591170683122,-0.16086425781250002,0.031803366024306855,-0.0298431396484375,0.008552695416912545,-1.5791744063228526,0.607264390244078,0.013849671526213404,0.02010516405755411,0.027037140134245807
30.5,12.812656250000002,0.45561055227221975,87.16796874999997,40.29047874637763,164.37295547485354,11.435437042917258,-0.11007946014404296,0.02555887793918382,-0.0001237792968750151,0.0,-0.11020323944091798,0.02555887793918382,-0.07431963920593264,0.02561359122283448,-0.02546737670898437,0.007616058252148969,-1.7076189090044114,0.9733011110593128,12.85359375,0.38619258120506716,83.46679687499996,33.98230816047991,165.3662809753418,9.74993318973729,-0.11996372222900388,0.019636757623997882,-0.06322085571289064,0.0001902999802990758,-0.18318457794189452,0.019646901718567252,-0.15953577041625974,0.030406117974094482,-0.028767242431640618,0.007753366418815232,-1.7607660893793793,0.4807625946280802,0.011716676118815893,0.018101574531216767,0.025171926791975573
31.0,12.878554687500003,0.434162891881621,77.69531250000001,39.850700221018336,166.0475051879883,10.96283026637381,-0.10843307495117187,0.024331042256525322,-0.0001237792968750151,0.0,-0.10855685424804688,0.024331042256525322,-0.07236042022705078,0.024304691680897383,-0.02421356201171875,0.00685050093556619,-1.7234997871594535,0.9237984452384302,12.91806640625,0.3671574367471867,74.814453125,34.90819471059597,167.01236328125,9.325624174684613,-0.11755180358886719,0.01738646429910337,-0.06319384765625001,0.00023468950151385223,-0.18074565124511718,0.01743923839229448,-0.1570574188232422,0.03070841232672316,-0.027120056152343752,0.007781868578508208,-1.9017569446341474,0.567162851620409,0.01008746819759461,0.016592481101502195,0.023790472728485473
31.5,12.936328125,0.41082080092024326,75.478515625,36.41704481148236,167.51838729858395,10.432512072816202,-0.10854095458984375,0.028581513225777486,-0.0001237792968750151,0.0,-0.10866473388671877,0.028581513225777486,-0.07240489959716796,0.028571373050244122,-0.023917999267578118,0.008698484773027313,-1.6426187795358957,0.7207710732574927,12.974267578125,0.34654981928776496,73.3251953125,32.739452250541184,168.45230987548828,8.849519007428785,-0.11540225982666016,0.024003360070003282,-0.06304553222656252,0.0003203194547688996,-0.1784477920532227,0.024002232320280918,-0.15483390808105468,0.03231626709065409,-0.025604095458984386,0.007949361950699846,-1.8673722060410323,0.38404558467746275,0.009451739848458294,0.01606619574271309,0.023379548677020603
32.0,12.992578125000003,0.3901173811110219,69.453125,36.941396130179974,168.95994323730469,9.96106922934107,-0.10789901733398437,0.02685794131384073,-0.0001237792968750151,0.0,-0.10802279663085938,0.02685794131384073,-0.07177841186523437,0.026876632836534492,-0.023265380859374997,0.008330706251819826,-1.4347985185387606,0.42734091511773425,13.029414062500003,0.32777158934647643,66.75781250000001,32.402173042422554,169.874397277832,8.412425268863025,-0.1166322326660156,0.024141944702870538,-0.06289721679687502,0.00040594940802395296,-0.17952944946289062,0.02413794915820537,-0.15588958740234374,0.03237789832740568,-0.025799560546874996,0.008334435221222415,-1.7176801063519918,0.6156523544284842,0.008494085636926805,0.015207338381728414,0.022623810792426705
32.5,13.043896484374999,0.3691602429217854,63.42773437500002,37.46574744887758,170.2809673309326,9.471564147963672,-0.10630474090576172,0.027258006151069148,-0.0001237792968750151,0.0,-0.10642852020263674,0.027258006151069148,-0.0702073097229004,0.027309603445856562,-0.022075653076171885,0.008153131503074335,-1.271555973933296,0.577121387536295,13.0798828125,0.3082629630402009,60.00976562500001,31.730279940943074,171.17931518554687,7.950548706726103,-0.11371526718139652,0.023287740986264172,-0.0627489013671875,0.0004915793612790093,-0.176464168548584,0.023319139370954048,-0.15163040161132818,0.03195553533076204,-0.023960876464843753,0.008614157023422435,-1.5281961792276806,0.7378740410728241,0.007024667467754608,0.01382908830436901,0.021339821862145447
33.0,13.090976562499998,0.34715440209515314,56.953125000000014,37.21202906886265,171.49515960693356,8.94898608288139,-0.10153297424316406,0.027917931995380833,-0.0001237792968750151,0.0,-0.10165675354003907,0.027917931995380833,-0.0654248809814453,0.027973626147994528,-0.019350280761718748,0.008281324713522893,-1.2621390958488152,0.6955388515290346,13.125351562499997,0.28892685531491863,53.300781249999986,30.96061690590703,172.35896575927734,7.485112246064718,-0.10657863616943357,0.021733296280677092,-0.06260058593750001,0.0005772093145340627,-0.1691792221069336,0.021745792152044946,-0.1401530456542969,0.029674068028249092,-0.020018310546874994,0.007647545498509664,-1.2037953908071115,0.7296448190273016,0.00405082951397602,0.010936970862940064,0.018531076984204406
33.5,13.13359375,0.3244888934804813,51.23046875,34.60718703404223,172.5971197509766,8.401223429247851,-0.09857688903808601,0.027557954271234416,-0.0001237792968750151,0.0,-0.09870066833496102,0.027557954271234416,-0.06245334625244146,0.02758778177233019,-0.017594757080078155,0.007675193248132263,-1.2834361327555963,0.6637522912483458,13.165556640625,0.27041799737948674,48.71582031250001,30.315302689752674,173.40583892822266,7.03247815375705,-0.10605663299560551,0.022255634728922793,-0.06250170898437502,0.0006342959500374307,-0.1685583419799805,0.022383174870389565,-0.1387099075317383,0.031933324228301904,-0.019454345703125018,0.009026527123549457,-0.9722395321150227,0.7622479181125706,0.002075928210220488,0.009034997772890027,0.01670232859835909
34.0,13.170937499999999,0.3036501572019188,49.25781249999997,32.27297793790451,173.5665948486328,7.89099153839808,-0.10380798339843746,0.028124827402631662,-0.0001237792968750151,0.0,-0.10393176269531247,0.028124827402631662,-0.06770599365234371,0.028091587244827205,-0.019937133789062478,0.007884459943423404,-1.0062890397363105,0.7195025483798034,13.201816406249998,0.2514554791945637,46.933593749999964,28.317476959340407,174.3516618347168,6.563416955148078,-0.11114669799804687,0.0246769076341142,-0.06247973632812502,0.0006302375681588067,-0.1736264343261719,0.024764901693184023,-0.1422414398193359,0.03089599130380634,-0.02173583984375,0.008885528484742517,-0.8643545582022191,0.7256358995371858,0.0042297421720050195,0.011252408978268397,0.018982222555540437
34.5,13.207451171874999,0.28424915841010756,43.232421874999986,32.79732925660211,174.51804054260253,7.414457016329009,-0.0984289932250976,0.028805882766199015,-0.0001237792968750151,0.0,-0.09855277252197264,0.028805882766199012,-0.06233711242675778,0.0288198747165994,-0.016956329345703104,0.008473071045909445,-0.6654722484953194,0.5146378170192327,13.237211914062499,0.23398638594181936,40.87402343749998,28.783536093313767,175.27881267547608,6.129052412546814,-0.10723217010498047,0.020757033471730017,-0.0623106689453125,0.0006820691682602676,-0.16954283905029296,0.020778063176464356,-0.13404863357543945,0.021265031380199518,-0.01942962646484375,0.006111739690947861,-0.9250059327879108,0.9881517054230811,0.0011037833261907416,0.0081768210394744,0.015954026364463754
35.0,13.238964843749999,0.2640362608022476,37.20703124999998,33.3216805752997,175.3403205871582,6.910113902650386,-0.10076255798339846,0.03233927049423874,-0.0001237792968750151,0.0,-0.10088633728027345,0.03233927049423874,-0.06468048095703126,0.03232275676446355,-0.017878723144531254,0.010468493603477427,-0.4615605850041885,0.59828579115563,13.267382812500001,0.21608969330858707,34.228515624999986,28.34652444031649,176.0707214355469,5.677282698518951,-0.10771560668945312,0.0236277113066016,-0.06214312744140626,0.0007325982835039768,-0.1698587341308594,0.023611858470888047,-0.13366184234619144,0.023565369210297393,-0.019349670410156256,0.006829655178753308,-0.9325360918378465,1.249557083360231,0.0019029843824934153,0.009019778364728413,0.016836701926504834
35.5,13.265859375,0.24343432834503217,34.169921875,32.12074690989549,176.04288024902345,6.389378335157971,-0.0997524642944336,0.03112855832996149,-0.0001237792968750151,0.0,-0.0998762435913086,0.031128558329961493,-0.06366153717041015,0.03110108031272659,-0.017085571289062497,0.00954861948008122,-0.40346176752121193,0.5131838792185116,13.292973632812501,0.19767537545414185,30.830078125,26.513884092152537,176.74254970550538,5.208180538004143,-0.10894517898559569,0.02434527128031093,-0.06197253417968752,0.0007793142656188053,-0.17091771316528323,0.02431167070535125,-0.1347359657287598,0.0242649453481573,-0.019674835205078126,0.007059130280857453,-0.880257133003714,1.2694786756564018,0.0010104612020794268,0.008163818623784545,0.016012146128298523
36.0,13.290390624999999,0.222866225005152,32.578125000000014,29.363673847066142,176.68444030761717,5.866198349648093,-0.09741592407226562,0.02917569310379848,-0.0001237792968750151,0.0,-0.09753970336914064,0.02917569310379848,-0.06132720947265625,0.02916325873786897,-0.0156396484375,0.008298734524783259,-0.6068872127221658,0.4550259725611718,13.315585937499998,0.1802792861998155,29.531249999999986,24.090892340260023,177.33749053955077,4.762023889940634,-0.10838401794433591,0.02457518054776305,-0.06180346679687502,0.0008308819637267888,-0.17018748474121093,0.02454033233978893,-0.1340254211425781,0.02449716485428963,-0.019113769531249988,0.007782510417903073,-0.9549426810169002,1.2560246974253053,-0.0004995547283558437,0.00667962821098771,0.014547089496118853
36.5,13.313955078125,0.20397266297337027,29.25781250000002,25.371838001497256,177.30330375671383,5.382854396265393,-0.09733261108398437,0.030647026783088477,-0.0001237792968750151,0.0,-0.09745639038085939,0.030647026783088477,-0.06125396728515625,0.030651502013969607,-0.015373687744140626,0.008993032274027242,-1.0758616485239982,0.715598667254882,13.3371337890625,0.16495281693607844,27.285156250000007,22.09697470002522,177.9066634750366,4.366810990958664,-0.10552525520324708,0.026595695001933848,-0.06163729858398438,0.0008839577440126615,-0.16716255378723147,0.02659120897618284,-0.13103567123413087,0.026556708273653824,-0.017389984130859383,0.008520129360713393,-1.2350655935861081,1.273551145759994,-0.0007928470376216586,0.006400956310936165,0.014274773199413397
37.0,13.335683593750002,0.1882590379711097,23.789062500000007,26.860319164251727,177.87621658325193,4.979674350788303,-0.10092803955078124,0.033215736863355,-0.0001237792968750151,0.0,-0.10105181884765625,0.033215736863355,-0.06482711791992188,0.03327569109166183,-0.016940307617187497,0.009406791170052244,-1.3779959867606402,0.7346620172599946,13.357822265625002,0.15102191183756106,21.42578125,22.975184778377404,178.45441749572754,4.006856572790674,-0.10421964645385744,0.02510519407846492,-0.061465332031250014,0.0009283918761268955,-0.16568497848510744,0.0250513750205536,-0.12962844848632812,0.02502963904146173,-0.01646575927734375,0.0073006021772091916,-1.3493830896479946,1.2807838704179133,0.0007657673970995239,0.007968359674940025,0.015841784817938763
37.5,13.352294921875,0.17125990651010628,18.554687499999964,28.75474973503021,178.31325340270996,4.539329055568653,-0.09727668762207028,0.027636033632978518,-0.0001237792968750151,0.0,-0.09740046691894529,0.027636033632978518,-0.0611629486083984,0.027676501414802185,-0.014842987060546858,0.007703254806397395,-1.4611402035871086,0.5652371227924498,13.3734130859375,0.1356138542095723,15.380859374999957,23.262643227195223,178.86664485931396,3.6050153451162745,-0.09899353981018064,0.026323248056871806,-0.061296264648437515,0.000979775864055093,-0.16028980445861818,0.026219421650664723,-0.12422180175781247,0.02622113906775,-0.013584136962890613,0.007460743328321494,-1.1493398315145176,1.1938055583073102,-0.0013186189076956518,0.005886426966094139,0.013752158185195498
38.0,13.3652734375,0.15216336977431275,17.812500000000053,23.27443272670678,178.6538998413086,4.040307156330883,-0.09673263549804685,0.028022748375608447,-0.0001237792968750151,0.0,-0.09685641479492185,0.028022748375608447,-0.06061981201171873,0.028027227904914423,-0.014368286132812486,0.009057486540888093,-1.4568586727400272,0.5581216538431887,13.384316406249999,0.12019479676471664,16.289062500000043,20.6784567068566,179.15454666137694,3.199636599900783,-0.09952663421630861,0.029608633043187997,-0.061213256835937514,0.0009423873585013191,-0.16073989105224612,0.029518522530354693,-0.12459419250488282,0.02949904318799082,-0.013643188476562507,0.008323393215557915,-0.9225200661968225,0.9296579310506063,-0.0017502130800403845,0.005448092545647532,0.013295640511105008
38.5,13.377255859375003,0.13641591565471692,17.363281249999964,21.549147742604998,178.9697780609131,3.6279409197573735,-0.092187385559082,0.030504010322775266,-0.0001237792968750151,0.0,-0.09231116485595701,0.030504010322775266,-0.0560850143432617,0.030508586688473237,-0.011899108886718735,0.00990494768621942,-1.3460876891663076,0.4366894675319232,13.395327148437502,0.10619283406117092,15.834960937499964,19.03615600791181,179.44620121002194,2.830971485363695,-0.10022830009460448,0.0329827655824865,-0.061104461669921895,0.0009105690395573836,-0.16133276176452638,0.03287181784748317,-0.1251500701904297,0.032820249390918134,-0.013800201416015621,0.00955036746412968,-0.72512895633013,0.7627370388839305,-0.004147555141105111,0.003035252061264832,0.010854631645866785
39.0,13.38990234375,0.12303649974859429,13.49609375000001,23.3759200787128,179.3046839904785,3.277307536521252,-0.08570499420166017,0.03242121303283197,-0.0001237792968750151,0.0,-0.08582877349853518,0.03242121303283197,-0.04960861206054688,0.03243444440931405,-0.008458251953125002,0.010176146092528078,-1.1292752352627895,0.5406793897987152,13.407509765625,0.09357568786270443,10.830078125000005,18.896923444511405,179.77012413024903,2.49837048437985,-0.09843851089477537,0.032486107592969396,-0.06094805908203127,0.0009061613512254415,-0.1593865699768066,0.0323247067238655,-0.12322448730468749,0.03226960454950247,-0.012690734863281242,0.009088300648360886,-0.6235424121776729,0.6677239110864057,-0.0074889269202976436,-0.0003300534876754368,0.007451550404599783
39.5,13.398857421875,0.10752584945034552,12.216796875000004,21.160112893248694,179.54108406066894,2.867850604038583,-0.0864974021911621,0.03379444412028616,-0.0001237792968750151,0.0,-0.08662118148803712,0.03379444412028616,-0.05039329528808595,0.03377909434189382,-0.008709106445312503,0.010727757541548285,-1.0690775339975873,0.7133655878505308,13.414853515625,0.08078962153547613,9.516601562500005,16.64493343831554,179.9649285888672,2.1593029387321265,-0.09803749084472656,0.030934441221767868,-0.060907012939453144,0.0008353860090992079,-0.1589445037841797,0.030885388881349268,-0.12274658203124998,0.03085845562615608,-0.012279205322265622,0.008903925982256606,-0.6412308699601209,0.4017190932231884,-0.007116358501979312,1.1811213266705103e-05,0.007747910001164604
40.0,13.40703125,0.09336836384550948,10.937500000000004,18.9443057077846,179.75733642578126,2.4932905204071374,-0.08529090881347656,0.02960510519088844,-0.0001237792968750151,0.0,-0.08541468811035158,0.02960510519088844,-0.049194335937500014,0.029594521735017025,-0.007971191406250001,0.008217272593058907,-0.7687370816032968,0.911959102332746,13.421484375,0.06920459611215785,8.59375,14.966596922396889,180.1410919189453,1.8516167941638626,-0.10019865036010742,0.034696494592895664,-0.060878173828125014,0.0007838206912440752,-0.16107682418823246,0.03468229392410355,-0.12487030029296876,0.03461817587381184,-0.01317138671875,0.01053787836728188,-0.5804742132867153,0.5877447386588406,-0.007715984711815324,-0.0006235507065652218,0.00706127152171739
40.5,13.414599609375,0.08025958087806925,9.658203125000009,16.72849852232052,179.95794410705565,2.145827824051271,-0.08605356216430662,0.03167873026589714,-0.0001237792968750151,0.0,-0.08617734146118164,0.03167873026589714,-0.04996917724609373,0.03166612260033732,-0.008217010498046871,0.008354075457381182,-0.46653836479275507,1.0659147986430624,13.4273876953125,0.05892321253846371,7.866210937500005,13.631146610642762,180.29824352264404,1.577979297345419,-0.09931386470794676,0.029715976224432547,-0.06085543823242189,0.0007430350176573352,-0.16016930294036869,0.029632754711225038,-0.12396087646484373,0.029603900258600213,-0.012521057128906247,0.007915107396117333,-0.5636132513726528,0.9173413395191171,-0.0073059351051678705,-0.000257169858721918,0.007367371491537475
41.0,13.420996093749999,0.06918054495074925,8.378906250000012,14.512691336856435,180.12800064086912,1.8512812673272698,-0.08837913513183591,0.03155257669025073,-0.0001237792968750151,0.0,-0.08850291442871093,0.03155257669025073,-0.05228118896484374,0.03154190279426143,-0.009254455566406241,0.008643940872040219,-0.2859098705656252,1.2165386128014575,13.4327734375,0.049719044011347656,7.0703125000000036,12.335774223111976,180.4419268798828,1.3324703131816398,-0.09993654251098631,0.026542668321420756,-0.060830566406250015,0.0007013754801417962,-0.16076710891723633,0.026512005490863823,-0.12452957153320313,0.0264820122926453,-0.012633361816406247,0.006840257090513995,-0.5691286456056955,0.8292148866962824,-0.006084926095316259,0.0009142688614008597,0.008471813385778551
41.5,13.426679687499998,0.05933627180616805,7.8125,13.531646934131853,180.2793048095703,1.5892147597398645,-0.08869955062866212,0.030297309257099683,-0.0001237792968750151,0.0,-0.08882332992553714,0.030297309257099683,-0.05259208679199219,0.030301819416923732,-0.009288024902343754,0.008779336586587643,-0.2586195796797595,1.1865567954128913,13.437597656249999,0.04138685700779186,6.2158203124999964,11.0373068545281,180.5707797241211,1.1099758150337282,-0.09769107043743132,0.028058663988205727,-0.06080386352539064,0.0006579916632752006,-0.15849493396282197,0.028036772633965864,-0.1222513961791992,0.02797869201047725,-0.011299438476562493,0.007056881149547086,-0.5607781043419415,0.6032272698831559,-0.005846777630577081,0.0010964173316108054,0.008579672288852279
42.0,13.431796875,0.050473043064312065,7.773437500000003,13.463988699461199,180.4157196044922,1.3529374040310862,-0.09070526123046872,0.03258468536432828,-0.0001237792968750151,0.0,-0.09082904052734374,0.03258468536432828,-0.05462768554687497,0.03262169636610687,-0.010171508789062486,0.009042243495884453,-0.3277822641226017,0.9944673836284024,13.4420703125,0.033511140252102514,5.019531249999995,8.974667819790643,180.69039520263672,0.8994014057519157,-0.09159985065460205,0.02821617118010382,-0.060762817382812515,0.0005875498522243346,-0.15236266803741455,0.02817827133399689,-0.11612625122070314,0.028183502539049582,-0.008096923828124998,0.007645318830383377,-0.5090424508759374,0.547675738348956,-0.004741040915573914,0.002140749168600759,0.009543580150706622
42.5,13.436914062500001,0.0416098143224553,6.494140625000007,11.248181513997116,180.5524444580078,1.1161230110846139,-0.08558216094970703,0.03310373794092656,-0.0001237792968750151,0.0,-0.08570594024658204,0.03310373794092656,-0.04946441650390623,0.03315413826832878,-0.007434844970703116,0.009573319234064246,-0.3012303705815691,0.5782631557549485,13.445483398437501,0.027411578383567326,4.370117187499996,7.625907406204538,180.78179721832274,0.736096434450324,-0.09459121525287628,0.029295403990275075,-0.06072177124023439,0.0005172881402679838,-0.15531298649311068,0.02930563638178921,-0.11909370422363283,0.029298193899408714,-0.009462738037109382,0.008344184461399217,-0.5287161518088093,0.7693398986295995,-0.007240956853590734,-0.00042500209793297494,0.006892372608260071
43.0,13.44138671875,0.03386294645266494,5.2148437500000115,9.032374328533033,180.6720539855957,0.9089532322330766,-0.08601562500000003,0.03385089791504414,-0.0001237792968750151,0.0,-0.08613940429687504,0.03385089791504414,-0.04990554809570315,0.03387579005088962,-0.007538146972656261,0.009123739797100345,-0.29338809993717596,0.5693785777472717,13.44857421875,0.021998734524483424,3.90625,6.7658234670659265,180.86464477539062,0.5910400006990172,-0.09676915526390076,0.03238692982645032,-0.06068072509765626,0.00044729140677960593,-0.15744988036155702,0.032385009569505005,-0.12120323181152345,0.032352921141827966,-0.010407409667968756,0.00900223668418057,-0.6581019688319606,0.812331694198884,-0.006876417662779051,-0.00013382505911322708,0.007089612128646517
43.5,13.445224609375,0.027215524896272936,3.935546875000016,6.816567143068949,180.77480751037598,0.7309789066568632,-0.08517801284790037,0.03340228643062394,-0.0001237792968750151,0.0,-0.08530179214477539,0.03340228643062394,-0.049102554321289044,0.033427660451837794,-0.006990203857421868,0.008512258694114002,-0.38861414769313196,0.7024457153624787,13.451201171874999,0.017617444630710823,3.7500000000000018,6.502703764589007,180.93513122558593,0.47349513882022565,-0.09477174103260039,0.03067404376528913,-0.06063967895507814,0.00037770699808150785,-0.1554114199876785,0.030627958875732737,-0.11916751861572264,0.030597798917831376,-0.009231109619140617,0.007196309724615765,-0.7531204757156963,0.7621080689323287,-0.0071533447206748434,-0.00048710683919667326,0.0066389996809875975
44.0,13.4478125,0.022733166849341607,3.90625,6.7658234670659265,180.84419189453126,0.6108016280480452,-0.08315666198730469,0.033120717270607995,-0.0001237792968750151,0.0,-0.0832804412841797,0.033120717270607995,-0.04712524414062501,0.0331503775166251,-0.005892333984375001,0.008242546091821498,-0.5275813460627938,0.8320602779834378,13.453828125000001,0.013349777254110868,3.0859375000000075,5.591125213438154,181.00568115234373,0.35890086955919104,-0.09478530883789063,0.02772921204152557,-0.06059863281250002,0.00030881376511500446,-0.15538394165039066,0.027708136151008873,-0.11917541503906251,0.027699768793381895,-0.009079589843750003,0.005837401322668257,-0.6959530134578921,0.7102921054271476,-0.007963842661209494,-0.0013789888474572565,0.0056441237403338715
44.5,13.45037109375,0.01830155247841361,3.90625,6.7658234670659265,180.91283020019532,0.4919165952924517,-0.08363325119018554,0.03412818428375403,-0.0001237792968750151,0.0,-0.08375703048706055,0.03412818428375403,-0.04759292602539062,0.03411984352086517,-0.006039428710937498,0.008496807879547243,-0.511720741823278,1.0562515354715498,13.455947265625,0.009609409735392269,2.2412109375000075,4.676294284295783,181.0626156616211,0.2584349298347611,-0.09616200447082518,0.029719157863074896,-0.06055758666992189,0.0002412046806203494,-0.1567195911407471,0.029713714692294547,-0.12053031921386721,0.029671151067801084,-0.009617156982421871,0.006961067836878645,-0.5260769859616213,0.7905110079258987,-0.007508655137643736,-0.0010115704075880118,0.005901380323549744
45.0,13.4529296875,0.013869938107484842,3.90625,6.7658234670659265,180.98151245117185,0.3729554470228444,-0.0845987319946289,0.028080521214928388,-0.0001237792968750151,0.0,-0.08472251129150392,0.028080521214928388,-0.04850006103515625,0.028109085320530122,-0.006439208984374997,0.0062734373052271575,-0.5025441274220557,1.4547430070290446,13.45771484375,0.006132159350171613,1.3183593749999925,2.9422743935903957,181.1101303100586,0.16497710983100264,-0.09294500350952149,0.030725203484357262,-0.06052264404296877,0.00018069267046447204,-0.15346764755249026,0.03071287261907945,-0.11725234985351562,0.03067135540947639,-0.007859802246093756,0.0068094241759685285,-0.6628449980195537,0.8958730657533799,-0.006796828325302685,-0.0003887284946730244,0.006412691416725986
45.5,13.455488281249998,0.009438323736556845,2.7246093750000044,4.719161868278492,181.05026855468748,0.2538663824033168,-0.08684978485107421,0.030391957771213816,-0.0001237792968750151,0.0,-0.08697356414794923,0.030391957771213816,-0.050780792236328136,0.030445560245246805,-0.0074792480468749995,0.006573296617694312,-0.5491524365120578,1.2033275947721238,13.4585107421875,0.004308685716769582,1.3330078124999893,2.434320772911235,181.13153186798095,0.11594847879470856,-0.09241506576538086,0.03116060577702198,-0.060502349853515644,0.00013464642864905496,-0.1529174156188965,0.031130284655273063,-0.11667285919189453,0.031167844499644964,-0.0074871826171875044,0.0067909432704385386,-0.7706232671137495,0.8046861098270287,-0.005432360733345834,0.0008829321610263393,0.007568541275825669
46.0,13.4575390625,0.005886266416347387,1.4453125000000013,2.503354682814395,181.1053952026367,0.15838422730430038,-0.08494781494140624,0.029610624969514488,-0.0001237792968750151,0.0,-0.08507159423828126,0.029610624969514488,-0.04890899658203123,0.02966155010847065,-0.006405639648437487,0.0065727745811341816,-0.646457627658803,0.9600169610447676,13.45953125,0.0026700011704117693,0.6054687500000133,1.1651827139277269,181.15899047851562,0.07186057837553332,-0.08868495941162102,0.031732413375046176,-0.06047045898437502,8.343753657536646e-05,-0.14915541839599605,0.031725808067070475,-0.11292098999023431,0.03171855058183079,-0.005513916015624968,0.007088131763585204,-0.7204467488891401,0.6560675086361739,-0.006169480511060876,4.927580545944707e-05,0.006614908898823468
46.5,13.458818359375002,0.0036704592308833884,0.166015625000006,0.28754749735031226,181.13980628967283,0.09878247621404262,-0.0829631042480469,0.030083146315245664,-0.0001237792968750151,0.0,-0.08308688354492191,0.030083146315245664,-0.046906204223632834,0.03012481610686335,-0.005294647216796883,0.006923101813135457,-0.8327283170117655,0.6351701294110886,13.4599609375,0.0025837415147115144,0.8251953125000066,2.1832615799312474,181.1705551147461,0.06953898061079036,-0.08667706489562993,0.030941107490476058,-0.060457031250000015,8.074192233473482e-05,-0.14713409614562992,0.030941300909601514,-0.11091259002685551,0.03088151961191997,-0.0044207763671875195,0.006734954206115192,-0.5972375402917459,0.5422317876408234,-0.0069312166686190755,-0.0008129514190442708,0.0056282990707513065
47.0,13.458984375,0.0033829117335329633,1.1132812499999898,1.9282596881137717,181.14427185058594,0.09104789782828952,-0.08189575195312501,0.034646679430175485,-0.0001237792968750151,0.0,-0.08201953125000003,0.034646679430175485,-0.045794219970703126,0.03469066145241775,-0.004687194824218753,0.008066042731409175,-0.9792660444210757,0.5557885385217481,13.460458984375,0.0012660333422086657,0.47851562499999445,1.2660333422086272,181.18395957946777,0.03407410049928352,-0.09150382995605466,0.02733282931298517,-0.060441467285156265,3.95635419440185e-05,-0.1519452972412109,0.027328737784848952,-0.11573249816894528,0.027266090486847153,-0.006761169433593733,0.0050934780928085345,-0.5258936315149724,0.6402818638178276,-0.007178639663736296,-0.0011642100819683771,0.005148943543000189
47.5,13.459423828125,0.0026217565934883546,1.5136718750000104,2.6217565934880644,181.156099319458,0.07056212081692438,-0.079531192779541,0.03302651177005857,-0.0001237792968750151,0.0,-0.07965497207641602,0.03302651177005857,-0.043439865112304674,0.03306180266872049,-0.0034019470214843657,0.0076810573430509885,-1.0519547895951766,0.7087809971339997,13.4609375,0.0,0.0,0.0,181.19683837890625,0.0,-0.08892087936401365,0.029853783365293696,-0.060426513671875015,0.0,-0.14934739303588868,0.029853783365293696,-0.11314506530761717,0.029801811226085117,-0.00534820556640624,0.006593066728984706,-0.6256779312809615,0.7893883067035572,-0.008101793951824279,-0.002191860995829714,0.0039924941847023256
48.0,13.460703125000002,0.00040594940802358645,0.2343750000000029,0.4059494080239606,181.19053039550784,0.010925747739392281,-0.07665340423583981,0.03335078035564935,-0.0001237792968750151,0.0,-0.07677718353271483,0.03335078035564935,-0.04054016113281247,0.03337857722794907,-0.0019433593749999861,0.008602369667314202,-1.0376318017919641,0.5332129573056815,13.4609375,0.0,0.0,0.0,181.19683837890625,0.0,-0.08832176208496093,0.028739702373305222,-0.060426513671875015,0.0,-0.14874827575683594,0.028739702373305222,-0.11247772216796875,0.02870897593739135,-0.005034179687500005,0.005647117787700776,-0.874091728583919,0.6047788228740023,-0.009187211776557439,-0.003385222100273347,0.0026665198092383196
48.5,13.4609375,0.0,0.0,0.0,181.19683837890625,0.0,-0.0756784152984619,0.03593219730653825,-0.0001237792968750151,0.0,-0.07580219459533692,0.03593219730653825,-0.03959022521972656,0.03595308334601398,-0.0014570617675781258,0.009262687428470579,-0.9107965856165336,0.7812823979601334,13.4609375,0.0,0.0,0.0,181.19683837890625,0.0,-0.08786656379699709,0.029466757042727616,-0.060426513671875015,0.0,-0.14829307746887208,0.029466757042727613,-0.11201915740966797,0.02946011638395552,-0.004731445312500004,0.0054338282980849,-1.0009795858031971,0.34974734831742016,-0.009289584664195494,-0.0035988928797706984,0.0023165356157787134
49.0,13.4609375,0.0,0.0,0.0,181.19683837890625,0.0,-0.07544334411621094,0.034296762848297434,-0.0001237792968750151,0.0,-0.07556712341308595,0.034296762848297434,-0.039369049072265634,0.034306488576658495,-0.001325683593750005,0.007920275585023053,-0.8102758447607075,1.0511831655454338,13.4609375,0.0,0.0,0.0,181.19683837890625,0.0,-0.08784753799438476,0.0308931549972819,-0.060426513671875015,0.0,-0.1482740516662598,0.0308931549972819,-0.11202377319335938,0.030892838034842145,-0.004614257812499998,0.006152345203217838,-1.078916251798336,0.489114552619914,-0.009033268688269928,-0.003455077449655468,0.0023227542439222685
49.5,13.4609375,0.0,0.0,0.0,181.19683837890625,0.0,-0.0744249725341797,0.030137200458006455,-0.0001237792968750151,0.0,-0.07454875183105472,0.030137200458006455,-0.0383324432373047,0.030155886691191406,-0.000773315429687507,0.005516666404544288,-0.7932205022353939,1.0285401732688289,13.4609375,0.0,0.0,0.0,181.19683837890625,0.0,-0.08544994354248048,0.03337174319169944,-0.060426513671875015,0.0,-0.1458764572143555,0.03337174319169944,-0.10964073181152342,0.033366764547417764,-0.0033432006835937477,0.007478919597154765,-1.098920381986186,0.6977244060906338,-0.009197541334660143,-0.0037320156696187268,0.0019081010519093906
50.0,13.4609375,0.0,0.0,0.0,181.19683837890625,0.0,-0.07340431213378908,0.037236221927520276,-0.0001237792968750151,0.0,-0.07352809143066409,0.037236221927520276,-0.03730773925781251,0.03728637083362324,-0.0002288818359375044,0.008483324100857684,-0.670977683611966,0.8982509246730386,13.4609375,0.0,0.0,0.0,181.19683837890625,0.0,-0.0803375244140625,0.032414175607323494,-0.060426513671875015,0.0,-0.14076403808593752,0.032414175607323494,-0.10451889038085938,0.03242840355577142,-0.0007171630859375,0.006798351363177993,-1.1508470370775095,0.7774193454972774,-0.009349652666977206,-0.003998140581506079,0.0015028217990907125
50.5,13.4609375,0.0,0.0,0.0,181.19683837890625,0.0,-0.0734361457824707,0.03010253008152766,-0.0001237792968750151,0.0,-0.07355992507934571,0.03010253008152766,-0.037330169677734365,0.030183957558128704,-0.00025482177734374874,0.006290154710253456,-0.1644765858327859,0.8789394317952474,13.4609375,0.0,0.0,0.0,181.19683837890625,0.0,-0.07534377038478846,0.029245808842188723,-0.060426513671875015,0.0,-0.13577028405666347,0.02924580884218872,-0.09953998565673822,0.029194285423716125,0.0017935180664062815,0.005948018486777921,-1.2377397941820532,0.7437577917302596,-0.008922476857953525,-0.0036877768947171548,0.001670973613188297
51.0,13.4609375,0.0,0.0,0.0,181.19683837890625,0.0,-0.07257144927978511,0.029071455920138527,-0.0001237792968750151,0.0,-0.07269522857666012,0.029071455920138527,-0.03648498535156245,0.029131338196776258,0.00018615722656252953,0.006051047769320048,-0.21989515611342217,1.1215352237327365,13.4609375,0.0,0.0,0.0,181.19683837890625,0.0,-0.0755631411075592,0.02928934442494108,-0.060426513671875015,0.0,-0.13598965477943423,0.02928934442494108,-0.09974571228027344,0.02925587084082801,0.0016601562499999952,0.006162324106673635,-1.2767533878068553,0.7335174021027532,-0.008954139191134787,-0.003838799997705769,0.0013749725597408512
51.5,13.4609375,0.0,0.0,0.0,181.19683837890625,0.0,-0.07191181182861332,0.028267136320013184,-0.0001237792968750151,0.0,-0.07203559112548834,0.028267136320013184,-0.035810394287109415,0.02832763553641735,0.0005158996582031054,0.005684784208646896,-0.5169556802247258,1.1935198385471,13.4609375,0.0,0.0,0.0,181.19683837890625,0.0,-0.07561035275459291,0.028476415545268974,-0.060426513671875015,0.0,-0.13603686642646792,0.028476415545268974,-0.09977321624755861,0.028462333639064558,0.0016131591796874987,0.005260134801929943,-1.1398696010207252,1.0678345298347967,-0.00887676732603854,-0.00388016497394472,0.0011894188558010874
52.0,13.4609375,0.0,0.0,0.0,181.19683837890625,0.0,-0.07146301269531248,0.026633220845231127,-0.0001237792968750151,0.0,-0.0715867919921875,0.026633220845231127,-0.035339965820312486,0.02669386814280416,0.0007299804687500085,0.004800896738648214,-0.8385433739437671,1.1591754663340492,13.4609375,0.0,0.0,0.0,181.19683837890625,0.0,-0.07626842975616459,0.026659510676867375,-0.060426513671875015,0.0,-0.1366949434280396,0.026659510676867375,-0.10044799804687503,0.026631979532327838,0.0012463378906249897,0.004157880241074438,-1.0903525185751861,1.0988549094247784,-0.008686606511174606,-0.00380791077733333,0.0011185055488333309
52.5,13.4609375,0.0,0.0,0.0,181.19683837890625,0.0,-0.06687493324279789,0.0295022313119287,-0.0001237792968750151,0.0,-0.0669987125396729,0.0295022313119287,-0.030793762207031297,0.029504438052226186,0.0030235290527343525,0.00677767786959967,-0.9324293870192292,1.321776683184306,13.4609375,0.0,0.0,0.0,181.19683837890625,0.0,-0.0780897200107574,0.02646562380175356,-0.060426513671875015,0.0,-0.1385162336826324,0.02646562380175356,-0.10228481292724606,0.02644317627808858,0.00033416748046877296,0.004880500007441994,-1.1886934578279964,0.8691078518030215,-0.010571082294560436,-0.005811841824753887,-0.0010302342668691198
53.0,13.4609375,0.0,0.0,0.0,181.19683837890625,0.0,-0.07217069625854496,0.02452763621248532,-0.0001237792968750151,0.0,-0.07229447555541997,0.02452763621248532,-0.03609634399414065,0.024532154337176572,0.0003472900390624852,0.004231987908493329,-1.072513606998471,1.1044549722677035,13.4609375,0.0,0.0,0.0,181.19683837890625,0.0,-0.06915140867233271,0.030249520104334408,-0.060426513671875015,0.0,-0.12957792234420773,0.03024952010433441,-0.0933280181884765,0.03020507939986106,0.004779357910156274,0.007140197793036377,-1.409440829759438,0.7833262290993016,-0.00748693255965443,-0.0028468491480967556,0.0017903815782953792
53.5,13.4609375,0.0,0.0,0.0,181.19683837890625,0.0,-0.06907114028930661,0.025237223448078657,-0.0001237792968750151,0.0,-0.06919491958618162,0.025237223448078657,-0.03296272277832028,0.025244595891432308,0.0018704223632812623,0.0049237427025042736,-0.9597547126538843,1.0912572309658075,13.4609375,0.0,0.0,0.0,181.19683837890625,0.0,-0.0643762481212616,0.027271508694983782,-0.060426513671875015,0.0,-0.1248027617931366,0.027271508694983782,-0.0885492706298828,0.027231647218878594,0.0070932006835937545,0.006449961048004445,-1.669155912243679,0.8848471273866937,-0.008603335340776622,-0.004082105401254913,0.0004111872896069126
54.0,13.4609375,0.0,0.0,0.0,181.19683837890625,0.0,-0.06494590759277342,0.023295334833223012,-0.0001237792968750151,0.0,-0.06506968688964844,0.023295334833223012,-0.028871765136718738,0.02331929300266653,0.003911132812500005,0.004942055158263299,-0.8645964224577524,1.048861643422511,13.4609375,0.0,0.0,0.0,181.19683837890625,0.0,-0.06453326225280762,0.02752248069901649,-0.060426513671875015,0.0,-0.12495977592468263,0.027522480699016482,-0.08871612548828123,0.02748421580254706,0.006903076171875002,0.007441555932809852,-1.9610474770997286,0.9989388020057212,-0.010238509260724941,-0.005835825802706451,-0.001486028135728228
54.5,13.4609375,0.0,0.0,0.0,181.19683837890625,0.0,-0.060665473937988296,0.021269969719571846,-0.0001237792968750151,0.0,-0.06078925323486331,0.021269969719571846,-0.024616470336914067,0.021316946356653568,0.0059785461425781216,0.0054750221911147035,-0.8454002255882173,0.9114200736284362,13.4609375,0.0,0.0,0.0,181.19683837890625,0.0,-0.06429285168647764,0.029127305222013254,-0.060426513671875015,0.0,-0.12471936535835265,0.029127305222013254,-0.08849678039550779,0.02907233911491138,0.006902770996093757,0.008813789166641902,-2.1738239990803563,1.005209408651906,-0.011901614148104556,-0.007617160463026445,-0.003410402130927283
55.0,13.4609375,0.0,0.0,0.0,181.19683837890625,0.0,-0.05857486724853511,0.02310952036307916,-0.0001237792968750151,0.0,-0.05869864654541013,0.02310952036307916,-0.02249984741210933,0.023146515358309454,0.006904602050781272,0.007130854973886971,-0.9408359483127586,0.8485014753894802,13.4609375,0.0,0.0,0.0,181.19683837890625,0.0,-0.058194422721862746,0.028985963114347306,-0.060426513671875015,0.0,-0.11862093639373775,0.028985963114347302,-0.08239440917968746,0.02889775573445001,0.009848022460937526,0.009046686265225257,-2.222949474841567,0.8811012421339636,-0.012426200050111849,-0.008259162228422089,-0.004194430967726681
55.5,13.4609375,0.0,0.0,0.0,181.19683837890625,0.0,-0.057983226776123,0.02017627613838755,-0.0001237792968750151,0.0,-0.05810700607299801,0.02017627613838755,-0.02188194274902339,0.02019190381107686,0.007056427001953149,0.0060251850772432836,-0.8450614377891014,1.2594979424875499,13.4609375,0.0,0.0,0.0,181.19683837890625,0.0,-0.05142599821090694,0.03153107174234998,-0.060426513671875015,0.0,-0.11185251188278193,0.03153107174234998,-0.07562194824218745,0.03145687079806157,0.013084411621093773,0.008331956366557074,-1.9139376553622214,0.8279939747401084,-0.012180565516975713,-0.008129767648137158,-0.004205646153170153
56.0,13.4609375,0.0,0.0,0.0,181.19683837890625,0.0,-0.0609745025634766,0.02328040825906569,-0.0001237792968750151,0.0,-0.061098281860351614,0.02328040825906569,-0.024911499023437544,0.02332212028173813,0.00549438476562498,0.00412188897437792,-0.6996051637164934,1.4330057642502312,13.4609375,0.0,0.0,0.0,181.19683837890625,0.0,-0.04709424972534176,0.033640372683920096,-0.060426513671875015,0.0,-0.10752076339721676,0.033640372683920096,-0.07127807617187495,0.03358027003658379,0.01501098632812502,0.009022801281847374,-1.6818116372559742,0.5693218335729111,-0.010222257381059318,-0.006287393328486702,-0.0025034378751808404
56.5,13.4609375,0.0,0.0,0.0,181.19683837890625,0.0,-0.061084289550781254,0.02090394972125059,-0.0001237792968750151,0.0,-0.06120806884765627,0.02090394972125059,-0.02498580932617188,0.020939566239288138,0.005379333496093748,0.0029719192597606374,-0.5590210316620202,1.17075628672766,13.4609375,0.0,0.0,0.0,181.19683837890625,0.0,-0.047022752761840814,0.03372386595203747,-0.060426513671875015,0.0,-0.10744926643371583,0.03372386595203747,-0.07119293212890625,0.033675541798408794,0.014817962646484377,0.010293385054577017,-1.6172552219915448,0.3499195958661436,-0.009712147804167228,-0.005892907427840604,-0.002248669290092176
57.0,13.4609375,0.0,0.0,0.0,181.19683837890625,0.0,-0.058193225860595686,0.02004516019918038,-0.0001237792968750151,0.0,-0.0583170051574707,0.02004516019918038,-0.022063598632812473,0.02007047213271509,0.006774902343750011,0.002635876556397466,-0.6443260210655228,0.8033180511494717,13.4609375,0.0,0.0,0.0,181.19683837890625,0.0,-0.0462947082519531,0.03295169301682144,-0.060426513671875015,0.0,-0.10672122192382813,0.03295169301682144,-0.07045989990234372,0.03291183553282595,0.014963684082031258,0.010960978746336583,-1.5232724632138597,0.6025238666595828,-0.010713879387301275,-0.007009948697235596,-0.003504974348617803
57.5,13.4609375,0.0,0.0,0.0,181.19683837890625,0.0,-0.05433802604675289,0.025787725838420684,-0.0001237792968750151,0.0,-0.054461805343627906,0.025787725838420684,-0.018245697021484337,0.02577900970498674,0.008614349365234393,0.004381725873451132,-0.7190962215681521,0.6292105901569336,13.4609375,0.0,0.0,0.0,181.19683837890625,0.0,-0.04147419929504394,0.032073253216306025,-0.060426513671875015,0.0,-0.10190071296691897,0.03207325321630602,-0.06564979553222655,0.032043258100982075,0.01714324951171875,0.01069633570928824,-1.3722132969569518,1.0026244981811205,-0.01216354459252532,-0.008573734994376523,-0.005206591007930458
58.0,13.4609375,0.0,0.0,0.0,181.19683837890625,0.0,-0.052222557067871045,0.029861370114022713,-0.0001237792968750151,0.0,-0.05234633636474606,0.029861370114022713,-0.01614990234374996,0.029804885558623945,0.009517211914062521,0.008174716782658343,-0.7065509360431279,0.66636702865035,13.4609375,0.0,0.0,0.0,181.19683837890625,0.0,-0.037598342895507814,0.03593822516376701,-0.060426513671875015,0.0,-0.09802485656738284,0.03593822516376702,-0.061783447265625,0.03594729155373981,0.018839111328124995,0.010644592214987238,-1.1684860549606806,0.7875786260036589,-0.012680703901146805,-0.009203819003541138,-0.00597306428692683
58.5,13.4609375,0.0,0.0,0.0,181.19683837890625,0.0,-0.054079265594482444,0.025535046272842556,-0.0001237792968750151,0.0,-0.05420304489135746,0.025535046272842556,-0.01798355102539065,0.02550663877767201,0.008411865234374987,0.004923306968312105,-0.737222702631029,0.8774111739571706,13.4609375,0.0,0.0,0.0,181.19683837890625,0.0,-0.03819693803787231,0.03131438755194156,-0.060426513671875015,0.0,-0.09862345170974732,0.031314387551941554,-0.06235992431640625,0.031315352160495545,0.018227844238281245,0.009156283183045845,-1.1300477781495921,0.7879211353328937,-0.011193688685545655,-0.007828544964773,-0.004732753927698995
59.0,13.4609375,0.0,0.0,0.0,181.19683837890625,0.0,-0.049604501724243105,0.022341960888133908,-0.0001237792968750151,0.0,-0.04972828102111812,0.022341960888133908,-0.01350112915039056,0.022355974398280545,0.010521240234375031,0.0037803971613526582,-0.7516884970498333,0.8693952012663272,13.4609375,0.0,0.0,0.0,181.19683837890625,0.0,-0.03434276252984997,0.030481501010783632,-0.060426513671875015,0.0,-0.09476927620172498,0.030481501010783632,-0.05849243164062495,0.03045362818651124,0.019840087890625017,0.008860417188672353,-1.2660480490375525,0.8274603327180784,-0.012922744053058453,-0.00966898725170096,-0.006707662571162997
59.5,13.4609375,0.0,0.0,0.0,181.19683837890625,0.0,-0.050348491668701256,0.019714006218772805,-0.0001237792968750151,0.0,-0.05047227096557627,0.019714006218772805,-0.014248275756836015,0.01973938704001286,0.009999389648437459,0.005260594659255275,-0.708236516494584,0.8895604757133143,13.4609375,0.0,0.0,0.0,181.19683837890625,0.0,-0.030551486760377857,0.031157724442786566,-0.060426513671875015,0.0,-0.09097800043225286,0.031157724442786566,-0.05471092224121092,0.031133760817049865,0.021418151855468758,0.009273869350753547,-1.3924189214106233,0.9004815186657105,-0.012021711237468178,-0.008879052577816597,-0.006051769941252028
60.0,13.4609375,0.0,0.0,0.0,181.19683837890625,0.0,-0.05173740386962891,0.016120103290261447,-0.0001237792968750151,0.0,-0.05186118316650393,0.016120103290261447,-0.015664672851562502,0.0161159440932529,0.009161376953124998,0.004485677064878076,-0.5008226230150121,0.7949185097884627,13.4609375,0.0,0.0,0.0,181.19683837890625,0.0,-0.030171632766723588,0.03418203736078216,-0.060426513671875015,0.0,-0.09059814643859858,0.03418203736078216,-0.05438232421874996,0.03413974935425641,0.021276855468750022,0.0117394264919271,-1.324014730386809,0.9959590950863005,-0.010805673969179252,-0.0077738189499310115,-0.005080146779653004
60.5,13.4609375,0.0,-0.05859375000004654,0.0338291173353565,181.19683837890625,0.0,-0.04678118407726287,0.018948581579425267,-0.0001237792968750151,0.0,-0.04690496337413789,0.018948581579425267,-0.01073402404785156,0.018964275418715888,0.011497344970703125,0.003463530650620282,-0.3040966398510366,0.9922024880834356,13.4609375,0.0,-0.05859375000004654,0.0338291173353565,181.19683837890625,0.0,-0.025413763523101825,0.03441219000313325,-0.06042834472656252,1.0571599167310941e-06,-0.08584210824966435,0.034411702839884206,-0.049760513305664084,0.03427038089960542,0.023345489501953108,0.011788995696749722,-1.0585178473056918,1.0104571552714277,-0.012769788553651127,-0.00984689450503596,-0.007284668565994542
61.0,13.4609375,0.0,-4.804687500000039,2.773987621497053,181.19683837890625,0.0,-0.046427158117294316,0.015488965395357861,-0.0001237792968750151,0.0,-0.04655093741416933,0.015488965395357861,-0.010362701416015623,0.015498245846571392,0.011477355957031251,0.005361913907858397,-0.4564519139714368,1.251957707355448,13.4609375,0.0,-4.804687500000039,2.773987621497053,181.19683837890625,0.0,-0.02559306621551516,0.029993599804587382,-0.06057666015625001,8.668711317178147e-05,-0.08616972637176516,0.029962328256560387,-0.050026245117187534,0.029877166557509743,0.022888183593749983,0.009597208337885717,-0.8489108141207713,0.7642859834226992,-0.012382816523947989,-0.00956744159768047,-0.007134947605480861
61.5,13.457246093749998,0.0021312343921261363,-5.859375,3.3829117335329633,181.09748764038085,0.05736017563182486,-0.04493343047797675,0.018759439943189352,-0.0001237792968750151,0.0,-0.04505720977485177,0.018759439943189352,-0.008846054077148391,0.018764520811315247,0.012035827636718772,0.003198366512182603,-0.4103922454905029,1.1725964674469906,13.457246093749998,0.0021312343921261363,-5.859375,3.3829117335329633,181.09748764038085,0.05736017563182486,-0.021515734195709204,0.03028371156368724,-0.06072497558593752,0.00017231706642683485,-0.08224070978164673,0.03022542150819416,-0.04606063842773435,0.030155606698042466,0.02457183837890626,0.009615775274830998,-0.6979555072206465,0.9409507858954237,-0.012575331796462662,-0.009867219937523816,-0.007564072615246295
62.0,13.452499999999999,0.004871392896287652,-5.859375,3.3829117335329633,180.9697912597656,0.1310857153545669,-0.044926959872245806,0.022871230118625463,-0.0001237792968750151,0.0,-0.04505073916912082,0.022871230118625463,-0.00885192871093752,0.022874158227198745,0.011854248046874991,0.0038448364071588625,-0.384336529356056,1.1769532297649195,13.452499999999999,0.004871392896287652,-5.859375,3.3829117335329633,180.9697912597656,0.1310857153545669,-0.01714024543762205,0.030368230703702547,-0.06087329101562502,0.00025794701968188824,-0.07801353645324707,0.030289784120269666,-0.04183868408203123,0.0302535831795565,0.026384277343750005,0.008866057807111735,-0.6559486655922224,1.1100872030917892,-0.012031192089062372,-0.009429355961516638,-0.007254350832320813
62.5,13.44775390625,0.007611551400449168,-7.324218750000017,4.228639666916214,180.8421516418457,0.20477848311989674,-0.04406850039958954,0.025015092073584055,-0.0001237792968750151,0.0,-0.044192279696464554,0.025015092073584055,-0.008018493652343755,0.025026505080529535,0.012123107910156247,0.0038381466161368843,-0.4596487903372705,1.3902115174642233,13.44775390625,0.007611551400449168,-7.324218750000017,4.228639666916214,180.8421516418457,0.20477848311989674,-0.015708982944488546,0.029691916305956818,-0.061021606445312515,0.0003435769729369416,-0.07673058938980105,0.029592804034907674,-0.04055595397949221,0.029577997047911416,0.02667617797851561,0.0075556808457071835,-0.6466712151374006,1.1630609734085864,-0.011941385639300245,-0.009444683868510717,-0.007396444717458482
63.0,13.442656250000002,0.010554684608622477,-11.71875,6.7658234670659265,180.7051287841797,0.2838886668785041,-0.04089029788970949,0.029548473702419274,-0.0001237792968750151,0.0,-0.04101407718658451,0.029548473702419274,-0.004837188720703146,0.029564510812742167,0.013545837402343738,0.00522746126825036,-0.578038142277649,1.2430772019106269,13.442656250000002,0.010554684608622477,-11.71875,6.7658234670659265,180.7051287841797,0.2838886668785041,-0.020162329673767087,0.03176630701253423,-0.06116992187500001,0.000429206926191995,-0.08133225154876711,0.03157891813808029,-0.045117340087890624,0.031544714808116596,0.02398223876953125,0.009913668913840623,-0.4552585984165636,0.9666061658021131,-0.013009300804475932,-0.01061660427388235,-0.008693769666238044
63.5,13.4331640625,0.016035001616946275,-11.71875,6.7658234670659265,180.45017456054686,0.4310865565239419,-0.04615704774856567,0.02814401111848992,-0.0001237792968750151,0.0,-0.04628082704544068,0.02814401111848992,-0.010106582641601556,0.0281616237078799,0.010688934326171877,0.005089635712180867,-0.08399661048587259,1.0226730197475504,13.4331640625,0.016035001616946275,-11.71875,6.7658234670659265,180.45017456054686,0.4310865565239419,-0.019070799350738535,0.02890315351893551,-0.06131823730468751,0.0005148368794470483,-0.08038903665542606,0.028685311530100358,-0.04416374206542969,0.028657047611817067,0.024145507812499994,0.00932433153139393,-0.4485111192111936,0.9233968752076507,-0.009801394017962272,-0.007511585737432372,-0.005712808859927126
64.0,13.423671874999998,0.021515318625269307,-11.71875,6.7658234670659265,180.19546936035152,0.5781406724207061,-0.04185205221176146,0.02713455215699619,-0.0001237792968750151,0.0,-0.04197583150863648,0.02713455215699619,-0.005789184570312496,0.02717470141178137,0.012694091796875001,0.00458736645013025,0.32293146306818454,1.0410821359148579,13.423671874999998,0.021515318625269307,-11.71875,6.7658234670659265,180.19546936035152,0.5781406724207061,-0.012507553100585938,0.028034845608715102,-0.06146655273437502,0.0006004668327021017,-0.07397410583496096,0.027831407524427258,-0.0377813720703125,0.02780301928332352,0.027113037109375,0.0074403840211427425,-0.36185453543851614,1.027507780475382,-0.011459317469928579,-0.009271292445523296,-0.007595240949324149
64.5,13.4141796875,0.02699563563359311,-14.589843750000021,8.423450216497091,179.9409912109375,0.7250637004877846,-0.041354554295539886,0.025165112729874907,-0.0001237792968750151,0.0,-0.0414783335924149,0.025165112729874907,-0.005273208618164097,0.025214561239830055,0.012724609374999984,0.0035198080819815896,0.40223928598257874,1.1904271027466484,13.4141796875,0.02699563563359311,-14.589843750000021,8.423450216497091,179.9409912109375,0.7250637004877846,-0.011984608173370347,0.03130660507993778,-0.06161486816406252,0.0006860967859571551,-0.07359947633743286,0.030980612606903612,-0.037416992187499984,0.030937780146582737,0.02694442749023438,0.009807224656630706,0.022648986958685204,0.9377390395123307,-0.011146330235381603,-0.00905899534051898,-0.0075043511858844825
65.0,13.4029296875,0.03349082616197665,-19.335937500000025,11.163608720658795,179.63973236083984,0.898995578687426,-0.04157090187072751,0.025610608221951884,-0.0001237792968750151,0.0,-0.041694681167602526,0.025610608221951884,-0.005484771728515589,0.02563388585669986,0.012380981445312517,0.003485950428140633,0.31745394904574287,1.3346848269413187,13.4029296875,0.03349082616197665,-19.335937500000025,11.163608720658795,179.63973236083984,0.898995578687426,-0.011437511444091863,0.032052221468667395,-0.061763183593750014,0.0007717267392122085,-0.07320069503784189,0.03171671687485794,-0.0370185852050782,0.03167723483892104,0.02677612304687496,0.009691381522857864,0.3964688672330339,1.0330024434870992,-0.01046288664835144,-0.008475160496354195,-0.007040619798958357
65.5,13.388046874999999,0.042083421965150254,-24.08203124999998,13.903767224820468,179.2416418457031,1.1288332447634453,-0.037422809600830054,0.030615609811880655,-0.0001237792968750151,0.0,-0.03754658889770507,0.030615609811880655,-0.0013512420654296633,0.030578194612598846,0.014296264648437513,0.0063467322043766735,0.23658201133176013,1.2409410625503956,13.388046874999999,0.042083421965150254,-24.08203124999998,13.903767224820468,179.2416418457031,1.1288332447634453,-0.012047398090362498,0.03287772016727038,-0.061911499023437504,0.0008573566924672589,-0.0739588971138,0.032650145752443877,-0.037756881713867145,0.03262478801755813,0.02604888916015628,0.009615555143420254,0.601869952150718,1.339110360434175,-0.012042003728862244,-0.010152816546874138,-0.008837089425780827
66.0,13.3690625,0.05304405598179709,-28.828125000000025,16.643925728982197,178.7346997070312,1.421516424989225,-0.042030906677246134,0.026364130555734243,-0.0001237792968750151,0.0,-0.04215468597412115,0.026364130555734243,-0.005915832519531289,0.026365134192802783,0.011812744140624979,0.0049504800648008124,0.1499970976289372,0.8396340687291978,13.3690625,0.05304405598179709,-28.828125000000025,16.643925728982197,178.7346997070312,1.421516424989225,-0.014994478225707987,0.028518450394225917,-0.06205981445312502,0.0009429866457223153,-0.07705429267883299,0.028288394106179386,-0.04084503173828124,0.02822240224644756,0.024140625000000006,0.006080019226671208,0.7320974923514021,1.7063918474265736,-0.00922592743807854,-0.007434220942334871,-0.006236031369604925
66.5,13.34580078125,0.06647421556392304,-29.296875,16.914558667664817,178.11504287719725,1.7792754624990625,-0.04466381669044499,0.02737875726255929,-0.0001237792968750151,0.0,-0.04478759598732,0.02737875726255929,-0.008561859130859422,0.027400384247552978,0.010301666259765599,0.005653353051901192,0.33099158938393686,0.5276436405774797,13.34580078125,0.06647421556392304,-29.296875,16.914558667664817,178.11504287719725,1.7792754624990625,-0.010827505588531417,0.024960811001856927,-0.06220812988281252,0.0010286165989773686,-0.07303563547134392,0.024647126981276687,-0.036860961914062434,0.0246095723568102,0.02584732055664066,0.006903383673135549,0.9530669881469476,1.7861577793996481,-0.0073858653397509185,-0.005690592612188545,-0.0046086782641020715
67.0,13.322070312499998,0.08017500808473138,-32.46093750000005,18.741331003772643,177.48426971435546,2.1434525178633703,-0.045235602855682344,0.03199965910808443,-0.0001237792968750151,0.0,-0.04535938215255736,0.03199965910808443,-0.009125976562499968,0.03198468755602876,0.009842224121093765,0.008002020712686457,0.460077032342664,0.4521061371425985,13.322070312499998,0.08017500808473138,-32.46093750000005,18.741331003772643,177.48426971435546,2.1434525178633703,-0.01308205604553232,0.022055878932022568,-0.062356445312500015,0.001114246552232422,-0.07543850135803234,0.021878851352337195,-0.03929244995117197,0.021847217116311147,0.024304504394531197,0.005122692763088012,1.2068041110094383,1.654558093770257,-0.006600972191398166,-0.0050010975575907595,-0.0040342096674672616
67.5,13.2962890625,0.09505981971227674,-37.207031250000036,21.481489507934338,176.80071411132812,2.538103529277284,-0.04430254101753235,0.03163496341478285,-0.0001237792968750151,0.0,-0.044426320314407367,0.03163496341478285,-0.008198165893554685,0.031624171382979654,0.01015777587890625,0.007424116894024181,0.48241515259641954,0.7706521513226868,13.2962890625,0.09505981971227674,-37.207031250000036,21.481489507934338,176.80071411132812,2.538103529277284,-0.016594624519348174,0.02031317415440486,-0.06250476074218751,0.0011998765054874753,-0.07909938526153569,0.020401777581310853,-0.04295005798339846,0.02040778849282462,0.02216567993164061,0.004135114873872435,1.2858810958328841,1.4926724708075567,-0.006594568201553689,-0.0050890671099578805,-0.004235970322557065
68.0,13.266874999999997,0.11204203661461214,-41.95312500000006,24.22164801209605,176.02282714843747,2.9872167767012923,-0.04358328342437743,0.025827050783190295,-0.0001237792968750151,0.0,-0.043707062721252445,0.025827050783190295,-0.007501220703124981,0.02584751338264927,0.010349121093750009,0.005100341907895812,0.35734874663095795,1.274000611065964,13.266874999999997,0.11204203661461214,-41.95312500000006,24.22164801209605,176.02282714843747,2.9872167767012923,-0.019182739257812505,0.017510420951345456,-0.06265307617187502,0.0012855064587425286,-0.08183581542968753,0.017554706200410258,-0.0457049560546875,0.01760530784936299,0.020520019531249996,0.005171624007574115,1.0640860604239468,1.6076565343957225,-0.006467415392529035,-0.005055274295027452,-0.004314746522513731
68.5,13.233652343749998,0.13122314614374353,-46.69921875,26.96180651625772,175.1468391418457,3.4929686881139372,-0.038422545492649104,0.024354752864884255,-0.0001237792968750151,0.0,-0.03854632478952412,0.024354752864884255,-0.0023471832275390905,0.024369738783441813,0.012757568359374987,0.005978851877182365,0.2170964665624017,1.355539940641423,13.233652343749998,0.13122314614374353,-46.69921875,26.96180651625772,175.1468391418457,3.4929686881139372,-0.02150572299957278,0.023627845021068506,-0.06280139160156252,0.0013711364119975821,-0.08430711460113528,0.023613261690183653,-0.04814224243164065,0.02363137629722197,0.018996582031249987,0.005765407092931056,0.6866241668487711,1.3305093533049237,-0.00856078522298995,-0.0072410014567171905,-0.006611833736171089
69.0,13.195859375,0.1530429268250313,-51.44531250000004,29.701965020419447,174.15462951660157,4.06582118234119,-0.04019868314266202,0.023390276760806992,-0.0001237792968750151,0.0,-0.040322462439537035,0.023390276760806992,-0.004137878417968725,0.023412004986851177,0.011714477539062513,0.002771856031707789,-0.16428629557291,1.1893332617311443,13.195859375,0.1530429268250313,-51.44531250000004,29.701965020419447,174.15462951660157,4.06582118234119,-0.01701439857482911,0.025001327243019247,-0.06294970703125002,0.0014567663652526354,-0.07996410560607912,0.025295525569512468,-0.04375579833984376,0.025288570829929163,0.02096130371093749,0.004087049283761029,0.5936401651733672,0.9855837708452327,-0.007206000819955028,-0.005977582490392788,-0.005458578842852651
69.5,13.154433593750001,0.17696011278110912,-56.19140625000001,32.44212352458113,173.0713349914551,4.691261568046151,-0.04384886980056763,0.02252266549151048,-0.0001237792968750151,0.0,-0.04397264909744265,0.02252266549151048,-0.007783050537109376,0.022526981077549944,0.0097222900390625,0.0022994200269381452,-0.25002432869863234,1.0852574310456053,13.154433593750001,0.17696011278110912,-56.19140625000001,32.44212352458113,173.0713349914551,4.691261568046151,-0.016568412780761706,0.02366644047788886,-0.06309802246093751,0.0015423963185076828,-0.07966643524169921,0.02399259746325002,-0.04340583801269529,0.023978133916472386,0.020907592773437508,0.00315668464491168,0.41275095550608143,1.0693238474344144,-0.004905467247949677,-0.0037674331132774167,-0.0033574104042949585
70.0,13.109375,0.2029747040119778,-60.9375,35.18228202874282,171.89801025390625,5.368680921116813,-0.04540452957153321,0.02152648420395691,-0.0001237792968750151,0.0,-0.045528308868408224,0.02152648420395691,-0.009320068359375001,0.02153025150613727,0.00875244140625,0.0020584327012245457,-0.12931201285693306,1.0564464456697482,13.109375,0.2029747040119778,-60.9375,35.18228202874282,171.89801025390625,5.368680921116813,-0.019591116905212404,0.021123189247821007,-0.06317309570312502,0.0015857398750935767,-0.08276421260833741,0.021470408114908954,-0.046539306640625,0.021485504640878554,0.019097900390625,0.0029106475108207743,0.20226609734666268,1.16817248573585,-0.0036305841024254284,-0.0025819634591130684,-0.0022797512608065344
70.5,13.060683593750001,0.23108670051763733,-65.68359375000004,37.922440532904545,170.6357759094238,6.097432259684135,-0.04487171292304989,0.02247195177926511,-0.0001237792968750151,0.0,-0.0449954922199249,0.02247195177926511,-0.008781204223632768,0.02251897642770072,0.008859405517578148,0.003407010191418464,0.08188527780812171,1.1715929972820291,13.060683593750001,0.23108670051763733,-65.68359375000004,37.922440532904545,170.6357759094238,6.097432259684135,-0.022431334257125797,0.021586852823469154,-0.06321154785156252,0.0016079402333448905,-0.08564288210868831,0.02187174479375621,-0.049521331787109324,0.021894642572158222,0.017351379394531276,0.0052542425335184,0.012964457620834535,1.0331041545078516,-0.003435789695021145,-0.0024756222646504793,-0.002280062719239313
71.0,13.008359375,0.26129610229808686,-70.4296875000001,40.66259903706628,169.2858184814453,6.876830544122077,-0.03980625867843634,0.02676568785237373,-0.0001237792968750151,0.0,-0.039930037975311354,0.02676568785237373,-0.0036756896972656872,0.02682345973003448,0.011318969726562466,0.006375639606393984,0.17649474955382455,1.2045080783625153,13.008359375,0.26129610229808686,-70.4296875000001,40.66259903706628,169.2858184814453,6.876830544122077,-0.01577822446823124,0.022427013315390095,-0.06335986328125001,0.0016935701865999438,-0.07913808774948128,0.022661808297348093,-0.04295272827148441,0.02266583936457162,0.02040924072265623,0.005450443408789435,-0.12294493632993471,0.7343606512415872,-0.005596836195900614,-0.004724172013202233,-0.00463411969800735
71.5,12.951406250000002,0.29417800434802666,-75.17578125000003,43.402757541227935,167.8263946533203,7.719429284151791,-0.04172756075859072,0.02393486368364762,-0.0001237792968750151,0.0,-0.04185134005546574,0.02393486368364762,-0.005640945434570338,0.02393289700869898,0.010173034667968737,0.002925249091443177,0.31043312766335374,0.8920251671916092,12.951406250000002,0.29417800434802666,-75.17578125000003,43.402757541227935,167.8263946533203,7.719429284151791,-0.015518684387207032,0.02537319569939083,-0.0635081787109375,0.0017792001398549914,-0.07902686309814455,0.025830176016570502,-0.042753982543945315,0.025801001872761676,0.02025299072265625,0.00617362890039755,-0.0021202247459542953,0.9297217810231874,-0.004155589434338237,-0.0033694887364308906,-0.0033838105303248137
72.0,12.890703125,0.32922496990742856,-83.6718750000001,48.307979554850775,166.28039855957027,8.612010545044471,-0.037673749923706,0.025858997788110263,-0.0001237792968750151,0.0,-0.037797529220581015,0.025858997788110263,-0.0016052246093749402,0.02584768679407909,0.01204467773437503,0.0025818858026349233,0.3673619268101699,0.6872452025075572,12.890703125,0.32922496990742856,-83.6718750000001,48.307979554850775,166.28039855957027,8.612010545044471,-0.015612182617187475,0.02228752278083343,-0.06353930664062502,0.0017971718584393868,-0.0791514892578125,0.022833783795878262,-0.04296874999999997,0.02278964400048123,0.019901123046875014,0.006025407318141594,0.11299044380098631,1.1457690941796594,-0.005735092371222919,-0.005034625488042449,-0.0051522004393337395
72.5,12.82373046875,0.3678916510217098,-90.52734375000003,52.26598628308431,164.5859565734863,9.590297081836262,-0.0400609731674195,0.028950900148353206,-0.0001237792968750151,0.0,-0.04018475246429452,0.028950900148353206,-0.003990936279296946,0.028975043310841303,0.01064834594726559,0.004114386331179426,0.4473350542686475,0.6758320326110439,12.82373046875,0.3678916510217098,-91.11328125000003,51.264508682556105,164.5859565734863,9.590297081836262,-0.01791472434997564,0.022605912398077063,-0.06355761718750001,0.001765836838023711,-0.08147234153747564,0.02317642189506549,-0.045378875732421935,0.023176047326480143,0.01844940185546872,0.006985763437134967,0.07115521908917115,1.171698092131769,-0.00404975796613744,-0.0034340052120424482,-0.0036537244077790186
73.0,12.751015624999999,0.4098735856348541,-96.79687500000001,55.88570183796457,162.7586505126953,10.645292727925785,-0.04388245105743409,0.03091590464344098,-0.0001237792968750151,0.0,-0.0440062303543091,0.03091590464344098,-0.007775115966796885,0.030987224469338444,0.008563232421874995,0.006143771299788983,0.5224317715162459,0.8714341493813892,12.750742187499998,0.4094003432488136,-97.77343750000001,54.22942922115579,162.75129119873046,10.632556209719437,-0.018470630645751916,0.023817544908134706,-0.06357836914062502,0.0017312772425081533,-0.08204899978637693,0.024326528150892524,-0.04601196289062496,0.024347217449981542,0.017886352539062518,0.006281785457002501,0.039285513070909786,1.2269365921192088,-0.0016787456382311632,-0.0011467972047728286,-0.001467563641448912
73.5,12.674257812499999,0.4541897293441364,-105.87890625000003,61.12921502494067,160.84406494140623,11.750679222896105,-0.04200369596481321,0.027051734117713493,-0.0001237792968750151,0.0,-0.042127475261688224,0.027051734117713493,-0.005898971557617167,0.02712463146018807,0.009373779296875011,0.004121129682122119,0.7965121680484255,0.883945591538634,12.6733203125,0.4525698157979466,-106.85546875000003,59.4698403479507,160.8188330078125,11.707084995722251,-0.010440626144409213,0.024353275912820174,-0.06359912109375002,0.0016977900494910215,-0.07403974723815923,0.024888385767972834,-0.03801223754882816,0.024887759069859145,0.02164367675781248,0.004624347252469308,0.22486813418515209,1.495262638418053,-0.0022064641919781218,-0.0017574200418216319,-0.002178148497473321
74.0,12.588828125000001,0.5035125824190461,-110.625,63.86937352910235,158.7336846923828,12.969107827762242,-0.045638723373413036,0.028508794224177385,-0.0001237792968750151,0.0,-0.04576250267028805,0.028508794224177385,-0.009566955566406202,0.02852620529316133,0.007429199218750025,0.004538247854432025,0.8754127342384169,0.9029851131135003,12.587226562500001,0.5007488395688894,-112.01171875000001,61.47794386930535,158.69058990478516,12.894753518364048,-0.015979461669921858,0.02306626330288176,-0.06363269042968751,0.0016410299210174262,-0.07961215209960938,0.023752202457630166,-0.04358184814453124,0.023760054161665375,0.01850585937500001,0.005806179424797292,0.40190725615530576,1.640085474267569,1.8037728122627123e-05,0.0003850274773398543,-0.0001346346988300856
74.5,12.499355468749998,0.5551696445900951,-115.37109375000001,66.60953203326406,156.54563522338867,14.232378777686225,-0.04586327642202377,0.024977082901546214,-0.0001237792968750151,0.0,-0.04598705571889879,0.024977082901546214,-0.009807128906250002,0.024990176791116894,0.007193450927734375,0.00462943116111091,0.8509952927524995,1.0062116658977798,12.4970068359375,0.551118981303218,-117.63671875000001,62.68847010461827,156.48244899749756,14.123425272725312,-0.017864799499511686,0.022554674931214158,-0.06367373657226565,0.001570268919503714,-0.08153853607177733,0.02325761357036295,-0.045457763671874964,0.023260007149914833,0.017257080078125014,0.0061429193156326565,0.27135782308512524,1.521670038133695,0.0005413146597738718,0.0008238516590895984,0.000202651537552612
75.0,12.406249999999998,0.6089241120359342,-123.53515625000014,70.19541847080907,154.29040527343747,15.534436396375066,-0.04598097503185272,0.02622871551964754,-0.0001237792968750151,0.0,-0.04610475432872774,0.02622871551964754,-0.009925842285156247,0.02626584919753551,0.007034301757812501,0.004813537317110469,0.6290160136900921,1.0334500105004454,12.402587890624998,0.6025971766412376,-125.97656250000014,65.99568624559755,154.19188880920407,15.364255418941152,-0.014774322509765564,0.023844971720492186,-0.06371478271484377,0.0014995399790429596,-0.07848910522460932,0.024717017650937062,-0.04231262207031244,0.024749901673514225,0.018554687500000028,0.008311545180932266,0.0016361405521571892,1.313684372264262,0.0009871072283396459,0.0011854120049034494,0.0004630062954204743
75.5,12.3076953125,0.6658246873939584,-132.49023437500006,72.41122565627313,151.92742553710931,16.89870338323374,-0.047209130227565774,0.027392524135968536,-0.0001237792968750151,0.0,-0.04733290952444079,0.027392524135968536,-0.011143493652343763,0.02744932616816601,0.006308593749999992,0.004281631263059315,0.2568265830442442,0.9520928829009814,12.302055664062499,0.6560817443047199,-133.65234375000006,70.42548160191956,151.775764427185,16.636736829448385,-0.013151092529296882,0.024072713394744708,-0.0636990661621094,0.0013962332543086724,-0.07685015869140627,0.024853354928601627,-0.04063789367675781,0.024892515362445848,0.019086608886718745,0.008202070389803296,-0.11811583192198669,0.9804243780949559,0.0019961800073497165,0.002111211593728903,0.0012887600937394553
76.0,12.201484375,0.7246196933227618,-138.82812500000009,75.64190636179711,149.40385559082029,18.287704740664097,-0.048892097473144554,0.024303182240536906,-0.0001237792968750151,0.0,-0.04901587677001957,0.024303182240536906,-0.012816772460937521,0.024343351999623654,0.005341796874999989,0.0037998070718075734,-0.030087913388685793,0.6281472346872894,12.1949609375,0.7133561953627399,-139.8828125000001,73.83700136785147,149.2285140991211,17.9850180876003,-0.01370277404785157,0.02421741232511352,-0.06359179687500002,0.0012404788519729893,-0.07729457092285158,0.024811222336247,-0.0411370849609375,0.02482473334612692,0.018507080078124995,0.006837547657572133,-0.13199528336247737,0.6318198562415683,0.0032463739714170816,0.0032780688562908298,0.00235558716252042
76.5,12.091044921875,0.7854275317330173,-153.0664062500002,83.86238187428229,146.8118427276611,19.704704053474146,-0.051398630440235245,0.02092823332403179,-0.0001237792968750151,0.0,-0.05152240973711026,0.02092823332403179,-0.015310897827148541,0.02098401500877383,0.004020690917968695,0.0031104192172466973,0.022276764983062886,0.6893704337647023,12.083823242187497,0.7729655881670159,-154.8095703125002,80.84518632471803,146.61783901214596,19.370013362753554,-0.014849567413330097,0.026366741049200875,-0.06348452758789064,0.0010850044876100035,-0.07833409500122074,0.026888792396018466,-0.042236709594726585,0.026881791754591332,0.017663116455078114,0.007785498591395307,-0.40694994804187523,0.5207066606998467,0.004857445570574509,0.004803720482176005,0.003778965953978655
77.0,11.96759765625,0.8537454341917144,-154.296875,84.57279333832409,143.95823043823242,21.27276887548495,-0.04309736549854283,0.026662535042358267,-0.0001237792968750151,0.0,-0.043221144795417846,0.026662535042358267,-0.0069706726074219155,0.02669207652471399,0.00814147949218748,0.007190090184380595,-0.11216597123580924,0.7524331089760834,11.95927734375,0.8393827329777905,-156.953125,79.984396366475,143.73484527587888,20.887257144360657,-0.013756790161132815,0.024899558770716243,-0.06337725830078127,0.0009299506267873806,-0.07713404846191409,0.025296162414589932,-0.04106002807617188,0.025307904270269,0.017981872558593747,0.007080265535965427,-0.7775907360868286,0.6705160404740141,0.00102310886892457,0.0008849898088139584,-0.00024079366981176052
77.5,11.842919921875,0.9227737481144545,-164.9902343750001,88.37856903854876,141.1139263153076,22.83549662565616,-0.04426938444375987,0.02272593400335192,-0.0001237792968750151,0.0,-0.044393163740634886,0.02272593400335192,-0.008138656616210896,0.02274477674418045,0.0074577331542968976,0.00560157810118233,-0.252696573039598,0.6490276678295338,11.832861328124999,0.9054054784515081,-167.28515625000009,84.44792810024897,140.84404373168945,22.3696080165666,-0.01007690429687502,0.02431099139994867,-0.0632699890136719,0.0007755695149871576,-0.07334689331054692,0.02459928588351132,-0.03726692199707033,0.0245812183066378,0.01955108642578124,0.005539759845915921,-0.7913380513935897,0.9095451384045664,0.0019898314371440086,0.0017683332817966576,0.0005427512356248797
78.0,11.7115625,0.9948466825973743,-175.93750000000003,92.5564650294619,138.1592950439453,24.440142880845514,-0.04551909446716308,0.019677448058916074,-0.0001237792968750151,0.0,-0.0456428737640381,0.019677448058916074,-0.009413757324218744,0.019704974095957273,0.006707763671875002,0.004278796746101407,-0.4539215870392639,0.49518277152195816,11.699765625,0.974480652822112,-177.96875,89.13086739978193,137.84301300048827,23.89427804707152,-0.004727859497070247,0.02722215698651269,-0.0631627197265625,0.0006223619936012858,-0.06789057922363276,0.027491866839839063,-0.03177398681640618,0.027453949934276484,0.021926269531250032,0.006774380610541417,-0.8758993082113236,1.0899538616024054,0.0030257594546913937,0.0027199021332603678,0.001393520402567683
78.5,11.57037109375,1.070454759841835,-181.67968749999997,95.87171852832417,135.0251821899414,26.09091659111645,-0.041981472969055175,0.022328203371897004,-0.0001237792968750151,0.0,-0.04210525226593019,0.022328203371897004,-0.005919723510742185,0.022377744906225662,0.00836944580078125,0.004269869023631898,-0.6630681889318312,0.5608164007109225,11.557177734375,1.0476983589056104,-184.77050781249997,90.63504801326921,134.67187179565428,25.481763144715337,-0.006109523773193313,0.02689531003714001,-0.06302432250976564,0.00045439041856470323,-0.06913384628295895,0.02704295527095443,-0.03296188354492183,0.027027708548828785,0.020885772705078152,0.005647830458871839,-1.1206636228761555,1.1921583521292818,0.001657105638360929,0.0012646438931426893,-0.0001649497819442812
79.0,11.4254296875,1.1482279005957594,-191.17187500000006,101.35203553664763,131.85969360351558,27.75994322450967,-0.043463830947875995,0.028009823682522788,-0.0001237792968750151,0.0,-0.04358761024475101,0.028009823682522788,-0.007387084960937516,0.02799058000317781,0.007516784667968743,0.008066028598830611,-0.9222084881264557,1.035992210947384,11.410341796874999,1.1222322778948954,-195.14648437500006,94.54298769376932,131.45616416931148,27.065071269856805,-0.006658821105957053,0.030879066848072432,-0.06276873779296875,0.00023776758046689203,-0.06942755889892582,0.03093047032547517,-0.03327484130859377,0.030869916514234118,0.02028320312499999,0.0067895323455790845,-1.1919540014022516,1.2636030737164998,0.0028096371610549023,0.00232839109890681,0.0007932543873440342
79.5,11.271230468749998,1.231346041888665,-200.94726562500017,106.3418303436088,128.56463348388664,29.503865409363467,-0.044465978145599376,0.021986368678582634,-0.0001237792968750151,0.0,-0.04458975744247439,0.021986368678582634,-0.008374710083007834,0.021978992420539245,0.00692230224609374,0.005433375106336866,-0.7354323736159668,1.0867628017356379,11.253432617187498,1.2006909225829714,-205.40527343750017,98.65742641807287,128.089214439392,28.685524464655348,0.0017798614501954332,0.025901589674554543,-0.06251315307617189,0.0001551409191872622,-0.06073329162597645,0.025870241952174283,-0.024589233398437372,0.02583905846692087,0.024208984375000058,0.00647054829687145,-1.0705882963878572,0.9727414447476844,0.0037105879555105084,0.003138447466449548,0.0014955237820529045
80.0,11.109765624999998,1.3186589937311506,-208.20312500000003,107.57659312634827,125.17846374511716,31.300533531102527,-0.042187070846557574,0.025656264189384666,-0.0001237792968750151,0.0,-0.04231085014343259,0.025656264189384666,-0.006118774414062462,0.02569885072707001,0.007965087890625017,0.004545308206922749,-0.48260455364948407,1.2650729586085507,11.088867187499998,1.2826551073654548,-212.69531250000003,99.83334960258071,124.62093963623043,30.340663452200925,0.0020553588867187286,0.02765146824850097,-0.06225756835937501,0.00033026731588058566,-0.06020220947265628,0.027535699535878675,-0.02406616210937502,0.027517534187580246,0.024017333984374986,0.006231444351203401,-0.9101209662733152,0.9324969704753536,0.0029710562556915132,0.0023089375913574197,0.0005593760222412005
80.5,10.942548828124998,1.407240537473711,-216.63085937500006,109.48793825579443,121.73329963684078,33.076507351036646,-0.03939343005418775,0.02893992122499795,-0.0001237792968750151,0.0,-0.03951720935106277,0.02893992122499795,-0.003335266113281234,0.02897404690258573,0.009252014160156257,0.005427596140566894,-0.3359499844637839,1.2455923545667265,10.918647460937498,1.3660622591736755,-221.09375000000006,101.79903345754634,121.09663341522214,31.980403691687922,0.002677822113037156,0.02586513446921026,-0.06200198364257815,0.0005581727400358875,-0.05932416152954098,0.025690847386052408,-0.023167572021484326,0.02568685305288222,0.023966979980468768,0.004550340727330189,-0.6904059634620012,1.0032016037472542,0.001990213787847562,0.0012371656105277678,-0.000619973102939245
81.0,10.769804687499997,1.497615024435044,-227.4023437500001,112.75244807865377,118.24232147216792,34.84169628979029,-0.03722229182720182,0.027786206490102536,-0.0001237792968750151,0.0,-0.037346071124076834,0.027786206490102536,-0.0011557006835937246,0.02779109854548078,0.01021057128906251,0.004238706954109178,-0.21438883178995224,1.0456801884535956,10.742568359375,1.4506788979263354,-231.25000000000014,106.1719612306494,117.518085861206,33.59452308441463,0.006693458557128932,0.020009701758877535,-0.06170611572265626,0.0008175361858570495,-0.055012657165527334,0.019780486233581425,-0.018816528320312473,0.01976760623448572,0.025581665039062507,0.0033960780909255924,-0.4545877807901771,0.9916852780108995,0.0013439948915287426,0.000498005368843717,-0.0014688317882343973
81.5,10.58873046875,1.590340635051182,-237.998046875,115.91547054950702,114.65246627807615,36.598732279121094,-0.035021441876888285,0.02947313932796395,-0.0001237792968750151,0.0,-0.0351452211737633,0.02947313932796395,0.001052703857421868,0.029481463711705125,0.011124572753906246,0.0043766379589744555,-0.12669756695940396,0.9721723172420192,10.5587158203125,1.5386291611943919,-241.6162109375,109.75256563198717,113.8559814071655,35.22759371521093,0.009230384826660158,0.020676156591893122,-0.061302215576171895,0.0011417485245318335,-0.05207183074951172,0.020374982765255678,-0.01589340209960937,0.020379532069715444,0.026409454345703125,0.0049342163814164374,-0.42821586270987355,0.9384851853457195,0.0007483710655861089,-0.00019250984236193237,-0.00227109012625909
82.0,10.397695312499998,1.6869227650435494,-243.20312500000003,117.86064479628847,110.96722686767575,38.36091716582638,-0.03697663903236392,0.029945098748515787,-0.0001237792968750151,0.0,-0.03710041832923894,0.029945098748515787,-0.000891723632812529,0.02997579511441157,0.009969482421874983,0.004530298034377532,-0.22664672567016225,0.5514115820189192,10.365156249999998,1.63089357187201,-247.67578125000006,110.21855057562323,110.10577301025387,36.8789890160229,0.006666107177734307,0.021697634060002444,-0.06089831542968751,0.0014676384016649529,-0.054232208251953205,0.02109336124995746,-0.01808044433593756,0.0210726920291655,0.024778442382812464,0.006043276431900395,-0.3421127212631085,0.956007691600679,0.002227659819009249,0.0011900002206616756,-0.0010022899287316536
82.5,10.202392578125,1.7849088034053298,-251.90429687500003,122.54597754723167,107.29140281677245,40.08986613405457,-0.03775251358747487,0.02718317778301672,-0.0001237792968750151,0.0,-0.037876292884349884,0.02718317778301672,-0.0016685485839844274,0.02722092853031507,0.009423828124999974,0.005638577413213683,-0.1854680912755864,0.6294365152312513,10.166845703125,1.7237165175042943,-257.54394531250006,112.88137166995823,106.35276641845702,38.47577496550714,0.009732055664062506,0.0194691073990616,-0.06049441528320314,0.001794291996721485,-0.050762359619140635,0.019112643064827083,-0.014624786376953117,0.01909196576424263,0.025948333740234378,0.002788399876591907,-0.17848515010380167,0.8728248974507973,0.00310308864198916,0.0019668328286199174,-0.00034104647631502845
83.0,10.00076171875,1.886548386439328,-259.98046875,124.25434797266577,103.59443313598632,41.832045458640636,-0.03565742492675782,0.02631274286594183,-0.0001237792968750151,0.0,-0.03578120422363284,0.02631274286594183,0.0004226684570312381,0.026363966580861733,0.010350952148437495,0.006065068943128317,-0.2641623614829258,0.8946587869243744,9.961357421875,1.8187256918786998,-265.654296875,114.53029033680376,102.55661720275879,40.04784765468127,0.010288467407226588,0.020544889387077096,-0.06009051513671876,0.0021213565394911735,-0.04980204772949218,0.020439416525921232,-0.013633575439453099,0.02041824022788687,0.025793457031250012,0.0037546637462510793,0.03128940964634082,0.7390169649306861,0.00251111259828887,0.0012745013679234148,-0.0011507742183820397
83.5,9.792695312499998,1.990166972837444,-266.00585937500006,124.77869929136338,99.87445877075193,43.54228811428733,-0.0371924936771393,0.02522328725762074,-0.0001237792968750151,0.0,-0.03731627297401432,0.02522328725762074,-0.001082000732421897,0.0252979549290066,0.009451293945312488,0.005594270665961625,-0.37226181208116077,1.0472409298808356,9.749316406249998,1.9155215360446,-271.71386718750006,114.99626557879516,98.7352891540527,41.58456398166581,0.011151332855224579,0.022892121272169094,-0.059620086669921885,0.002445715110704053,-0.048468753814697306,0.02240574945329839,-0.012310714721679715,0.022382896434078734,0.025795135498046854,0.004485030191915289,0.14139099832459195,0.587729330172977,0.003751093413225913,0.0024124248108614655,-0.00013198339535051146
84.0,9.580390624999996,2.0948342618729545,-272.5000000000002,125.57368354874374,96.17876647949213,45.202152606972234,-0.041499323844909564,0.022613588869003526,-0.0001237792968750151,0.0,-0.04162310314178458,0.022613588869003526,-0.005342407226562394,0.022695439013327177,0.0071264648437500515,0.005792066919323454,-0.5949305821132038,1.1228690484589983,9.532695312499996,2.0127640181140847,-278.2421875000002,115.73262911932451,94.93028839111322,43.056848495218404,0.01122604370117189,0.022512526352676594,-0.05905444335937499,0.0028347071140785393,-0.04782839965820311,0.022464512067364235,-0.011782226562499973,0.02239219202706115,0.025483398437500002,0.0015077615838027317,0.18391642537150016,0.44061604547119965,0.006421224828831572,0.0049788530542322065,0.002313645277116077
84.5,9.362607421875,2.1998905857578195,-283.27148437500006,128.838193371603,92.50677101135251,46.776883879417916,-0.03236493229866026,0.027222792725724452,-0.0001237792968750151,0.0,-0.03248871159553528,0.027222792725724452,0.0037313842773437685,0.02722892553776002,0.011597747802734384,0.004990758604725035,-0.7133935603784178,1.2519761218338687,9.310991210937498,2.111083429692623,-289.04785156250006,118.93633217571517,91.16012104034421,44.46341414160499,0.0126392555236817,0.023934769948182194,-0.058502227783203145,0.003248153846336048,-0.045862972259521434,0.0242859395219014,-0.009783554077148374,0.024185289928177436,0.025831604003906276,0.004939328829391957,0.0515675933766824,0.5998107478211792,0.0023000329095147288,0.0007523672086549062,-0.0020352391251647387
85.0,9.135937499999997,2.308498966962896,-289.94140625000006,129.73466498098924,88.81508483886714,48.32283793748038,-0.02862861156463616,0.02376472500709014,-0.0001237792968750151,0.0,-0.028752390861511174,0.02376472500709014,0.007437896728515695,0.02378590136414742,0.013281250000000033,0.0040735148610918604,-0.6483722677875472,1.2486053921435116,9.080175781249997,2.21257837663181,-295.75195312500006,119.77409676227377,87.3657363891601,45.83377534190247,0.01614437103271483,0.020621922101687458,-0.05794848632812502,0.0036590767065318676,-0.04180411529541018,0.020324393718720208,-0.0057876586914062614,0.020271444496047883,0.027168273925781233,0.003321602164172588,0.08716005267520185,0.8612972319723552,0.0009711874718234042,-0.0006832991914690768,-0.003594823423859555
85.5,8.904384765624998,2.418528171096056,-297.46093750000006,131.12165879173776,85.16262260437009,49.81059692786676,-0.02941784948110582,0.01943985859050377,-0.0001237792968750151,0.0,-0.029541628777980836,0.01943985859050377,0.006656341552734361,0.01949769852070653,0.012654724121093744,0.00436594284205486,-0.5840986202924662,1.2394026195582548,8.844130859374998,2.31488201209384,-303.57910156250006,120.6527107903325,83.60301467895505,47.132529318984474,0.013228282928466756,0.01898795342303355,-0.057367431640625015,0.004023288612944177,-0.04413914871215825,0.018768741570995374,-0.008137207031250038,0.01874854496436195,0.025287933349609354,0.0031177544303837746,0.1269083089761823,0.9451509885858297,0.0019651367539091635,0.0001997640894269414,-0.0028400288439584
86.0,8.666992187499998,2.528997153754574,-303.984375,131.93355760778564,81.53628814697264,51.209814282297444,-0.028373137712478666,0.017584434153339244,-0.0001237792968750151,0.0,-0.02849691700935368,0.017584434153339244,0.007720947265624974,0.017657629398037604,0.012995605468749989,0.005138471761161342,-0.4712454700247691,1.01664339317889,8.602753906249998,2.4185059403493825,-310.80078125,120.32600465755765,79.88024337768552,48.36675938101072,0.01133422851562503,0.018856917818544358,-0.05678576660156251,0.004385157060036926,-0.045451538085937486,0.019294224501061746,-0.009399414062499967,0.01927107797072185,0.02392639160156251,0.004489095162546015,0.14809277229930543,0.9537724751082375,0.002000406948532006,0.00012132382705588689,-0.0030496896489720492
86.5,8.424296874999996,2.641106848603857,-307.63671875,131.08782967440243,77.95698318481442,52.546880280208704,-0.02815932452678677,0.017443336736149437,-0.0001237792968750151,0.0,-0.028283103823661785,0.017443336736149437,0.007937622070312535,0.017503159811968257,0.012920837402343767,0.004954430816780983,-0.28482841722892993,0.7432068128782764,8.355117187499996,2.522161564273557,-314.52636718750006,119.36130854596935,76.18215560913083,49.501711971986985,0.016004295349121078,0.02053428280216962,-0.056188995361328126,0.004775811351875181,-0.04018470001220705,0.021057001644212973,-0.004058227539062507,0.021018843306899508,0.025872497558593735,0.003976438310085397,0.15915663925916856,0.9208622892903029,0.002458442451236863,0.0004633162400332295,-0.0028413094092802683
87.0,8.178945312500002,2.753216543453138,-311.2890625,130.24210174101916,74.48159103393556,53.7861756360912,-0.02518163084983826,0.020001844580400736,-0.0001237792968750151,0.0,-0.025305410146713274,0.020001844580400736,0.010903930664062495,0.020092366618861962,0.014215698242187502,0.004937839917360938,-0.07307608366568784,0.6468914590982157,8.1044921875,2.625233378471878,-318.525390625,117.95841762944403,72.58149398803711,50.527473591843986,0.015022811889648439,0.023920449049905618,-0.055467712402343765,0.0052387858691082066,-0.04044490051269533,0.024283000954479852,-0.0042962646484375,0.024262538386601477,0.0249871826171875,0.007806000461629112,0.2991889295600324,0.7833994498609996,0.0015600409560396046,-0.0005553422062531945,-0.003998069052345347
87.5,7.930175781249999,2.8644805103690376,-317.13867187500006,130.66496570771076,71.11439990997313,54.89488035782265,-0.029450923204422014,0.01288207980158706,-0.0001237792968750151,0.0,-0.02957470250129703,0.01288207980158706,0.0066680908203124835,0.01289571712082811,0.01187133789062499,0.005492464656809473,-0.011083963034035554,0.6800180556361122,7.850952148437499,2.728331505714738,-325.43945312500006,116.58347547048469,69.10257530212401,51.44622863005799,0.01649522781372072,0.02122331639837546,-0.05473498535156251,0.005682234552418653,-0.038239757537841784,0.022580730191078896,-0.0021324157714843507,0.022549064683210246,0.025341033935546885,0.006760348548033803,0.2619114233341562,0.8273900007018161,0.004303908088800953,0.002067178950972,-0.0015146282979514956
88.0,7.677343749999997,2.976691692570328,-319.8828125,129.29488645562986,67.83150848388667,55.92177794870293,-0.028184690475463795,0.014291611329615024,-0.0001237792968750151,0.0,-0.02830846977233881,0.014291611329615024,0.007900390625000073,0.014313525993937051,0.012343750000000035,0.0045514020373590425,-0.08956517928685541,0.9042538969942985,7.592265624999996,2.8305574818326864,-328.828125,114.02300257924934,65.68392181396479,52.24346690096478,0.017793121337890582,0.019922939566026147,-0.053993408203124996,0.006110384318693923,-0.03620028686523442,0.020909392377281972,-9.338378906252956e-05,0.02091908904244794,0.02558837890624997,0.005882556580426642,0.1230491513694546,0.8973431715785644,0.00423389573089402,0.0018747763766346816,-0.0018470356398076768
88.5,7.422314453124996,3.0884800108049246,-322.24609375000006,127.7049179408694,64.65680652618404,56.84621203253911,-0.02562536835670471,0.01954564735723479,-0.0001237792968750151,0.0,-0.025749147653579725,0.01954564735723479,0.010429763793945317,0.019573872071275103,0.013458251953125002,0.0039431619448313275,-0.20352076817225276,1.0504055042813691,7.330541992187497,2.93085914836132,-331.22558593750006,112.37894613107564,62.35498519897457,52.90480315277828,0.017310886383056678,0.020052953699372194,-0.05318408203125,0.006577649001888165,-0.03587319564819332,0.021076048277822272,0.00026161193847661004,0.021053867483221717,0.024953308105468763,0.005278503307166378,0.25726834099331813,0.9908163401757492,0.0035321933030421125,0.001047317479238529,-0.002818016065068235
89.0,7.165605468749998,3.1985768731727546,-326.5234375,124.55881002868378,61.594993438720685,57.644032848193405,-0.02502724647521976,0.02178930438363848,-0.0001237792968750151,0.0,-0.025151025772094774,0.02178930438363848,0.011046600341796844,0.021813497459877894,0.013534240722656235,0.003991018243034426,-0.27756306397053526,1.1390424406814115,7.067578124999997,3.0302318642914434,-334.78515624999994,110.44192062537172,59.15111206054686,53.460764172731075,0.016485328674316423,0.02212645057779491,-0.052327148437500005,0.007072399842917356,-0.03584181976318358,0.024201472107374746,0.00026062011718752296,0.024169324640158606,0.024179992675781255,0.005348325772097783,0.6163060470616695,0.9417527540101281,0.0038808921043643535,0.0012664290141121822,-0.0027464546823970258
89.5,6.905966796874996,3.3078618367245376,-328.603515625,120.95600903247114,58.63614112854,58.3230629165422,-0.026884096860885665,0.022031491964363575,-0.0001237792968750151,0.0,-0.02700787615776068,0.022031491964363575,0.009219665527343705,0.02206376389810378,0.012407531738281226,0.006728372745353421,-0.14750376170054952,1.0317016388980158,6.801787109374995,3.12898895178759,-337.37792968749994,105.96716980134221,56.056757202148404,53.90987905479277,0.018139152526855513,0.024176359784394245,-0.0515855712890625,0.007500549609192626,-0.033446418762206984,0.027140487671553686,0.0027706146240234993,0.027158027208962043,0.024605102539062517,0.0071174400559053,0.7955665855141082,0.7522915658279825,0.00543794483862498,0.0026919817391419434,-0.001470323827694641
90.0,6.644726562499999,3.4143728126548214,-327.5390625,117.38703715359387,55.82969207763671,58.82611550225247,-0.022865891456603976,0.024370851691344182,-0.0001237792968750151,0.0,-0.02298967075347899,0.024370851691344182,0.013249206542968774,0.024414892516332082,0.01421508789062501,0.004597738253916283,0.18864700566360426,0.891842295027077,6.533984374999999,3.224236426040415,-336.62109375,101.9130350268013,53.109107971191406,54.17243261172409,0.015206146240234357,0.024773506393907498,-0.05068530273437501,0.007992166259976058,-0.03547915649414065,0.02741818751322124,0.0007324218749999886,0.02744440625717254,0.022778320312499992,0.005875527053891478,0.7403322588869539,0.7465691084075523,0.004083887236664538,0.001199101845237801,-0.003120541850818605
90.5,6.384189453124998,3.517974484494269,-327.52929687499994,111.92363470393816,53.162756919860826,59.19520828515707,-0.022533092498779342,0.025359999100345688,-0.0001237792968750151,0.0,-0.022656871795654357,0.025359999100345688,0.013570861816406208,0.02539604423534375,0.014119110107421853,0.005575791258690742,0.5673685496225851,0.6775025961727,6.266987304687499,3.3167721758722433,-335.7177734374999,98.03335964473187,50.30481567382811,54.30849501921921,0.01663352966308594,0.020166310502608403,-0.04966296386718751,0.008534706570893589,-0.033029434204101565,0.02386054238798925,0.0031177520751953284,0.023887569073222835,0.02309356689453125,0.006582632341586205,0.8536714496034647,0.5543299303450042,0.004626771941913082,0.0016050205717868596,-0.002869593595942496
91.0,6.124453124999999,3.618768339594884,-327.3046875,106.83235254497102,50.63310836791992,59.43264223988725,-0.022672692537307713,0.025175423542480743,-0.0001237792968750151,0.0,-0.02279647183418273,0.025175423542480743,0.01341812133789065,0.02520320571629224,0.013805236816406262,0.005469567501750029,0.9017261425098381,0.5795643269902492,6.000898437499999,3.4067069206422596,-336.01562499999994,92.30931603397444,47.64513687133788,54.326226720128766,0.016602630615234322,0.01836986590446224,-0.048604003906250005,0.009098552402568068,-0.03200137329101569,0.021791146462513473,0.004082489013671826,0.021819901898689487,0.02270996093749997,0.006123496104527195,0.9424269171583652,0.42080557095879784,0.0054022065733926134,0.0022387826953206595,-0.002395775888667801
91.5,5.864794921874999,3.715502700615257,-324.86328125,102.46839640871346,48.2212212753296,59.51144921696721,-0.02339879214763641,0.0246524651220192,-0.0001237792968750151,0.0,-0.023522571444511427,0.0246524651220192,0.012678756713867187,0.024688076074881937,0.013239288330078125,0.004122291406166596,1.0927878782187834,0.8054277883161727,5.7347167968749995,3.4923375724071204,-334.296875,86.59828740776575,45.10518032073975,54.19070831918799,0.013126564025878903,0.02153676737560973,-0.047545043945312504,0.009662532221893387,-0.03441847991943361,0.023769969046461423,0.0016784667968749996,0.023765824615861606,0.02064453125,0.004611824807057926,0.9291912514568684,0.533055039556802,0.006444608287118275,0.0031347274675798953,-0.0016648292593741147
92.0,5.606171874999998,3.8092939284274596,-319.14062499999994,96.21000970167746,45.945308227539044,59.466692567935134,-0.026035323143005405,0.02407589495530883,-0.0001237792968750151,0.0,-0.02615910243988042,0.02407589495530883,0.010046081542968715,0.024137409651533194,0.01176147460937498,0.003892287477474908,1.1190148555871255,0.983693932364779,5.469179687499998,3.574355823660844,-328.59374999999994,80.21805609360963,42.69339141845702,53.91855840878978,0.011359710693359445,0.024715969349445952,-0.046475097656250006,0.010207212015121434,-0.03511538696289056,0.026750483438025358,0.0010101318359375811,0.026750207133415888,0.019429931640625033,0.0044995983196168795,0.9879685337448959,0.8888527175440988,0.008401686412720988,0.004944288817233689,-2.1141724195645854e-05
92.5,5.353710937499995,3.8981291905500366,-316.01562499999994,90.6620344586834,43.87196044921872,59.27882573629314,-0.030283713340759348,0.020416558108897535,-0.0001237792968750151,0.0,-0.030407492637634363,0.020416558108897535,0.005810928344726492,0.020446309920562095,0.009430694580078086,0.0025862228444649845,1.4554154900682124,1.0793381587752002,5.209790039062495,3.651354977754891,-326.53808593749994,73.17942867842112,40.48867626190182,53.5096274383868,0.014196968078613419,0.02043195825773842,-0.045395843505859367,0.010735473675104055,-0.031198875427245955,0.025014217543254284,0.00495147705078141,0.025028855790230394,0.020550537109375065,0.00474260838006212,1.056871214113039,1.1096320551507237,0.011222848305687653,0.007614307565394269,0.0024792576645330917
93.0,5.104179687499997,3.983107933296384,-309.9609374999999,81.25753983946174,41.941351623535155,58.96888389184681,-0.03370741903781895,0.02196427703756702,-0.0001237792968750151,0.0,-0.03383119833469397,0.02196427703756702,0.002412567138671838,0.021984064861310687,0.00757781982421873,0.0040038609269530965,1.4818599674251556,0.9454045432290713,4.952236328124997,3.7226694301760195,-320.9277343749999,62.85543995259682,38.40806846618651,52.948907050246305,0.012512054443359344,0.021559671232298634,-0.044195739746093754,0.011333505105149029,-0.0316836853027344,0.024676506813816407,0.004523925781249985,0.02468336529451715,0.01938415527343748,0.0034986667115845735,1.2026120343686348,1.138625601844888,0.013577533188091104,0.009814121383070838,0.004505601951301054
93.5,4.8591406249999975,4.061117877871654,-302.76855468749994,73.38381277966378,40.12886154174804,58.5010538923871,-0.034491980373859386,0.021768779609730872,-0.0001237792968750151,0.0,-0.0346157596707344,0.021768779609730872,0.0016121673583984536,0.021827057882194904,0.007077941894531257,0.005081453177233481,1.1388500364788203,0.8049233176693419,4.699287109374997,3.7871973877806147,-313.85253906249994,54.83877371358117,36.451358032226544,52.24002010202074,0.010406970977783172,0.02114213271357912,-0.042877227783203124,0.011988766519910241,-0.03247025680541995,0.02358607560915939,0.003716049194335923,0.023571350109465018,0.018016204833984355,0.003776037966723672,1.2393076436503068,1.163983107715445,0.014584749857758641,0.010664558936727625,0.005180759692973184
94.0,4.620019531249998,4.133546018086595,-295.2636718749997,64.83350337315926,38.44901752471924,57.9152908987493,-0.033922033309936525,0.020547098083812415,-0.0001237792968750151,0.0,-0.03404581260681154,0.020547098083812415,0.0021496582031249965,0.02064976455344114,0.007256469726562498,0.006668922913614672,0.7448579659273084,0.8509532445575829,4.451777343749997,3.845292485525662,-305.9082031249999,47.677380489295246,34.62288227081298,51.40448891038983,0.009428405761718767,0.02081302540124175,-0.04148059082031249,0.012653004839551073,-0.032052185058593724,0.02407404486211025,0.0040625000000000374,0.024037265302530978,0.017232055664062506,0.004353427451375849,1.201965047485075,1.0177503928905751,0.014921558052097465,0.01084191581188195,0.005180174214534726
94.5,4.38657958984375,4.200371210742872,-287.6977539062499,51.60208985537854,36.892778165340445,57.22170556772936,-0.034269812107086184,0.019097193835762055,-0.0001237792968750151,0.0,-0.0343935914039612,0.019097193835762055,0.001787261962890625,0.019175068729249605,0.006957550048828125,0.00735136565375365,0.5994417061616921,0.8915293703280189,4.20993896484375,3.8978609581493995,-297.78076171875,35.49909889729681,32.92623283147812,50.47896461897168,0.009152793884277335,0.02300867854851794,-0.04006747436523438,0.013326830380105651,-0.030914680480957052,0.02693983350295995,0.005235595703124997,0.026892903582728316,0.01683303833007812,0.0028822855853917104,1.2206517288457013,0.8726676112298826,0.015748894377015963,0.011505557278483054,0.005661454786702464
95.0,4.160522460937498,4.256844693494538,-276.44042968749983,42.32868306583111,35.44011018276215,56.34585658387981,-0.034428334236145025,0.024596986756454827,-0.0001237792968750151,0.0,-0.03455211353302004,0.024596986756454827,0.0016761779785156186,0.024620847438110306,0.006793212890624996,0.006774261719254295,0.5117740942325949,0.6999010676048814,3.9763916015624976,3.9416399958459603,-287.71972656249983,24.682448147912645,31.357970213890063,49.41386330008306,0.0033004760742186834,0.023944478222687093,-0.038522521972656244,0.014076816288300759,-0.03522204589843756,0.026406394145857128,0.0009071350097655786,0.026378082026937505,0.013621520996093713,0.006425997482592316,1.3132126459152913,0.6673384998636894,0.01645404026488686,0.012042973932238759,0.006012331692681881
95.5,3.9441845703125,4.304932783786708,-263.5571289062499,33.46968296364189,34.10379742622378,55.35204197842833,-0.03684333682060241,0.02179544068428189,-0.0001237792968750151,0.0,-0.036967116117477425,0.02179544068428189,-0.0007346343994140441,0.021868892378890527,0.00551116943359376,0.004318524688755223,0.8394717392109465,0.7689162903202482,3.7518896484374986,3.9758840186910023,-275.54931640625,15.842530837544382,29.89915234565735,48.21911060220421,0.003908920288085924,0.023502199186421973,-0.036977111816406255,0.014826036094950347,-0.033068191528320336,0.024934630119378222,0.0030942535400390546,0.024912517941161907,0.013756256103515618,0.008051739616616378,1.054061359458884,0.6402847754552455,0.018276947569874066,0.013697926559299958,0.007480829734728099
96.0,3.73814453125,4.347075406707194,-252.60742187499994,18.284637919745666,32.886968688964856,54.31544671275128,-0.03554684162139889,0.020989467941210267,-0.0001237792968750151,0.0,-0.03567062091827391,0.020989467941210267,0.0005133056640625402,0.02104030145077398,0.006066894531250019,0.003076411162258218,3.1124391533555844,4.582954545755563,3.536503906249999,4.002145210424541,-263.27148437499994,9.298736642324563,28.542121276855465,46.95125361411866,0.004845275878906255,0.02291031914439264,-0.03531665039062501,0.015594957652754564,-0.03047137451171875,0.026432957205317423,0.005696411132812514,0.026402932352242985,0.014028320312500002,0.006982872581607559,2.807061566617386,3.522781885186996,0.018269973476047377,0.01352035492234285,0.007114181367421414
96.5,3.5408422851562475,4.378557629027386,-238.6743164062497,5.1208826366353755,31.722891633510592,53.1445791502749,-0.034354847669601535,0.021979141315332403,-0.0001237792968750151,0.0,-0.03447862696647655,0.021979141315332403,0.0017043304443358485,0.02200566713370177,0.006566467285156204,0.004255491715700691,2.8741589731825314,4.063174657080263,3.331027832031247,4.019786469012165,-249.74853515624972,16.888302928379424,27.268545396327966,45.602637256865044,0.00408546447753902,0.021004832881317343,-0.03353533935546874,0.016417062236433824,-0.029449874877929716,0.026970848899252785,0.0067273712158202985,0.02694832042779754,0.013426818847656225,0.005351621938987899,3.0771108954658257,4.4727652729670435,0.01832552342401653,0.01340313373439807,0.006805784396495933
97.0,3.354111328124997,4.400373181069007,-222.6806640624996,7.3832048584358905,30.618717641830443,51.87644153576755,-0.03799770995974545,0.022393759520573646,-0.0001237792968750151,0.0,-0.03812148925662046,0.022393759520573646,-0.0018988037109375381,0.022426888963617678,0.004646301269531231,0.006576109969151084,0.839062054951921,0.9438400360676279,3.136162109374997,4.0278716993927794,-234.95605468749963,30.158208674728307,26.06459593772888,44.17470878609089,-0.00039798736572265684,0.017910661089960662,-0.03162707519531248,0.017282061359042523,-0.032025062561035135,0.026685678997565312,0.004166259765625039,0.026689095576739142,0.010959167480468745,0.004565855190011492,1.187249435967093,1.563327622668822,0.020802493449329416,0.01570660928294499,0.008917605178581879
97.5,3.1804687499999993,4.411993482873693,-206.84814453124983,22.432933432990502,29.585572099685677,50.54517614128314,-0.038088610395789174,0.019372796959690963,-0.0001237792968750151,0.0,-0.03821238969266419,0.019372796959690963,-0.0020172119140625245,0.019395431591775522,0.004558563232421863,0.007445976024051154,-4.2296684649719385,8.741128824885864,2.9530761718749985,4.023513327171067,-217.95654296874986,42.76899724061323,24.915804338455196,42.65635353933382,0.0018582344055175664,0.02279787535103934,-0.029596130371093744,0.018217898069091902,-0.027737895965576187,0.027044331188348893,0.008331298828125002,0.027016930625534518,0.011884307861328118,0.003998873545384172,-3.87139077231058,7.219763302707468,0.021449785012785834,0.016179356542545945,0.00919784782693704
98.0,3.0225976562499985,4.411080096705639,-189.62402343749963,38.28610354425945,28.602468585968033,49.13702672708915,-0.04075902462005612,0.024383194410302973,-0.0001237792968750151,0.0,-0.04088280391693114,0.024383194410302973,-0.004698486328124974,0.024429231676632038,0.0031488037109375132,0.004633172519776711,-7.6597550309899844,14.386153086799283,2.786484374999998,4.007913874091028,-200.09277343749966,57.21794339522447,23.837490100860595,41.09763336459,0.004450149536132853,0.024577491719351672,-0.02756518554687498,0.019153756755729844,-0.02311503601074213,0.028376173052924104,0.013045043945312574,0.028386361697707252,0.01303649902343752,0.006055439779246561,-7.581698955633804,13.681882020852777,0.023431420072767804,0.017982442969208035,0.010804270801010261
98.5,2.8786364746093747,4.399339278670446,-171.19628906249972,54.676310893226606,27.64601621329786,47.67481231195047,-0.04169988527894023,0.025335140978463733,-0.0001237792968750151,0.0,-0.041823664575815246,0.025335140978463733,-0.0056393432617187845,0.02543905279463252,0.0026054382324218577,0.0041793130518620655,-9.84649610964011,17.738304530548447,2.634295654296874,3.9823813644786488,-181.80175781249977,73.67233761655328,22.80408204734325,39.5172217208572,0.001824035644531249,0.023293936674215344,-0.025429718017578117,0.020149598252553684,-0.02360568237304687,0.030209186422485965,0.012572479248046897,0.030180532081076555,0.011524047851562498,0.006188620021626662,-9.503505643986895,17.27799909536839,0.02454964809850637,0.018921003641877026,0.011545233876602584
99.0,2.7481616210937503,4.374219044729131,-150.58761596679665,69.52914343329057,26.692696973085425,46.14087547278422,-0.037200961112976175,0.025823250612270657,-0.0001237792968750151,0.0,-0.03732474040985119,0.025823250612270657,-0.0011264038085938516,0.025944362636992742,0.0048239135742187,0.005928749165720361,-12.066694839850985,21.07554630233626,2.4954760742187494,3.9433058341765053,-161.9157409667967,89.54474784549842,21.78521124005318,37.885081772578985,0.006481399536132822,0.023552830506735813,-0.023160583496093744,0.021175026058680775,-0.016679183959960923,0.02520632045551776,0.019505004882812527,0.02517679334519401,0.013673706054687504,0.005501507301942044,-11.474836884122924,20.840201371592325,0.022910951585885554,0.01710092927393288,0.00952595902173209
99.5,2.6336258697509765,4.338340226460253,-964.6232223510497,1532.112729345167,25.762288670169667,44.5907810790931,-0.03778798580169678,0.025699156458490906,-0.0001237792968750151,0.0,-0.0379117650985718,0.025699156458490906,-0.0017147064208984423,0.02581297725700979,0.004469909667968748,0.006828611146819475,-14.248524651382901,24.442174168974162,2.3722245025634754,3.8928427434381248,-842.4406051635742,1324.8002531902532,20.788212093936746,36.23458936146271,0.008183708190917932,0.02386615933964899,-0.020768157958984356,0.022249583241404296,-0.012584449768066424,0.024719515664434002,0.02362648010253906,0.02470298664237324,0.014333953857421856,0.005531038321250554,-13.483315984130197,24.3898207638043,0.023847411317517248,0.017854996197269213,0.010079994436525231
100.0,2.5356979370117188,4.291474609466787,-2528.453826904297,4295.656998387347,24.8465183514636,43.02960276069883,-0.039826154708862305,0.02691618080823599,-0.0001237792968750151,0.0,-0.03994993400573732,0.02691618080823599,-0.0037078857421875,0.027041738596213404,0.003387451171875,0.006342298741010008,-16.27226131501456,27.897408887162616,2.2651901245117188,3.8307290547399675,-2257.946014404297,3834.9029502932285,19.805571391014382,34.571821978534466,0.00237274169921875,0.022339715316181154,-0.018251220703125015,0.023371205348278065,-0.015878479003906265,0.027200385818729186,0.0202178955078125,0.027125436486795305,0.011199951171875,0.005115951359661152,-15.303335878954638,28.058326940981814,0.025508627334627103,0.01933477926959199,0.011361115220733495
