phase_pct,baseline_omega_mean,baseline_omega_std,baseline_alpha_mag_mean,baseline_alpha_mag_std,baseline_omega_sq_mean,baseline_omega_sq_std,baseline_sp_feedback_mean,baseline_sp_feedback_std,baseline_turn_ff_mean,baseline_turn_ff_std,baseline_required_turn_voltage_mean,baseline_required_turn_voltage_std,baseline_motor_voltage_delta_mean,baseline_motor_voltage_delta_std,baseline_speed_error_mean,baseline_speed_error_std,baseline_acceleration_mean,baseline_acceleration_std,trial_omega_mean,trial_omega_std,trial_alpha_mag_mean,trial_alpha_mag_std,trial_omega_sq_mean,trial_omega_sq_std,trial_sp_feedback_mean,trial_sp_feedback_std,trial_turn_ff_mean,trial_turn_ff_std,trial_required_turn_voltage_mean,trial_required_turn_voltage_std,trial_motor_voltage_delta_mean,trial_motor_voltage_delta_std,trial_speed_error_mean,trial_speed_error_std,trial_acceleration_mean,trial_acceleration_std,predicted_speed_error_unconstrained,predicted_speed_error_constrained,predicted_speed_error_conservative
0.0,0.09661865234375,0.0,117.24853515625,0.0,0.009335163980722427,0.0,-0.006007075309753418,0.015661535557000297,-0.00010126953125000338,0.0,-0.006108344841003421,0.015661535557000297,0.030364990234375,0.01569562092160459,0.00225830078125,0.00971188061431756,0.06633482890807882,0.5634469326065709,0.09661865234375,0.0,117.24853515625,0.0,0.009335163980722427,0.0,-0.00797271728515625,0.013296570426442588,-0.010355175781250003,0.0,-0.018327893066406253,0.013296570426442588,0.018096923828125,0.013189773524044936,-0.002349853515625,0.005548411277466248,0.505496294070519,0.742133594588876,0.007080078125,0.007080078125,0.007080078125
0.5,0.18631378173828123,2.7755575615628914e-17,149.88616943359375,0.0,0.037184231560677294,0.0,0.00057502269744873,0.015640717917779563,-0.00010126953125000338,0.0,0.0004737531661987266,0.015640717917779563,0.0369952392578125,0.01562194318672541,0.005526733398437501,0.008324829518624571,0.3476562144317234,0.6751312889669058,0.18631378173828123,2.7755575615628914e-17,149.88616943359375,0.0,0.037184231560677294,0.0,-0.009596719741821289,0.01587128966142243,-0.013343457031250004,0.0,-0.02294017677307129,0.015871289661422434,0.013579483032226565,0.015803341846489523,-0.00314361572265625,0.0067825454557299426,0.86036557639952,0.907675755452654,0.0038116455078124997,0.0038116455078124997,0.0038116455078124997
1.0,0.29862060546874997,5.551115123125783e-17,181.1328125,0.0,0.09554422199726104,0.0,-0.0005913877487182611,0.01874878645924388,-0.00010126953125000338,0.0,-0.0006926572799682645,0.01874878645924388,0.03580520629882813,0.018768934776656053,0.00486480712890625,0.009547178289954288,0.7873841043396674,0.576726390129519,0.29862060546874997,5.551115123125783e-17,181.1328125,0.0,0.09554422199726104,0.0,-0.009851970672607421,0.013366252419750752,-0.016072949218750004,0.0,-0.025924919891357423,0.013366252419750754,0.010566253662109375,0.01332877701131471,-0.0032418823242187497,0.005586879682443447,1.2103901042804908,0.9555145610843151,0.00447357177734375,0.00447357177734375,0.00447357177734375
1.5,0.43276489257812495,5.551115123125783e-17,210.826416015625,0.0,0.19560039073228833,2.7755575615628914e-17,-0.0023578754067420963,0.02051257584148059,-0.00010126953125000338,0.0,-0.0024591449379920997,0.02051257584148059,0.03401054382324219,0.020585463813921658,0.00390960693359375,0.010829006443883925,1.1309250696000008,0.35674490160985106,0.43276489257812495,5.551115123125783e-17,210.826416015625,0.0,0.19560039073228833,2.7755575615628914e-17,-0.01107635498046875,0.011271158680897182,-0.018687695312500002,0.0,-0.029764050292968754,0.011271158680897182,0.0067131614685058605,0.011257873973941224,-0.0038059997558593742,0.004776562796018845,1.3309644152234532,1.0500904644903255,0.00542877197265625,0.00542877197265625,0.00542877197265625
2.0,0.5879394531250001,1.1102230246251565e-16,238.837890625,0.0,0.3488358259201049,0.0,-0.00014278739690780536,0.017884523660100755,-0.00010126953125000338,0.0,-0.00024405692815780873,0.017884523660100755,0.03586471557617188,0.01757633596097938,0.0049890136718750006,0.010343440126116606,1.1845586461065123,0.5060796903697489,0.5879394531250001,1.1102230246251565e-16,238.837890625,0.0,0.3488358259201049,0.0,-0.014536819458007813,0.014265193287658755,-0.021273144531250007,3.469446951953614e-18,-0.035809963989257815,0.014265193287658755,0.0007413482666015634,0.014239311226590638,-0.00546630859375,0.006389231989350681,1.0884403682255324,1.230723706236598,0.0043493652343749994,0.0043493652343749994,0.0043493652343749994
2.5,0.76910400390625,0.0,264.61181640625,0.0,0.5996178090572357,0.0,-0.004227245226502418,0.014904585318639297,-0.00010126953125000338,0.0,-0.004328514757752422,0.014904585318639297,0.026999092102050783,0.01995386529546973,0.0028411865234375003,0.0071695722506663175,0.947289811425562,0.7886526482709942,0.76910400390625,0.0,264.61181640625,0.0,0.5996178090572357,0.0,-0.014767360687255858,0.017049628033851898,-0.02351435546875,3.469446951953614e-18,-0.03828171615600586,0.017049628033851898,-0.001917171478271485,0.01700438586413126,-0.005513000488281249,0.007137363949368828,0.8346824379234021,1.0983445737340662,0.0064971923828125,0.0064971923828125,0.0064971923828125
3.0,0.9701464843750002,1.1102230246251565e-16,288.9453125,0.0,0.9588851070404053,1.1102230246251565e-16,-0.006719089299440384,0.01885449807749151,-0.00010126953125000338,0.0,-0.0068203588306903875,0.01885449807749151,-0.00238365173339844,0.019891172654445857,0.0015396118164062503,0.009771228932387794,1.1611835328571172,0.7914056873828478,0.9701464843750002,1.1102230246251565e-16,288.9453125,0.0,0.9588851070404053,1.1102230246251565e-16,-0.01877452850341797,0.02069854190048078,-0.025755566406250006,3.469446951953614e-18,-0.04453009490966797,0.02069854190048078,-0.03768306732177734,0.02066747074853231,-0.0074142456054687505,0.008891986370401074,0.7911340673486641,0.7995318981789036,0.00779876708984375,0.00779876708984375,0.00779876708984375
3.5,1.1881787109375,0.0,311.8115234375,0.0,1.4326186037063595,2.220446049250313e-16,-0.010097489356994628,0.0217855661405617,-0.00010126953125000338,0.0,-0.010198758888244631,0.0217855661405617,-0.023684158325195312,0.02188833433129402,-0.00017181396484374943,0.011399066762405735,1.5428752054423434,0.8574178604377002,1.1881787109375,0.0,311.8115234375,0.0,1.4326186037063595,2.220446049250313e-16,-0.022783975601196285,0.02067587423706952,-0.027910107421875,3.469446951953614e-18,-0.05069408302307129,0.02067587423706952,-0.06433563232421874,0.02070171255144023,-0.009302215576171873,0.008900029032937707,0.9692727824746885,0.6971035124271653,0.00951019287109375,0.00951019287109375,0.00951019287109375
4.0,1.4224218749999997,2.220446049250313e-16,332.890625,0.0,2.0347892761230466,0.0,-0.014116747379302977,0.020448021994885407,-0.00010126953125000338,0.0,-0.01421801691055298,0.020448021994885407,-0.027694396972656247,0.020446227799047912,-0.0021740722656250003,0.010157827328194506,1.9084085673441202,0.922928391873103,1.4224218749999997,2.220446049250313e-16,332.890625,0.0,2.0347892761230466,0.0,-0.024573974609375,0.015652808819495465,-0.029964550781249995,6.938893903907228e-18,-0.054538525390624995,0.015652808819495465,-0.06817169189453126,0.015686549051379412,-0.010070800781250002,0.006292992069099358,1.3190650495338063,0.6883813321990377,0.011512451171874999,0.011512451171874999,0.011512451171874999
4.5,1.6749316406250006,4.440892098500626e-16,350.8203125,0.0,2.816484546661378,4.440892098500626e-16,-0.013144653141498564,0.021030314597522328,-0.00010126953125000338,0.0,-0.013245922672748567,0.021030314597522328,-0.026719703674316402,0.02111754532080556,-0.0016371154785156249,0.010235658420240941,1.9761607919261817,0.6717156362848831,1.6749316406250006,4.440892098500626e-16,350.8203125,0.0,2.816484546661378,4.440892098500626e-16,-0.021374120712280273,0.01908394786107327,-0.03201899414062501,0.0,-0.05339311485290528,0.01908394786107327,-0.06690225601196288,0.01910631153150662,-0.008319854736328125,0.007878301314928653,1.6023727452560537,0.521275427187435,0.010975494384765624,0.010975494384765624,0.010975494384765624
5.0,1.9426757812499997,2.220446049250313e-16,367.48046875,0.0,3.8024206161499023,0.0,-0.013635650277137756,0.025045969710786327,-0.00010126953125000338,0.0,-0.01373691980838776,0.025045969710786327,-0.02716331481933594,0.02510117037906724,-0.0018737792968749995,0.01185813345962952,1.9084334651351327,0.35768842165254694,1.9426757812499997,2.220446049250313e-16,367.48046875,0.0,3.8024206161499023,0.0,-0.02193202972412109,0.018270046746597112,-0.0337560546875,0.0,-0.0556880844116211,0.018270046746597112,-0.06930503845214844,0.018326633535516015,-0.008453369140625,0.007093984167292392,1.8480189752467686,0.6510267785368309,0.011212158203125,0.011212158203125,0.011212158203125
5.5,2.22203125,4.440892098500626e-16,383.10546875,0.0,4.971563110351561,8.881784197001252e-16,-0.01907904535531997,0.023966893051534138,-0.00010126953125000338,0.0,-0.019180314886569974,0.023966893051534138,-0.03266731262207031,0.023973377079938792,-0.004577636718749997,0.01131692625489755,1.9173908011340934,0.42811000548674477,2.22203125,4.440892098500626e-16,383.10546875,0.0,4.971563110351561,8.881784197001252e-16,-0.02584564685821533,0.018667142281857986,-0.035538281250000005,0.0,-0.06138392810821533,0.01866714228185799,-0.07497596740722656,0.01871024679680953,-0.010275421142578123,0.007090001431267002,2.0621447796588246,0.6676789601214874,0.013916015624999997,0.013916015624999997,0.013916015624999997
6.0,2.512421875,0.0,397.34375,0.0,6.335238342285155,0.0,-0.02630163073539734,0.020736873732743525,-0.00010126953125000338,0.0,-0.026402900266647343,0.020736873732743525,-0.039990386962890624,0.020741313167304636,-0.008131713867187501,0.010202660945106839,2.064107259114589,0.6592415564651107,2.512421875,0.0,397.34375,0.0,6.335238342285155,0.0,-0.03229983568191529,0.02045655480675334,-0.03731806640625001,6.938893903907228e-18,-0.06961790208816528,0.020456554806753336,-0.08309280395507812,0.02043971125733161,-0.013355712890624998,0.007890809972880025,2.3105199853857092,0.6161832052528075,0.0174700927734375,0.0174700927734375,0.0174700927734375
6.5,2.8142382812499998,4.440892098500626e-16,409.296875,0.0,7.928027267456054,8.881784197001252e-16,-0.02644175201654434,0.023292415526992342,-0.00010126953125000338,0.0,-0.026543021547794345,0.023292415526992342,-0.04004291534423828,0.023278677697425053,-0.008061676025390624,0.011957052424565384,2.3826515535652537,0.6694889699308195,2.8142382812499998,4.440892098500626e-16,409.296875,0.0,7.928027267456054,8.881784197001252e-16,-0.03963529646396637,0.022652162701802325,-0.03881220703125,6.938893903907228e-18,-0.07844750349521638,0.022652162701802328,-0.09198177337646483,0.02259572920501685,-0.0168109130859375,0.008822738873766991,2.738338550487605,0.4829911372129679,0.017400054931640624,0.017400054931640624,0.017400054931640624
7.0,3.1271484375000003,4.440892098500626e-16,418.4765625,0.0,9.813695526123047,0.0,-0.03387882053852081,0.02377515547073877,-0.00010126953125000338,0.0,-0.03398009006977081,0.02377515547073877,-0.047478637695312506,0.023868151273014226,-0.011653442382812497,0.011526179472356173,2.9695392599750563,0.6886862446659485,3.1271484375000003,4.440892098500626e-16,418.4765625,0.0,9.813695526123047,0.0,-0.04551802039146423,0.016783867330851562,-0.04030634765625001,6.938893903907228e-18,-0.08582436804771422,0.016783867330851566,-0.09948944091796874,0.016700640163382446,-0.019486083984375,0.006214760257680411,3.178783852459396,0.28676918082387903,0.0209918212890625,0.0209918212890625,0.0209918212890625
7.5,3.4464843750000003,4.440892098500626e-16,425.5859375,0.0,11.922637939453123,0.0,-0.035448272526264195,0.022187846181662186,-0.00010126953125000338,0.0,-0.0355495420575142,0.022187846181662186,-0.049039268493652345,0.02227677345292006,-0.012267303466796874,0.010066163093372741,3.4271533672626275,0.7357246953263777,3.4464843750000003,4.440892098500626e-16,425.5859375,0.0,11.922637939453123,0.0,-0.04963273704051971,0.018439509882521694,-0.04180048828125,0.0,-0.09143322532176971,0.018439509882521694,-0.10512161254882811,0.018367157067354194,-0.02127456665039062,0.007010723283428439,3.2141207537173146,0.2578296043798892,0.021605682373046876,0.021605682373046876,0.021605682373046876
8.0,3.7710937499999995,4.440892098500626e-16,431.5625,0.0,14.254824829101562,1.7763568394002505e-15,-0.03704434871673583,0.0216536853116062,-0.00010126953125000338,0.0,-0.03714561824798583,0.0216536853116062,-0.05060974121093749,0.02168562286337528,-0.012874755859374996,0.009686782487323757,3.5588617925043815,0.6324489213967911,3.7710937499999995,4.440892098500626e-16,431.5625,0.0,14.254824829101562,1.7763568394002505e-15,-0.05329083561897278,0.022370186647580354,-0.04329462890625001,6.938893903907228e-18,-0.09658546452522278,0.022370186647580354,-0.11017944335937499,0.02233981541356496,-0.022800292968749997,0.00852113003358,3.0209428836137837,0.3662782032991914,0.022213134765624993,0.022213134765624993,0.022213134765624993
8.5,4.099843749999999,8.881784197001252e-16,437.5390625,0.0,16.80967102050781,3.552713678800501e-15,-0.04726693153381348,0.02360430810093025,-0.00010126953125000338,0.0,-0.04736820106506348,0.02360430810093025,-0.0607892608642578,0.02361055372086192,-0.01781204223632812,0.011457062407721751,3.182435113511179,0.5274878008214596,4.099843749999999,8.881784197001252e-16,437.5390625,0.0,16.80967102050781,3.552713678800501e-15,-0.05816364295780658,0.023476170386898896,-0.04478754882812501,6.938893903907228e-18,-0.1029511917859316,0.023476170386898896,-0.11634597778320313,0.023505179377448185,-0.024856109619140625,0.008771305296398543,2.871090726696815,0.5465330071095786,0.027150421142578124,0.027150421142578124,0.027150421142578124
9.0,4.43453125,0.0,443.515625,0.0,19.698965454101565,0.0,-0.05399275302886964,0.023366577623136212,-0.00010126953125000338,0.0,-0.054094022560119644,0.023366577623136212,-0.06752456665039062,0.02341472077007183,-0.020917053222656252,0.01106291838150446,3.470776609051766,0.6529888579609834,4.43453125,0.0,443.515625,0.0,19.698965454101565,0.0,-0.06343701139092446,0.018117767678039243,-0.046094921875000014,6.938893903907228e-18,-0.10953193326592446,0.018117767678039246,-0.12299957275390626,0.018092558297240043,-0.027120666503906255,0.00620160354403405,2.852343223589567,0.7467965066673922,0.030255432128906252,0.030255432128906252,0.030255432128906252
9.5,4.7733984375,0.0,443.22265625,0.0,22.834665527343752,3.552713678800501e-15,-0.06144359111785889,0.024260456175357156,-0.00010126953125000338,0.0,-0.06154486064910889,0.024260456175357156,-0.075035400390625,0.024323329121993364,-0.024332275390624998,0.010557964887672366,3.821476222751865,0.8220219322992913,4.7733984375,0.0,443.22265625,0.0,22.834665527343752,3.552713678800501e-15,-0.07040677547454832,0.019051596716761272,-0.047402294921875004,0.0,-0.11780907039642333,0.019051596716761276,-0.13130218505859376,0.019032641997562848,-0.0302178955078125,0.006741911421656484,2.8590375282269913,0.9295404879860956,0.033670654296875,0.033670654296875,0.033670654296875
10.0,5.1128906249999995,0.0,442.578125,0.0,26.182566833496086,3.552713678800501e-15,-0.06911227703094482,0.025653969752134614,-0.00010126953125000338,0.0,-0.06921354656219482,0.025653969752134614,-0.08275604248046874,0.025709451008179854,-0.0277984619140625,0.010835120314689015,3.9929476651278506,0.9052994746613822,5.1128906249999995,0.0,442.578125,0.0,26.182566833496086,3.552713678800501e-15,-0.07505340576171875,0.02180310054098515,-0.048709667968749995,6.938893903907228e-18,-0.12376307373046873,0.021803100540985144,-0.13725128173828124,0.021803681682782832,-0.032098388671875,0.007908062598934123,2.912917059340413,1.009163842537893,0.0371368408203125,0.0371368408203125,0.0371368408203125
10.5,5.4508203125,0.0,445.05859375,0.0,29.723493957519533,3.552713678800501e-15,-0.07607488155364991,0.026274182166184348,-0.00010126953125000338,0.0,-0.07617615108489992,0.026274182166184348,-0.08971679687499999,0.02631605238348868,-0.030853271484375,0.011697885074286913,3.8276723937277057,1.0218831841079665,5.4508203125,0.0,445.05859375,0.0,29.723493957519533,3.552713678800501e-15,-0.07570569992065429,0.023454164117092332,-0.050001171874999986,1.3877787807814457e-17,-0.12570687179565432,0.023454164117092332,-0.1391875457763672,0.023426160827983194,-0.0319110107421875,0.008462567026310966,3.022145802602353,1.1451854270266966,0.040191650390625,0.040191650390625,0.040191650390625
11.0,5.791484375000001,8.881784197001252e-16,442.0703125,0.0,33.56927185058594,0.0,-0.0769999647140503,0.02664482578341538,-0.00010126953125000338,0.0,-0.0771012342453003,0.02664482578341538,-0.09055725097656249,0.02664623135085397,-0.030853271484375,0.011634006282712888,3.4751159383422676,1.1215199888339178,5.791484375000001,8.881784197001252e-16,442.0703125,0.0,33.56927185058594,0.0,-0.08429409027099609,0.018313267894031524,-0.05112177734375,0.0,-0.1354158676147461,0.01831326789403152,-0.1490278625488281,0.018221393992643106,-0.035739746093750004,0.006214693721012935,3.1223864433092987,1.1926929617528783,0.040191650390625,0.040191650390625,0.040191650390625
11.5,6.1298242187500005,8.881784197001252e-16,439.08203125,0.0,37.62169639587402,0.0,-0.08218195438385009,0.027834939715282874,-0.00010126953125000338,0.0,-0.0822832239151001,0.027834939715282874,-0.09580101013183594,0.027854017633234442,-0.032977752685546875,0.01238592612500587,3.2689236371945167,1.1871592467366598,6.1298242187500005,8.881784197001252e-16,439.08203125,0.0,37.62169639587402,0.0,-0.09432149887084959,0.016737243830165005,-0.052242382812499995,6.938893903907228e-18,-0.1465638816833496,0.01673724383016501,-0.16024818420410153,0.01671092057544203,-0.04016769409179688,0.0055223661911254565,3.145699134239795,0.7813306683668088,0.04231613159179687,0.04231613159179687,0.04231613159179687
12.0,6.46609375,0.0,436.09375,0.0,41.854468383789055,0.0,-0.09228396892547605,0.02830063490847876,-0.00010126953125000338,0.0,-0.09238523845672605,0.02830063490847876,-0.10591735839843747,0.0283543966918094,-0.037510986328124996,0.012926397855916615,3.1567795404465357,1.3160300727472176,6.46609375,0.0,436.09375,0.0,41.854468383789055,0.0,-0.10003730773925781,0.015870995525928563,-0.05345087890625,0.0,-0.1534881866455078,0.015870995525928563,-0.167127685546875,0.015897908635446333,-0.04240478515625,0.0049842843791891335,3.1438952892810463,0.5009640573848871,0.046849365234374996,0.046849365234374996,0.046849365234374996
12.5,6.80029296875,0.0,432.12890625,0.0,46.26454734802246,0.0,-0.1038440465927124,0.027941253581020054,-0.00010126953125000338,0.0,-0.1039453161239624,0.027941253581020054,-0.117401123046875,0.028016178676867242,-0.042705535888671875,0.012968677568484747,3.0415452721513563,1.387315761899146,6.80029296875,0.0,432.12890625,0.0,46.26454734802246,0.0,-0.10167169570922852,0.015639048033754845,-0.054727734375,0.0,-0.15639943008422852,0.015639048033754845,-0.16991806030273438,0.015666093191517922,-0.0426025390625,0.00486429996621554,3.1849654404433556,0.550320824956209,0.052043914794921875,0.052043914794921875,0.052043914794921875
13.0,7.131992187500002,1.7763568394002505e-15,423.1640625,0.0,50.88371810913087,7.105427357601002e-15,-0.10153571605682375,0.027709496457155387,-0.00010126953125000338,0.0,-0.10163698558807376,0.027709496457155387,-0.1150665283203125,0.027756046357617876,-0.040907897949218744,0.012093411502333342,2.609645247737291,0.8882087433728525,7.131992187500002,1.7763568394002505e-15,423.1640625,0.0,50.88371810913087,7.105427357601002e-15,-0.10961223602294921,0.018092084182792706,-0.05584833984375,6.938893903907228e-18,-0.1654605758666992,0.018092084182792706,-0.17904632568359374,0.01811662851351745,-0.04596435546875,0.0063722551691711635,3.463620272549721,0.6438509139459871,0.050246276855468744,0.050246276855468744,0.050246276855468744
13.5,7.456015625,0.0,416.7578125,0.0,55.632387695312495,0.0,-0.10679072856903074,0.029470706273131073,-0.00010126953125000338,0.0,-0.10689199810028076,0.029470706273131073,-0.12037773132324217,0.029570334685891615,-0.042948150634765626,0.013256243380762032,2.486992504768996,0.5660275978859992,7.456015625,0.0,416.7578125,0.0,55.632387695312495,0.0,-0.11492172241210936,0.01784615434253032,-0.05696894531250001,6.938893903907228e-18,-0.17189066772460937,0.017846154342530323,-0.18535614013671875,0.017907441135179197,-0.04790695190429687,0.006369884333418325,3.196700836395057,0.7910359370513348,0.052025581892006956,0.05212303122097761,0.052204780380996615
14.0,7.775468750000001,8.881784197001252e-16,410.78125,0.0,60.499678955078124,7.105427357601002e-15,-0.11329989910125732,0.029818265475897877,-0.00010126953125000338,0.0,-0.11340116863250732,0.029818265475897877,-0.12694732666015623,0.029896667109518063,-0.045543212890625,0.013515405101861536,2.3210851851599013,0.580112624493181,7.775468750000001,8.881784197001252e-16,410.78125,0.0,60.499678955078124,7.105427357601002e-15,-0.12222145080566404,0.018643161068513853,-0.05808955078125,0.0,-0.18031100158691407,0.01864316106851386,-0.19368560791015624,0.01868737734151139,-0.050816040039062496,0.006195940559512663,2.7127928833861525,0.9293427678490028,0.05428987032573202,0.05451085005861034,0.054696220927742664
14.5,8.09078125,0.0,403.359375,0.0,65.48562500000001,1.4210854715202004e-14,-0.12004855632781983,0.028897332921965543,-0.00010126953125000338,0.0,-0.12014982585906983,0.028897332921965543,-0.13370758056640625,0.02891459843377999,-0.04819442749023438,0.012733517738423829,2.0564172206781026,0.6187503832083264,8.09078125,0.0,403.359375,0.0,65.48562500000001,1.4210854715202004e-14,-0.12990922927856446,0.02141046390600985,-0.059164990234375,6.938893903907228e-18,-0.18907421951293948,0.021410463906009855,-0.20246513366699215,0.021425857357851255,-0.05389053344726562,0.007484777530263823,2.3049844950784952,1.0119693619214718,0.05654436354166003,0.05691351221237238,0.05722315930442838
15.0,8.401562499999999,1.7763568394002505e-15,391.40625,0.0,70.59409179687499,1.4210854715202004e-14,-0.1275892972946167,0.03165493886391899,-0.00010126953125000338,0.0,-0.1276905668258667,0.03165493886391899,-0.141131591796875,0.03168511236053113,-0.051252746582031244,0.013426714685043264,1.7272611320157807,0.6804983463989029,8.401562499999999,1.7763568394002505e-15,391.40625,0.0,70.59409179687499,1.4210854715202004e-14,-0.13255023956298828,0.015201490058600282,-0.060098828125,0.0,-0.1926490676879883,0.015201490058600282,-0.2062355041503906,0.015186522270811183,-0.05438079833984376,0.0044359520068272375,2.4586106235886582,1.181624496941888,0.0591442258947674,0.05968461703218758,0.06013787126023441
15.5,8.701171875,0.0,379.453125,0.0,75.74148559570311,0.0,-0.12442729473114016,0.03539035963744609,-0.00010126953125000338,0.0,-0.12452856426239015,0.03539035963744609,-0.13803287506103518,0.03540305900462745,-0.04889968872070314,0.015157884786589724,1.8858522357362728,0.5948973875602348,8.701171875,0.0,379.453125,0.0,75.74148559570311,0.0,-0.14101993560791015,0.011990306133182669,-0.0612072265625,0.0,-0.20222716217041015,0.011990306133182676,-0.21570091247558595,0.011948609523549638,-0.057751312255859374,0.0028741191596287495,2.341469540184759,1.2835102087079724,0.056275445210123134,0.05700849348899904,0.05762328055797609
16.0,8.9925,0.0,371.25,0.0,80.90015625,0.0,-0.12737964153289796,0.033204722010776136,-0.00010126953125000338,0.0,-0.12748091106414794,0.03320472201077614,-0.14094390869140627,0.03325942714091511,-0.049625244140625,0.013684926751341104,1.859559101380396,0.6978922459689418,8.9925,0.0,371.25,0.0,80.90015625,0.0,-0.14580116271972654,0.011742889000324068,-0.06221064453125001,6.938893903907228e-18,-0.20801180725097657,0.011742889000324061,-0.22150695800781248,0.011689634122538747,-0.0592724609375,0.004432865032520778,2.1200810501347713,1.1522250422957285,0.05643372607214057,0.05737873087464061,0.058171176960757805
16.5,9.2774609375,0.0,363.359375,0.0,86.09622100830077,1.4210854715202004e-14,-0.13424415111541751,0.029502609035172617,-0.00010126953125000338,0.0,-0.13434542064666752,0.029502609035172617,-0.14776107788085938,0.02959776680219479,-0.052291259765625,0.011393446317147374,1.56424729140489,0.944053723026139,9.2774609375,0.0,363.359375,0.0,86.09622100830077,1.4210854715202004e-14,-0.14726434707641603,0.014136251301635263,-0.063144482421875,1.3877787807814457e-17,-0.210408829498291,0.014136251301635266,-0.22397666931152344,0.014138373111782957,-0.05911239624023437,0.006581795471380228,1.8158391138890482,0.8675080723428324,0.05848480866545172,0.05965963607188667,0.06064463737188084
17.0,9.558203125,0.0,351.40625,0.0,91.36047058105467,1.4210854715202004e-14,-0.14071422100067138,0.031624235016182306,-0.00010126953125000338,0.0,-0.14081549053192138,0.031624235016182306,-0.15431732177734378,0.03166539750524982,-0.054695129394531236,0.012658580014392585,0.9796188816879722,1.1953834730022082,9.558203125,0.0,351.40625,0.0,91.36047058105467,1.4210854715202004e-14,-0.14696937561035153,0.012065667864200073,-0.0640783203125,0.0,-0.21104769592285158,0.012065667864200068,-0.22460067749023438,0.012003277571885563,-0.05803070068359375,0.0050757531624155295,1.4410862778172342,0.7286876634203855,0.06023000596358164,0.06165108001904074,0.062842294159911
17.5,9.8271484375,0.0,339.453125,0.0,96.59439849853514,0.0,-0.1434632062911987,0.026529262604239278,-0.00010126953125000338,0.0,-0.14356447582244872,0.026529262604239278,-0.15704879760742185,0.026503124464036812,-0.055278778076171875,0.010396970910900003,0.8243329597241867,0.9657005513667517,9.8271484375,0.0,339.453125,0.0,96.59439849853514,0.0,-0.1559108734130859,0.015846516579900036,-0.065012158203125,0.0,-0.2209230316162109,0.015846516579900036,-0.23444099426269527,0.015824334929627287,-0.06164932250976562,0.005973365104102748,0.9024969069829927,0.8452172787267321,0.060115850061095814,0.061797898386603045,0.06320752768451246
18.0,10.08765625,0.0,327.5,0.0,101.78884155273437,0.0,-0.14760058879852297,0.02643087870095931,-0.00010126953125000338,0.0,-0.14770185832977295,0.02643087870095931,-0.1612428283691406,0.026404628594108213,-0.056505126953125,0.010286346491274053,0.7911450935132541,0.7677722400293215,10.08765625,0.0,327.5,0.0,101.78884155273437,0.0,-0.1618737030029297,0.01475043860094254,-0.06594599609375,0.0,-0.2278196990966797,0.014750438600942536,-0.24128204345703125,0.014733201684963596,-0.0636859130859375,0.00605221380953778,0.5272235292376938,0.8199515867409211,0.06061291719498215,0.06256784241270051,0.06420567413603775
18.5,10.3398828125,0.0,317.9296875,0.0,106.93492523193359,1.4210854715202004e-14,-0.14991969585418702,0.028313224608770476,-0.00010126953125000338,0.0,-0.150020965385437,0.028313224608770476,-0.16359130859374998,0.028321910559849627,-0.056798553466796874,0.010975895398755903,0.6470178279565533,0.5540417212841329,10.3398828125,0.0,317.9296875,0.0,106.93492523193359,1.4210854715202004e-14,-0.16478736877441405,0.014530037815083807,-0.06680537109375001,0.0,-0.23159273986816403,0.014530037815083807,-0.24506301879882814,0.014497600710658833,-0.06415115356445313,0.006199614530160055,0.2568827809153751,0.7761112028255137,0.06014900577853706,0.06238747113762884,0.06426220175533785
19.0,10.584375,0.0,310.859375,0.0,112.03535156249998,1.4210854715202004e-14,-0.1488386869430542,0.03204983612552031,-0.00010126953125000338,0.0,-0.14893995647430422,0.03204983612552031,-0.16245780944824217,0.03204720509933921,-0.0553900146484375,0.01282553880144852,0.23488718312938117,0.3216802229832999,10.584375,0.0,310.859375,0.0,112.03535156249998,1.4210854715202004e-14,-0.16527854919433593,0.015458807260270732,-0.06755244140625,0.0,-0.23283099060058593,0.015458807260270732,-0.24640838623046876,0.0154302691669921,-0.0633966064453125,0.005010548097356496,0.04063959721917562,0.8265294801306021,0.05795790894130815,0.06048955223436349,0.0626089728945255
19.5,10.823437499999999,0.0,292.92968750000006,0.0,117.16025390624999,0.0,-0.14988925457000732,0.02971726604038857,-0.00010126953125000338,0.0,-0.14999052410125735,0.02971726604038857,-0.1635142135620117,0.029733518164268294,-0.055063171386718755,0.01033756918491215,-0.41509881719841657,0.5264206564884965,10.823437499999999,0.0,292.92968750000006,0.0,117.16025390624999,0.0,-0.1687921142578125,0.01985162186491764,-0.06829951171875,0.0,-0.23709162597656253,0.01985162186491764,-0.2506806945800781,0.019838440765743152,-0.06419036865234376,0.00756334982557113,-0.19080635550973774,0.849678314826857,0.056826890351247064,0.05966003945147851,0.06203079487222363
20.0,11.048437500000002,1.7763568394002505e-15,279.6875,0.0,122.08802490234373,1.4210854715202004e-14,-0.1510542631149292,0.029910527676459603,-0.00010126953125000338,0.0,-0.1511555326461792,0.029910527676459603,-0.16464843750000002,0.029952923176562587,-0.05477294921875,0.010121439920127347,-0.8907931667941404,0.7025126599468172,11.048437500000002,1.7763568394002505e-15,279.6875,0.0,122.08802490234373,1.4210854715202004e-14,-0.16523323059082035,0.01990421086697281,-0.06904658203125001,1.3877787807814457e-17,-0.23427981262207032,0.019904210866972822,-0.247857666015625,0.019830493215925962,-0.061431884765625,0.006978470010765848,-0.7192545003824345,0.6459779096018295,0.055716483626398645,0.05885741398084214,0.06148437105292107
20.5,11.263867187499999,1.7763568394002505e-15,267.734375,0.0,126.89203338623045,2.842170943040401e-14,-0.15344539165496826,0.02931574118851415,-0.00010126953125000338,0.0,-0.1535466611862183,0.029315741188514148,-0.16702934265136718,0.029373225169239476,-0.055127716064453124,0.010093672277043188,-1.2158014613153802,0.8559581226854857,11.263867187499999,1.7763568394002505e-15,267.734375,0.0,126.89203338623045,2.842170943040401e-14,-0.1642100524902344,0.017616474012667645,-0.06979365234375,0.0,-0.23400370483398436,0.01761647401266764,-0.24752784729003907,0.017546513082961648,-0.059980010986328124,0.006203302391020713,-1.12493110425544,0.5361021885973118,0.055241772986003086,0.05869430572093543,0.061580200345819285
21.0,11.471015625,0.0,255.78125,0.0,131.5917169189453,0.0,-0.15590495586395264,0.02905263124981225,-0.00010126953125000338,0.0,-0.15600622539520265,0.02905263124981225,-0.16951324462890624,0.029097672126819834,-0.055543518066406256,0.01064336941441688,-1.3765565387574732,0.8820777459953221,11.471015625,0.0,255.78125,0.0,131.5917169189453,0.0,-0.1677113342285156,0.014494490426841141,-0.07050898437499999,1.3877787807814457e-17,-0.23822031860351564,0.014494490426841148,-0.25168479919433595,0.014505335493431247,-0.060828247070312494,0.00635762693364501,-1.2658197007256977,0.704900358823532,0.05482379575305567,0.05858992778766967,0.06173591238016296
21.5,11.668242187499999,0.0,243.82812500000003,0.0,136.15412200927733,0.0,-0.15230384349823,0.032330515692653494,-0.00010126953125000338,0.0,-0.15240511302947998,0.032330515692653494,-0.1659413146972656,0.032379982501221885,-0.05285873413085939,0.012089988316879486,-1.285050220978571,0.8942905035661017,11.668242187499999,0.0,243.82812500000003,0.0,136.15412200927733,0.0,-0.16932804107666016,0.012448648613558985,-0.071069287109375,0.0,-0.24039732818603518,0.012448648613558985,-0.2539668655395508,0.012419964570090323,-0.06068817138671875,0.004429063698830965,-1.2077269298491256,0.6703846322175666,0.05130378221728278,0.05538448491456984,0.05879079897583961
22.0,11.85515625,0.0,237.03125,0.0,140.55789184570312,0.0,-0.15270083904266357,0.03018404197609604,-0.00010126953125000338,0.0,-0.15280210857391358,0.03018404197609604,-0.16633979797363282,0.03021912091921169,-0.05226867675781249,0.01039030431309931,-1.245682011673228,0.7958307910599272,11.85515625,0.0,237.03125,0.0,140.55789184570312,0.0,-0.1683515167236328,0.01465834104000853,-0.07162958984375001,0.0,-0.2399811065673828,0.014658341040008524,-0.25351974487304685,0.014634549550275407,-0.059259033203125006,0.004193220778557054,-1.3911925273619705,0.7907139766348222,0.04987734384639378,0.0542735156477073,0.057940285655884896
22.5,12.037109375,0.0,224.4140625,0.0,144.90542602539062,0.0,-0.150183367729187,0.029455926620157266,-0.00010126953125000338,0.0,-0.15028463726043703,0.029455926620157266,-0.1638331890106201,0.029488400664241667,-0.05022201538085937,0.009949548576511513,-1.4403887839862006,0.8309832820487623,12.037109375,0.0,224.4140625,0.0,144.90542602539062,0.0,-0.16705322265624997,0.014888700797369295,-0.07218989257812501,1.3877787807814457e-17,-0.239243115234375,0.01488870079736929,-0.25274219512939455,0.014869610856933644,-0.057689666748046875,0.004313128721731243,-1.4538504860618002,0.9375700012792361,0.04699358820038718,0.051706023986190175,0.05563320913664977
23.0,12.211953124999997,1.7763568394002505e-15,207.96875000000003,0.0,149.13864685058593,0.0,-0.14653308391571046,0.030679354994414862,-0.00010126953125000338,0.0,-0.14663435344696046,0.030679354994414862,-0.15781478881835936,0.032672457992375725,-0.047601623535156255,0.01093237695178717,-1.711964640584029,0.9430014425725264,12.211953124999997,1.7763568394002505e-15,207.96875000000003,0.0,149.13864685058593,0.0,-0.16623634338378906,0.012505836256596186,-0.07270380859375002,1.3877787807814457e-17,-0.23894015197753907,0.012505836256596186,-0.2524477386474609,0.012484348474403589,-0.05638671875000001,0.003651996534846231,-1.3970726742333257,1.1799266837596507,0.04354966423426633,0.04857387020455387,0.052756936322980064
23.5,12.373320312499999,0.0,196.01562500000003,0.0,153.1009677124023,2.842170943040401e-14,-0.14805057048797607,0.03151137513123581,-0.00010126953125000338,0.0,-0.14815184001922607,0.03151137513123581,-0.14973125457763675,0.043164954595370675,-0.04757827758789063,0.011248487421141382,-1.6695446734661892,1.3346957757087354,12.373320312499999,0.0,196.01562500000003,0.0,153.1009677124023,2.842170943040401e-14,-0.1666565704345703,0.012998672360093784,-0.07307734374999998,1.3877787807814457e-17,-0.2397339141845703,0.012998672360093793,-0.25336406707763676,0.013030302248447312,-0.05573303222656251,0.004394958348182637,-1.3643665802784435,1.3907309032248065,0.042717256513434006,0.04804843490076078,0.0524825456974507
24.0,12.5234375,0.0,189.6875,0.0,156.84417724609375,0.0,-0.14929339885711673,0.026671889816168283,-0.00010126953125000338,0.0,-0.1493946683883667,0.026671889816168283,-0.1504065704345703,0.03780656787308085,-0.047467041015625,0.008207079615352853,-1.377768349814258,1.5503486975196672,12.5234375,0.0,189.6875,0.0,156.84417724609375,0.0,-0.16739540100097655,0.015464301550201372,-0.07345087890625,0.0,-0.24084627990722657,0.015464301550201363,-0.254483642578125,0.015428331194792628,-0.055255126953125004,0.003989315896329271,-1.7428923208952458,0.9924278740187568,0.04180456485190766,0.047440512117941945,0.05212296601990847
24.5,12.669062499999999,1.7763568394002505e-15,179.921875,0.0,160.51392578125,0.0,-0.14989001750946046,0.026385173753433792,-0.00010126953125000338,0.0,-0.14999128704071046,0.026385173753433792,-0.14796791076660157,0.03829408864437743,-0.047054290771484375,0.007546731710492827,-1.352868780389538,1.3674739150532118,12.669062499999999,1.7763568394002505e-15,179.921875,0.0,160.51392578125,0.0,-0.1635658264160156,0.015395012385390795,-0.07382441406250001,0.0,-0.23739024047851565,0.015395012385390795,-0.25101280212402344,0.015360132335582618,-0.05250885009765624,0.004049608967275922,-1.98349799309577,0.7671860777250872,0.04061044511688772,0.04654435013431167,0.05146850990602302
25.0,12.80859375,0.0,167.96875000000003,0.0,164.06561279296875,0.0,-0.14871394634246826,0.028948070151145446,-0.00010126953125000338,0.0,-0.14881521587371827,0.028948070151145446,-0.13888406753540042,0.042263575280078375,-0.04575347900390626,0.008641053054435,-1.4859801961547574,1.162057750066052,12.80859375,0.0,167.96875000000003,0.0,164.06561279296875,0.0,-0.1599884033203125,0.013659923302221677,-0.07419794921875,0.0,-0.2341863525390625,0.013659923302221677,-0.2477550506591797,0.013644560362145315,-0.0499114990234375,0.004157201003860144,-2.084852098585014,0.6408769387802483,0.03854839861871603,0.04477346474327522,0.04993266132671574
25.5,12.939843749999998,1.7763568394002505e-15,156.01562500000003,0.0,167.43991699218748,0.0,-0.14468013286590575,0.030983908195362196,-0.00010126953125000338,0.0,-0.14478140239715578,0.030983908195362193,-0.12069831848144533,0.04302479638155784,-0.04300048828125,0.009482248385224204,-1.607326516460432,1.2598033906864272,12.939843749999998,1.7763568394002505e-15,156.01562500000003,0.0,167.43991699218748,0.0,-0.16233055114746095,0.014303480238448074,-0.07456782226562499,1.3877787807814457e-17,-0.23689837341308595,0.01430348023844808,-0.25035331726074217,0.014275397244963173,-0.050303802490234376,0.005756412242588884,-2.100742580173744,0.6281567626921369,0.035054323076540064,0.041563775383631096,0.04695132128556555
26.0,13.059375000000001,1.7763568394002505e-15,144.0625,0.0,170.55146484374998,2.842170943040401e-14,-0.1429408597946167,0.029691416183123945,-0.00010126953125000338,0.0,-0.1430421293258667,0.029691416183123945,-0.1141497802734375,0.037303721520265024,-0.041506347656250005,0.008467612397760317,-1.6615555058548255,0.8695875837785103,13.059375000000001,1.7763568394002505e-15,144.0625,0.0,170.55146484374998,2.842170943040401e-14,-0.1618402862548828,0.017694393289444305,-0.07475458984375,0.0,-0.23659487609863283,0.0176943932894443,-0.2500848388671875,0.01768422766936051,-0.0492999267578125,0.005727725826772942,-2.4567546711101516,0.6766158391502732,0.03284143219173752,0.03962770642264227,0.04523621649257113
26.5,13.170390624999998,1.7763568394002505e-15,136.3671875,0.0,173.4640930175781,2.842170943040401e-14,-0.14598330974578855,0.029676942655236536,-0.00010126953125000338,0.0,-0.14608457927703858,0.029676942655236536,-0.11243078231811524,0.030942541346992782,-0.04239059448242188,0.00815251987619565,-1.7715543022244724,0.5721447312270136,13.170390624999998,1.7763568394002505e-15,136.3671875,0.0,173.4640930175781,2.842170943040401e-14,-0.15993629455566408,0.01612212002230718,-0.07494135742187501,0.0,-0.23487765197753907,0.016122120022307177,-0.24839431762695313,0.016116203931693572,-0.047580871582031246,0.004193982374768062,-2.6354548314234663,0.6373087538241999,0.03304042011308232,0.04009181804238313,0.045910395715527505
27.0,13.275546875000002,1.7763568394002505e-15,127.96875000000001,1.4210854715202004e-14,176.24391784667972,2.842170943040401e-14,-0.14535541057586673,0.028996890998170693,-0.00010126953125000338,0.0,-0.1454566801071167,0.028996890998170693,-0.10898593902587893,0.029006437007969964,-0.04141571044921876,0.007840261576275924,-1.8040914468832014,0.7431270339658115,13.275546875000002,1.7763568394002505e-15,127.96875000000001,1.4210854715202004e-14,176.24391784667972,2.842170943040401e-14,-0.15473228454589846,0.014100666380704719,-0.075128125,0.0,-0.22986040954589848,0.014100666380704719,-0.2434039688110352,0.014072963551558891,-0.04423919677734376,0.0029314610358271553,-2.6287233579408897,0.8259741604875442,0.03140788199947958,0.03871492021992167,0.04473450478769521
27.5,13.3759765625,0.0,116.60156250000001,0.0,178.9177017211914,0.0,-0.13735072612762453,0.026039231404659195,-0.00010126953125000338,0.0,-0.1374519956588745,0.026039231404659198,-0.10098686218261718,0.026056920867617708,-0.03673782348632813,0.006624967992720463,-1.6752069646662016,0.7273107880593415,13.3759765625,0.0,116.60156250000001,0.0,178.9177017211914,0.0,-0.14683551788330076,0.01533378093443977,-0.075314892578125,0.0,-0.2221504104614258,0.015333780934439758,-0.23571691513061524,0.01526971876871628,-0.03960342407226562,0.0042203702480935225,-2.4700431556968425,0.9915287655929506,0.026098846404510424,0.033652466334435055,0.03986433436350659
28.0,13.465625000000001,1.7763568394002505e-15,110.625,0.0,181.32490234374998,2.842170943040401e-14,-0.13710559368133546,0.02355026332286696,-0.00010126953125000338,0.0,-0.13720686321258546,0.02355026332286696,-0.1007183837890625,0.02353283777332462,-0.036060791015625,0.00532170549997489,-1.4112181763548957,0.5748087092095014,13.465625000000001,1.7763568394002505e-15,110.625,0.0,181.32490234374998,2.842170943040401e-14,-0.15102027893066408,0.01868791345255733,-0.07550166015625,0.0,-0.22652193908691406,0.018687913452557336,-0.24002716064453125,0.018630329849883363,-0.04107421875,0.005071519516987155,-2.4508602969296365,1.0360328035108273,0.024820256306487726,0.03261026123541809,0.03900471557864654
28.5,13.550546874999998,1.7763568394002505e-15,99.92187500000001,0.0,183.62017944335938,0.0,-0.13757590770721434,0.02707457042480155,-0.00010126953125000338,0.0,-0.13767717723846437,0.02707457042480155,-0.1011861228942871,0.027059468258836632,-0.035771484374999996,0.00694558688674118,-1.3502162764400356,0.48312288260302094,13.550546874999998,1.7763568394002505e-15,99.92187500000001,0.0,183.62017944335938,0.0,-0.14670276641845706,0.01955536706566604,-0.07554072265625,0.0,-0.22224348907470703,0.019555367065666046,-0.23198326110839843,0.02354872216926336,-0.038280029296875004,0.005426809007596411,-2.446633007698693,0.7960639216678869,0.023968909009979656,0.0319814102374687,0.03854563675935935
29.0,13.628437500000002,1.7763568394002505e-15,90.85937500000001,0.0,185.736357421875,0.0,-0.13817332744598387,0.02922698103037144,-0.00010126953125000338,0.0,-0.13827459697723388,0.02922698103037144,-0.10179351806640624,0.02924676129536017,-0.0355169677734375,0.007849088891231754,-1.3862730795409084,0.32469769018144107,13.628437500000002,1.7763568394002505e-15,90.85937500000001,0.0,185.736357421875,0.0,-0.14228492736816406,0.020425057960072348,-0.07554072265625,0.0,-0.21782565002441412,0.020425057960072348,-0.22051618576049808,0.027437041572786564,-0.03547576904296876,0.0057610304388992645,-2.400786926696362,0.452423823581992,0.023191497327549493,0.031412743165877596,0.03813404492278255
29.5,13.699101562500001,1.7763568394002505e-15,84.88281250000001,1.4210854715202004e-14,187.6662460327148,2.842170943040401e-14,-0.13809985637664796,0.028292612833230996,-0.00010126953125000338,0.0,-0.13820112590789796,0.028292612833230996,-0.10172983169555665,0.02836206758352721,-0.03490585327148438,0.0073415064539251035,-1.421368827908752,0.25696755410232436,13.699101562500001,1.7763568394002505e-15,84.88281250000001,1.4210854715202004e-14,187.6662460327148,2.842170943040401e-14,-0.14074031829833983,0.024099961248902065,-0.07554072265625,0.0,-0.21628104095458983,0.024099961248902065,-0.21113952636718752,0.03451902112626922,-0.034161529541015624,0.007996475299084019,-2.2586689128742377,0.4589462848313489,0.022087884314034703,0.03050738323830173,0.03737580770801805
30.0,13.764843749999999,1.7763568394002505e-15,78.90625,0.0,189.47158813476562,0.0,-0.13520495891571044,0.02651473484485778,-0.00010126953125000338,0.0,-0.13530622844696044,0.02651473484485778,-0.09880867004394531,0.02659527425349027,-0.0329681396484375,0.00676160383540043,-1.2358801070349057,0.30000713749198327,13.764843749999999,1.7763568394002505e-15,78.90625,0.0,189.47158813476562,0.0,-0.14190177917480468,0.024966532031824407,-0.07554072265625,0.0,-0.21744250183105468,0.0249665320318244,-0.21229515075683594,0.04135779475596558,-0.0342315673828125,0.00789542474744294,-1.8943306449409945,0.6908481383722397,0.019687097027654754,0.02829471850392393,0.035300618529305716
30.5,13.825390624999999,1.7763568394002505e-15,67.73437500000001,0.0,191.14278564453122,2.842170943040401e-14,-0.13526793956756591,0.028829603968995164,-0.00010126953125000338,0.0,-0.13536920909881592,0.028829603968995164,-0.09887836456298828,0.02889094412372084,-0.0324713134765625,0.007097422356076695,-1.3488436967898743,0.5386604519940382,13.825390624999999,1.7763568394002505e-15,67.73437500000001,0.0,191.14278564453122,2.842170943040401e-14,-0.13895366668701173,0.021633738039323544,-0.07554072265625,0.0,-0.21449438934326173,0.021633738039323544,-0.19686915397644045,0.03205300196626117,-0.032231597900390624,0.006411428842370531,-1.8368178147536114,0.7067433201629275,0.018765437295371112,0.027547762969704227,0.03467872767625836
31.0,13.878437500000002,1.7763568394002505e-15,62.5,0.0,192.61198486328124,0.0,-0.13422397136688236,0.029809813009552315,-0.00010126953125000338,0.0,-0.13432524089813236,0.029809813009552315,-0.09784934997558595,0.029853777678293066,-0.03141693115234375,0.007631668209788161,-1.5589787409855778,0.6878074532397616,13.878437500000002,1.7763568394002505e-15,62.5,0.0,192.61198486328124,0.0,-0.137041015625,0.020910476797469994,-0.07554072265625,0.0,-0.21258173828125,0.020910476797470004,-0.19130620956420896,0.033320730122159935,-0.030786437988281252,0.006307052617454454,-1.7886459243881216,0.6861234035159203,0.01732401554340505,0.026267778525085807,0.03351154429183978
31.5,13.926249999999998,1.7763568394002505e-15,60.976562500000014,7.105427357601002e-15,193.94105224609373,0.0,-0.13199340343475344,0.027843869049274796,-0.00010126953125000338,0.0,-0.13209467296600344,0.027843869049274796,-0.09561843872070312,0.027871824700117488,-0.029789123535156257,0.006363426418475108,-1.7553577556476667,0.6859437312756369,13.926249999999998,1.7763568394002505e-15,60.976562500000014,7.105427357601002e-15,193.94105224609373,0.0,-0.1352114486694336,0.021616764392427074,-0.07554072265625,0.0,-0.21075217132568363,0.02161676439242706,-0.18931256294250493,0.03490606357790435,-0.029403076171875014,0.006732209607599655,-1.6653357018957706,0.6528568291422241,0.015346509743932858,0.024438595567110043,0.03178304900425815
32.0,13.9740625,0.0,55.0,0.0,195.27457275390628,2.842170943040401e-14,-0.1298280668258667,0.02893860807663558,-0.00010126953125000338,0.0,-0.1299293363571167,0.02893860807663558,-0.09340057373046876,0.028932919222018464,-0.028248291015625003,0.007375539497265851,-1.7924446159309453,0.49690937848735395,13.9740625,0.0,55.0,0.0,195.27457275390628,2.842170943040401e-14,-0.12985939025878906,0.017732769114979372,-0.07554072265625,0.0,-0.20540011291503907,0.017732769114979376,-0.16961296081542968,0.018179488449615294,-0.026228027343749998,0.004303613407561152,-1.4061902453015818,0.7820431777105205,0.013487557509702711,0.022716985495183768,0.03015182770852938
32.5,14.016210937500002,1.7763568394002505e-15,43.35937499999995,7.105427357601002e-15,196.45476531982422,0.0,-0.1292668104171753,0.02572407987600567,-0.00010126953125000338,0.0,-0.12936807994842528,0.025724079876005664,-0.09286975860595703,0.02575495244589882,-0.027570343017578124,0.00535692899349294,-1.5782887563283108,0.2735598195397623,14.016210937500002,1.7763568394002505e-15,43.35937499999995,7.105427357601002e-15,196.45476531982422,0.0,-0.12904853820800782,0.017672297653267107,-0.07536372070312501,1.3877787807814457e-17,-0.2044122589111328,0.017672297653267114,-0.16795096397399903,0.017685223704345585,-0.02539825439453125,0.005092381446726131,-1.5997871096595535,0.6564690720730001,0.012517109492769851,0.02187510665926797,0.029391914291548048
33.0,14.050390625000002,1.7763568394002505e-15,39.0625,0.0,197.41385803222653,2.842170943040401e-14,-0.12590800762176513,0.026596084368583305,-0.00010126953125000338,0.0,-0.12600927715301513,0.026596084368583305,-0.0895123291015625,0.026637554199723797,-0.025489501953124997,0.005530240812749351,-1.433962664126242,0.45370300827723353,14.050390625000002,1.7763568394002505e-15,39.0625,0.0,197.41385803222653,2.842170943040401e-14,-0.13082473754882812,0.0211325117659853,-0.075176953125,0.0,-0.20600169067382815,0.021132511765985303,-0.16962251663208008,0.021123329096069995,-0.025924072265624997,0.006573829634830212,-1.5086069529428938,0.553874895465911,0.010193316013716022,0.019662170110899015,0.027245025485137006
33.5,14.080273437499999,1.7763568394002505e-15,37.07031250000002,0.0,198.2543899536133,2.842170943040401e-14,-0.12271934032440186,0.0305319837408003,-0.00010126953125000338,0.0,-0.12282060985565185,0.030531983740800305,-0.08631977081298829,0.030567151471481216,-0.023497314453125,0.007566130697602375,-1.4393229806895582,0.6547621377324602,14.080273437499999,1.7763568394002505e-15,37.07031250000002,0.0,198.2543899536133,2.842170943040401e-14,-0.13098913192749026,0.024366693627154244,-0.07505244140625,0.0,-0.20604157333374024,0.02436669362715424,-0.16966726303100588,0.02434691504816799,-0.025636138916015634,0.007637707981262027,-1.276644015367772,0.6926594209581067,0.007996511927185,0.01756265083706681,0.02519917209822091
34.0,14.11,0.0,31.09375,0.0,199.09211914062502,2.842170943040401e-14,-0.12311816692352294,0.03447853482931457,-0.00010126953125000338,0.0,-0.12321943645477294,0.03447853482931457,-0.086741943359375,0.03451568453357513,-0.0233148193359375,0.009274140919405456,-1.6472798238545296,0.6457270980466784,14.11,0.0,31.09375,0.0,199.09211914062502,2.842170943040401e-14,-0.12551528930664063,0.023807044211069023,-0.07504755859375001,0.0,-0.2005628479003906,0.02380704421106902,-0.16404357910156253,0.02379518440319062,-0.0224517822265625,0.006852448251771356,-1.1170813642737494,0.7364006865738277,0.007644301020486952,0.017295403399457895,0.024974300820822692
34.5,14.133906249999999,1.7763568394002505e-15,25.117187499999975,3.552713678800501e-15,199.767470703125,0.0,-0.1238068723678589,0.027261438243690747,-0.00010126953125000338,0.0,-0.1239081418991089,0.027261438243690747,-0.08745399475097657,0.02730609377345151,-0.023291473388671876,0.005608666864657301,-1.7495611942175693,0.6052939353660655,14.133906249999999,1.7763568394002505e-15,25.117187499999975,3.552713678800501e-15,199.767470703125,0.0,-0.12778860092163088,0.022267298109440194,-0.074860791015625,0.0,-0.2026493919372559,0.022267298109440187,-0.16623809814453125,0.022234948718174503,-0.023268890380859376,0.00587759299319275,-1.1914727626702764,0.7191307733281569,0.007485635452992866,0.01720954053168449,0.02491969641330318
35.0,14.153515624999999,1.7763568394002505e-15,23.4375,0.0,200.32214050292967,2.842170943040401e-14,-0.12088687419891359,0.028723861509267735,-0.00010126953125000338,0.0,-0.12098814373016357,0.028723861509267732,-0.08452377319335937,0.02877187845192831,-0.021488952636718753,0.006383288035135286,-1.9171619192981568,0.6174532774009173,14.153515624999999,1.7763568394002505e-15,23.4375,0.0,200.32214050292967,2.842170943040401e-14,-0.12534122467041015,0.018910892670240553,-0.0746740234375,0.0,-0.2000152481079102,0.01891089267024055,-0.1636343002319336,0.018873179387989096,-0.021685791015625,0.004613878345528491,-1.2387895917559042,0.8088307181098918,0.005581650037547986,0.015366365171206708,0.02309684835708773
35.5,14.1714453125,0.0,20.976562500000025,3.552713678800501e-15,200.8299807739258,2.842170943040401e-14,-0.11931994915008544,0.031066729887101678,-0.00010126953125000338,0.0,-0.11942121868133544,0.031066729887101678,-0.08295032501220702,0.031131938271537526,-0.02038482666015625,0.007565647666955106,-1.927917765014944,0.7282084259225563,14.1714453125,0.0,20.976562500000025,3.552713678800501e-15,200.8299807739258,2.842170943040401e-14,-0.1225937843322754,0.019153930294766978,-0.07456416015625,0.0,-0.19715794448852542,0.019153930294766978,-0.16073373794555668,0.019122615772710475,-0.01995269775390625,0.004646629965795413,-1.351071337719899,0.9636064262569277,0.004397875470572431,0.014235866003779945,0.021979535785093096
36.0,14.18875,0.0,15.0,0.0,201.32064453125003,2.842170943040401e-14,-0.1204268217086792,0.03036919698962538,-0.00010126953125000338,0.0,-0.1205280912399292,0.03036919698962538,-0.0840692138671875,0.030462901697329844,-0.020629882812499997,0.00740149983852051,-1.7047574414517865,0.6501052168149803,14.18875,0.0,15.0,0.0,201.32064453125003,2.842170943040401e-14,-0.12230079650878907,0.026113401935418164,-0.07454462890625001,0.0,-0.1968454254150391,0.02611340193541817,-0.16032867431640627,0.026111417372541967,-0.019475097656250002,0.007744012473201755,-1.5370117756592365,1.1775399998575484,0.004597749342211507,0.0144767390939577,0.022222500406353853
36.5,14.200703125000002,1.7763568394002505e-15,9.023437499999979,0.0,201.66000122070315,2.842170943040401e-14,-0.11062152385711667,0.031349260473869676,-0.00010126953125000338,0.0,-0.11072279338836666,0.031349260473869676,-0.07422889709472652,0.03142894602087722,-0.01537704467773436,0.0077108272874462525,-1.7095735634401406,0.48433711181886263,14.200703125000002,1.7763568394002505e-15,9.023437499999979,0.0,201.66000122070315,2.842170943040401e-14,-0.12412178039550784,0.027363241957598677,-0.074357861328125,0.0,-0.1984796417236328,0.027363241957598677,-0.161977481842041,0.02731079553462672,-0.020105438232421877,0.008242647170349424,-1.429533347105369,1.0879928708206328,-0.0006577972407491549,0.009246896675432652,0.016981160129708503
37.0,14.207890625000001,1.7763568394002505e-15,7.8125,0.0,201.86417053222655,0.0,-0.1084114408493042,0.03462328068808534,-0.00010126953125000338,0.0,-0.1085127103805542,0.03462328068808534,-0.07199310302734374,0.03464205844301384,-0.01403350830078125,0.00874777547943791,-1.8010677880062675,0.6065650895424032,14.207890625000001,1.7763568394002505e-15,7.8125,0.0,201.86417053222655,0.0,-0.11872219085693361,0.023310050514314604,-0.07417109374999999,1.3877787807814457e-17,-0.19289328460693364,0.0233100505143146,-0.15644760131835939,0.023255318844565314,-0.017105712890625006,0.006373437727441622,-1.2783361759497032,0.9497875359438906,-0.001972363879898107,0.007946711925092203,0.015659299566061727
37.5,14.2138671875,0.0,7.8125,0.0,202.0340347290039,0.0,-0.10714566707611085,0.03474098456640021,-0.00010126953125000338,0.0,-0.10724693660736086,0.03474098456640021,-0.07073974609375,0.03473190168147676,-0.013191223144531257,0.009014751947193225,-1.6979093040341915,0.6149947098890081,14.2138671875,0.0,7.8125,0.0,202.0340347290039,0.0,-0.11612558364868163,0.02339372436105911,-0.073984326171875,0.0,-0.19010990982055664,0.023393724361059114,-0.1537184715270996,0.02335015115236729,-0.015529632568359372,0.0065646927847834964,-1.1129490423313695,0.8462166208538199,-0.002767137107863117,0.007159855758883992,0.014844728904832624
38.0,14.219843749999999,1.7763568394002505e-15,6.71875,0.0,202.2039636230469,0.0,-0.1053792905807495,0.030492811278578506,-0.00010126953125000338,0.0,-0.10548056011199952,0.030492811278578502,-0.06901336669921876,0.030493235981217323,-0.01210205078125,0.007017563532944968,-1.3894838275331547,0.6255929178431728,14.219843749999999,1.7763568394002505e-15,6.71875,0.0,202.2039636230469,0.0,-0.11759437561035159,0.029043058936758126,-0.07383173828125,0.0,-0.19142611389160158,0.029043058936758126,-0.15503707885742185,0.029012452147337713,-0.016021728515625,0.009400623194220902,-0.9566471126529769,0.711608173048743,-0.0037828955884728135,0.006142781923176901,0.01379160580533845
38.5,14.225820312500002,1.7763568394002505e-15,0.7421874999999787,0.0,202.37396881103516,0.0,-0.10595418453216553,0.03305172014107581,-0.00010126953125000338,0.0,-0.10605545406341553,0.03305172014107581,-0.06958534240722657,0.0330876172386089,-0.012195434570312498,0.007677258283885301,-1.1706903986719694,1.0726499973128445,14.225820312500002,1.7763568394002505e-15,0.7421874999999787,0.0,202.37396881103516,0.0,-0.1156800079345703,0.02902897447668294,-0.07383173828125,0.0,-0.1895117462158203,0.029028974476682942,-0.15295345306396485,0.028975052925962492,-0.014854431152343747,0.008453490852003077,-0.855209243881129,0.6747496710279792,-0.00358575351019369,0.006327689602519939,0.013930751539541219
39.0,14.2265625,0.0,5.234374999999986,0.0,202.39508056640625,0.0,-0.1079220151901245,0.03479031424657965,-0.00010126953125000338,0.0,-0.10802328472137451,0.03479031424657965,-0.07156814575195311,0.03483381512981512,-0.012963562011718747,0.008847573171524492,-0.8574319052529481,1.4273574528989317,14.2265625,0.0,5.234374999999986,0.0,202.39508056640625,0.0,-0.114261474609375,0.025801286502481785,-0.0736681640625,0.0,-0.187929638671875,0.025801286502481775,-0.15140655517578125,0.025775252936159437,-0.013912048339843752,0.007520619691373966,-0.7061098894595038,0.7852274290004352,-0.0026840724891382013,0.007206383348203664,0.014754162133086205
39.5,14.229960937499998,1.7763568394002505e-15,4.414062500000021,0.0,202.4918032836914,0.0,-0.10416248798370366,0.03567050080813516,-0.00010126953125000338,0.0,-0.10426375751495365,0.03567050080813516,-0.0677970886230469,0.03569535483087009,-0.010880279541015638,0.010025132835649597,-0.6692707621967825,1.4905554093309714,14.229960937499998,1.7763568394002505e-15,4.414062500000021,0.0,202.4918032836914,0.0,-0.11409307479858397,0.026307865215829458,-0.07358759765625,0.0,-0.187680672454834,0.026307865215829458,-0.15118362426757812,0.02627584266358823,-0.01359893798828125,0.008068617865079232,-0.4770690633422576,0.7526007932703704,-0.00460465806444409,0.005252246010898937,0.012735452229082287
40.0,14.234375,0.0,0.0,0.0,202.617431640625,0.0,-0.09930026531219481,0.035249751893628806,-0.00010126953125000338,0.0,-0.09940153484344481,0.035249751893628806,-0.0629119873046875,0.03526002072701755,-0.008276367187500001,0.009830776323959053,-0.672645835609701,1.2748067883058671,14.234375,0.0,0.0,0.0,202.617431640625,0.0,-0.11494560241699218,0.02724071277518723,-0.07358759765625,0.0,-0.18853320007324217,0.027240712775187234,-0.15203247070312498,0.027198000475066344,-0.013800048828125,0.008050828629103966,-0.26149794216200273,0.5087221767536523,-0.007026770545520075,0.002789724635200521,0.010202235364475261
40.5,14.234375,0.0,0.0,0.0,202.617431640625,0.0,-0.10402052402496341,0.036120612281032194,-0.00010126953125000338,0.0,-0.1041217935562134,0.036120612281032194,-0.06763954162597657,0.0361497301331348,-0.01051757812500001,0.008901792736835749,-0.9203087866723235,0.7642041894342297,14.234375,0.0,0.0,0.0,202.617431640625,0.0,-0.11615375518798828,0.023864407616084483,-0.07358759765625,0.0,-0.1897413528442383,0.023864407616084483,-0.1532347869873047,0.023890155338650472,-0.014173583984375002,0.0065041603290772135,-0.2408185483136647,0.5067021401981742,-0.0045834644166522776,0.005185290698324728,0.012520623864787368
41.0,14.234375,0.0,0.0,0.0,202.617431640625,0.0,-0.10026406764984133,0.035093429507630856,-0.00010126953125000338,0.0,-0.10036533718109134,0.035093429507630856,-0.06387924194335938,0.03510722992696005,-0.008481445312500007,0.009795916992632353,-1.2249126300945177,0.9441106479135526,14.234375,0.0,0.0,0.0,202.617431640625,0.0,-0.114610595703125,0.021087955167860113,-0.07358759765625,0.0,-0.18819819335937502,0.021087955167860113,-0.15170249938964847,0.021057048034374467,-0.013188171386718755,0.005460205410727701,-0.3745780180106351,0.5158851807854389,-0.006390950410123237,0.003320373867945748,0.010570099043347877
41.5,14.234375,0.0,0.0,0.0,202.617431640625,0.0,-0.09937735080718994,0.034470442560835236,-0.00010126953125000338,0.0,-0.09947862033843995,0.034470442560835236,-0.06299758911132812,0.03447159756170829,-0.00790191650390625,0.010031140366033886,-1.4779134897085344,1.0353007779598573,14.234375,0.0,0.0,0.0,202.617431640625,0.0,-0.11388532638549806,0.022736496972703298,-0.07358759765625,0.0,-0.18747292404174803,0.022736496972703298,-0.15097946166992188,0.022730794014511176,-0.0126361083984375,0.005568045023565262,-0.4518312396425228,0.7979404523021826,-0.006727900955520297,0.002920960321694959,0.010080627865925606
42.0,14.234375,0.0,0.0,0.0,202.617431640625,0.0,-0.0985682249069214,0.03314462426349411,-0.00010126953125000338,0.0,-0.09866949443817138,0.03314462426349411,-0.062178344726562494,0.033164096013379094,-0.007379760742187501,0.008759299492314918,-1.5995991313374158,0.9289547895468105,14.234375,0.0,0.0,0.0,202.617431640625,0.0,-0.11460647583007813,0.026852702915209758,-0.07358759765625,0.0,-0.1881940734863281,0.02685270291520976,-0.15169570922851563,0.026863714113678747,-0.012816162109375003,0.007546657926387438,-0.45252588801173305,1.015960073485953,-0.006983318043651012,0.002594204612889433,0.009656172130663467
42.5,14.234375,0.0,0.0,0.0,202.617431640625,0.0,-0.09456174373626709,0.03307074431181586,-0.00010126953125000338,0.0,-0.0946630132675171,0.03307074431181586,-0.058123779296875004,0.03315390402627152,-0.005271148681640625,0.008026654439820171,-1.5258148833588367,0.8560929147670465,14.234375,0.0,0.0,0.0,202.617431640625,0.0,-0.11687536239624022,0.028884304800559122,-0.07358759765625,0.0,-0.19046296005249022,0.028884304800559122,-0.15395641326904297,0.0288129938272713,-0.013761138916015617,0.009053995553582321,-0.3805378378132278,1.1338421137401962,-0.008805167977049316,0.0006936489378326308,0.007651588262861628
43.0,14.234375,0.0,0.0,0.0,202.617431640625,0.0,-0.0941911268234253,0.03463159643550254,-0.00010126953125000338,0.0,-0.0942923963546753,0.03463159643550254,-0.057750244140625004,0.034694394831127316,-0.005014343261718752,0.008553735901105525,-1.5118835022399555,0.642181465775791,14.234375,0.0,0.0,0.0,202.617431640625,0.0,-0.11158458709716798,0.026582335813072455,-0.07358759765625,0.0,-0.18517218475341798,0.026582335813072455,-0.14867439270019533,0.026574034452250504,-0.010889587402343763,0.0069677212491984835,-0.5544624239692588,0.8717660440576726,-0.008762506684286275,0.0006529330996023364,0.007502827633785543
43.5,14.234375,0.0,0.0,0.0,202.617431640625,0.0,-0.09000221729278567,0.03238968732123327,-0.00010126953125000338,0.0,-0.09010348682403567,0.03238968732123327,-0.05359123229980471,0.03246206188153546,-0.002826690673828135,0.0077988982513331065,-1.3293691781851018,0.6154311532590205,14.234375,0.0,0.0,0.0,202.617431640625,0.0,-0.11295332908630369,0.03220725510678304,-0.07358759765625,0.0,-0.1865409267425537,0.03220725510678304,-0.1500444793701172,0.03216921244934097,-0.011388549804687492,0.009750520621973967,-0.6070428239159931,0.7060004200670309,-0.010638281900333295,-0.0013108058724585533,0.00542713185380979
44.0,14.234375,0.0,0.0,0.0,202.617431640625,0.0,-0.08607875347137452,0.03476407008675441,-0.00010126953125000338,0.0,-0.08618002300262452,0.03476407008675441,-0.0496893310546875,0.03483224806697248,-0.0008068847656250001,0.009142771330325887,-1.104942624107665,0.7297872868818772,14.234375,0.0,0.0,0.0,202.617431640625,0.0,-0.11289230346679686,0.03503522260323128,-0.07358759765625,0.0,-0.18647990112304685,0.03503522260323128,-0.14997406005859376,0.03498087666969643,-0.011180419921875,0.011220293494068874,-0.5266380754662008,0.6909968647041052,-0.012322539610674161,-0.0030918455260085225,0.0035267090729332396
44.5,14.234375,0.0,0.0,0.0,202.617431640625,0.0,-0.08468415737152099,0.04300162578149259,-0.00010126953125000338,0.0,-0.084785426902771,0.04300162578149259,-0.048291168212890624,0.04303082230826293,-0.00010910034179687484,0.012587192284269515,-0.9104051567735667,0.7944660351930204,14.234375,0.0,0.0,0.0,202.617431640625,0.0,-0.1085249900817871,0.03079080055537703,-0.07358759765625,0.0,-0.18211258773803712,0.030790800555377033,-0.14559085845947267,0.03077614053636289,-0.008814697265625006,0.009104193626384984,-0.3744510392764804,0.8264320711681367,-0.012674829445406492,-0.0035446497906003738,0.0029514147287232513
45.0,14.234375,0.0,0.0,0.0,202.617431640625,0.0,-0.0844944715499878,0.03631825242808096,-0.00010126953125000338,0.0,-0.08459574108123781,0.03631825242808096,-0.048127746582031256,0.03634643423367108,7.629394531249187e-06,0.00847855640617746,-0.7116108785420395,0.8602906813323021,14.234375,0.0,0.0,0.0,202.617431640625,0.0,-0.11364650726318358,0.032261246781009195,-0.07358759765625,0.0,-0.18723410491943357,0.032261246781009195,-0.15073280334472652,0.03222685103711729,-0.011242675781249989,0.009512929741379524,-0.616672044589532,0.5995192065567131,-0.012444662007538784,-0.0034155657547952755,0.0029575918784617372
45.5,14.234375,0.0,0.0,0.0,202.617431640625,0.0,-0.08430713176727295,0.038506872561106145,-0.00010126953125000338,0.0,-0.08440840129852295,0.038506872561106145,-0.047917404174804695,0.038545979807664915,0.00012435913085937454,0.009752182414365504,-0.6177266438802105,1.006337119313795,14.234375,0.0,0.0,0.0,202.617431640625,0.0,-0.11247946739196779,0.02908864206892819,-0.07358759765625,0.0,-0.1860670650482178,0.02908864206892819,-0.1495732879638672,0.02908101333726721,-0.010517578125000003,0.007278051977663468,-0.8106816787541907,0.6848906161936151,-0.012203189955421889,-0.0032794425137668975,0.002967288630811864
46.0,14.234375,0.0,0.0,0.0,202.617431640625,0.0,-0.08550326824188233,0.037279886871960204,-0.00010126953125000338,0.0,-0.08560453777313233,0.037279886871960204,-0.0491046142578125,0.0373372670006977,-0.0004547119140625003,0.009093547595121362,-0.569285146006336,1.0481971690319882,14.234375,0.0,0.0,0.0,202.617431640625,0.0,-0.10932708740234375,0.02807645744676068,-0.07358759765625,0.0,-0.18291468505859376,0.02807645744676068,-0.14641006469726564,0.028086931428827337,-0.008768310546875,0.007258384439786285,-0.958710072479602,0.8863402841386032,-0.011242321690417546,-0.002432807666665003,0.003680141576823748
46.5,14.234375,0.0,0.0,0.0,202.617431640625,0.0,-0.08708094596862793,0.0332350603277781,-0.00010126953125000338,0.0,-0.08718221549987794,0.0332350603277781,-0.05070381164550781,0.03330063936398713,-0.0012298583984374982,0.007437773265747164,-0.5109076511054057,1.0329774589056153,14.234375,0.0,0.0,0.0,202.617431640625,0.0,-0.10710115432739259,0.029780778408644674,-0.07358759765625,0.0,-0.1806887519836426,0.029780778408644678,-0.14416339874267578,0.029801577870851657,-0.007472991943359377,0.009298928006824981,-1.059342497712247,1.022689147556064,-0.010078660392706395,-0.0013860038027889536,0.0045911167509492725
47.0,14.234375,0.0,0.0,0.0,202.617431640625,0.0,-0.08429913043975831,0.036635185216406733,-0.00010126953125000338,0.0,-0.08440039997100832,0.036635185216406733,-0.04796066284179689,0.0366487097357898,0.00017089843749999202,0.009731342718997097,-0.3240312340654184,0.7806873836230597,14.234375,0.0,0.0,0.0,202.617431640625,0.0,-0.1107927322387695,0.026443175372390163,-0.07358759765625,0.0,-0.1843803298950195,0.026443175372390163,-0.14785789489746093,0.026455329194568212,-0.00922393798828124,0.007085420414848535,-1.1055718268547867,0.8788672040725758,-0.011089536881513483,-0.0025143849119270457,0.003326547778411481
47.5,14.234375,0.0,0.0,0.0,202.617431640625,0.0,-0.08042941093444826,0.03878565613200903,-0.00010126953125000338,0.0,-0.08053068046569826,0.03878565613200903,-0.04406394958496096,0.03882392071039665,0.0021072387695312425,0.009634378509933806,-0.4187755095653072,0.5494413509640168,14.234375,0.0,0.0,0.0,202.617431640625,0.0,-0.10784101486206056,0.030471643481699513,-0.07358759765625,0.0,-0.18142861251831058,0.030471643481699513,-0.14491939544677737,0.030469415300330625,-0.007617187500000006,0.008600621294087746,-1.1309136877526762,0.9772919222632638,-0.012625781442592082,-0.004172085239454703,0.0015295274486320266
48.0,14.234375,0.0,0.0,0.0,202.617431640625,0.0,-0.08019412517547608,0.035265032196098646,-0.00010126953125000338,0.0,-0.08029539470672609,0.035265032196098646,-0.043813476562499995,0.03529939914845799,0.002208251953125,0.007687414831759695,-0.47191130809295,0.5528889800299919,14.234375,0.0,0.0,0.0,202.617431640625,0.0,-0.10242156982421875,0.03190915082296862,-0.07358759765625,0.0,-0.17600916748046874,0.03190915082296862,-0.1395086669921875,0.03192006386811269,-0.004783935546875,0.008829031619214847,-1.2090594951923073,0.884557348782176,-0.012316799012712706,-0.003988421998689784,0.0015708524772176076
48.5,14.234375,0.0,0.0,0.0,202.617431640625,0.0,-0.08030358791351318,0.03168599120303693,-0.00010126953125000338,0.0,-0.08040485744476318,0.03168599120303693,-0.04392059326171875,0.03170490192646836,0.0021208190917968777,0.006106913450501742,-0.51603641821232,0.7327672860512348,14.234375,0.0,0.0,0.0,202.617431640625,0.0,-0.09830518722534179,0.029854343657298252,-0.07358759765625,0.0,-0.1718927848815918,0.029854343657298252,-0.13538532257080077,0.029878171094760406,-0.0026391601562500006,0.007660064938908959,-1.2459734936694202,0.7757841216288323,-0.011819293357863995,-0.0036164525062937474,0.0018005536540796879
49.0,14.234375,0.0,0.0,0.0,202.617431640625,0.0,-0.0737287855148316,0.041033891394235966,-0.00010126953125000338,0.0,-0.07383005504608159,0.041033891394235966,-0.03733703613281254,0.04108510045575112,0.0053659057617187296,0.010275318019873605,-0.6952669014741701,0.7465406752046458,14.234375,0.0,0.0,0.0,202.617431640625,0.0,-0.10094036102294922,0.025261451795431888,-0.07358759765625,0.0,-0.1745279586791992,0.02526145179543188,-0.13798255920410155,0.02524021240774775,-0.003946533203124991,0.006852488508468833,-1.0580903166657687,1.0924196259654158,-0.014652551680946384,-0.006576097834784897,-0.0013018123451268128
49.5,14.234375,0.0,0.0,0.0,202.617431640625,0.0,-0.08005708217620845,0.03596054193963605,-0.00010126953125000338,0.0,-0.08015835170745846,0.03596054193963605,-0.043684616088867166,0.035981405835664525,0.002128601074218762,0.007160637163274855,-0.8334010908931576,1.0307177857314749,14.234375,0.0,0.0,0.0,202.617431640625,0.0,-0.09984858036041261,0.025232739642954624,-0.07358759765625,0.0,-0.1734361780166626,0.02523273964295462,-0.13690681457519532,0.025223206647754192,-0.0033473205566406277,0.0055971641176948105,-1.056290739899755,1.0094524498687232,-0.010993878955262283,-0.0030475711032369613,0.0020811033643971383
50.0,14.234375,0.0,0.0,0.0,202.617431640625,0.0,-0.07981383800506592,0.03472269702413854,-0.00010126953125000338,0.0,-0.07991510753631592,0.03472269702413854,-0.043426513671875,0.034737289325326465,0.0022125244140625,0.006801638386507006,-0.8658384665464791,1.180226920871431,14.234375,0.0,0.0,0.0,202.617431640625,0.0,-0.09871721267700195,0.026214322362177255,-0.07358759765625,0.0,-0.17230481033325196,0.026214322362177255,-0.13577651977539062,0.026200586899199844,-0.0027008056640625,0.00616166075389833,-1.1515406183985333,0.8574390431250769,-0.01064718885208964,-0.002834703417633963,0.0021455755372767685
50.5,14.234375,0.0,0.0,0.0,202.617431640625,0.0,-0.07685330867767333,0.035554779421924636,-0.00010126953125000338,0.0,-0.07695457820892333,0.035554779421924636,-0.040451126098632814,0.03557399713061092,0.003663177490234375,0.007394381834413328,-0.8784915239383047,1.1519858919999326,14.234375,0.0,0.0,0.0,202.617431640625,0.0,-0.0971233606338501,0.027372898254325727,-0.07358759765625,0.0,-0.1707109582901001,0.027372898254325727,-0.1341751480102539,0.027355521881832396,-0.0018359375000000003,0.006847091240212561,-1.2423604685109861,0.6897264372052723,-0.011668860536451268,-0.003989835804315194,0.0008426828058502155
51.0,14.234375,0.0,0.0,0.0,202.617431640625,0.0,-0.07579535961151125,0.03705500641606562,-0.00010126953125000338,0.0,-0.07589662914276125,0.03705500641606562,-0.039411315917968766,0.03709417122413518,0.004141540527343741,0.008410612014906997,-0.949228282297129,0.9202495372608455,14.234375,0.0,0.0,0.0,202.617431640625,0.0,-0.09449892997741702,0.027890201870490388,-0.07358759765625,0.0,-0.16808652763366702,0.027890201870490385,-0.1315458679199219,0.02788002691637883,-0.0005056762695312635,0.006087161125690672,-1.2460049715909112,0.43889480609107445,-0.011722595706825375,-0.004175657694935874,0.0005105903419851928
51.5,14.234375,0.0,0.0,0.0,202.617431640625,0.0,-0.0730551290512085,0.03208334222205483,-0.00010126953125000338,0.0,-0.07315639858245851,0.03208334222205483,-0.03663314819335939,0.03214600374335136,0.00547225952148437,0.005904677306473936,-0.8090981792458842,1.0413740046277162,14.234375,0.0,0.0,0.0,202.617431640625,0.0,-0.09076138973236086,0.026436690233512583,-0.07358759765625,0.0,-0.16434898738861084,0.026436690233512583,-0.12784553527832032,0.026452869416790228,0.0013853454589843682,0.005285626680110539,-1.510265857189686,0.6703273020939923,-0.012630559545616135,-0.005215258004801574,-0.0006745693100179721
52.0,14.234375,0.0,0.0,0.0,202.617431640625,0.0,-0.06831111431121827,0.03050545333065792,-0.00010126953125000338,0.0,-0.06841238384246827,0.03050545333065792,-0.031898193359375,0.030550727674454107,0.007742919921875,0.003980808344646716,-0.943660424861599,1.2568539594473318,14.234375,0.0,0.0,0.0,202.617431640625,0.0,-0.09069015502929687,0.025585059731019457,-0.07358759765625,0.0,-0.16427775268554687,0.02558505973101946,-0.12778106689453125,0.02557500572029441,0.001396484375,0.004622117871447429,-1.8421491431745411,0.7092539593618276,-0.014469449801680787,-0.007189397684863504,-0.002796969350244252
52.5,14.234375,0.0,0.0,0.0,202.617431640625,0.0,-0.0655121088027954,0.0314818800142996,-0.00010126953125000338,0.0,-0.0656133783340454,0.0314818800142996,-0.029114913940429685,0.03150392465158916,0.009008789062500001,0.004637075450645549,-1.155394440764319,1.3565447710922864,14.234375,0.0,0.0,0.0,202.617431640625,0.0,-0.08867385983467102,0.025793875811237776,-0.07358759765625,0.0,-0.16226145749092102,0.025793875811237776,-0.12577705383300783,0.02576046167578608,0.0023857116699218714,0.0047400140061766025,-2.048383948408371,0.594470730035477,-0.01531811968231342,-0.008168148435215948,-0.003919279295732974
53.0,14.234375,0.0,0.0,0.0,202.617431640625,0.0,-0.06624913692474366,0.0335442613644464,-0.00010126953125000338,0.0,-0.06635040645599366,0.0335442613644464,-0.029853057861328126,0.03358110950728245,0.008497924804687501,0.006862779805249849,-1.2847110774967319,1.2957551161323195,14.234375,0.0,0.0,0.0,202.617431640625,0.0,-0.0823480844497681,0.026608184214683313,-0.07358759765625,0.0,-0.1559356821060181,0.026608184214683313,-0.11947570800781254,0.02658314228188513,0.005545654296874983,0.005137961929790538,-2.047503633654758,0.42107299365255885,-0.014392551544825665,-0.007371984443369169,-0.0032657651709033352
53.5,14.234375,0.0,0.0,0.0,202.617431640625,0.0,-0.06630896091461182,0.03338038427197802,-0.00010126953125000338,0.0,-0.06641023044586182,0.03338038427197802,-0.02991142272949219,0.033401665753838856,0.008357849121093752,0.006553195043195422,-1.0333476033244187,0.8440836413411535,14.234375,0.0,0.0,0.0,202.617431640625,0.0,-0.07707883119583132,0.027974764704574172,-0.07358759765625,0.0,-0.1506664288520813,0.027974764704574172,-0.11415283203125004,0.027930429136993402,0.00806701660156249,0.006501645104677193,-2.0204299535506762,0.7550195958254167,-0.013832205379896089,-0.006943368003135948,-0.0029814191089898496
54.0,14.234375,0.0,0.0,0.0,202.617431640625,0.0,-0.06651394367218016,0.034983874763144525,-0.00010126953125000338,0.0,-0.06661521320343017,0.034983874763144525,-0.03014007568359375,0.03499358710090593,0.00814208984375,0.007351707854338971,-0.7297201089925693,0.8090213718611269,14.234375,0.0,0.0,0.0,202.617431640625,0.0,-0.0768485975265503,0.026806915094803603,-0.07358759765625,0.0,-0.15043619518280033,0.026806915094803607,-0.113919677734375,0.02675917581579653,0.0080718994140625,0.005160117829993405,-2.0411877754407124,0.9358422939566639,-0.013200652643548123,-0.0064421417120597915,-0.0026229263247798955
54.5,14.234375,0.0,0.0,0.0,202.617431640625,0.0,-0.06485646963119508,0.03568714594836239,-0.00010126953125000338,0.0,-0.06495773916244509,0.03568714594836239,-0.02848167419433594,0.035703511323311905,0.008848571777343746,0.008029080914159015,-0.39380818258076133,0.7957007858810814,14.234375,0.0,0.0,0.0,202.617431640625,0.0,-0.07460756063461305,0.025799733138082884,-0.07358759765625,0.0,-0.14819515829086305,0.025799733138082884,-0.11169281005859376,0.025777842688453963,0.009074401855468745,0.0045680205699414255,-2.0292571096709398,0.9649646026590898,-0.013495770448019166,-0.006866197631116114,-0.0031881952511049307
55.0,14.234375,0.0,0.0,0.0,202.617431640625,0.0,-0.06104632690548901,0.03423645885776349,-0.00010126953125000338,0.0,-0.06114759643673901,0.03423645885776349,-0.024639892578125034,0.03426592152902521,0.010620117187499984,0.007126627518671543,-0.1302296742970543,0.7322569903791992,14.234375,0.0,0.0,0.0,202.617431640625,0.0,-0.06941100955009463,0.0253600066989249,-0.07358759765625,0.0,-0.14299860720634464,0.025360006698924898,-0.10650863647460941,0.02537421740594065,0.011537170410156235,0.004907019454229484,-1.9680138790246273,0.7400072392844464,-0.014860333874538272,-0.008358325631027315,-0.00482003195613865
55.5,14.234375,0.0,0.0,0.0,202.617431640625,0.0,-0.05608452655375006,0.03515393499707611,-0.00010126953125000338,0.0,-0.056185796085000066,0.03515393499707611,-0.019643859863281266,0.03514485568464657,0.012954711914062491,0.00761742046195584,-0.24440169612289195,0.773788137569175,14.234375,0.0,0.0,0.0,202.617431640625,0.0,-0.0650030940771103,0.02698582382117684,-0.07358759765625,0.0,-0.13859069173336033,0.026985823821176844,-0.10208457946777345,0.02699902159854992,0.013568267822265617,0.006093547507048629,-1.8821399750965206,0.6103294130829201,-0.01679228208119527,-0.010416479501828299,-0.007016406254820395
56.0,14.234375,0.0,0.0,0.0,202.617431640625,0.0,-0.05712857246398926,0.03542194542472825,-0.00010126953125000338,0.0,-0.05722984199523926,0.03542194542472825,-0.0207281494140625,0.035415025045996175,0.012218017578125,0.0073309969246152405,-0.40249626675408146,0.937214383247809,14.234375,0.0,0.0,0.0,202.617431640625,0.0,-0.06413269758224487,0.028409578745771585,-0.07358759765625,0.0,-0.13772029523849488,0.028409578745771585,-0.101219482421875,0.0284372608206196,0.013814697265625002,0.00655892581337635,-1.8911010457641464,0.5425156983594005,-0.01565723050461746,-0.009406289156221444,-0.006142963914048222
56.5,14.234375,0.0,0.0,0.0,202.617431640625,0.0,-0.058796849250793454,0.03728771795685548,-0.00010126953125000338,0.0,-0.05889811878204346,0.03728771795685548,-0.022423095703125,0.0372866789155698,0.011192474365234378,0.007778615770816922,-0.5071222976648989,0.9046128293429798,14.234375,0.0,0.0,0.0,202.617431640625,0.0,-0.060558259189128896,0.024360659870229857,-0.07358759765625,0.0,-0.13414585684537889,0.024360659870229864,-0.09763504028320313,0.02437955223069855,0.015399780273437493,0.0049613105453445395,-1.9952819397399595,0.5038959887738826,-0.014237573637875279,-0.00811016340914278,-0.004982129434063579
57.0,14.234375,0.0,0.0,0.0,202.617431640625,0.0,-0.060378565788269035,0.03809792579280746,-0.00010126953125000338,0.0,-0.06047983531951904,0.03809792579280746,-0.02400421142578124,0.03810016745636086,0.010235290527343757,0.008468818373729639,-0.4845142142200225,0.9015093183285425,14.234375,0.0,0.0,0.0,202.617431640625,0.0,-0.05579394005239011,0.01985400778222745,-0.07358759765625,0.0,-0.12938153770864008,0.019854007782227446,-0.09285186767578125,0.019858602216044085,0.01755676269531249,0.0031442748136981313,-2.137212153081296,0.5144248703914502,-0.012890474527194447,-0.006885279476116828,-0.003891095548605292
57.5,14.234375,0.0,0.0,0.0,202.617431640625,0.0,-0.061971926689147944,0.03173066925631379,-0.00010126953125000338,0.0,-0.06207319622039795,0.03173066925631379,-0.025568389892578116,0.031697289909617586,0.009278106689453128,0.007214850805676203,-0.23769476474859166,1.0517834925036311,14.234375,0.0,0.0,0.0,202.617431640625,0.0,-0.05386429149657489,0.027656597175941464,-0.07358759765625,0.0,-0.1274518891528249,0.02765659717594146,-0.09091415405273438,0.027687141994411777,0.018257141113281247,0.006241015406282232,-2.2204739230496133,0.6341691032340309,-0.011547529073411349,-0.00566324727633724,-0.0028014875297701844
58.0,14.234375,0.0,0.0,0.0,202.617431640625,0.0,-0.057747340202331535,0.03111877500787859,-0.00010126953125000338,0.0,-0.05784860973358154,0.03111877500787859,-0.021351318359375003,0.03112737936094407,0.011234130859375002,0.005133126601968235,0.03378701376748222,1.2227902056459685,14.234375,0.0,0.0,0.0,202.617431640625,0.0,-0.05062572166323662,0.027591248339987096,-0.07358759765625,0.0,-0.12421331931948662,0.027591248339987096,-0.08770050048828124,0.027586159425616315,0.0196124267578125,0.005577862077548569,-1.9340639625673854,0.5361412184587641,-0.013121901036608723,-0.007357244438910442,-0.004626498196017721
58.5,14.234375,0.0,0.0,0.0,202.617431640625,0.0,-0.054881787300109876,0.030206848026197275,-0.00010126953125000338,0.0,-0.05498305683135988,0.030206848026197275,-0.018480072021484384,0.030208991734436662,0.012487182617187498,0.005647858526702641,-0.10987946481416144,1.2866776858002755,14.234375,0.0,0.0,0.0,202.617431640625,0.0,-0.044670588970184354,0.026691478666496016,-0.07358759765625,0.0,-0.11825818662643435,0.02669147866649602,-0.08174674987792971,0.0266942897424975,0.022284393310546866,0.004714088686738987,-1.7151677413976036,0.7567169735446795,-0.013997366220493438,-0.008351060488824221,-0.00574993209988086
59.0,14.234375,0.0,0.0,0.0,202.617431640625,0.0,-0.05322628498077393,0.031250632999825924,-0.00010126953125000338,0.0,-0.053327554512023936,0.031250632999825924,-0.016814270019531258,0.03123991848779053,0.0131298828125,0.006527002240052753,-0.4380880146871393,1.218586799390335,14.234375,0.0,0.0,0.0,202.617431640625,0.0,-0.03966703534126282,0.025675099205985197,-0.07358759765625,0.0,-0.11325463299751282,0.025675099205985197,-0.07674041748046875,0.025677598309680513,0.024444580078125,0.0044182259832992255,-1.6061735708952523,0.8691187887559702,-0.014266502164640916,-0.008737286540765984,-0.006264395223507991
59.5,14.234375,0.0,-0.27343749999997874,5.551115123125783e-17,202.617431640625,0.0,-0.052323795557022094,0.03590520138180074,-0.00010126953125000338,0.0,-0.0524250650882721,0.03590520138180074,-0.015908050537109378,0.03591567857481113,0.013406829833984375,0.00635791906816582,-0.691923483824118,1.0652165669437887,14.234375,0.0,-0.27343749999997874,5.551115123125783e-17,202.617431640625,0.0,-0.038803350925445575,0.025840226136115852,-0.07358759765625,0.0,-0.11239094858169557,0.025840226136115852,-0.07589065551757813,0.02581829332001919,0.024508666992187494,0.00573302364927447,-1.6179014975096542,0.6946394170011346,-0.014173864409058563,-0.008760491565243318,-0.006414471246488846
60.0,14.234375,0.0,-6.25,0.0,202.617431640625,0.0,-0.05148169994354248,0.033462075737829895,-0.00010126953125000338,0.0,-0.05158296947479248,0.033462075737829895,-0.015090942382812498,0.033461177049082635,0.013616943359375,0.007601185643262885,-0.5274134638148368,1.0451782462108816,14.234375,0.0,-6.25,0.0,202.617431640625,0.0,-0.03528869152069091,0.03303349455345754,-0.07358759765625,0.0,-0.10887628917694092,0.03303349455345754,-0.07241210937500002,0.0330134415200132,0.025909423828125,0.007816730784208812,-1.520109732390002,0.8058758421036158,-0.014018330239270991,-0.008719566135209685,-0.0064990652941673424
60.5,14.229960937499998,1.7763568394002505e-15,-3.3984375000000275,8.881784197001252e-16,202.4918032836914,0.0,-0.05446230530738829,0.028191178999260626,-0.00010126953125000338,0.0,-0.054563574838638294,0.028191178999260626,-0.018093032836914043,0.028208309042778906,0.011930389404296885,0.0062013158687634325,-0.20651579458953234,0.7954297615331143,14.229960937499998,1.7763568394002505e-15,-3.3984375000000275,8.881784197001252e-16,202.4918032836914,0.0,-0.03188833057880403,0.027940178173235606,-0.073725537109375,0.0,-0.10561386768817903,0.0279401781732356,-0.06916633605957033,0.027927566862023332,0.02722396850585937,0.005049075352557306,-1.4412082769931926,1.0870147566989161,-0.011970023730285632,-0.006784647471554166,-0.004688328984800526
61.0,14.2265625,0.0,-2.5781249999999574,0.0,202.39508056640625,0.0,-0.05465973377227787,0.027911409504987078,-0.00010126953125000338,0.0,-0.05476100330352787,0.027911409504987078,-0.018297882080078164,0.02793253601285341,0.011657104492187483,0.005002982583660799,0.09701459835736807,0.5167983685955546,14.2265625,0.0,-2.5781249999999574,0.0,202.39508056640625,0.0,-0.031341644525527936,0.024752011518384028,-0.0739123046875,0.0,-0.10525394921302793,0.024752011518384028,-0.06878753662109373,0.02473776570113763,0.027077941894531263,0.003446596947999428,-1.2971834480623654,1.087519985130303,-0.011338839911703869,-0.006265643609720442,-0.004292184597828963
61.5,14.225820312500002,1.7763568394002505e-15,-7.8125,0.0,202.37396881103516,0.0,-0.0498432743549347,0.034531326506493175,-0.00010126953125000338,0.0,-0.0499445438861847,0.034531326506493175,-0.013466796875000008,0.0345308219389038,0.013902740478515621,0.0065748419519399744,0.2528118142437006,0.6709262495057801,14.225820312500002,1.7763568394002505e-15,-7.8125,0.0,202.37396881103516,0.0,-0.03290002405643467,0.029714214015191826,-0.074099072265625,0.0,-0.10699909632205967,0.02971421401519182,-0.0704818725585938,0.029711428339740747,0.025855712890624986,0.006079857530277531,-1.0884476597214725,0.8982882974276157,-0.013230389587180558,-0.008268178220658102,-0.006416269896461863
62.0,14.219843749999999,1.7763568394002505e-15,-7.8125,0.0,202.2039636230469,0.0,-0.04811986923217774,0.030627496203680073,-0.00010126953125000338,0.0,-0.04822113876342774,0.030627496203680073,-0.011692504882812498,0.030632898026298087,0.0145330810546875,0.006228621606651808,0.04280712776806091,0.7397484313682795,14.219843749999999,1.7763568394002505e-15,-7.8125,0.0,202.2039636230469,0.0,-0.02315117597579956,0.029444289930092078,-0.07428583984375002,1.3877787807814457e-17,-0.09743701581954957,0.02944428993009207,-0.06091003417968751,0.02944934627845881,0.030338134765625004,0.005444806544744136,-1.0909237450375158,0.8575968462363939,-0.013510415833621225,-0.008658007111495787,-0.006926354629966644
62.5,14.2138671875,0.0,-12.69531249999997,1.7763568394002505e-15,202.0340347290039,0.0,-0.049655348062515245,0.0286414701768319,-0.00010126953125000338,0.0,-0.04975661759376525,0.0286414701768319,-0.01323699951171874,0.02863463213051459,0.013542175292968757,0.005139670040904985,-0.15468197269040002,0.9580718542070905,14.2138671875,0.0,-12.69531249999997,1.7763568394002505e-15,202.0340347290039,0.0,-0.019845366477966316,0.030571683318240825,-0.074472607421875,0.0,-0.09431797389984133,0.03057168331824083,-0.057813644409179694,0.030575894367669117,0.031558990478515625,0.006096787320451306,-1.2936492066283278,0.4552828012321968,-0.012172927541445652,-0.007429151767264902,-0.00581647407699183
63.0,14.204843749999998,1.7763568394002505e-15,-15.625,0.0,201.77764404296875,0.0,-0.05083802700042725,0.028346151087493533,-0.00010126953125000338,0.0,-0.05093929653167725,0.028346151087493533,-0.014423980712890624,0.028366427716575215,0.012747497558593753,0.00460335013464778,-0.26305832229294435,0.9064230425922071,14.204843749999998,1.7763568394002505e-15,-15.625,0.0,201.77764404296875,0.0,-0.018461986780166632,0.03328296989021477,-0.07465937499999999,1.3877787807814457e-17,-0.09312136178016664,0.03328296989021477,-0.05663192749023439,0.033271364533933784,0.0317755126953125,0.007749066199489344,-1.248816643561514,0.5668206232338299,-0.011035359322088122,-0.006399059259844547,-0.004904088956094149
63.5,14.192890625000002,1.7763568394002505e-15,-16.835937499999975,3.552713678800501e-15,201.43817626953125,0.0,-0.05085132837295533,0.030561002519918584,-0.00010126953125000338,0.0,-0.05095259790420533,0.030561002519918584,-0.014436492919921877,0.030635628976518767,0.012556915283203126,0.005500391090692537,-0.27844426793096033,0.5785949946152978,14.192890625000002,1.7763568394002505e-15,-16.835937499999975,3.552713678800501e-15,201.43817626953125,0.0,-0.017087518572807322,0.03460030698693806,-0.074846142578125,0.0,-0.09193366115093231,0.03460030698693807,-0.05543769836425783,0.034586265408811,0.031965332031249995,0.008370108442754832,-0.9288702477941958,0.857977096731235,-0.010505539276875173,-0.005975570018268487,-0.004597053197610806
64.0,14.1809375,0.0,-22.8125,0.0,201.09900634765629,2.842170943040401e-14,-0.05035996913909912,0.03727708011536656,-0.00010126953125000338,0.0,-0.05046123867034912,0.03727708011536656,-0.013992919921875,0.03733953314479506,0.012626953125,0.008134364087291289,-0.2544724969041316,0.5481641681905408,14.1809375,0.0,-22.8125,0.0,201.09900634765629,2.842170943040401e-14,-0.013934812545776368,0.027909368208169156,-0.07503291015625001,0.0,-0.08896772270202635,0.02790936820816915,-0.052437744140625,0.027907854710070668,0.033085937499999996,0.00492086733236473,-0.6327467698317301,0.883299458435045,-0.010239953152670527,-0.005815181985784086,-0.004551878102267043
64.5,14.1636328125,0.0,-23.4375,0.0,200.60861297607423,0.0,-0.04785328149795531,0.0336447188760975,-0.00010126953125000338,0.0,-0.04795455102920532,0.0336447188760975,-0.011458892822265617,0.0336575633197082,0.013637695312500003,0.005177972401745691,-0.33097896264705307,1.0395726626920785,14.1636328125,0.0,-23.4375,0.0,200.60861297607423,0.0,-0.01319878578186035,0.028657640974467123,-0.07505244140625,0.0,-0.08825122718811033,0.028657640974467123,-0.05184181213378906,0.028707979870509392,0.032931365966796876,0.005224018988274225,-0.45262156666576425,0.7077317792119444,-0.010918646681161864,-0.00659795296053807,-0.005448634683394037
65.0,14.145703124999999,1.7763568394002505e-15,-26.95312500000005,7.105427357601002e-15,200.10105285644528,2.842170943040401e-14,-0.04524869024753568,0.03205575881343751,-0.00010126953125000338,0.0,-0.045349959778785684,0.03205575881343751,-0.008859252929687481,0.032053988515348575,0.014730834960937508,0.00400200659184185,-0.4231575207832564,1.1570928103108673,14.145703124999999,1.7763568394002505e-15,-26.95312500000005,7.105427357601002e-15,200.10105285644528,2.842170943040401e-14,-0.01038851737976071,0.02860964597071201,-0.0751623046875,0.0,-0.08555082206726072,0.028609645970712007,-0.04919891357421872,0.028642213364199212,0.03382263183593751,0.004579267084339947,-0.25820965533490986,0.724533299381442,-0.011683274890851416,-0.00746554990895113,-0.006429002981819319
65.5,14.126093749999997,1.7763568394002505e-15,-32.92968750000003,0.0,199.54668945312503,2.842170943040401e-14,-0.04392014890909196,0.03134728999858244,-0.00010126953125000338,0.0,-0.044021418440341964,0.03134728999858244,-0.00754920959472657,0.031367628548909544,0.015207672119140623,0.003963774571578494,-0.45653247610950426,0.98838992792271,14.126093749999997,1.7763568394002505e-15,-32.92968750000003,0.0,199.54668945312503,2.842170943040401e-14,-0.007047820091247558,0.029718403522426357,-0.07534907226562503,1.3877787807814457e-17,-0.08239689235687256,0.029718403522426357,-0.04604202270507812,0.02970589752803725,0.03497940063476562,0.005281771412534185,-0.11986045570641057,0.8527041466769385,-0.011835100149562319,-0.007719247009593602,-0.006794270111242111
66.0,14.102187500000001,0.0,-38.90624999999992,0.0,198.87171142578129,2.842170943040401e-14,-0.045609766244888286,0.029362194637528746,-0.00010126953125000338,0.0,-0.04571103577613829,0.029362194637528746,-0.009218444824218727,0.029404812872890658,0.014157104492187517,0.0051624047147602325,-0.33242890329072117,0.8506174988512829,14.102187500000001,0.0,-38.90624999999992,0.0,198.87171142578129,2.842170943040401e-14,-0.006569957733154304,0.03324217907457744,-0.07553583984375,0.0,-0.08210579757690431,0.033242179074577445,-0.04573852539062501,0.03324853329990917,0.03467590332031251,0.006778553324339369,-0.1747696883194877,0.7155690854638469,-0.01046298288277283,-0.00644791637287441,-0.0056333209794059615
66.5,14.072460937499999,1.7763568394002505e-15,-44.882812499999936,0.0,198.0344467163086,0.0,-0.04434930682182313,0.026155147590457423,-0.00010126953125000338,0.0,-0.04445057635307313,0.026155147590457423,-0.007966156005859388,0.02622795967255598,0.014538879394531246,0.0031739679012330706,-0.060967932214268244,1.0256357410328725,14.072460937499999,1.7763568394002505e-15,-44.882812499999936,0.0,198.0344467163086,0.0,-0.012502822875976496,0.03267723714954825,-0.07572260742187499,1.3877787807814457e-17,-0.08822543029785151,0.03267723714954826,-0.051857833862304616,0.03267269211330292,0.031189422607421913,0.007145287542465844,-0.04551529606461449,0.7673079937409777,-0.010526633522465115,-0.006611279991230116,-0.005905890239755681
67.0,14.038593750000002,1.7763568394002505e-15,-50.85937499999995,7.105427357601002e-15,197.08266357421874,2.842170943040401e-14,-0.04145054876804354,0.028169610424613144,-0.00010126953125000338,0.0,-0.041551818299293546,0.028169610424613144,-0.005086822509765653,0.0282233199628084,0.015768432617187488,0.0032959901585002107,0.15172144749781447,0.999105259807426,14.038593750000002,1.7763568394002505e-15,-50.85937499999995,7.105427357601002e-15,197.08266357421874,2.842170943040401e-14,-0.008170204162597724,0.032335441530972196,-0.075909375,0.0,-0.08407957916259773,0.03233544153097219,-0.04762832641601569,0.03231692779600111,0.03286254882812497,0.006497752855744776,0.20622911431016971,0.8698971416604664,-0.011441451370082458,-0.0076247486034081696,-0.007027401157172829
67.5,14.000585937500002,1.7763568394002505e-15,-56.835937499999986,7.105427357601002e-15,196.01700286865233,2.842170943040401e-14,-0.040420840680599195,0.03141524326600798,-0.00010126953125000338,0.0,-0.0405221102118492,0.03141524326600798,-0.004064178466796863,0.03144019351595932,0.01605148315429688,0.005190485129055807,0.28701639953470776,0.8846621505290864,14.000585937500002,1.7763568394002505e-15,-56.835937499999986,7.105427357601002e-15,196.01700286865233,2.842170943040401e-14,-0.0023737072944641094,0.034007071924891476,-0.07609614257812501,1.3877787807814457e-17,-0.07846984987258912,0.034007071924891476,-0.041923141479492186,0.033984087078800664,0.03526992797851563,0.006862087598572187,0.4512902462121296,0.8274150692132854,-0.011413119318906173,-0.007694016418155694,-0.007203560333101288
68.0,13.9584375,0.0,-62.8125,0.0,194.83812744140621,2.842170943040401e-14,-0.043978705406188964,0.030638221742028186,-0.00010126953125000338,0.0,-0.04407997493743897,0.030638221742028186,-0.0076007080078125,0.030672915589932744,0.0139990234375,0.004239569261732188,0.3431811921802185,0.749724398939022,13.9584375,0.0,-62.8125,0.0,194.83812744140621,2.842170943040401e-14,-0.0033330535888671884,0.03776569071459081,-0.07627314453125,0.0,-0.0796061981201172,0.03776569071459081,-0.043028564453125,0.03777801854739218,0.034278564453125,0.008806860556598418,0.5708110249125976,1.0607495159360363,-0.009052594084289753,-0.005430051345751523,-0.005045347938500762
68.5,13.910624999999998,1.7763568394002505e-15,-68.78906250000001,1.4210854715202004e-14,193.50610107421878,2.842170943040401e-14,-0.0451485562324524,0.03338741981179823,-0.00010126953125000338,0.0,-0.0452498257637024,0.03338741981179823,-0.00880302429199219,0.03341892239041746,0.013251953124999997,0.005417129622140052,0.4516935904265077,0.721034396590488,13.910624999999998,1.7763568394002505e-15,-68.78906250000001,1.4210854715202004e-14,193.50610107421878,2.842170943040401e-14,-0.005475409030914315,0.03224449137521377,-0.07627314453125,0.0,-0.08174855356216432,0.03224449137521377,-0.04533981323242188,0.0322585721651581,0.032667694091796866,0.006274671228311504,0.5288536231834572,1.0848510449963404,-0.008000739988624744,-0.004473728784256191,-0.004193651501503095
69.0,13.858359374999996,3.552713678800501e-15,-74.76562500000004,0.0,192.0553363037109,2.842170943040401e-14,-0.04436255455017088,0.029940068375472834,-0.00010126953125000338,0.0,-0.04446382408142088,0.029940068375472834,-0.00799621582031249,0.029964380091368394,0.013426818847656254,0.0041630669270563934,0.4117198312754965,0.7063413436276699,13.858359374999996,3.552713678800501e-15,-74.76562500000004,0.0,192.0553363037109,2.842170943040401e-14,-0.004756011962890612,0.0287508774358185,-0.0764123046875,0.0,-0.0811683166503906,0.0287508774358185,-0.04468521118164061,0.02878592966752282,0.032518005371093756,0.005164025677002868,0.5043115149011119,0.7689804792212918,-0.007874068703381306,-0.004441571362822875,-0.004265005652114564
69.5,13.801953124999999,1.7763568394002505e-15,-80.7421875,0.0,190.49526977539062,0.0,-0.04379632115364075,0.025597680013921483,-0.00010126953125000338,0.0,-0.043897590684890755,0.025597680013921483,-0.0074017333984375015,0.025631627957099817,0.013487701416015624,0.0035186729166451582,0.3292293593044333,0.63977413815139,13.801953124999999,1.7763568394002505e-15,-80.7421875,0.0,190.49526977539062,0.0,-0.004805154800415041,0.027769799611035796,-0.07651728515625,0.0,-0.08132243995666505,0.027769799611035793,-0.044784622192382814,0.027781258195599737,0.03199920654296875,0.004693131987420714,0.6638620727823584,0.6152839086735875,-0.007636626452129543,-0.004297636145975609,-0.0042234793278706165
70.0,13.741406249999999,1.7763568394002505e-15,-87.49999999999983,0.0,188.8269104003907,2.842170943040401e-14,-0.04400725364685062,0.025139645937897,-0.00010126953125000338,0.0,-0.04410852317810062,0.025139645937897,-0.007598876953125032,0.02519263911295248,0.013180541992187489,0.005695014274701163,0.23315358550955334,0.5316755669195528,13.741406249999999,1.7763568394002505e-15,-87.49999999999983,0.0,188.8269104003907,2.842170943040401e-14,-0.006939506530761706,0.029485874736289594,-0.07651728515625,0.0,-0.08345679168701171,0.02948587473628959,-0.04698791503906248,0.029410295758199593,0.03044433593750001,0.005194461150434335,1.0110566110321932,0.6962832393242956,-0.007034320178447333,-0.0037878408027605935,-0.00381500194434904
70.5,13.675664062500003,1.7763568394002505e-15,-99.45312499999987,0.0,187.02464996337892,0.0,-0.041799055337905906,0.02796398548143028,-0.00010126953125000338,0.0,-0.04190032486915591,0.02796398548143028,-0.005381011962890648,0.0279823397819893,0.014091033935546868,0.0034988961063536074,-0.023951141428554784,0.7814132580259291,13.675664062500003,1.7763568394002505e-15,-99.45312499999987,0.0,187.02464996337892,0.0,-0.008023633956909169,0.03017417274962776,-0.07651728515625,0.0,-0.08454091911315917,0.030174172749627755,-0.04808517456054687,0.030139260192232283,0.029417114257812512,0.005958827920345796,1.08555684834372,0.7018384251233064,-0.007652809387698528,-0.004497855449754624,-0.004625255239525745
71.0,13.600078125,1.7763568394002505e-15,-106.48437499999997,1.4210854715202004e-14,184.96452941894535,2.842170943040401e-14,-0.04327940940856933,0.030878047531865366,-0.00010126953125000338,0.0,-0.04338067893981933,0.030878047531865366,-0.006864166259765608,0.030924238384003763,0.013136596679687508,0.003828893847037761,-0.3353280732125945,0.917875768622964,13.600078125,1.7763568394002505e-15,-106.48437499999997,1.4210854715202004e-14,184.96452941894535,2.842170943040401e-14,-0.004903259277343778,0.029538373447218762,-0.07651728515625,0.0,-0.08142054443359378,0.029538373447218762,-0.04493347167968753,0.029501158013184037,0.03052398681640624,0.006115876148300229,0.798929565714245,0.6090133924964539,-0.006409480020102887,-0.0033450765253521635,-0.0035716471493948366
71.5,13.519296874999998,1.7763568394002505e-15,-115.54687499999997,1.4210854715202004e-14,182.77424682617192,2.842170943040401e-14,-0.04413530081510543,0.03350625527826884,-0.00010126953125000338,0.0,-0.04423657034635543,0.03350625527826884,-0.007717971801757814,0.033546185153786184,0.012505798339843749,0.00429611198196316,-0.36161000356252165,0.8921765638682583,13.519296874999998,1.7763568394002505e-15,-115.54687499999997,1.4210854715202004e-14,182.77424682617192,2.842170943040401e-14,-0.005197410583496079,0.031272965907511885,-0.07651728515625,0.0,-0.08171469573974607,0.031272965907511885,-0.04520484924316405,0.031235916518017673,0.02993041992187501,0.00649934689055794,0.7172418696619165,0.7303715461320993,-0.005492867054316181,-0.0025180493945495945,-0.002842734414071672
72.0,13.433125000000002,1.7763568394002505e-15,-126.25,0.0,180.450947265625,0.0,-0.04256445646286011,0.034599333841363385,-0.00010126953125000338,0.0,-0.042665725994110115,0.034599333841363385,-0.0061529541015625,0.034595648188620876,0.013104248046875,0.004510887531813744,-0.12369080301209326,0.7424005817948222,13.433125000000002,1.7763568394002505e-15,-126.25,0.0,180.450947265625,0.0,-0.008385848999023438,0.033879872845247405,-0.07647822265625,0.0,-0.08486407165527343,0.03387987284524741,-0.0483612060546875,0.03385174065174807,0.027891845703125,0.006825874005587212,0.8884172061662262,0.8702132256572831,-0.0058085468376138285,-0.0029223606803202226,-0.003344114910472611
72.5,13.337500000000002,1.7763568394002505e-15,-132.22656250000003,0.0,177.88999023437498,0.0,-0.036828877031803105,0.02948043881081396,-0.00010126953125000338,0.0,-0.03693014656305311,0.02948043881081396,-0.00047988891601560564,0.029458253912164074,0.015789031982421885,0.0031939753797157818,0.062260483250476145,0.6749397835587277,13.337500000000002,1.7763568394002505e-15,-132.22656250000003,0.0,177.88999023437498,0.0,-0.007233142852783199,0.031851502501812984,-0.076291455078125,0.0,-0.08352459793090822,0.031851502501812984,-0.04707717895507812,0.0318285570684014,0.028031921386718752,0.006404165758999422,1.0157587367060028,0.9164041299956905,-0.008213573117286706,-0.005415074296188696,-0.00593286368618029
73.0,13.236484375000002,1.7763568394002505e-15,-143.59375000000009,0.0,175.20829162597653,2.842170943040401e-14,-0.04024891257286075,0.03106080233921341,-0.00010126953125000338,0.0,-0.04035018210411075,0.03106080233921341,-0.003882446289062531,0.031064201744906893,0.013841247558593733,0.004721895694229751,0.09322835571004373,0.3988989822772305,13.236484375000002,1.7763568394002505e-15,-143.59375000000009,0.0,175.20829162597653,2.842170943040401e-14,-0.008301963806152352,0.02673536965468071,-0.0761046875,0.0,-0.08440665130615237,0.02673536965468071,-0.04801467895507813,0.02670657164740124,0.027034912109374986,0.0030649276375745937,0.9403824528336188,0.9503121660372202,-0.0059884026279982535,-0.0032768843042737103,-0.003889876478308721
73.5,13.127773437499998,1.7763568394002505e-15,-151.9921875,0.0,172.34389923095705,0.0,-0.03941613085567952,0.03274395100925661,-0.00010126953125000338,0.0,-0.039517400386929524,0.03274395100925661,-0.003043594360351572,0.032773596934488704,0.01405593872070312,0.0046801913001967834,0.03500967314748059,0.44444095542952244,13.127773437499998,1.7763568394002505e-15,-151.9921875,0.0,172.34389923095705,0.0,-0.00803104400634766,0.026224963596227474,-0.07602900390625,0.0,-0.08406004791259766,0.026224963596227474,-0.04759681701660156,0.02620458100501508,0.02677520751953125,0.002720205977012354,0.9311558650090113,1.1852559905786988,-0.0059153606315993906,-0.003294863689014484,-0.004006211751733803
74.0,13.012500000000001,0.0,-159.6874999999998,2.842170943040401e-14,169.32934570312503,2.842170943040401e-14,-0.03704012840986249,0.033029271556764224,-0.00010126953125000338,0.0,-0.03714139794111249,0.033029271556764224,-0.0006671142578124624,0.03307586962052433,0.015046386718750021,0.003703423371346409,-0.031524160247318064,0.5515337347324993,13.012500000000001,0.0,-159.6874999999998,2.842170943040401e-14,169.32934570312503,2.842170943040401e-14,-0.007821235656738241,0.027904686027569306,-0.07592158203125,0.0,-0.08374281768798825,0.027904686027569306,-0.04721557617187497,0.027881396153188184,0.02650451660156252,0.0042973843619409716,0.9766428842966979,1.4525757387661133,-0.006627647286293063,-0.004094796698093354,-0.0049014022552966875
74.5,12.892968749999998,3.552713678800501e-15,-171.6406249999999,0.0,166.22900390625003,0.0,-0.039698773548006994,0.03203880022344368,-0.00010126953125000338,0.0,-0.039800043079257,0.03203880022344368,-0.003305206298828096,0.03207295418485355,0.013458862304687517,0.005353035028116829,0.003440341193643781,0.7648609726916542,12.892968749999998,3.552713678800501e-15,-171.6406249999999,0.0,166.22900390625003,0.0,-0.01043160438537595,0.02650973879630032,-0.07554804687500001,0.0,-0.08597965126037595,0.02650973879630032,-0.04962020874023434,0.02644828007385155,0.024753570556640646,0.004190050915548518,1.0088319934053709,1.4837327262629807,-0.004766873628000129,-0.0023200267318506896,-0.003220255065144103
75.0,12.761718750000002,0.0,-183.59374999999994,2.842170943040401e-14,162.86700439453128,0.0,-0.042506985366344424,0.029062379956138903,-0.00010126953125000338,0.0,-0.04260825489759443,0.029062379956138903,-0.006103515624999981,0.029096370272232365,0.011848449707031264,0.0032952537612554542,0.41021778311208273,0.8023975206657358,12.761718750000002,0.0,-183.59374999999994,2.842170943040401e-14,162.86700439453128,0.0,-0.012976169586181623,0.02707635169970902,-0.0753576171875,0.0,-0.08833378677368163,0.027076351699709015,-0.05185317993164061,0.02703829624170911,0.02311706542968751,0.0048510231894663405,0.7859432336055938,1.109941816401816,-0.002874499390151123,-0.0005170846679980311,-0.0015135777343896462
75.5,12.622187499999999,1.7763568394002505e-15,-195.54687499999997,2.842170943040401e-14,159.32839843750003,0.0,-0.040875883400440224,0.03190368001242874,-0.00010126953125000338,0.0,-0.04097715293169023,0.03190368001242874,-0.004480819702148451,0.031937502456938195,0.012500762939453116,0.004530053594817537,0.6265824324601309,0.9651575110855611,12.622187499999999,1.7763568394002505e-15,-195.54687499999997,2.842170943040401e-14,159.32839843750003,0.0,-0.011896753311157238,0.024814336662488726,-0.07504511718750001,0.0,-0.08694187049865724,0.02481433666248873,-0.05043647766113282,0.024807546725718554,0.023321685791015623,0.004604671973847713,0.604754539080709,0.877664413425565,-0.0032480711114689915,-0.0009790880911196864,-0.002070736062161403
76.0,12.474374999999998,1.7763568394002505e-15,-207.5,0.0,155.61834960937497,2.842170943040401e-14,-0.0385103178024292,0.034387113070627466,-0.00010126953125000338,0.0,-0.038611587333679205,0.034387113070627466,-0.002120361328124999,0.03441803516316157,0.01350830078125,0.0057530902975466555,0.6362182332641364,1.0241787907177766,12.474374999999998,1.7763568394002505e-15,-207.5,0.0,155.61834960937497,2.842170943040401e-14,-0.009945831298828126,0.022744433483332396,-0.07467158203125,0.0,-0.08461741333007813,0.022744433483332393,-0.0481298828125,0.022733726754401346,0.023966064453125005,0.0056223999743132,0.4058709844842612,0.8209256458941703,-0.003969185517230208,-0.0017917027899560121,-0.002980812332478006
76.5,12.31828125,0.0,-219.45312500000003,0.0,151.74210937499996,2.842170943040401e-14,-0.03856043756008148,0.03100246098898808,-0.00010126953125000338,0.0,-0.03866170709133148,0.03100246098898808,-0.0021588134765624977,0.03101564120585307,0.013252868652343753,0.0033467117182253625,0.4584218627645075,0.8706895899740597,12.31828125,0.0,-219.45312500000003,0.0,151.74210937499996,2.842170943040401e-14,-0.009642076492309576,0.02080082860957695,-0.074287060546875,0.0,-0.08392913703918459,0.02080082860957695,-0.047453536987304694,0.02071821159583983,0.02376693725585937,0.005705203449602483,0.12988750751202008,0.9687706879518088,-0.00342418701608003,-0.0013395928322357436,-0.0026270412891647474
77.0,12.1509375,0.0,-231.40625000000006,2.842170943040401e-14,147.65264648437497,0.0,-0.037851942777633665,0.02958922594935075,-0.00010126953125000338,0.0,-0.03795321230888367,0.02958922594935075,-0.0015051269531249935,0.029660957530077768,0.0133929443359375,0.005396616239313891,0.3492836407570225,0.661846989198428,12.1509375,0.0,-231.40625000000006,2.842170943040401e-14,147.65264648437497,0.0,-0.011108493804931651,0.020169551898803165,-0.0737267578125,0.0,-0.08483525161743165,0.020169551898803168,-0.04846908569335938,0.020086465519247892,0.02262298583984374,0.004519308392578312,-0.25964696924169045,0.9498764683152613,-0.0032755180701796675,-0.0012837339930485423,-0.0026691497113680213
77.5,11.974609375000002,0.0,-243.35937499999997,2.842170943040401e-14,143.40469360351565,0.0,-0.04079784005880353,0.032777799457007324,-0.00010126953125000338,0.0,-0.04089910959005354,0.032777799457007324,-0.004422378540039038,0.03285544033916908,0.011690521240234389,0.005749211181998375,0.3322805835928361,0.7926519856200914,11.974609375000002,0.0,-243.35937499999997,2.842170943040401e-14,143.40469360351565,0.0,-0.011511087417602537,0.02127707125573747,-0.0733068359375,1.3877787807814457e-17,-0.08481792335510255,0.02127707125573747,-0.04839668273925781,0.02123737271738134,0.022058105468750002,0.002622605452103837,-0.3833699615407349,0.69161834335383,-0.0012745561246172293,0.0006205343801944678,-0.0008658039768949604
78.0,11.790000000000004,1.7763568394002505e-15,-252.65624999999994,2.842170943040401e-14,139.01812500000005,0.0,-0.043505650758743276,0.031905299713448944,-0.00010126953125000338,0.0,-0.04360692028999328,0.031905299713448944,-0.007118835449218736,0.0319500118930344,0.010147094726562507,0.004149857385824817,0.36149173905521276,0.943633789990817,11.790000000000004,1.7763568394002505e-15,-252.65624999999994,2.842170943040401e-14,139.01812500000005,0.0,-0.00820747375488292,0.02433503486455567,-0.07285029296875001,0.0,-0.08105776672363293,0.024335034864555665,-0.04457702636718761,0.024326305465607004,0.02337585449218745,0.003516991190895037,-0.4076501094933752,0.31098649085369445,0.0005649956193031947,0.0023640409431675796,0.0007776625614275357
78.5,11.5979296875,1.7763568394002505e-15,-260.27343749999983,0.0,134.51821929931646,0.0,-0.04401673316955568,0.02685541908494128,-0.00010126953125000338,0.0,-0.04411800270080568,0.02685541908494128,-0.0076638031005859565,0.026847304870085242,0.009762115478515614,0.002807212232327438,0.37640320393311033,1.0582037808507867,11.5979296875,1.7763568394002505e-15,-260.27343749999983,0.0,134.51821929931646,0.0,-0.002310075759887652,0.02877879849684694,-0.07226435546875,1.3877787807814457e-17,-0.07457443122863766,0.028778798496846936,-0.03810562133789059,0.028790287996768547,0.02599700927734378,0.007717881190240356,-0.4310200653431919,0.6592230249664468,0.0012501239817859853,0.0029513678698283707,0.0012638156487813775
79.0,11.400703125000003,1.7763568394002505e-15,-278.20312499999994,5.684341886080802e-14,129.98354919433598,0.0,-0.042078289985656755,0.03322768136191628,-0.00010126953125000338,0.0,-0.04217955951690676,0.03322768136191628,-0.005691070556640638,0.033262601177885556,0.010625915527343745,0.005003467331738895,0.1775272965153369,0.925234561649227,11.400703125000003,1.7763568394002505e-15,-278.20312499999994,5.684341886080802e-14,129.98354919433598,0.0,-0.0064671134948730185,0.020321433050129276,-0.07151728515625001,0.0,-0.07798439865112303,0.020321433050129272,-0.041584167480468726,0.02027275363369581,0.02352233886718752,0.006437624854895505,-0.5398861900631946,0.5904155670560636,0.0006958717680406947,0.002295544401731795,0.0005040038903190254
79.5,11.188593749999999,1.7763568394002505e-15,-291.17187499999994,0.0,125.20296386718749,2.842170943040401e-14,-0.037991540431976334,0.03291842632107007,-0.00010126953125000338,0.0,-0.03809280996322634,0.03291842632107007,-0.001596374511718766,0.03291445743486607,0.012458648681640618,0.003817603504142805,-0.19720206449637362,1.0956857625786354,11.188593749999999,1.7763568394002505e-15,-291.17187499999994,0.0,125.20296386718749,2.842170943040401e-14,-0.000899696350097683,0.021475241439175993,-0.07092524414062501,0.0,-0.07182494049072269,0.021475241439175997,-0.035344314575195344,0.021433158894514755,0.02593109130859374,0.004776954346099136,-0.7449906355851162,0.510118819131178,-0.0008181685339000203,0.0006762370820682624,-0.0012220163466611777
80.0,10.967187499999998,1.7763568394002505e-15,-303.125,0.0,120.30035400390625,0.0,-0.038922679424285886,0.030991894382605384,-0.00010126953125000338,0.0,-0.03902394895553589,0.030991894382605384,-0.0025360107421875,0.03099585289071336,0.011791992187500001,0.0036815888176063103,-0.5481924488272131,1.1394173593974122,10.967187499999998,1.7763568394002505e-15,-303.125,0.0,120.30035400390625,0.0,0.00045204162597656293,0.024368978378863596,-0.07026728515625001,1.3877787807814457e-17,-0.06981524353027345,0.0243689783788636,-0.033291625976562496,0.024347727684125516,0.026214599609375,0.004659341637014146,-0.8860697001566116,0.6557282326522441,0.00017602176710500989,0.0015615495793540228,-0.00044603185094798823
80.5,10.737499999999999,0.0,-315.07812500000006,0.0,115.30736083984377,2.842170943040401e-14,-0.04260007068514822,0.02874117914232561,-0.00010126953125000338,0.0,-0.04270134021639822,0.02874117914232561,-0.006225128173828109,0.0287847845577753,0.009791564941406258,0.004507151837503727,-0.7755356012802259,1.0534537911628024,10.737499999999999,0.0,-315.07812500000006,0.0,115.30736083984377,2.842170943040401e-14,-0.0021740627288818234,0.025407760296115144,-0.069479931640625,0.0,-0.07165399436950683,0.02540776029611514,-0.03517074584960936,0.025400018610002774,0.02450256347656251,0.0054061951923899615,-0.8843538866732201,0.7273942317592078,0.002512583775347743,0.0037856936456965246,0.0016662538052701335
81.0,10.498437499999996,1.7763568394002505e-15,-327.03125000000006,5.684341886080802e-14,110.22354736328121,0.0,-0.038154195249080626,0.02662926384862426,-0.00010126953125000338,0.0,-0.03825546478033063,0.02662926384862426,-0.0017660522460937187,0.0266836564150965,0.011892700195312517,0.0025754058109566766,-0.7514822010671557,1.0201554960940806,10.498437499999996,1.7763568394002505e-15,-327.03125000000006,5.684341886080802e-14,110.22354736328121,0.0,0.0013292884826660405,0.02116058189761915,-0.06854609375,0.0,-0.06721680526733395,0.021160581897619147,-0.030851745605468717,0.02112357858693183,0.02590332031250001,0.0038846356354336063,-0.6412077505827485,0.990462117476516,0.0007559476123289981,0.0019131691177173516,-0.0003205760856725818
81.5,10.248515625000003,0.0,-333.55468749999994,0.0,105.05489501953129,1.4210854715202004e-14,-0.03516634285449985,0.029168873245934708,-0.00010126953125000338,0.0,-0.03526761238574985,0.029168873245934708,0.0012401580810546611,0.029235148971513754,0.013209075927734364,0.002721229729381666,-0.5553285114137236,0.9240472849099162,10.248515625000003,0.0,-333.55468749999994,0.0,105.05489501953129,1.4210854715202004e-14,0.005973987579345659,0.02255232874672302,-0.06778193359375001,0.0,-0.061807946014404355,0.022552328746723017,-0.025376815795898486,0.02253764032123421,0.027834320068359356,0.003032457121009471,-0.7936055287892418,0.9621916903441335,-0.00020779796228513787,0.0008301335412693872,-0.0015202817401074884
82.0,9.993906250000004,0.0,-346.7187499999998,0.0,99.90619506835945,0.0,-0.033564257621765146,0.032798618997315704,-0.00010126953125000338,0.0,-0.03366552715301515,0.032798618997315704,0.0028436279296874894,0.03285027960155865,0.013814697265624995,0.004347297118949732,-0.3272793287441853,0.8402648416286582,9.993906250000004,0.0,-346.7187499999998,0.0,99.90619506835945,0.0,0.0077189636230468785,0.025044386160795643,-0.06692255859375001,0.0,-0.05920359497070313,0.025044386160795646,-0.022743988037109385,0.025041504266539304,0.028288574218750005,0.00443186856621327,-0.782077318027029,0.7854125224432494,-0.000452939704129603,0.00046237943742728337,-0.0020069694609738567
82.5,9.731640625000002,0.0,-361.13281249999994,0.0,94.72734985351566,1.4210854715202004e-14,-0.03261808156967165,0.03573599985239425,-0.00010126953125000338,0.0,-0.032719351100921654,0.03573599985239425,0.0037839889526367033,0.03576665066560673,0.01407699584960937,0.006116088839092927,-0.18926678281842324,0.6521180077830349,9.731640625000002,0.0,-361.13281249999994,0.0,94.72734985351566,1.4210854715202004e-14,0.008870124816894483,0.027372772832900967,-0.06598872070312502,0.0,-0.057118595886230535,0.02737277283290097,-0.020641136169433652,0.027379676757933007,0.02844238281249998,0.006400193165680383,-0.630130189837841,0.6936920093190626,-0.00034714406410015636,0.0004423091165312396,-0.0021481539134140656
83.0,9.456718750000002,0.0,-367.10937499999994,0.0,89.4308081054688,1.4210854715202004e-14,-0.031274595260620125,0.03598671409357949,-0.00010126953125000338,0.0,-0.03137586479187013,0.03598671409357949,0.005132217407226553,0.03603472086136524,0.014520568847656248,0.007065790631157311,-0.2905141834890331,0.5549366470015801,9.456718750000002,0.0,-367.10937499999994,0.0,89.4308081054688,1.4210854715202004e-14,0.013393402099609344,0.027443236416404202,-0.0650548828125,0.0,-0.051661480712890666,0.027443236416404202,-0.015102310180664104,0.027452686896220695,0.030310058593749984,0.0066841084088722965,-0.4654297017273268,0.7598132138111781,-0.0004152285031641823,0.0002451704943736985,-0.002468509723516274
83.5,9.1758984375,0.0,-378.98437499999994,0.0,84.22205169677737,1.4210854715202004e-14,-0.032939122170209875,0.03133506801529909,-0.00010126953125000338,0.0,-0.03304039170145988,0.03133506801529909,0.003462104797363287,0.03138953205622426,0.013466491699218753,0.004878452022946411,-0.134177574744598,0.47240396420683284,9.1758984375,0.0,-378.98437499999994,0.0,84.22205169677737,1.4210854715202004e-14,0.012741146087646486,0.025085737408764353,-0.06393671875000001,0.0,-0.051195572662353514,0.025085737408764356,-0.01476493835449219,0.025095513858042682,0.029505004882812505,0.004273034760224085,-0.6377474911563078,0.7983256358804295,0.0010232537022161186,0.001550825349793514,-0.0012886437215876194
84.0,8.886875000000002,1.7763568394002505e-15,-390.9375,0.0,79.013125,0.0,-0.03293479919433594,0.029572308299954844,-0.00010126953125000338,0.0,-0.03303606872558594,0.029572308299954844,0.0034777832031249994,0.029622434262540714,0.013265380859375,0.0032799743261582724,0.1307361665027594,0.5816261263729502,8.886875000000002,1.7763568394002505e-15,-390.9375,0.0,79.013125,0.0,0.013940505981445313,0.023535124652963018,-0.06294306640625001,1.3877787807814457e-17,-0.04900256042480469,0.023535124652963018,-0.01256439208984375,0.023546509594271663,0.02961669921875,0.0028756439068410456,-0.566744859957746,0.8971250365767224,0.0016289837962245157,0.0020157146308212104,-0.0009556436611518949
84.5,8.5895703125,0.0,-399.55078125,0.0,73.81306793212889,0.0,-0.03228650212287903,0.029324265129220446,-0.00010126953125000338,0.0,-0.03238777165412903,0.029324265129220446,0.004134788513183595,0.02937430103862482,0.013371124267578124,0.0029574257889480944,0.3283198785670681,0.6409070248941492,8.5895703125,0.0,-399.55078125,0.0,73.81306793212889,0.0,0.016125011444091807,0.02162024912039928,-0.0619396484375,0.0,-0.045814636993408195,0.02162024912039928,-0.00931655883789061,0.021612927819446147,0.030246582031250004,0.004286104966597065,-0.46013394157924753,1.097422154602844,0.001936575568911943,0.0021787008104807567,-0.0009270222754236839
85.0,8.284570312499996,1.7763568394002505e-15,-403.12500000000006,0.0,68.6417945861816,0.0,-0.032024216651916515,0.02874626440215974,-0.00010126953125000338,0.0,-0.03212548618316652,0.02874626440215974,0.004388809204101552,0.028804390505187287,0.013252258300781243,0.0025645149489342332,0.3268493083251489,0.7415440589368868,8.284570312499996,1.7763568394002505e-15,-403.12500000000006,0.0,68.6417945861816,0.0,0.018081283569335915,0.017262826635029614,-0.06081904296875,6.938893903907228e-18,-0.04273775939941408,0.017262826635029614,-0.006204223632812515,0.01724443292397072,0.030805969238281234,0.005906765148047811,-0.48311851519248794,1.2950226864057492,0.002481755000559991,0.0025738982657934183,-0.0006699905643689128
85.5,7.976777343749996,8.881784197001252e-16,-415.07812500000006,5.684341886080802e-14,63.653384323120065,0.0,-0.03340235710144045,0.03372034187640672,-0.00010126953125000338,0.0,-0.03350362663269045,0.03372034187640672,0.003017234802246079,0.03379061350454392,0.012435150146484367,0.00429457761025335,0.29384390735404753,0.6583429336726504,7.976777343749996,8.881784197001252e-16,-415.07812500000006,5.684341886080802e-14,63.653384323120065,0.0,0.014836196899414029,0.021698625256665303,-0.059698437499999986,6.938893903907228e-18,-0.04486224060058597,0.021698625256665303,-0.008328704833984398,0.021693981245242206,0.028681488037109352,0.006236170023850427,-0.40521706178750333,1.083656902487641,0.0037414988076828913,0.003677014751026518,0.00029012175539607594
86.0,7.659921875000001,0.0,-422.5,0.0,58.716959533691416,0.0,-0.03098574161529542,0.03324857399761457,-0.00010126953125000338,0.0,-0.031087011146545423,0.03324857399761457,0.005411376953124993,0.03332580555227855,0.013441162109374996,0.0036238181637619567,0.10987110627003725,0.7841317325539315,7.659921875000001,0.0,-422.5,0.0,58.716959533691416,0.0,0.020412445068359358,0.023109747847842824,-0.05843623046875001,6.938893903907228e-18,-0.038023785400390656,0.023109747847842824,-0.0016075134277343968,0.023078090576960246,0.03101745605468749,0.0070338218806624,-0.2603725620083095,0.9479765578983366,0.0031834483062160353,0.0029597576779991875,-0.0005715127625629045
86.5,7.337480468750003,8.881784197001252e-16,-428.47656249999994,0.0,53.87958656311041,7.105427357601002e-15,-0.03059083461761471,0.0330837874684008,-0.00010126953125000338,0.0,-0.030692104148864714,0.0330837874684008,0.005790176391601601,0.03314865361115239,0.013417816162109396,0.0040157633544923846,0.03174663979412612,0.8728512582138687,7.337480468750003,8.881784197001252e-16,-428.47656249999994,0.0,53.87958656311041,7.105427357601002e-15,0.025179252624511716,0.023643359244968718,-0.05721308593750001,0.0,-0.0320338333129883,0.023643359244968718,0.00436332702636717,0.02359323560569136,0.03294418334960938,0.007393971251123736,-0.11982204197170215,0.9471390636932598,0.003671868935795946,0.0032819734381497427,-0.0003987319088548267
87.0,7.0108984375000025,0.0,-434.0234375,0.0,49.17110244750979,7.105427357601002e-15,-0.03325159311294557,0.033774375343287,-0.00010126953125000338,0.0,-0.033352862644195576,0.033774375343287,0.003131942749023419,0.03380181559880674,0.011883239746093743,0.0038868809071936346,0.1300575238563536,0.7044429052664849,7.0108984375000025,0.0,-434.0234375,0.0,49.17110244750979,7.105427357601002e-15,0.025321693420410164,0.025582564158155033,-0.056065625000000015,0.0,-0.03074393157958985,0.025582564158155033,0.0057651519775390615,0.025518797198484634,0.032523193359375015,0.008368380944972498,-0.01622517903645973,1.1170478260178491,0.005681610790904921,0.0051211055169517955,0.0012881223385540269
87.5,6.679199218750001,0.0,-437.01171875,0.0,44.63226509094239,7.105427357601002e-15,-0.03067788481712342,0.03327036903248593,-0.00010126953125000338,0.0,-0.030779154348373423,0.03327036903248593,0.005705833435058585,0.03326435842312774,0.01302719116210937,0.0048243464494514285,0.16260035943873705,0.7896042189723573,6.679199218750001,0.0,-437.01171875,0.0,44.63226509094239,7.105427357601002e-15,0.02419233322143555,0.025228491673583767,-0.05475825195312501,0.0,-0.030565918731689453,0.025228491673583767,0.005852699279785156,0.0251670732391756,0.031402587890625,0.0077351676650329595,0.0532412584567062,1.1538127989295213,0.005021051930911494,0.004286205505144251,0.00029869662464244
88.0,6.345,0.0,-440.0,0.0,40.303125,0.0,-0.032432637214660644,0.03279233501180419,-0.00010126953125000338,0.0,-0.03253390674591065,0.03279233501180419,0.00395355224609375,0.032802621261194966,0.011925048828125,0.004116976701815999,0.15662702369245632,0.9669058681042194,6.345,0.0,-440.0,0.0,40.303125,0.0,0.024427719116210934,0.024965159326942245,-0.053450878906250006,0.0,-0.029023159790039065,0.024965159326942245,0.007370910644531251,0.024901572703598003,0.031082763671875,0.007552780459006668,0.2622263803904438,1.1079150749594533,0.006624093654531708,0.00570769964873262,0.00156051486342881
88.5,6.008730468749999,0.0,-442.98828125,0.0,36.15179328918455,0.0,-0.03149861693382262,0.03277667853200811,-0.00010126953125000338,0.0,-0.03159988646507263,0.0327766785320081,0.004872627258300795,0.03278584112396937,0.01220108032226563,0.003944703113473752,0.2089769412309736,0.9947332912391873,6.008730468749999,0.0,-442.98828125,0.0,36.15179328918455,0.0,0.024024314880371087,0.024703659134443456,-0.052143505859375,0.0,-0.02811919097900391,0.024703659134443456,0.008312644958496094,0.024648445375858717,0.030424957275390623,0.006405910635237194,0.7166560602077046,0.9902274035077752,0.006865948713319064,0.005760951001022252,0.0014491247925033104
89.0,5.670390624999997,8.881784197001252e-16,-445.3125,0.0,32.18131042480467,7.105427357601002e-15,-0.028842711448669452,0.033227965309200545,-0.00010126953125000338,0.0,-0.028943980979919456,0.033227965309200545,0.007510070800781234,0.03323059333004616,0.013370971679687491,0.005592919334612119,0.32658041218221867,0.8705789180460636,5.670390624999997,8.881784197001252e-16,-445.3125,0.0,32.18131042480467,7.105427357601002e-15,0.023026275634765624,0.02558462665153759,-0.0508361328125,0.0,-0.02780985717773437,0.02558462665153759,0.008694610595703133,0.02555762465027101,0.029447021484374995,0.005795771686610971,1.305392961124173,0.9526231935502842,0.0062305252354985866,0.004929992488894549,0.00044869985772853
89.5,5.329726562499997,0.0,-445.3125,0.0,28.418037109374957,3.552713678800501e-15,-0.031155419349670435,0.029200765614629448,-0.00010126953125000338,0.0,-0.03125668888092044,0.029200765614629448,0.005222167968749976,0.029233971711682023,0.012016906738281236,0.003393752483394234,0.46771727519712497,0.829886605362508,5.329726562499997,0.0,-445.3125,0.0,28.418037109374957,3.552713678800501e-15,0.02276363372802734,0.02772107155857696,-0.04952875976562499,0.0,-0.026765126037597647,0.02772107155857696,0.0097801971435547,0.02772012753192013,0.028886718749999995,0.008160498607789144,1.6853768230874067,1.1003467357927854,0.008135244444725034,0.006632367354095772,0.001976919761032268
90.0,4.989062500000002,0.0,-442.578125,0.0,24.932388305664087,3.552713678800501e-15,-0.033640861511230455,0.027983884087889564,-0.00010126953125000338,0.0,-0.03374213104248046,0.027983884087889564,0.0027366638183593892,0.02798607441811257,0.010598754882812509,0.0035909931866423862,0.8088331956129757,0.6789979368223656,4.989062500000002,0.0,-442.578125,0.0,24.932388305664087,3.552713678800501e-15,0.023462295532226556,0.027006417712360748,-0.04805048828125002,6.938893903907228e-18,-0.024588192749023453,0.027006417712360748,0.011891174316406239,0.026996836556926543,0.028796386718749997,0.005804568508977137,1.7441791810077985,0.8053835930658203,0.010119852911760596,0.008407941409835334,0.0035737827166364127
90.5,4.650214843750003,0.0,-438.68164062500006,0.0,21.672969284057647,3.552713678800501e-15,-0.03231019616127018,0.02846030416827534,-0.00010126953125000338,0.0,-0.03241146569252018,0.02846030416827534,0.004050102233886679,0.028490032994999557,0.011076202392578107,0.004488060670147622,0.9928221802611505,0.7330600110857023,4.650214843750003,0.0,-438.68164062500006,0.0,21.672969284057647,3.552713678800501e-15,0.02259523391723635,0.028727271564888534,-0.04655634765625001,6.938893903907228e-18,-0.023961113739013672,0.028727271564888534,0.012493820190429692,0.028695686816914454,0.02791244506835939,0.005495240677275921,1.741253334881268,0.5676184530629831,0.010224224517945251,0.008296719726845057,0.003279448120258476
91.0,4.313886718750003,0.0,-434.19921875000006,0.0,18.643214683532733,0.0,-0.03149539828300472,0.030701839637522026,-0.00010126953125000338,0.0,-0.03159666781425472,0.030701839637522026,0.004866027832031293,0.030770692243098675,0.011292419433593773,0.00446327357036948,1.1033968269686132,0.9825021150784612,4.313886718750003,0.0,-434.19921875000006,0.0,18.643214683532733,0.0,0.018969726562500053,0.029237999656712622,-0.045062207031250016,0.0,-0.026092480468749957,0.029237999656712615,0.010373840332031294,0.029192888028111912,0.02566711425781253,0.005928634217038754,1.7313895414481402,0.6684614212895121,0.010604823635788057,0.008455281087971505,0.0032506202803138664
91.5,3.9806933593750022,8.881784197001252e-16,-429.716796875,0.0,15.846863384246834,1.7763568394002505e-15,-0.037631461024284336,0.03658722243945581,-0.00010126953125000338,0.0,-0.03773273055553434,0.03658722243945581,-0.0012039184570312288,0.03663276411544954,0.008047332763671887,0.0055853570268874,1.306871178544763,1.2106571613923867,3.9806933593750022,8.881784197001252e-16,-429.716796875,0.0,15.846863384246834,1.7763568394002505e-15,0.011411476135253933,0.02404665856255345,-0.04356806640625,6.938893903907228e-18,-0.03215659027099608,0.02404665856255345,0.004327239990234396,0.024028846767997766,0.021511535644531267,0.0052131056210634715,1.7532661633613853,0.9338522237424226,0.014455475241895489,0.012079765837155074,0.006685405989866593
92.0,3.6519531249999995,4.440892098500626e-16,-420.78125,0.0,13.370438385009765,1.7763568394002505e-15,-0.035911566019058226,0.03309665466548632,-0.00010126953125000338,0.0,-0.03601283555030823,0.03309665466548632,0.00046112060546875,0.03311292226684995,0.008814697265625001,0.00447479313606695,1.4773395956257316,0.9416956510573626,3.6519531249999995,4.440892098500626e-16,-420.78125,0.0,13.370438385009765,1.7763568394002505e-15,0.011898422241210935,0.026032368813988172,-0.04188837890625001,6.938893903907228e-18,-0.029989956665039064,0.026032368813988172,0.00639251708984375,0.026017278067089415,0.0213916015625,0.004722280533125145,1.823340640479314,0.8013085282660768,0.014298448467500877,0.011693915027099096,0.006108798333862048
92.5,3.329394531249999,0.0,-411.81640624999994,0.0,11.128433227539055,0.0,-0.04116973951458934,0.033476015966440335,-0.00010126953125000338,0.0,-0.041271009045839344,0.033476015966440335,-0.004788398742675812,0.03352239003732849,0.006067657470703109,0.00582726776455731,1.5807029528495682,0.76141980877572,3.329394531249999,0.0,-411.81640624999994,0.0,11.128433227539055,0.0,0.010089111328124989,0.025466960349257852,-0.040207470703125,0.0,-0.030118359375000004,0.025466960349257852,0.006240081787109371,0.025450160430614818,0.020144653320312494,0.0048917231317128305,1.8517732064485037,0.8651857098280951,0.017683456156540465,0.014838908270167176,0.009054814852857033
93.0,3.0130468749999975,4.440892098500626e-16,-401.15234374999994,5.684341886080802e-14,9.112433013916002,0.0,-0.045115613937377896,0.035584169256754374,-0.00010126953125000338,0.0,-0.0452168834686279,0.035584169256754374,-0.008724060058593726,0.03565001069371539,0.003994140625000012,0.00648951016890509,1.675686424984532,0.5172544183763539,3.0130468749999975,4.440892098500626e-16,-401.15234374999994,5.684341886080802e-14,9.112433013916002,0.0,0.008595352172851569,0.025292723878550537,-0.03852656249999999,0.0,-0.029931210327148426,0.02529272387855054,0.006469879150390642,0.02525533905476784,0.0190960693359375,0.006694484934411219,1.7605893150631968,0.8838672197780056,0.020410922060681062,0.01731948095431924,0.011331859617784613
93.5,2.7032324218749975,0.0,-387.59765624999994,5.684341886080802e-14,7.3153171730041375,8.881784197001252e-16,-0.04206673383712771,0.03793774198386073,-0.00010126953125000338,0.0,-0.04216800336837771,0.03793774198386073,-0.0057067871093750226,0.03796554140404091,0.0054618835449218636,0.006000957192171638,1.7754792611359995,0.49685240914734696,2.7032324218749975,0.0,-387.59765624999994,5.684341886080802e-14,7.3153171730041375,8.881784197001252e-16,0.009268550872802728,0.026021157426112728,-0.03683222656249999,0.0,-0.027563675689697257,0.026021157426112728,0.008921356201171887,0.025958906434986617,0.019179077148437494,0.008298777439378291,1.505728946143374,0.8967660164956885,0.019610523271981144,0.01626626188575055,0.010071378623539344
94.0,2.4058984375000025,0.0,-372.65625000000006,5.684341886080802e-14,5.810644607543958,8.881784197001252e-16,-0.044418473243713355,0.037460947166029386,-0.00010126953125000338,0.0,-0.04451974277496336,0.037460947166029386,-0.008041381835937477,0.03748337871532211,0.0041778564453125114,0.005756642287397039,1.4680093262856966,0.7922306233160944,2.4058984375000025,0.0,-372.65625000000006,5.684341886080802e-14,5.810644607543958,8.881784197001252e-16,0.008536071777343756,0.023880058086689433,-0.03496455078125002,0.0,-0.026428479003906265,0.02388005808668943,0.01001861572265624,0.023839702676024074,0.018525390625000006,0.006089073244965872,1.261576050089233,0.82372295875465,0.021575031794478575,0.01797211160822331,0.0115663170345804
94.5,2.119990234375003,0.0,-356.5722656250001,5.684341886080802e-14,4.52744028091432,0.0,-0.04920460700988763,0.032341588114821955,-0.00010126953125000338,0.0,-0.04930587654113763,0.032341588114821955,-0.012848587036132753,0.03236845753892116,0.0017333984375000298,0.004643828326805884,1.3086051318473215,0.672889247972806,2.119990234375003,0.0,-356.5722656250001,5.684341886080802e-14,4.52744028091432,0.0,0.004282131195068417,0.022298064391569523,-0.033096875000000026,0.0,-0.028814743804931608,0.02229806439156952,0.007665824890136756,0.022269949647767434,0.016104278564453157,0.004879994568700664,1.4896479964534173,0.7871532409565927,0.024712852925338816,0.02084552313825218,0.014225251803501074
95.0,1.8451171875000016,2.220446049250313e-16,-338.76953125000006,5.684341886080802e-14,3.4319541931152417,4.440892098500626e-16,-0.05229296684265136,0.028663493987020075,-0.00010126953125000338,0.0,-0.052394236373901365,0.028663493987020075,-0.015938568115234374,0.028711915435403697,0.0001708984375000007,0.004533388028036965,1.1445034356106165,0.47408875081559126,1.8451171875000016,2.220446049250313e-16,-338.76953125000006,5.684341886080802e-14,3.4319541931152417,4.440892098500626e-16,0.0012998580932617205,0.024552905012793357,-0.031143750000000022,3.469446951953614e-18,-0.029843891906738296,0.02455290501279336,0.006657409667968738,0.024514415058839053,0.0143463134765625,0.006560128754275018,1.7617979249754252,0.708267124379919,0.026969267665129037,0.022836375503652726,0.016001927986201363
95.5,1.5820800781250008,0.0,-319.00878906250006,0.0,2.513547229766848,0.0,-0.052935075759887686,0.02909702142217458,-0.00010126953125000338,0.0,-0.05303634529113769,0.02909702142217458,-0.016556205749511714,0.029164077213057756,-0.00015060424804686905,0.004093292388086697,0.9617362211356368,0.5191959251590558,1.5820800781250008,0.0,-319.00878906250006,0.0,2.513547229766848,0.0,0.0007276344299316499,0.026442570752729336,-0.029061230468750008,3.469446951953614e-18,-0.028333596038818364,0.026442570752729336,0.00814903259277344,0.026362964083374026,0.013829956054687505,0.006939608423206206,1.8472425198499525,0.8221182232161274,0.02800003624594848,0.023594916206854052,0.01654194968057546
96.0,1.3355468750000001,2.220446049250313e-16,-297.34375,0.0,1.7946525573730467,2.220446049250313e-16,-0.05614879131317139,0.03383390570176009,-0.00010126953125000338,0.0,-0.05625006084442139,0.03383390570176009,-0.01980712890625,0.033852720635660485,-0.0017614746093750006,0.004471520525400528,1.010278377221743,0.7010078796036883,1.3355468750000001,2.220446049250313e-16,-297.34375,0.0,1.7946525573730467,2.220446049250313e-16,-0.0020067596435546873,0.022722623296154185,-0.02682001953125001,6.938893903907228e-18,-0.028826779174804692,0.022722623296154185,0.0076470947265624995,0.02262928699184295,0.012242431640625,0.0052224434614522195,1.5557719055033576,0.776384735556035,0.03033810386120262,0.025653130972332627,0.01837649224397881
96.5,1.1072802734374994,2.220446049250313e-16,-272.84423828124994,5.684341886080802e-14,1.24585392475128,2.220446049250313e-16,-0.05386456489562987,0.031656434443762024,-0.00010126953125000338,0.0,-0.053965834426879876,0.031656434443762024,-0.017526893615722645,0.031651489029405525,-0.0005969238281249939,0.003954356798868989,0.8834095490284506,0.6659684937439124,1.1072802734374994,2.220446049250313e-16,-272.84423828124994,5.684341886080802e-14,1.24585392475128,2.220446049250313e-16,-0.0026460552215576173,0.021770181905205247,-0.024578808593749998,3.469446951953614e-18,-0.02722486381530761,0.021770181905205247,0.00931037902832032,0.021722712533598487,0.011737518310546874,0.005480773580747768,1.4494165451654473,0.8037464982212912,0.029899561503376665,0.024934237983548217,0.017434770358961606
97.0,0.8958251953124987,1.1102230246251565e-16,-247.2167968749998,2.842170943040401e-14,0.8190103650093052,1.1102230246251565e-16,-0.054307217597961456,0.03219188506314768,-0.00010126953125000338,0.0,-0.05440848712921146,0.03219188506314768,-0.01794311523437503,0.032192544345112005,-0.000805358886718763,0.004310695691860646,0.48121596827651586,0.4278031933435112,0.8958251953124987,1.1102230246251565e-16,-247.2167968749998,2.842170943040401e-14,0.8190103650093052,1.1102230246251565e-16,-0.006050987243652387,0.02472318483104727,-0.02213740234374998,3.469446951953614e-18,-0.02818838958740237,0.02472318483104727,0.008311004638671848,0.024674344050220766,0.009844970703124976,0.006805480026184984,1.300123877180759,0.904945524890798,0.0308460687240562,0.025594974896272958,0.017869356344620863
97.5,0.701965332031249,0.0,-220.4284667968748,2.842170943040401e-14,0.5001981556415546,0.0,-0.05737326145172119,0.03546737758760498,-0.00010126953125000338,0.0,-0.05747453098297119,0.03546737758760498,-0.020973587036132817,0.035496863090209003,-0.0023292541503906273,0.006519776088783825,-0.018604874333019626,0.39104340767662016,0.701965332031249,0.0,-220.4284667968748,2.842170943040401e-14,0.5001981556415546,0.0,-0.010921335220336916,0.02838837197177011,-0.01952265624999999,0.0,-0.030443991470336905,0.02838837197177011,0.00595245361328126,0.02832883435319605,0.007238769531249999,0.007386093722426932,1.0957348874676751,1.19642979212998,0.03312014504251464,0.02757785407777103,0.01962274356720583
98.0,0.5282714843750022,0.0,-191.4794921875004,2.842170943040401e-14,0.28197829723358425,0.0,-0.05833774089813231,0.03158930584533045,-0.00010126953125000338,0.0,-0.058439010429382314,0.03158930584533045,-0.021942443847656243,0.03166481564898124,-0.0027728271484374943,0.0048873260617708185,-0.13911676295709033,0.6229814275907392,0.5282714843750022,0.0,-191.4794921875004,2.842170943040401e-14,0.28197829723358425,0.0,-0.01152103424072265,0.029072183924851638,-0.016907910156250035,0.0,-0.02842894439697269,0.029072183924851638,0.007960205078124977,0.02905556267827805,0.006865234375000005,0.006103492187454994,0.9314697550171247,1.211511332601921,0.034318456814190205,0.02848237313616362,0.02029678959542556
98.5,0.38125610351562655,0.0,-160.37902832031284,0.0,0.15280172973871362,0.0,-0.05680010557174684,0.030283853944206896,-0.00010126953125000338,0.0,-0.056901375102996844,0.030283853944206896,-0.02041557312011721,0.030362919440944755,-0.0019685363769531353,0.00533419512543988,-0.14290158287350688,0.6973128331421368,0.38125610351562655,0.0,-160.37902832031284,0.0,0.15280172973871362,0.0,-0.007501754760742234,0.0297023823343962,-0.014121044921875034,0.0,-0.02162279968261727,0.029702382334396205,0.01476577758789055,0.029699885811524367,0.008750762939453103,0.006560127105681646,0.8103597858846898,1.159629322038644,0.03426223521541546,0.028133971061200844,0.01972044317220199
99.0,0.2557312011718758,0.0,-128.03405761718773,0.0,0.0708780162036423,1.3877787807814457e-17,-0.0582973766326904,0.02886316167877908,-0.00010126953125000338,0.0,-0.0583986461639404,0.02886316167877908,-0.021910705566406223,0.028939634426113123,-0.0026931762695312374,0.004339531352046901,-0.15219877371977658,0.7870486703824875,0.2557312011718758,0.0,-128.03405761718773,0.0,0.0708780162036423,1.3877787807814457e-17,-0.007358283996582013,0.028260089258756227,-0.011319531250000025,1.734723475976807e-18,-0.018677815246582036,0.028260089258756227,0.017748413085937498,0.028208929630884887,0.00869140625000001,0.005341555992706778,0.6182640804833214,1.1448584847893304,0.035747227466896826,0.029321362321421365,0.0206764587486013
99.5,0.15241058349609404,0.0,-94.30393218994153,0.0,0.025217185523361045,6.938893903907228e-18,-0.058136777877807654,0.030106993981235387,-0.00010126953125000338,0.0,-0.05823804740905766,0.030106993981235387,-0.02176048278808597,0.030163440436877405,-0.0025723266601562654,0.004740760292691988,-0.21091096606844822,0.8075726591607103,0.15241058349609404,0.0,-94.30393218994153,0.0,0.025217185523361045,6.938893903907228e-18,-0.01057240486145018,0.028357007337350353,-0.008403271484375014,0.0,-0.018975676345825192,0.028357007337350356,0.017487182617187506,0.028284378170192474,0.006953582763671883,0.005350103734190437,0.44492281400240674,1.1154310626384818,0.03638886356497505,0.02966378622749822,0.020787245896952244
100.0,0.07196044921875,0.0,-58.95233154296875,0.0,0.0051783062517642975,0.0,-0.04963958263397217,0.03469507121048664,-0.00010126953125000338,0.0,-0.04974085216522217,0.03469507121048664,-0.0133209228515625,0.03473712511089398,0.00177001953125,0.00628958326754381,-0.3592039877440348,0.8943685767075772,0.07196044921875,0.0,-58.95233154296875,0.0,0.0051783062517642975,0.0,-0.015316009521484375,0.03184329390186022,-0.005228222656250003,0.0,-0.02054423217773438,0.03184329390186022,0.015899658203125,0.031833374177676024,0.00445556640625,0.006988725284566146,0.41956334680944,1.1136283530836684,0.032808023003138245,0.025783312881779805,0.016675836128389902
