phase_pct,baseline_omega_mean,baseline_omega_std,baseline_alpha_mag_mean,baseline_alpha_mag_std,baseline_omega_sq_mean,baseline_omega_sq_std,baseline_sp_feedback_mean,baseline_sp_feedback_std,baseline_turn_ff_mean,baseline_turn_ff_std,baseline_required_turn_voltage_mean,baseline_required_turn_voltage_std,baseline_motor_voltage_delta_mean,baseline_motor_voltage_delta_std,baseline_speed_error_mean,baseline_speed_error_std,baseline_acceleration_mean,baseline_acceleration_std,trial_omega_mean,trial_omega_std,trial_alpha_mag_mean,trial_alpha_mag_std,trial_omega_sq_mean,trial_omega_sq_std,trial_sp_feedback_mean,trial_sp_feedback_std,trial_turn_ff_mean,trial_turn_ff_std,trial_required_turn_voltage_mean,trial_required_turn_voltage_std,trial_motor_voltage_delta_mean,trial_motor_voltage_delta_std,trial_speed_error_mean,trial_speed_error_std,trial_acceleration_mean,trial_acceleration_std,predicted_speed_error_unconstrained,predicted_speed_error_constrained,predicted_speed_error_conservative
0.0,-0.0938720703125,0.0,70.9228515625,0.0,0.008811965584754944,0.0,-0.007343292236328125,0.009455983071652043,4.157714843755489e-05,0.0,-0.00730171508789057,0.009455983071652043,0.027852376302083332,0.009436179035642148,-0.0024820963541666665,0.005810712140579818,0.24015697843822922,0.7731891948121625,-0.0938720703125,0.0,70.9228515625,0.0,0.008811965584754944,0.0,-0.010394626193576388,0.020904282094495477,-0.006306079101562445,0.0,-0.016700705295138833,0.020904282094495477,0.0184326171875,0.02090093453166978,-0.006022135416666667,0.011400783395898801,0.6566061253561277,1.2451587950683516,0.0037434895833333335,0.0037434895833333335,0.0037434895833333335
0.5,-0.16524169921875,0.0,89.443359375,0.0,0.027344541549682615,0.0,-0.007749290466308592,0.009688193888728566,4.157714843755489e-05,0.0,-0.007707713317871037,0.009688193888728566,0.0274664306640625,0.00966465023512989,-0.0025834147135416667,0.005814049470941511,0.31747173318219074,0.608108197558505,-0.16524169921875,0.0,89.443359375,0.0,0.027344541549682612,3.469446951953614e-18,-0.006562343173556857,0.019740189834175425,-0.008022387695312445,0.0,-0.014584730868869304,0.019740189834175425,0.020639716254340277,0.019778560840499507,-0.003958197699652778,0.011149901647481907,0.5248784734868754,0.9206071482902485,0.0038448079427083333,0.0038448079427083333,0.0038448079427083333
1.0,-0.25521972656249997,0.0,107.099609375,0.0,0.06525031328201293,0.0,-0.015706672668457034,0.015428933866103462,4.157714843755489e-05,0.0,-0.01566509552001948,0.015428933866103462,0.019451090494791667,0.015409806503669778,-0.006569010416666667,0.00970365578603467,0.5573377631483062,0.3735193038158669,-0.25521972656249997,0.0,107.099609375,0.0,0.06525031328201293,0.0,-0.016555680168999568,0.01623278269814556,-0.009494555664062446,0.0,-0.026050235833062017,0.01623278269814556,0.009088134765624999,0.016280027588105733,-0.00889431423611111,0.009851613440778582,0.7342464483577805,0.928542350212817,0.007830403645833333,0.007830403645833333,0.007830403645833333
1.5,-0.36293701171875,0.0,123.773193359375,0.0,0.13194875478744506,0.0,-0.019582099914550784,0.010707915230816083,4.157714843755489e-05,0.0,-0.01954052276611323,0.010707915230816083,0.015599161783854168,0.010695589373976843,-0.008311564127604167,0.0067027119913394455,0.6876115421037322,0.6756779990321926,-0.36293701171875,0.0,123.773193359375,0.0,0.13194875478744506,0.0,-0.01628363503350152,0.01877510031164649,-0.010966723632812442,1.734723475976807e-18,-0.027250358666313965,0.01877510031164649,0.0078013102213541664,0.018817503319689986,-0.008565131293402778,0.010722648685626536,0.5611636446597409,0.889695248077871,0.009572957356770833,0.009572957356770833,0.009572957356770833
2.0,-0.48740722656249996,0.0,139.6923828125,0.0,0.23794670224189754,2.7755575615628914e-17,-0.015888163248697917,0.008354271159297443,4.157714843755489e-05,0.0,-0.015846586100260362,0.008354271159297443,0.019265340169270836,0.008272950116243372,-0.006334635416666667,0.004235574274841213,0.5575141817817775,0.9383974260908257,-0.48740722656249996,0.0,139.6923828125,0.0,0.23794670224189757,0.0,-0.015601908365885415,0.018877282391657677,-0.012438891601562444,0.0,-0.028040799967447863,0.018877282391657677,0.007079128689236112,0.018882551971002057,-0.008088107638888889,0.009963824778750177,0.14855713586182198,0.8000753581400533,0.007596028645833333,0.007596028645833333,0.007596028645833333
2.5,-0.6278686523437499,0.0,154.150390625,0.0,0.39479568600654596,5.551115123125783e-17,-0.015090783437093096,0.007881383693119371,4.157714843755489e-05,0.0,-0.015049206288655541,0.007881383693119371,0.02005437215169271,0.007860953182686856,-0.005765787760416665,0.00420809800132094,0.10805048494257642,1.2120961686559222,-0.6278686523437499,0.0,154.150390625,0.0,0.39479568600654596,5.551115123125783e-17,-0.013769043816460503,0.01822017483812291,-0.013904956054687445,0.0,-0.027673999871147947,0.01822017483812291,0.007578192816840281,0.018243289655305594,-0.007010226779513889,0.009696867214695492,0.15131217523796062,0.9539383268808871,0.007027180989583332,0.007027180989583332,0.007027180989583332
3.0,-0.7828564453125,0.0,167.8466796875,0.0,0.6136804604530334,0.0,-0.02047375996907552,0.007784746793377798,4.157714843755489e-05,0.0,-0.020432182820637964,0.007784746793377798,0.014734395345052083,0.007727132863430201,-0.008424479166666667,0.005621923853546671,-0.1761805631434675,0.9307065407267668,-0.7828564453125,0.0,167.8466796875,0.0,0.6136804604530334,0.0,-0.017138222588433158,0.015142646368365983,-0.015131762695312443,1.734723475976807e-18,-0.032269985283745604,0.015142646368365983,0.0029568142361111106,0.015215863988464792,-0.008485243055555557,0.008066138435629446,0.0947633638063303,0.9655728024667328,0.009565728345356213,0.009598929888909166,0.00964240114237125
3.5,-0.9516015624999999,0.0,180.1318359375,0.0,0.9066360473632812,0.0,-0.01824429829915365,0.005895506980152173,4.157714843755489e-05,0.0,-0.018202721150716094,0.005895506980152173,0.01695592244466146,0.005930458587735338,-0.007105916341145833,0.004206150184438642,0.2532479998300268,0.6111422814505223,-0.9516015624999999,0.0,180.1318359375,0.0,0.9066360473632812,0.0,-0.015351426866319443,0.017742135492028178,-0.016350024414062445,0.0,-0.03170145128038189,0.017742135492028178,0.0035261027018229176,0.017763886594601836,-0.007450764973958333,0.008861805836696372,0.1994486949320865,0.886796708777753,0.008097061478742564,0.00817174772759878,0.008269528648955641
4.0,-1.1326953124999999,0.0,192.7734375,0.0,1.2844198989868163,0.0,-0.015608571370442708,0.006443251242670932,4.157714843755489e-05,0.0,-0.015566994222005153,0.006443251242670932,0.019576009114583338,0.006452404346308029,-0.005639648437499999,0.0022716695896427487,0.6390508905157416,1.0771454833032716,-1.1326953124999999,0.0,192.7734375,0.0,1.2844198989868163,0.0,-0.016829596625434026,0.013601572622444923,-0.017341235351562446,0.0,-0.03417083197699647,0.013601572622444923,0.0008805338541666677,0.01361840347402385,-0.008024088541666665,0.0073063236247003305,0.6386974209239898,1.253801246679957,0.006452562090349226,0.00657651428384498,0.006738777975255823
4.5,-1.3264794921874998,0.0,202.587890625,0.0,1.7613039731979365,0.0,-0.019018691380818683,0.004841302113687003,4.157714843755489e-05,0.0,-0.018977114232381128,0.004841302113687003,0.016144002278645833,0.004856076961200096,-0.0072515869140625,0.0011262794632009156,0.7300999781468552,0.96743687156518,-1.3264794921874998,0.0,202.587890625,0.0,1.7613039731979365,0.0,-0.020825415717230896,0.015120191335393409,-0.018557055664062443,0.0,-0.03938247138129334,0.01512019133539341,-0.004163513183593747,0.015127638161776966,-0.009882405598958331,0.0075879880292573886,0.9641039615404876,1.4002751890201668,0.0078601631745441,0.008040610550166085,0.008276795346697625
5.0,-1.5301269531250001,2.220446049250313e-16,212.3046875,0.0,2.3434216022491445,4.440892098500626e-16,-0.021771943569183345,0.011676265606914774,4.157714843755489e-05,0.0,-0.02173036642074579,0.011676265606914774,0.01339162190755209,0.01167778104522287,-0.008481852213541663,0.007410369845390673,0.6639007829193327,0.7230377759226674,-1.5301269531250001,2.220446049250313e-16,212.3046875,0.0,2.3434216022491445,4.440892098500626e-16,-0.022851827409532333,0.010381082626916234,-0.019538500976562446,0.0,-0.04239032838609478,0.010381082626916234,-0.007204522026909719,0.010384679774722726,-0.010686577690972223,0.0054893261305471504,1.009925539954842,1.231180528006962,0.008861607297765849,0.009105339833644116,0.009424292638176223
5.5,-1.7435302734374998,0.0,220.2099609375,0.0,3.042407155036926,0.0,-0.028967371384302776,0.010505048162417365,4.157714843755489e-05,0.0,-0.02892579423586522,0.010505048162417365,0.006181030273437499,0.010523371153345982,-0.011886393229166667,0.007190926490632954,0.8781133146367649,0.8845915399115348,-1.7435302734374998,0.0,220.2099609375,0.0,3.042407155036926,0.0,-0.025282381905449763,0.01383577060384537,-0.02050651855468744,3.469446951953614e-18,-0.0457889004601372,0.013835770603845369,-0.010565660264756943,0.01382994994095798,-0.011699083116319444,0.007076872034834031,1.1758889981546308,1.2540564540201817,0.012015655904249203,0.012328697956131493,0.012738242207232414
6.0,-1.9648828124999997,0.0,228.8671875,0.0,3.863709640502929,0.0,-0.02799803415934245,0.010218949586506761,4.157714843755489e-05,0.0,-0.027956457010904896,0.010218949586506761,0.007197265624999998,0.010270852149200744,-0.011153971354166669,0.006637713623121395,1.1929864298028432,0.9303593421930565,-1.9648828124999997,0.0,228.8671875,0.0,3.8637096405029294,4.440892098500626e-16,-0.0263792249891493,0.010509956965223782,-0.021257250976562444,0.0,-0.047636475965711744,0.010509956965223782,-0.012567003038194439,0.010512800398853352,-0.011975368923611111,0.0049189591484144635,1.0972612998980238,0.9103165410813596,0.011012676761468238,0.011400622839345969,0.011907993711339653
6.5,-2.194921875,0.0,234.755859375,0.0,4.8210205078124995,0.0,-0.025172013044357292,0.011663999862456994,4.157714843755489e-05,0.0,-0.025130435895919737,0.011663999862456994,0.009988149007161462,0.011662345330656814,-0.00954549153645833,0.007437053073505406,0.8458244365226713,0.4070431034425762,-2.194921875,0.0,234.755859375,0.0,4.8210205078124995,0.0,-0.03160863028632269,0.007295898538242963,-0.022222827148437443,0.0,-0.053831457434760144,0.0072958985382429635,-0.018620944552951386,0.007298582972686459,-0.014357503255208333,0.0031407822400359698,1.0255850648917093,0.7018727520312013,0.009116275102078429,0.009583990231564742,0.01019543749859487
7.0,-2.43087890625,0.0,240.5078125,0.0,5.912929344177244,8.881784197001252e-16,-0.03206802765528361,0.009872297370103525,4.157714843755489e-05,0.0,-0.032026450506846056,0.009872297370103525,0.003169352213541666,0.009799521091076504,-0.012760416666666668,0.006381330586039872,0.18255392339865217,0.7645026675665897,-2.43087890625,0.0,240.5078125,0.0,5.912929344177244,8.881784197001252e-16,-0.033889312744140615,0.010888601128318538,-0.022958911132812447,3.469446951953614e-18,-0.05684822387695307,0.01088860112831854,-0.02165276421440972,0.010927272357116553,-0.01525851779513889,0.005654746678883453,1.4956626309165355,1.037184330683979,0.012025599255195517,0.01257805438594298,0.013299932140888157
7.5,-2.672607421875,0.0,244.43359375,0.0,7.146965503692626,0.0,-0.031438822547594704,0.008230072377054719,4.157714843755489e-05,0.0,-0.03139724539915715,0.008230072377054719,0.003767649332682294,0.00818148553655415,-0.012195841471354165,0.005291138383728875,0.06205359446326634,1.1992680556526667,-2.672607421875,0.0,244.43359375,0.0,7.146965503692625,8.881784197001252e-16,-0.035305333137512204,0.013114747560964004,-0.023694995117187447,3.469446951953614e-18,-0.05900032825469965,0.013114747560964006,-0.023847283257378466,0.013077341349641971,-0.01563449435763889,0.006504662266527835,1.4186705989684576,1.1785142614888668,0.011142841190954354,0.01178362085507693,0.012620427777798881
8.0,-2.9182812499999997,0.0,248.203125,0.0,8.52089385986328,0.0,-0.036482866605122885,0.00999434489560702,4.157714843755489e-05,0.0,-0.03644128945668533,0.00999434489560702,-0.0013407389322916679,0.009957097171328944,-0.014488932291666668,0.00596856717578087,0.8136047979798006,0.7909184718619781,-2.9182812499999997,0.0,248.203125,0.0,8.52089385986328,0.0,-0.040682678222656254,0.01375605322630542,-0.024431079101562444,0.0,-0.0651137573242187,0.01375605322630542,-0.02989420572916667,0.013752850371954038,-0.017989366319444443,0.006606910952791303,1.2684525038040675,0.9005006085583468,0.013105587394320124,0.013838183305410744,0.01479425441312204
8.5,-3.167734374999999,4.440892098500626e-16,250.33203125,0.0,10.039402008056639,1.7763568394002505e-15,-0.03510909756024679,0.005900367297362998,4.157714843755489e-05,0.0,-0.03506752041180924,0.005900367297362998,6.373087565103921e-05,0.005878609479806102,-0.013517862955729168,0.004395797344598304,1.4530974464446222,0.5765087073198865,-3.167734374999999,4.440892098500626e-16,250.33203125,0.0,10.039402008056639,1.7763568394002505e-15,-0.040094641579522,0.013618113606883878,-0.025146411132812442,3.469446951953614e-18,-0.06524105271233444,0.013618113606883876,-0.029961768256293375,0.013621583765671123,-0.0173171657986111,0.006279922087134053,1.0463673696095561,0.5989572514066025,0.011795342461388067,0.012622351661336982,0.01370080392311641
9.0,-3.4193359375,4.440892098500626e-16,253.90625,0.0,11.697138214111325,0.0,-0.03426742871602376,0.006133928816157609,4.157714843755489e-05,0.0,-0.0342258515675862,0.006133928816157609,0.0009391276041666698,0.006152257975900427,-0.012787272135416665,0.00352710788896263,1.2551934420830975,0.8942166056459536,-3.4193359375000005,8.881784197001252e-16,253.90625,0.0,11.697138214111323,1.7763568394002505e-15,-0.051753114594353576,0.01575170345773806,-0.025659106445312444,0.0,-0.07741222103966601,0.01575170345773806,-0.04225328233506945,0.015807655867544432,-0.02283962673611111,0.007471080978861542,0.5111767843701469,0.9887777145886196,0.0107156998243121,0.011640034879772785,0.012844350122178057
9.5,-3.6745117187499994,0.0,254.091796875,0.0,13.507579040527338,1.7763568394002505e-15,-0.03700796365737913,0.011020041180311354,4.157714843755489e-05,0.0,-0.03696638650894157,0.011020041180311354,-0.0018324788411458067,0.011067095609141136,-0.013962809244791654,0.005982123663879855,1.0054600618565392,0.6992092065024692,-3.6745117187499994,0.0,254.091796875,0.0,13.507579040527336,3.552713678800501e-15,-0.049462729162640044,0.013799589094105917,-0.02637199707031245,6.938893903907228e-18,-0.07583472623295251,0.013799589094105917,-0.040602501763237854,0.013824055926912895,-0.021186659071180565,0.007046684900809466,0.3278713428859869,1.272738287234663,0.011537254141196888,0.012560490670535164,0.013892346572246743
10.0,-3.9298828124999994,0.0,255.6640625,0.0,15.449870681762691,0.0,-0.05035753250122069,0.00964770958529892,4.157714843755489e-05,0.0,-0.05031595535278314,0.00964770958529892,-0.01513773600260416,0.009638347534387819,-0.020328776041666663,0.005598289982138683,1.1536213623615932,1.011495394382418,-3.9298828124999994,0.0,255.6640625,0.0,15.449870681762693,1.7763568394002505e-15,-0.045864235030280205,0.010138213042557282,-0.02686271972656245,3.469446951953614e-18,-0.07272695475684265,0.010138213042557282,-0.0375179714626736,0.010148685079638892,-0.018988715277777773,0.004642236639925357,0.3588569994819951,0.9191705955141966,0.017544734755857536,0.018668359123993186,0.020129264197413257
10.5,-4.186816406249999,0.0,253.90625,0.0,17.53549003601074,0.0,-0.05287611961364747,0.0081338735921182,4.157714843755489e-05,0.0,-0.05283454246520992,0.0081338735921182,-0.01769480387369792,0.008104454736719731,-0.02113993326822917,0.0050845010986366275,1.3234235856916643,0.8811848092900099,-4.186816406249999,0.0,253.90625,0.0,17.53549003601074,0.0,-0.05273348675833809,0.011714489777130816,-0.027353442382812447,3.469446951953614e-18,-0.08008692914115055,0.01171448977713082,-0.04492021348741321,0.011710152983632587,-0.022056342230902786,0.005619806556313992,0.5863810758830367,0.5693247276956301,0.01799619494559615,0.01922081400984509,0.020811070253620462
11.0,-4.4419921874999995,0.0,253.4765625,0.0,19.73760604858398,0.0,-0.05092854817708334,0.0066097039374706954,4.157714843755489e-05,0.0,-0.05088697102864578,0.0066097039374706954,-0.015757446289062504,0.006648481153710183,-0.019772542317708336,0.0036644394759047204,1.1425895068473262,0.7411966472821654,-4.4419921874999995,0.0,253.4765625,0.0,19.73760604858398,0.0,-0.04799417283799913,0.016060176404287984,-0.027844165039062445,0.0,-0.07583833787706157,0.016060176404287987,-0.04069356282552083,0.01602316027828804,-0.01922227647569444,0.006956172290704902,0.4694860261266588,0.47034398549420886,0.016268318967232766,0.017594452181937073,0.019314193864406037
11.5,-4.69671875,0.0,250.0,0.0,22.065527954101558,0.0,-0.04948483149210612,0.008325382715912674,4.157714843755489e-05,0.0,-0.049443254343668565,0.008325382715912674,-0.014324239095052078,0.008277809151860417,-0.018661905924479163,0.004913049000873941,0.719422619752215,0.5871413195858101,-4.69671875,0.0,250.0,0.0,22.065527954101558,0.0,-0.05202413002649942,0.011993048124862234,-0.028334887695312443,3.469446951953614e-18,-0.08035901772181187,0.011993048124862234,-0.04522382948133678,0.011963184234676018,-0.02086534288194444,0.005039539936997842,0.4465849589140604,0.5981623051084409,0.01479934706535832,0.01622673235820647,0.018075015755926148
12.0,-4.94796875,8.881784197001252e-16,249.53125,0.0,24.48899475097656,0.0,-0.054511286417643225,0.012050940694563266,4.157714843755489e-05,0.0,-0.05446970926920567,0.012050940694563266,-0.019320882161458323,0.012026237452331227,-0.020797526041666663,0.006337867218219919,0.4238239516559803,0.634347723346487,-4.94796875,8.881784197001252e-16,249.53125,0.0,24.48899475097656,0.0,-0.05939825693766276,0.011737730029578529,-0.02882561035156244,3.469446951953614e-18,-0.08822386728922521,0.011737730029578527,-0.05309868706597221,0.01173349437847943,-0.024184027777777777,0.004963890895690114,0.9235104449948195,0.9187314578076307,0.01657645102440524,0.018105498818963697,0.020082209044898512
12.5,-5.19873046875,0.0,245.60546875,0.0,27.03342247009277,0.0,-0.060492912928263344,0.010083139723958653,4.157714843755489e-05,0.0,-0.06045133577982579,0.010083139723958653,-0.025262196858723964,0.010059875203598948,-0.02335611979166667,0.004794001891359492,0.5301628913079102,0.8050680208535161,-5.19873046875,0.0,245.60546875,0.0,27.03342247009277,0.0,-0.06257016128963894,0.014628464786020085,-0.029285815429687445,0.0,-0.09185597671932638,0.014628464786020087,-0.05666817559136285,0.01464839354457462,-0.025282118055555556,0.006540754065375638,0.8355777703922224,1.0257515028917317,0.01878224821480475,0.020411769922969187,0.022514641471901263
13.0,-5.445546874999999,8.881784197001252e-16,242.1875,0.0,29.660614624023435,0.0,-0.05921323776245117,0.005599554320269189,4.157714843755489e-05,0.0,-0.05917166061401361,0.005599554320269189,-0.02402740478515625,0.005529860885472096,-0.022243245442708334,0.0031505161036264975,0.8642132335980088,0.6638147731716062,-5.445546874999999,8.881784197001252e-16,242.1875,0.0,29.66061462402343,3.552713678800501e-15,-0.06292459434933134,0.012623206582381606,-0.029562915039062443,0.0,-0.09248750938839378,0.01262320658238161,-0.05744828965928819,0.012624821408066741,-0.02495062934027778,0.00520199297939651,0.7996266248219461,1.0798374255118408,0.01732001688574369,0.019049480139666727,0.021277059405770862
13.5,-5.6889453125,0.0,241.1328125,0.0,32.37094818115235,7.105427357601002e-15,-0.06111187934875487,0.009661445508714343,4.157714843755489e-05,0.0,-0.06107030220031732,0.009661445508714343,-0.02598251342773437,0.009631368360267498,-0.02278828938802083,0.005389851381779035,0.7359447938671547,0.8184503509958209,-5.6889453125,0.0,241.1328125,0.0,32.37094818115235,7.105427357601002e-15,-0.06007697767681545,0.014485556525534557,-0.030053637695312448,3.469446951953614e-18,-0.0901306153721279,0.014485556525534557,-0.05504279242621527,0.014473470950635786,-0.022981228298611114,0.006416942150267534,0.7704483107315191,0.8229958771559511,0.017524892653651928,0.01935220495080928,0.02170094378399839
14.0,-5.9312499999999995,0.0,233.828125,0.0,35.18634033203125,0.0,-0.06680456161499022,0.014793939502132428,4.157714843755489e-05,0.0,-0.06676298446655267,0.014793939502132428,-0.031621704101562495,0.014819634218267303,-0.025118001302083335,0.007659434696364178,0.5062560323790711,0.9294283588581309,-5.9312499999999995,0.0,233.828125,0.0,35.18634033203125,0.0,-0.06507300059000651,0.016208291674934542,-0.030510180664062445,0.0,-0.09558318125406894,0.016208291674934542,-0.06037719726562499,0.016182451153048977,-0.025051540798611105,0.006712277909714961,0.3552419983083979,0.7239826650396437,0.01952138828145914,0.021445097211573238,0.02391224587141162
14.5,-6.16623046875,8.881784197001252e-16,229.90234375,0.0,38.02898323059082,0.0,-0.06714756647745769,0.01367304345773355,4.157714843755489e-05,0.0,-0.06710598932902014,0.01367304345773355,-0.03199752807617188,0.013657344550915456,-0.0247955322265625,0.006999944640902898,0.4856224030418303,0.5483475624820734,-6.16623046875,8.881784197001252e-16,229.90234375,0.0,38.02898323059082,0.0,-0.07131801128387452,0.01472768320261599,-0.030790942382812443,0.0,-0.10210895366668697,0.014727683202615987,-0.06698011610243054,0.01469942642183083,-0.027641194661458337,0.006407269109906307,0.31935203016745906,0.7098189782114479,0.018877865356552496,0.02089510255538287,0.02347601400555602
15.0,-6.397265625,0.0,225.390625,0.0,40.93155212402343,0.0,-0.06671554247538249,0.008745555273664253,4.157714843755489e-05,0.0,-0.06667396532694493,0.008745555273664253,-0.031529235839843746,0.008749404328866945,-0.024090576171875,0.0049108728934349165,0.4522814154161925,0.6306899182055,-6.397265625000001,8.881784197001252e-16,225.390625,0.0,40.93155212402343,0.0,-0.06927987734476725,0.015768341283568268,-0.031245043945312443,3.469446951953614e-18,-0.10052492129007969,0.015768341283568264,-0.06527133517795138,0.015746061731049837,-0.026049804687499997,0.006702061610037942,0.5548097283937123,0.7733343854046508,0.01785887919467639,0.01996821282427634,0.022660091112659
15.5,-6.62375,0.0,218.14453125,0.0,43.880331420898436,0.0,-0.06934103647867838,0.007840369107933561,4.157714843755489e-05,0.0,-0.06929945933024083,0.007840369107933561,-0.03417282104492187,0.007752112687940322,-0.02495503743489583,0.0045398853175954825,0.13007080267823712,1.132510574026326,-6.62375,0.0,218.14453125,0.0,43.88033142089843,7.105427357601002e-15,-0.07395667182074654,0.014183196182250606,-0.031490405273437445,0.0,-0.10544707709418397,0.014183196182250606,-0.07026358710394964,0.014180182046659825,-0.02787746853298611,0.0055239010863988094,0.6052183493589742,0.9388477913463916,0.018422233674520897,0.020620623941484305,0.0234185273027734
16.0,-6.84296875,0.0,213.59375,0.0,46.83242492675782,7.105427357601002e-15,-0.07066101074218749,0.008899174020912838,4.157714843755489e-05,0.0,-0.07061943359374993,0.008899174020912838,-0.035470377604166665,0.008852892727925662,-0.025084635416666664,0.004305092708088097,-0.2255407895056356,1.0799783193725108,-6.842968749999999,8.881784197001252e-16,213.59375,0.0,46.83242492675782,7.105427357601002e-15,-0.0741256120469835,0.016747028750449804,-0.031735766601562444,0.0,-0.10586137864854596,0.016747028750449807,-0.07069023980034722,0.016762737617582374,-0.027399088541666665,0.0068655484668646875,0.19577662644069407,0.7876672132521758,0.01826272283724436,0.020547398769627283,0.023446713707730306
16.5,-7.057597656249999,8.881784197001252e-16,206.38671875,0.0,49.81558998107909,7.105427357601002e-15,-0.07612937927246095,0.0069522768315178,4.157714843755489e-05,0.0,-0.0760878021240234,0.0069522768315178,-0.040954386393229174,0.006931061440460294,-0.02732096354166667,0.0039494568027415005,-0.2258516562105458,0.6195980799829126,-7.057597656249998,1.7763568394002505e-15,206.38671875,0.0,49.81558998107909,7.105427357601002e-15,-0.07403441535101997,0.017012144579453957,-0.03198112792968744,0.0,-0.10601554328070742,0.017012144579453953,-0.07093824598524305,0.016996588557900663,-0.026822509765625002,0.007210330707537697,-0.3334403859306161,0.8361276438190235,0.020217882476387977,0.022587207401700633,0.025584782086266983
17.0,-7.265,0.0,201.79687500000003,0.0,52.78604675292968,0.0,-0.0724328867594401,0.009757606273662399,4.157714843755489e-05,0.0,-0.07239130961100254,0.009757606273662399,-0.037302449544270845,0.009728967202549597,-0.024890543619791674,0.00496773610210277,0.04924403667078603,0.5724319257668984,-7.264999999999999,8.881784197001252e-16,201.79687500000003,0.0,52.78604675292968,0.0,-0.07658943388197158,0.017012161382755853,-0.03222648925781244,0.0,-0.108815923139784,0.017012161382755856,-0.07377705891927083,0.017032819283366283,-0.027548556857638892,0.006976001785264999,-0.2861292082483474,0.7445270162001738,0.017524838622120967,0.019974263605604503,0.02306310022728142
17.5,-7.4677734375,0.0,194.62890625,0.0,55.77314758300781,0.0,-0.07078736623128255,0.01049627939632043,4.157714843755489e-05,0.0,-0.070745789082845,0.01049627939632043,-0.03564860026041666,0.010437053757174523,-0.02359822591145833,0.005642893757906368,0.2580822023571054,0.7461829774649839,-7.4677734375,0.0,194.62890625,0.0,55.77314758300781,0.0,-0.0778915352291531,0.016803949863924857,-0.03247185058593744,6.938893903907228e-18,-0.11036338581509055,0.016803949863924857,-0.07535196940104166,0.016839203263948138,-0.027672661675347224,0.0067702204136145215,-0.2281601952012125,0.7119746419341981,0.015982529599565008,0.018509139015943896,0.021684379078284445
18.0,-7.663359375,0.0,189.29687500000003,0.0,58.73248443603514,0.0,-0.07206868489583332,0.00932896049887398,4.157714843755489e-05,0.0,-0.07202710774739576,0.00932896049887398,-0.03693033854166665,0.009316886384766729,-0.023755696614583325,0.004693277330863692,0.05954223727661628,0.5570501855992893,-7.663359375000001,8.881784197001252e-16,189.29687500000003,0.0,58.73248443603514,0.0,-0.07672746446397569,0.011361647436580302,-0.032717211914062454,6.938893903907228e-18,-0.10944467637803813,0.0113616474365803,-0.07441162109375,0.011356700066294446,-0.026499565972222226,0.0035989875732974474,-0.3325839019198422,0.7201192162733963,0.01590354907046968,0.018504183816270968,0.02176063683001048
18.5,-7.8535546875,0.0,179.6875,0.0,61.683189392089844,0.0,-0.07612223307291666,0.010472983531591908,4.157714843755489e-05,0.0,-0.0760806559244791,0.010472983531591908,-0.0409417724609375,0.01045518042977963,-0.02530782063802083,0.004919991582794203,-0.206945222204018,0.4351547474696404,-7.8535546875,0.0,179.6875,0.0,61.683189392089844,0.0,-0.0758984269036187,0.012872664837101281,-0.03296257324218744,6.938893903907228e-18,-0.10886100014580616,0.012872664837101278,-0.07375573052300347,0.012888709138478442,-0.025552571614583335,0.004940476964686779,-0.12454080569314471,0.7185118432883706,0.017237284479074674,0.01990753973514258,0.02323837680116504
19.0,-8.034140625,0.0,178.20312500000003,0.0,64.55238464355467,0.0,-0.07739125569661455,0.008799997744717222,4.157714843755489e-05,0.0,-0.077349678548177,0.008799997744717222,-0.04222351074218748,0.008739330323133388,-0.025468749999999995,0.004455253583125172,-0.20735449446387186,0.48983619229054204,-8.034140625,0.0,178.20312500000003,0.0,64.55238464355467,0.0,-0.07626850128173827,0.01063161483971373,-0.03320793457031245,6.938893903907228e-18,-0.1094764358520507,0.010631614839713732,-0.07434807671440971,0.010614738590986642,-0.025222710503472218,0.003976617675374786,-0.19298807384745326,0.7087251793090706,0.01719311496359552,0.01992989875666893,0.023330020992917797
19.5,-8.213203125,0.0,168.828125,0.0,67.4613427734375,0.0,-0.08192674001057944,0.006515233727464228,4.157714843755489e-05,0.0,-0.08188516286214188,0.006515233727464228,-0.04673904418945313,0.006450811106323142,-0.027202148437500004,0.0031664616315534924,-0.3106532952724322,0.43590239226892885,-8.213203125,0.0,168.828125,0.0,67.4613427734375,0.0,-0.08089377721150717,0.01497856592219576,-0.033405688476562445,0.0,-0.11429946568806962,0.01497856592219576,-0.07910566541883682,0.01494427541993723,-0.027027723524305557,0.0055885062856358405,-0.398066198847457,0.7602867145025333,0.018739081761977874,0.02153809297502058,0.025000817320843624
20.0,-8.3828125,0.0,156.25,0.0,70.27545166015624,0.0,-0.07731781005859377,0.0068157515056516274,4.157714843755489e-05,0.0,-0.07727623291015621,0.0068157515056516274,-0.042126464843750024,0.006669505279920608,-0.02435709635416668,0.003365649689143338,-0.8659499138014759,0.48620409940782794,-8.3828125,0.0,156.25,0.0,70.27545166015624,0.0,-0.07884080674913194,0.01612482097127105,-0.03345451660156245,6.938893903907228e-18,-0.1122953233506944,0.016124820971271048,-0.07722303602430554,0.016130729958005453,-0.025434027777777778,0.00644524856461462,-0.37849068610786785,0.7726476938949148,0.01571961284920699,0.01857782625588001,0.022098157919606676
20.5,-8.539843750000001,1.7763568394002505e-15,154.6484375,0.0,72.93291015625,0.0,-0.07261166254679362,0.012200631090913728,4.157714843755489e-05,0.0,-0.07257008539835606,0.012200631090913728,-0.03745391845703125,0.012141297035557785,-0.021504109700520833,0.005696921149587904,-1.216099642002966,0.6262213011816509,-8.539843750000001,1.7763568394002505e-15,154.6484375,0.0,72.93291015625,0.0,-0.07980562210083009,0.017738749479239244,-0.03369987792968745,0.0,-0.1135055000305175,0.01773874947923924,-0.07833892822265626,0.01777367793783408,-0.025434977213541668,0.007111995852048194,-0.609201363595895,0.666456457106693,0.012709457660865248,0.015622675430816153,0.019194089180251825
21.0,-8.695234375,0.0,148.4375,0.0,75.61075622558593,0.0,-0.07387020746866861,0.01023443594102776,4.157714843755489e-05,0.0,-0.07382863032023106,0.01023443594102776,-0.03867187500000001,0.0102021912745823,-0.021712239583333338,0.004520299475655097,-1.2541349302823905,0.4198189113520416,-8.695234375,0.0,148.4375,0.0,75.61075622558593,0.0,-0.08107505480448407,0.017592490597587152,-0.033893969726562445,0.0,-0.11496902453104653,0.017592490597587152,-0.07976501464843753,0.017610800805541598,-0.025565592447916674,0.0068670728044861445,-0.7551337190009142,0.6126874480134074,0.01277432778720831,0.01573926181801382,0.019356447315256913
21.5,-8.8444140625,0.0,145.078125,0.0,78.22737884521484,0.0,-0.07207850456237792,0.00906727517397287,4.157714843755489e-05,0.0,-0.07203692741394037,0.00906727517397287,-0.03687876383463542,0.00902701104411344,-0.02039143880208333,0.004196239429811946,-1.2285530428230638,0.5009636195560879,-8.8444140625,0.0,145.078125,0.0,78.22737884521484,0.0,-0.07562943008210925,0.017735786701531496,-0.033946459960937446,0.0,-0.10957589004304667,0.017735786701531496,-0.07437696668836806,0.017738982894278194,-0.022319742838541667,0.006837594500548643,-0.6701946283245164,0.714490327760767,0.011331251796710354,0.01434265026324436,0.01799774114724718
22.0,-8.99015625,0.0,132.8125,0.0,80.82593627929687,0.0,-0.0714562225341797,0.009633229088330782,4.157714843755489e-05,0.0,-0.07141464538574215,0.009633229088330782,-0.03631306966145834,0.009599233865534986,-0.019645996093750007,0.0050829153696840225,-0.8786719736426846,0.66139571104271,-8.99015625,0.0,132.8125,0.0,80.82593627929687,0.0,-0.07694854418436686,0.016032770329738634,-0.034138110351562445,0.0,-0.11108665453592932,0.01603277032973864,-0.07583740234375,0.016045780830921477,-0.02251898871527778,0.005685946318439446,-0.7753965688536018,0.6168252697956023,0.01047042556464485,0.013526905569831054,0.017217147446373864
22.5,-9.1236328125,0.0,129.296875,0.0,83.2437515258789,0.0,-0.06913442611694336,0.010628563497258778,4.157714843755489e-05,0.0,-0.0690928489685058,0.010628563497258778,-0.03395741780598958,0.010555684186703884,-0.01807861328125,0.005179962532562764,-0.4883571289821367,0.6430002385715651,-9.1236328125,0.0,129.296875,0.0,83.2437515258789,0.0,-0.07622856895128886,0.015362105353826365,-0.034138110351562445,0.0,-0.11036667930285131,0.015362105353826365,-0.07518361409505209,0.01536359957263846,-0.021694607204861115,0.005260206123198141,-0.8647587718632651,0.7151454711813681,0.008807879528341767,0.011904378275154606,0.015622192392785634
23.0,-9.253515625,0.0,117.1875,0.0,85.62998352050782,1.4210854715202004e-14,-0.07242056528727214,0.008605593217597084,4.157714843755489e-05,0.0,-0.07237898813883459,0.008605593217597084,-0.03725382486979168,0.00856254271181814,-0.019352620442708343,0.0038707058033502105,-0.6736820579593982,0.6720243887565782,-9.253515625,0.0,117.1875,0.0,85.62998352050782,1.4210854715202004e-14,-0.07481413761774697,0.017550756575512645,-0.034138110351562445,0.0,-0.10895224796930941,0.01755075657551264,-0.07383951822916664,0.017522916186851294,-0.020563693576388882,0.006682785579304655,-1.0037338150131108,0.6572001876278722,0.010012037465412908,0.013142056396839515,0.016878035034357263
23.5,-9.371289062499999,1.7763568394002505e-15,115.3515625,0.0,87.82352752685547,0.0,-0.06779192288716633,0.007963114697048346,4.157714843755489e-05,0.0,-0.06775034573872878,0.007963114697048346,-0.0326483154296875,0.007918883364158316,-0.016649169921875002,0.00396589230858214,-0.8318117226198215,0.7825403053358406,-9.371289062499999,1.7763568394002505e-15,115.3515625,0.0,87.82352752685549,1.4210854715202004e-14,-0.07942530632019044,0.013139007853102336,-0.034138110351562445,0.0,-0.11356341667175286,0.013139007853102336,-0.07850450303819445,0.013139852654375082,-0.022461751302083333,0.004167205775670252,-1.1176329096250956,0.43377706994418547,0.007245000180443986,0.010407262970336027,0.014158913060688847
24.0,-9.4871875,0.0,107.50000000000001,0.0,90.00890869140625,0.0,-0.06903851826985678,0.010096425221995881,4.157714843755489e-05,0.0,-0.06899694112141923,0.010096425221995881,-0.03387939453125,0.01007829523065993,-0.016953125000000003,0.00465941769848778,-0.7559595352564225,1.1487068308989536,-9.4871875,0.0,107.50000000000001,0.0,90.00890869140625,0.0,-0.07387357076009117,0.01547927526335802,-0.03419670410156245,0.0,-0.1080702748616536,0.01547927526335802,-0.07300889756944447,0.015496877924605709,-0.019212239583333342,0.005021432927842141,-1.3188108549436741,0.4641093543229091,0.007499388040814478,0.010690474313052919,0.014452496271109795
24.5,-9.595195312499998,1.7763568394002505e-15,101.5625,0.0,92.0696810913086,0.0,-0.06772471110026042,0.010542472299542234,4.157714843755489e-05,0.0,-0.06768313395182286,0.010542472299542234,-0.03253031412760417,0.010518136670319101,-0.0159564208984375,0.004606188127709473,-1.0887872774469562,0.7495831226435778,-9.595195312499998,1.7763568394002505e-15,101.5625,0.0,92.06968109130858,1.4210854715202004e-14,-0.068425841861301,0.015355695772877176,-0.034382250976562445,0.0,-0.10280809283786345,0.015355695772877173,-0.06760470920138888,0.015365311972025104,-0.01611016167534722,0.004606049917425211,-1.4987011099071688,0.5361314424111546,0.006462079231712707,0.009679946475472052,0.01344888030153811
25.0,-9.697265625,0.0,99.60937500000001,0.0,94.03889465332031,0.0,-0.06714789072672528,0.013789134449795924,4.157714843755489e-05,0.0,-0.06710631357828772,0.013789134449795924,-0.03196716308593752,0.013762161749268535,-0.015340169270833343,0.006213573426951287,-1.5189668052216903,0.5237041149080552,-9.697265625,0.0,99.60937500000001,0.0,94.03889465332031,0.0,-0.06982579496171741,0.014174868693367069,-0.034382250976562445,0.0,-0.10420804593827987,0.014174868693367069,-0.06896803114149307,0.01416934005023554,-0.0165134006076389,0.004180015708648879,-1.5706079854029094,0.4061866070104202,0.00582915099146409,0.00906761198540841,0.01283458724270421
25.5,-9.797343749999998,1.7763568394002505e-15,89.765625,0.0,95.9896142578125,0.0,-0.06126269022623698,0.007044065103456237,4.157714843755489e-05,0.0,-0.06122111307779943,0.007044065103456237,-0.026124267578125,0.0070277042808875746,-0.012064412434895833,0.0023598728261738327,-1.4615489423228663,0.6956632117389602,-9.797343749999998,1.7763568394002505e-15,89.765625,0.0,95.9896142578125,0.0,-0.06399239208963182,0.01867903196694579,-0.034319995117187446,0.0,-0.09831238720681929,0.018679031966945793,-0.06309390597873264,0.018673741365319286,-0.013237847222222222,0.006925644333386326,-1.6992456238061786,0.24970808711696654,0.0025453575093793146,0.005802402533576475,0.009564104098819488
26.0,-9.887500000000001,1.7763568394002505e-15,80.15624999999999,0.0,97.76383056640624,0.0,-0.06319316228230794,0.008376189572446575,4.157714843755489e-05,0.0,-0.06315158513387038,0.008376189572446575,-0.028041585286458337,0.00837411649236453,-0.012819824218750005,0.0036557211534204207,-1.2954401284479387,0.5675881511108056,-9.887500000000001,1.7763568394002505e-15,80.15624999999999,0.0,97.76383056640624,0.0,-0.06389760070376926,0.019219551522443253,-0.034138110351562445,0.0,-0.09803571105533171,0.01921955152244325,-0.06295857747395835,0.01924368440903827,-0.012934570312500003,0.007009174117774987,-1.1881864518583316,0.39971145943894376,0.0033157986090280953,0.006585419841782163,0.010333318644849418
26.5,-9.9680859375,0.0,81.796875,0.0,99.36417572021485,0.0,-0.05768831729888916,0.008386349526631514,4.157714843755489e-05,0.0,-0.057646740150451604,0.008386349526631514,-0.022492980957031252,0.008339867980811646,-0.009760945638020832,0.003349728552820821,-1.1417586319930115,0.40798054989941224,-9.9680859375,0.0,81.796875,0.0,99.36417572021483,1.4210854715202004e-14,-0.06240182396438387,0.0161414369928911,-0.034138110351562445,0.0,-0.09653993431594629,0.0161414369928911,-0.06148956298828126,0.016152152150401666,-0.011934814453125001,0.00478965177881185,-0.7814483919220276,0.6383151921311682,0.0002771439871464259,0.003558222822249584,0.0072902808447185405
27.0,-10.050234375,0.0,70.3125,0.0,101.00818542480467,1.4210854715202004e-14,-0.05307500839233398,0.00576163613208726,4.157714843755489e-05,0.0,-0.05303343124389642,0.00576163613208726,-0.0178887939453125,0.00573478025265598,-0.0072591145833333336,0.0028115085926630596,-0.8955678517446118,0.32534619382311347,-10.050234375,0.0,70.3125,0.0,101.00818542480467,1.4210854715202004e-14,-0.06090961741076576,0.011517460912460496,-0.034138110351562445,0.0,-0.09504772776232823,0.011517460912460493,-0.05995707194010417,0.011541723839357702,-0.010926106770833338,0.002690992102327367,-1.1048289637156907,0.6025897330163117,-0.0021891459827301455,0.0010994691080889315,0.004809988460294465
27.5,-10.120898437500001,1.7763568394002505e-15,68.1640625,0.0,102.4335708618164,0.0,-0.05511485735575358,0.00904212236796526,4.157714843755489e-05,0.0,-0.05507328020731603,0.00904212236796526,-0.01992594401041667,0.009048337143939631,-0.008110555013020835,0.0035859360550596106,-1.1793431516942232,0.5161346117282908,-10.120898437500001,1.7763568394002505e-15,68.1640625,0.0,102.4335708618164,0.0,-0.05785881413353814,0.017514229496342116,-0.034138110351562445,0.0,-0.0919969244851006,0.017514229496342112,-0.05685204399956597,0.01756979902777254,-0.00914103190104167,0.005645112972356715,-0.9174614673882275,0.6545267472072732,-0.0012903964935276901,0.0020027815757294645,0.005687364908958483
28.0,-10.189375,0.0,62.5,0.0,103.82415039062498,1.4210854715202004e-14,-0.05575762430826823,0.011353195598604907,4.157714843755489e-05,0.0,-0.055716047159830674,0.011353195598604907,-0.02057861328125,0.011325797971046644,-0.008333333333333335,0.004671466674878903,-1.5276203288898627,0.6243489203497832,-10.189375,0.0,62.5,0.0,103.82415039062496,2.842170943040401e-14,-0.058816172281901044,0.018056560223846677,-0.034069750976562445,0.0,-0.09288592325846348,0.01805656022384668,-0.05774956597222222,0.01810030565905976,-0.00944118923611111,0.005703930900272631,-0.7743475419256627,0.5986242183172545,-0.0010155223733777172,0.0022811499412874955,0.005937938251893748
28.5,-10.2521875,0.0,60.27343749999999,0.0,105.10814453125,0.0,-0.05315028826395671,0.01170178824620968,4.157714843755489e-05,0.0,-0.05310871111551915,0.01170178824620968,-0.01796051025390625,0.011646226807424031,-0.006813557942708333,0.004901890153235788,-1.415493482754231,0.44333139127434207,-10.2521875,0.0,60.273437499999986,7.105427357601002e-15,105.10814453125,0.0,-0.059155055681864424,0.013937764174044133,-0.033893969726562445,0.0,-0.09304902540842686,0.013937764174044135,-0.057995741102430554,0.013960086645901598,-0.009439561631944444,0.003790323519288023,-0.9842074655307054,0.6031704980961394,-0.0024651221275525017,0.0008302951435726026,0.0044526231577238
29.0,-10.312734375,0.0,54.6875,0.0,106.35310607910155,1.4210854715202004e-14,-0.050201396942138675,0.010661257064115788,4.157714843755489e-05,0.0,-0.05015981979370112,0.010661257064115788,-0.015030517578125005,0.010614297773446435,-0.005244547526041668,0.0040567257796261585,-1.3501962989267724,0.5776375054857966,-10.312734375,0.0,54.6875,0.0,106.35310607910154,2.842170943040401e-14,-0.05181966251797147,0.01694676132039994,-0.033893969726562445,0.0,-0.08571363224453392,0.01694676132039994,-0.05055474175347222,0.016972898710164087,-0.005623643663194446,0.004895828072715678,-0.8165975914999379,0.6665059803466179,-0.003946666173874411,-0.0006570792000042168,0.002924430777602059
29.5,-10.367695312500002,1.7763568394002505e-15,52.38281249999999,0.0,107.48972808837891,0.0,-0.04286485433578491,0.011618445994391166,4.157714843755489e-05,0.0,-0.04282327718734735,0.011618445994391166,-0.007692260742187491,0.011557873383403318,-0.0014514160156249955,0.004727394671783945,-1.4715699475220998,0.8247241531689452,-10.367695312500002,1.7763568394002505e-15,52.38281249999999,0.0,107.48972808837891,0.0,-0.052199970881144205,0.01978036930732127,-0.03382194824218745,0.0,-0.08602191912333165,0.019780369307321275,-0.050872599283854174,0.0198416674243691,-0.00568915473090278,0.006658443284368006,-0.9228861822856034,0.8800088443947632,-0.00765447978826358,-0.004369969607930716,-0.000828580181569527
30.0,-10.4203125,0.0,44.53125000000001,0.0,108.5833740234375,0.0,-0.03615298271179198,0.011406001133092689,4.157714843755489e-05,0.0,-0.036111405563354425,0.011406001133092689,-0.0009399414062499917,0.011407057589851999,0.0018920898437500041,0.004662249691527916,-1.3201330462072658,0.9932099633139493,-10.4203125,0.0,44.53125000000001,0.0,108.5833740234375,0.0,-0.05507774353027344,0.014833368379892178,-0.033649829101562445,0.0,-0.0887275726318359,0.014833368379892175,-0.05369466145833334,0.014864006498212073,-0.007009548611111115,0.004080037863940532,-1.283568861693862,0.9014926410817388,-0.010892510704220771,-0.007618479192988155,-0.004124587903785746
30.5,-10.465039062499999,1.7763568394002505e-15,39.0625,0.0,109.51736602783204,1.4210854715202004e-14,-0.04232775211334228,0.009903731748261774,4.157714843755489e-05,0.0,-0.04228617496490473,0.009903731748261774,-0.007123921712239579,0.009927209126252374,-0.001233317057291665,0.00416177862269222,-0.9783150673653661,0.8691049608252167,-10.465039062499999,1.7763568394002505e-15,39.0625,0.0,109.51736602783204,1.4210854715202004e-14,-0.04753911336263021,0.014104721649190632,-0.033649829101562445,0.0,-0.08118894246419264,0.014104721649190634,-0.046007215711805556,0.014136588390361532,-0.003099365234375,0.003415858510434831,-1.305395925146897,0.6814695030447295,-0.007657747758382663,-0.004395152172209111,-0.0009502209428753896
31.0,-10.504296875,0.0,36.64062500000001,0.0,110.34057922363282,0.0,-0.03899425188700358,0.010804868251946558,4.157714843755489e-05,0.0,-0.03895267473856603,0.010804868251946558,-0.0038228352864583333,0.010793927190669116,0.00044474283854166664,0.003954485918247333,-0.4572889539930629,0.5403207061724867,-10.504296875,0.0,36.64062500000001,0.0,110.34057922363283,1.4210854715202004e-14,-0.04804542541503906,0.018462154017902917,-0.03357414550781245,6.938893903907228e-18,-0.0816195709228515,0.018462154017902913,-0.04641208224826389,0.018494033911626098,-0.003299696180555555,0.005932596547825831,-1.170894580318412,0.5636666652490325,-0.009216695534424144,-0.00596812601909399,-0.002575737814234495
31.5,-10.54109375,0.0,31.25,0.0,111.1148681640625,0.0,-0.0388151995340983,0.013275367512327519,4.157714843755489e-05,0.0,-0.03877362238566075,0.013275367512327519,-0.0036247762044270826,0.013201403879138473,0.0005674235026041668,0.005452613156947367,0.0016491822522121484,0.6975182159284414,-10.54109375,0.0,31.25,0.0,111.1148681640625,0.0,-0.04589456558227537,0.018354489405206977,-0.033405688476562445,0.0,-0.07930025405883784,0.018354489405206977,-0.04417209201388887,0.018377673481534667,-0.0021664767795138828,0.005750609318892777,-1.3643689119763471,0.46908420710439036,-0.009216554834176039,-0.005982956689089542,-0.002644493481263521
32.0,-10.5725,0.0,31.25,0.0,111.77796875,0.0,-0.038855794270833334,0.009926783881231652,4.157714843755489e-05,0.0,-0.03881421712239578,0.009926783881231652,-0.0036555989583333336,0.009884474006945192,0.0005729166666666667,0.003623111218169292,0.008908192501942561,0.7305170819634785,-10.5725,0.0,31.25,0.0,111.77796875,0.0,-0.03824520534939236,0.019236682311284187,-0.033327563476562454,6.938893903907228e-18,-0.07157276882595481,0.019236682311284187,-0.036423611111111115,0.01921024925169618,0.0016981336805555558,0.0056254209091464846,-1.4516332192113512,0.5687928839044855,-0.009089909479285493,-0.005873787667975762,-0.0025926555527378808
32.5,-10.60390625,0.0,28.710937499999996,3.552713678800501e-15,112.4430419921875,0.0,-0.03720223108927408,0.0099017231036364,4.157714843755489e-05,0.0,-0.03716065394083653,0.0099017231036364,-0.002037048339843743,0.009868841641905837,0.0013722737630208366,0.0034249867944180458,-0.3847941744670291,0.5456965735183722,-10.60390625,0.0,28.710937499999993,0.0,112.44304199218752,1.4210854715202004e-14,-0.03970030678643121,0.018617742146004035,-0.033161547851562445,0.0,-0.07286185463799366,0.018617742146004035,-0.037730238172743055,0.01864095305170261,0.0009650336371527783,0.005507542341597598,-1.059758271061983,0.7663271943658957,-0.009753589725503395,-0.006555878412750425,-0.003333379473302297
33.0,-10.632734375,0.0,23.4375,0.0,113.05516174316405,1.4210854715202004e-14,-0.03617056528727212,0.009750114901704193,4.157714843755489e-05,0.0,-0.03612898813883456,0.009750114901704193,-0.0010003662109374784,0.009714419657202806,0.0018599446614583446,0.0031327277373159198,-0.23827707665598474,0.40983433606696884,-10.632734375,0.0,23.4375,0.0,113.05516174316405,1.4210854715202004e-14,-0.03777146233452692,0.0185310345930386,-0.033080981445312456,6.938893903907228e-18,-0.07085244377983937,0.018531034593038596,-0.03567843967013891,0.018549087168041215,0.0019094509548611054,0.005272660493404761,-0.8554488949996799,0.6818697065668996,-0.010092733678438517,-0.006916950681326181,-0.0037577510568089297
33.5,-10.656289062499999,0.0,20.820312500000046,0.0,113.55661895751952,1.4210854715202004e-14,-0.03932847420374558,0.013303737560551405,4.157714843755489e-05,0.0,-0.03928689705530802,0.013303737560551405,-0.004135538736979219,0.013287196897363377,0.00026509602864580706,0.004758320636511044,0.091270322288385,0.6824205360232596,-10.656289062499999,0.0,20.820312500000046,0.0,113.55661895751952,1.4210854715202004e-14,-0.034213723076714414,0.02054626107666988,-0.032917407226562445,0.0,-0.06713113030327686,0.020546261076669875,-0.031998019748263905,0.020593123077890896,0.0036451551649305516,0.0063716292914568025,-0.6621127263217172,0.7665099173723096,-0.008340858685280884,-0.005189357199387539,-0.0020965299994333397
34.0,-10.6771875,0.0,15.625,0.0,114.00238769531249,0.0,-0.034916048049926734,0.00712580880351734,4.157714843755489e-05,0.0,-0.03487447090148918,0.00712580880351734,0.00023396809895835443,0.0070699988050286315,0.0024121093750000106,0.0017073815958832499,-0.14687040932158243,0.72009440077026,-10.6771875,0.0,15.625,0.0,114.00238769531249,0.0,-0.03402866787380641,0.021342082399255564,-0.032834399414062444,0.0,-0.06686306728786888,0.021342082399255564,-0.03174370659722222,0.021373982912128702,0.003681098090277783,0.006815504729474573,-0.3333958070286184,0.7264457360953127,-0.01032772101840505,-0.007201394800926698,-0.004176055473380021
34.5,-10.692890625000002,1.7763568394002505e-15,15.625,0.0,114.33796508789062,0.0,-0.03638076782226562,0.004123343317809266,4.157714843755489e-05,0.0,-0.03633919067382806,0.004123343317809266,-0.0012150065104166606,0.004098664556782367,0.0016546630859375032,0.0011642913742701722,-0.009330032218215129,0.5518630962458445,-10.692890625000002,1.7763568394002505e-15,15.625,0.0,114.33796508789062,0.0,-0.034392195807562934,0.022828936204354625,-0.032673266601562445,0.0,-0.06706546240912538,0.022828936204354625,-0.03197340223524306,0.022858882358020614,0.0034182400173611133,0.007027380850731584,-0.43867742048894215,0.7022421428477932,-0.009402056314615383,-0.006303176009174188,-0.0033482229329725123
35.0,-10.70859375,0.0,15.625,0.0,114.67403564453126,1.4210854715202004e-14,-0.03667354583740232,0.010864404945122863,4.157714843755489e-05,0.0,-0.03663196868896477,0.010864404945122863,-0.001512654622395813,0.010848759611134693,0.0015075683593750104,0.004146773314025818,0.47163055585907526,0.5297938431152692,-10.708593750000002,1.7763568394002505e-15,15.625,0.0,114.67403564453126,1.4210854715202004e-14,-0.03225311703152127,0.0257407709885528,-0.032587817382812446,0.0,-0.06484093441433372,0.0257407709885528,-0.029694959852430553,0.025759041461703228,0.004401312934027778,0.008177170461670586,-0.38612600868460184,0.6806608291223112,-0.009088016568290799,-0.006016297110248632,-0.0031312361202284872
35.5,-10.724296875,0.0,12.851562500000044,0.0,115.01059936523437,0.0,-0.04051371892293298,0.0087326683828103,4.157714843755489e-05,0.0,-0.04047214177449542,0.0087326683828103,-0.005341186523437535,0.00861850497226215,-0.0004602050781250178,0.0027564034288799,0.4733119866786937,0.487392467725374,-10.724296875,0.0,12.851562500000044,0.0,115.01059936523436,1.4210854715202004e-14,-0.03220644844902886,0.02186439961224097,-0.032429125976562445,0.0,-0.06463557442559133,0.02186439961224097,-0.02956414116753472,0.021898685052304766,0.004342041015625,0.006766329074058279,-0.13803398569024025,0.615402165076287,-0.006950253142058843,-0.003906601526388008,-0.0010925016095481618
36.0,-10.7371875,0.0,7.8125,0.0,115.28720947265624,0.0,-0.03556508382161459,0.010223681057470282,4.157714843755489e-05,0.0,-0.03552350667317704,0.010223681057470282,-0.0003857421875000094,0.01014013645619524,0.001997070312499995,0.0038588380427192416,0.3408294179778604,0.6056297018181064,-10.737187500000001,1.7763568394002505e-15,7.8125,0.0,115.28720947265626,1.4210854715202004e-14,-0.031449542575412326,0.02271309913651331,-0.032429125976562445,0.0,-0.06387866855197478,0.02271309913651331,-0.02871473524305556,0.022759198116476365,0.004648437499999996,0.006828685389300811,-0.16754332184020013,0.6739285100730187,-0.009229951113009473,-0.006216541138947389,-0.003476109111140359
36.5,-10.7450390625,0.0,7.8125,0.0,115.45587860107422,0.0,-0.03734817345937095,0.014584632902549018,4.157714843755489e-05,0.0,-0.037306596310933395,0.014584632902549018,-0.002153930664062515,0.014542883254968064,0.0010925292968749925,0.005279795922389766,0.391263094815345,0.6253156317112779,-10.7450390625,0.0,7.8125,0.0,115.45587860107422,0.0,-0.029444371329413514,0.026665927751211276,-0.03234001464843744,0.0,-0.06178438597785095,0.026665927751211276,-0.026576470269097218,0.02670180308223702,0.005565185546875002,0.008223214531977012,-0.11870729277955434,0.6218335908617392,-0.00814494751016801,-0.0051626784990005704,-0.0024969072833544484
37.0,-10.752890625,0.0,4.921875000000014,0.0,115.62467102050782,0.0,-0.04468026796976724,0.013949182407927568,4.157714843755489e-05,0.0,-0.044638690821329687,0.013949182407927568,-0.009498697916666658,0.0138914265844152,-0.002577718098958329,0.004908326775833054,0.36015105228972405,0.3890540588766972,-10.752890625,0.0,4.921875000000014,0.0,115.6246710205078,1.4210854715202004e-14,-0.029633157518174906,0.02634170774414452,-0.032184985351562445,0.0,-0.06181814286973735,0.02634170774414452,-0.026681179470486104,0.02635675852157991,0.005330946180555561,0.00819991737190274,-0.1078762004054992,0.8461774072382098,-0.004287075565019383,-0.0013380404435528992,0.0012505354422860482
37.5,-10.7578125,0.0,2.929687499999958,4.440892098500626e-16,115.73052978515625,0.0,-0.04337989787260698,0.01169223531594463,4.157714843755489e-05,0.0,-0.043338320724169425,0.01169223531594463,-0.008196512858072975,0.011627802717632484,-0.0018666585286458634,0.0036738490092195425,0.4106416383638061,0.5828371963386997,-10.7578125,0.0,2.929687499999958,4.440892098500626e-16,115.73052978515625,0.0,-0.0314095285203722,0.021517501909259988,-0.032093432617187445,0.0,-0.06350296113755965,0.021517501909259988,-0.028342352973090304,0.02153473081322557,0.004377577039930543,0.006094779838975979,-0.3610179696605516,0.8601842532669152,-0.004812346977280106,-0.00189617651620711,0.00061593762080271
38.0,-10.76078125,0.0,4.8437500000000275,8.881784197001252e-16,115.79442749023438,1.4210854715202004e-14,-0.037517489592234284,0.010112763565851524,4.157714843755489e-05,0.0,-0.03747591244379673,0.010112763565851524,-0.002338867187499989,0.01006474703623578,0.0010807291666666719,0.003596422243130006,0.6530021898674216,0.8001070525964564,-10.76078125,0.0,4.8437500000000275,8.881784197001252e-16,115.79442749023438,1.4210854715202004e-14,-0.028682562510172524,0.0204349350131184,-0.031940844726562445,0.0,-0.060623407236734955,0.020434935013118397,-0.02554226345486111,0.020443973006293067,0.005658094618055557,0.004928473986873989,-0.46214663158022584,0.7494754314834569,-0.007575761041420989,-0.0046920903307963065,-0.0022557131341481556
38.5,-10.765625,0.0,0.0,0.0,115.898681640625,0.0,-0.04205052137374879,0.012572625972451386,4.157714843755489e-05,0.0,-0.042008944225311234,0.012572625972451386,-0.00687937418619793,0.012505812855111596,-0.0012251790364583403,0.004693619636427489,0.5712575252980471,0.5067584587979859,-10.765625,0.0,0.0,0.0,115.898681640625,0.0,-0.02883712291717529,0.02484172354937677,-0.031940844726562445,0.0,-0.06077796764373774,0.024841723549376766,-0.025655653211805556,0.024825977689943438,0.005444064670138889,0.007226620940874892,-0.5548040374700555,0.636986968356332,-0.005082973536945262,-0.0022327402997596156,0.00012691598293269575
39.0,-10.765625,0.0,0.0,0.0,115.898681640625,0.0,-0.04556468486785889,0.011860033343826057,4.157714843755489e-05,0.0,-0.045523107719421335,0.011860033343826057,-0.01041422526041667,0.011793893847228159,-0.0029488118489583355,0.003867150872738888,0.3115685854943655,0.7211419949910012,-10.765625,0.0,0.0,0.0,115.898681640625,0.0,-0.02708494186401368,0.02298619833965158,-0.03184562988281245,0.0,-0.058930571746826116,0.02298619833965158,-0.023821750217013896,0.022993833521028115,0.006200900607638885,0.006571372905756435,-0.7067469567469622,0.8788064377212875,-0.003165813007639515,-0.0003510016118300537,0.0019296017331474741
39.5,-10.765625,0.0,0.0,0.0,115.898681640625,0.0,-0.04523646910985309,0.011146163741853081,4.157714843755489e-05,0.0,-0.04519489196141554,0.011146163741853081,-0.010054321289062485,0.011139937853342698,-0.0027447509765624943,0.003935445826821097,0.5400779030539758,0.8221446428820839,-10.765625,0.0,0.0,0.0,115.898681640625,0.0,-0.022335654364691863,0.022458361352288,-0.031696704101562445,0.0,-0.054032358466254315,0.022458361352288,-0.018988511827256967,0.022468722400937485,0.00847344292534721,0.006010786676259898,-0.47823993136493825,0.7362126179542706,-0.003178423102059017,-0.00039863028499475227,0.0018037569603672043
40.0,-10.765625,0.0,0.0,0.0,115.898681640625,0.0,-0.04768028259277343,0.011780001598389035,4.157714843755489e-05,0.0,-0.04763870544433588,0.011780001598389035,-0.012483723958333326,0.011726746832946035,-0.0038818359374999966,0.004021014128789112,0.7058737161276291,0.9503928038412596,-10.765625,0.0,0.0,0.0,115.898681640625,0.0,-0.022213278876410572,0.026766449226974246,-0.031696704101562445,0.0,-0.05390998297797301,0.026766449226974246,-0.018874782986111092,0.026771418060280827,0.008393012152777789,0.007847396713612407,-0.20305215617715314,0.6526833727392424,-0.0018470429022547953,0.0008967766783227272,0.003020002922494695
40.5,-10.765625,0.0,0.0,0.0,115.898681640625,0.0,-0.047366828918457025,0.013445109504925815,4.157714843755489e-05,0.0,-0.04732525177001947,0.013445109504925815,-0.012194417317708324,0.013386464940669758,-0.003643188476562495,0.00458134283296569,0.022896719979243956,0.7778176043108228,-10.765625,0.0,0.0,0.0,115.898681640625,0.0,-0.02335407998826767,0.023192616486489966,-0.031696704101562445,0.0,-0.05505078408983013,0.023192616486489966,-0.019983791775173596,0.023217791103229475,0.007624782986111118,0.006151136889563887,-0.18393349814247428,0.9588288540673079,-0.0018901706351762797,0.0008171559884578485,0.002860868847093505
41.0,-10.765625,0.0,0.0,0.0,115.898681640625,0.0,-0.04692556381225585,0.011852404936030077,4.157714843755489e-05,0.0,-0.046883986663818294,0.011852404936030077,-0.01175191243489583,0.011837633018136246,-0.0033443196614583305,0.00408582044052449,-0.59964124417249,0.28342330282347405,-10.765625,0.0,0.0,0.0,115.898681640625,0.0,-0.020475290086534283,0.021224558741390127,-0.031696704101562445,0.0,-0.05217199418809673,0.021224558741390127,-0.017098524305555553,0.021251067920450978,0.00888563368055556,0.006030953886036749,0.11083706152065614,1.0497656536724973,-0.0019989704165424985,0.0006731804143701777,0.002639446652497587
41.5,-10.765625,0.0,0.0,0.0,115.898681640625,0.0,-0.047928872108459496,0.009099926988117369,4.157714843755489e-05,0.0,-0.04788729496002194,0.009099926988117369,-0.012760620117187522,0.009041776626587757,-0.0037813313802083446,0.0031858965314553395,-0.5260504875983436,0.6508654957630571,-10.765625,0.0,0.0,0.0,115.898681640625,0.0,-0.024791612625122052,0.02252394336227671,-0.031696704101562445,0.0,-0.05648831672668448,0.02252394336227671,-0.02143378363715276,0.022564693230815124,0.006539306640625012,0.0060255735188566835,0.5773527416593809,0.9826862368082339,-0.0013657867369174011,0.0012693244520030353,0.0031560245306890234
42.0,-10.765625,0.0,0.0,0.0,115.898681640625,0.0,-0.04593451261520385,0.012545698564098498,4.157714843755489e-05,0.0,-0.045892935466766295,0.012545698564098498,-0.010771484374999994,0.012463958836338353,-0.0027425130208333314,0.0042722643803992716,-0.5067852882794338,0.6838217716199886,-10.765625,0.0,0.0,0.0,115.898681640625,0.0,-0.02503782908121746,0.02090367498898033,-0.031696704101562445,0.0,-0.05673453318277991,0.02090367498898033,-0.02164903428819446,0.02093081030915263,0.006311848958333328,0.00608748415423348,0.46683405570124514,0.6385851186215992,-0.002210714535347549,0.0003877877675168137,0.0021958470087584054
42.5,-10.765625,0.0,0.0,0.0,115.898681640625,0.0,-0.04282093644142149,0.012485174532182368,4.157714843755489e-05,0.0,-0.04277935929298393,0.012485174532182368,-0.0076146443684895595,0.012390811496727869,-0.0011220296223958214,0.003779271405265911,-0.49703815878131713,0.8559749475058911,-10.765625,0.0,0.0,0.0,115.898681640625,0.0,-0.020719507005479594,0.018145930662916372,-0.031696704101562445,0.0,-0.05241621110704204,0.018145930662916372,-0.01732618543836805,0.01816685523568547,0.008340115017361113,0.004762802426923207,0.044804958135032956,0.7771547152139248,-0.0036395622410192916,-0.0010772430777907654,0.0006530898868858613
43.0,-10.765625,0.0,0.0,0.0,115.898681640625,0.0,-0.03923017978668212,0.014331378514854737,4.157714843755489e-05,0.0,-0.039188602638244564,0.014331378514854737,-0.0040466308593749955,0.014249399673074904,0.0006766764322916689,0.005065195185767772,-0.609430581354412,0.8832954318875075,-10.765625,0.0,0.0,0.0,115.898681640625,0.0,-0.023061794704861097,0.02074310943035355,-0.031696704101562445,0.0,-0.054758498806423556,0.020743109430353554,-0.0196963161892361,0.02079300413195214,0.006969129774305561,0.004897213343805006,-0.12597618310508946,1.0500412124317877,-0.005248861247922449,-0.0027223044291668236,-0.001068793816145913
43.5,-10.765625,0.0,0.0,0.0,115.898681640625,0.0,-0.04383677303791044,0.013154984914843605,4.157714843755489e-05,0.0,-0.043795195889472886,0.013154984914843605,-0.00866088867187498,0.013089650884573723,-0.001647542317708323,0.0045836463192799,-0.6405684701583249,0.7421856463019532,-10.765625,0.0,0.0,0.0,115.898681640625,0.0,-0.02657499657736885,0.021302900530362823,-0.031696704101562445,0.0,-0.05827170067893131,0.021302900530362826,-0.02318976508246529,0.021349408095278515,0.00506239149305555,0.005527178711913699,-0.24287961116574383,1.1707035943259043,-0.0027374381768869934,-0.0002462278011175268,0.0013313538728787315
44.0,-10.765625,0.0,0.0,0.0,115.898681640625,0.0,-0.04328423817952475,0.012965825013586101,4.157714843755489e-05,0.0,-0.0432426610310872,0.012965825013586101,-0.008074544270833347,0.01291683289205588,-0.0012955729166666732,0.003989404898455471,-0.20812846008158722,0.24968671004553566,-10.765625,0.0,0.0,0.0,115.898681640625,0.0,-0.02283473544650608,0.018123178009809494,-0.031696704101562445,0.0,-0.05453143954806853,0.018123178009809497,-0.019458550347222228,0.018138426188184866,0.006850043402777774,0.004585485498959107,-0.16988039448977055,1.1748066208817733,-0.002904380366827958,-0.0004481053693226483,0.0010544303882553457
44.5,-10.765625,0.0,0.0,0.0,115.898681640625,0.0,-0.04116831779479981,0.01852812078193621,4.157714843755489e-05,0.0,-0.04112674064636226,0.01852812078193621,-0.005956624348958345,0.01848618444915449,-0.0002091471354166726,0.006600801648517935,0.05456433892713084,0.5504540913621916,-10.765625,0.0,0.0,0.0,115.898681640625,0.0,-0.018737905820210767,0.011567584904664288,-0.031696704101562445,0.0,-0.05043460992177321,0.01156758490466429,-0.015372992621527769,0.011542563962730805,0.008774820963541671,0.003041871192448514,-0.01495859283945131,1.1467875662610592,-0.0038079307280110683,-0.001386184824563047,4.217777001014615e-05
45.0,-10.765625,0.0,0.0,0.0,115.898681640625,0.0,-0.03926973342895509,0.01480961372815027,4.157714843755489e-05,0.0,-0.03922815628051753,0.01480961372815027,-0.004112752278645841,0.01482227906509823,0.0007405598958333299,0.004965104816628404,-0.15558511041910134,0.8336867788620848,-10.765625,0.0,0.0,0.0,115.898681640625,0.0,-0.018788258234659832,0.013760509868688335,-0.031696704101562445,0.0,-0.05048496233622227,0.013760509868688339,-0.01542833116319444,0.013760563874936568,0.008565266927083336,0.005870994067873975,-0.21511691433566815,1.2858088931352665,-0.0045768891057754914,-0.00218927073709758,-0.0008342187018821216
45.5,-10.765625,0.0,0.0,0.0,115.898681640625,0.0,-0.03739516735076902,0.01258164530387569,4.157714843755489e-05,0.0,-0.03735359020233146,0.01258164530387569,-0.002265218098958303,0.012558099578118091,0.0016888427734375155,0.003498937615163559,-0.4290927984775672,0.79893058811562,-10.765625,0.0,0.0,0.0,115.898681640625,0.0,-0.02083307319217258,0.014927808178116418,-0.031696704101562445,0.0,-0.05252977729373503,0.014927808178116418,-0.017450832790798614,0.014952282118903011,0.007371148003472223,0.004992508975934726,-0.37457343365546814,1.19281584393774,-0.005346525363047095,-0.002992637639822925,-0.0017100435920468868
46.0,-10.765625,0.0,0.0,0.0,115.898681640625,0.0,-0.04256882985432942,0.012236485363665258,4.157714843755489e-05,0.0,-0.04252725270589187,0.012236485363665258,-0.007396647135416663,0.012190754094652203,-0.0009399414062499983,0.0035735813816351295,-0.2713517764787242,0.7143161100557893,-10.765625,0.0,0.0,0.0,115.898681640625,0.0,-0.021059392293294274,0.008550481506835305,-0.031696704101562445,0.0,-0.052756096394856705,0.008550481506835305,-0.017683648003472222,0.00854726683611504,0.007122938368055557,0.0045928531257216935,-0.3158285580160548,1.0249179172903915,-0.0025411721503913816,-0.0002206227989655276,0.0009903559182255688
46.5,-10.765625,0.0,0.0,0.0,115.898681640625,0.0,-0.04134661873181659,0.007661086659996144,4.157714843755489e-05,0.0,-0.04130504158337903,0.007661086659996144,-0.006175638834635399,0.0076204380078568,-0.00032775878906249074,0.00267189214284501,-0.21344236004880204,0.8378024613005374,-10.765625,0.0,0.0,0.0,115.898681640625,0.0,-0.019696172078450508,0.007457315243943922,-0.031696704101562445,0.0,-0.05139287618001295,0.0074573152439439214,-0.01635918511284721,0.007438471610923275,0.007673475477430562,0.005232475291704661,-0.274395314068166,0.846356678399512,-0.002978839160481005,-0.0006912404691807362,0.0004489557745242106
47.0,-10.765625,0.0,0.0,0.0,115.898681640625,0.0,-0.036448888778686524,0.009435781526215612,4.157714843755489e-05,0.0,-0.03640731163024897,0.009435781526215612,-0.0013018798828125018,0.009389211869666503,0.0021219889322916657,0.0034881363188701896,-0.5076967845522565,0.8737265520358419,-10.765625,0.0,0.0,0.0,115.898681640625,0.0,-0.016607801649305552,0.006742500967070926,-0.031696704101562445,0.0,-0.048304505750868004,0.006742500967070926,-0.013242051866319444,0.0067272484539366,0.00904242621527778,0.003334841541537212,-0.3094291143607587,0.9790596641894687,-0.005256100820101859,-0.0030010695861831336,-0.0019308326446540662
47.5,-10.765625,0.0,0.0,0.0,115.898681640625,0.0,-0.03566975792249043,0.010205874429887716,4.157714843755489e-05,0.0,-0.03562818077405287,0.010205874429887716,-0.0005172729492187402,0.010178508995471139,0.002454630533854172,0.0040320891914342955,-0.6770171763457928,0.8785137661237303,-10.765625,0.0,0.0,0.0,115.898681640625,0.0,-0.016256120469835066,0.009580165244314683,-0.031696704101562445,0.0,-0.04795282457139751,0.009580165244314683,-0.012850952148437495,0.009574049805962421,0.009023708767361114,0.0041903578358732955,-0.3127130934748096,0.9473871129001944,-0.0054182623025104525,-0.0031954197797209195,-0.0021943285422042122
48.0,-10.765625,0.0,0.0,0.0,115.898681640625,0.0,-0.038045552571614565,0.014675193089605645,4.157714843755489e-05,0.0,-0.03800397542317701,0.014675193089605645,-0.002885742187499983,0.014637609659159282,0.001222330729166675,0.004712466122488316,-0.8402364237325193,0.87201741147335,-10.765625,0.0,0.0,0.0,115.898681640625,0.0,-0.013816392686631991,0.010685287493889318,-0.031696704101562445,0.0,-0.045513096788194436,0.010685287493889318,-0.010426432291666711,0.010683694916873284,0.010072699652777756,0.004465476973437751,-0.20327473452473305,0.836751863368612,-0.004017464992954008,-0.001826436839705827,-0.0008936871698529176
48.5,-10.765625,0.0,0.0,0.0,115.898681640625,0.0,-0.03482054392496749,0.013188782815384584,4.157714843755489e-05,0.0,-0.03477896677652993,0.013188782815384584,0.00035278320312496424,0.013128862678276253,0.0028415934244791483,0.0043147117669999685,-0.8258424179444751,0.8477915455807696,-10.765625,0.0,0.0,0.0,115.898681640625,0.0,-0.012678298950195293,0.00970510700242047,-0.031696704101562445,0.0,-0.04437500305175774,0.00970510700242047,-0.00927347819010415,0.009736917265975566,0.010452473958333342,0.00451212537583579,-0.02885156022363221,0.5848640898038979,-0.005470189740686632,-0.0033106059688320193,-0.0024454030820722505
49.0,-10.765625,0.0,0.0,0.0,115.898681640625,0.0,-0.029138476053873704,0.009602367384614651,4.157714843755489e-05,0.0,-0.02909689890543615,0.009602367384614651,0.006061604817708333,0.009547711411870415,0.005626220703125,0.004257642818417936,-0.6085024865542482,1.0505264564764845,-10.765625,0.0,0.0,0.0,115.898681640625,0.0,-0.015860154893663197,0.01201459152209466,-0.031696704101562445,0.0,-0.04755685899522563,0.012014591522094657,-0.012465413411458333,0.012036010081276095,0.00866482204861111,0.004506806759918234,0.11859948139245313,0.47397228786460177,-0.008090215840189326,-0.005961710764391819,-0.005163269119175076
49.5,-10.765625,0.0,0.0,0.0,115.898681640625,0.0,-0.030478960673014307,0.013960585823639014,4.157714843755489e-05,0.0,-0.030437383524576752,0.013960585823639014,0.004724324544270852,0.013941683081735773,0.004814453125000009,0.005198634431267868,-0.5952661094872964,0.856039736028162,-10.765625,0.0,0.0,0.0,115.898681640625,0.0,-0.01642768012152778,0.011586826567420884,-0.031696704101562445,0.0,-0.048124384223090226,0.011586826567420886,-0.01306559244791667,0.011576877635339808,0.00819118923611111,0.005306107183226695,0.09498878761574296,0.7176118610594381,-0.007115761327530529,-0.005017973515225047,-0.004285516705529195
50.0,-10.765625,0.0,0.0,0.0,115.898681640625,0.0,-0.030881722768147813,0.015397773678407162,4.157714843755489e-05,0.0,-0.030840145619710258,0.015397773678407162,0.00430297851562497,0.015382948234040662,0.004536946614583319,0.005449778331736066,-0.6855191791715227,0.7275643580566,-10.765625,0.0,0.0,0.0,115.898681640625,0.0,-0.014496697319878495,0.01192942761805368,-0.031696704101562445,0.0,-0.04619340142144094,0.01192942761805368,-0.011121961805555575,0.011916080775625072,0.008992513020833322,0.006286851535100261,0.11241155039982519,0.5989425833408494,-0.006677459865304966,-0.0046100320872398135,-0.003942792736328233
50.5,-10.765625,0.0,0.0,0.0,115.898681640625,0.0,-0.02862963438034058,0.014270192639548474,4.157714843755489e-05,0.0,-0.028588057231903025,0.014270192639548474,0.006542663574218749,0.014221749669415591,0.005615641276041666,0.0054920970040479465,-0.2354041086951336,0.6512504888177427,-10.765625,0.0,0.0,0.0,115.898681640625,0.0,-0.013087132771809893,0.009830284704125064,-0.031696704101562445,0.0,-0.04478383687337235,0.009830284704125064,-0.009712592230902777,0.009821477336230757,0.009547254774305555,0.0036401893637248006,0.08183990850005955,0.7775293289211119,-0.007597229554691603,-0.0055598087360456475,-0.004957028391460323
51.0,-10.765625,0.0,0.0,0.0,115.898681640625,0.0,-0.02617825031280518,0.01649102581391635,4.157714843755489e-05,0.0,-0.026136673164367626,0.01649102581391635,0.008975830078125,0.016450506901660902,0.006693522135416667,0.006918385430004068,0.23675475457702175,0.4886494479931687,-10.765625,0.0,0.0,0.0,115.898681640625,0.0,-0.01277191162109375,0.008367824003283697,-0.031696704101562445,0.0,-0.044468615722656195,0.008367824003283697,-0.009397650824652777,0.00835840659530788,0.00952365451388889,0.0034141330948248296,-0.3726211306777763,0.8750499722315409,-0.008518033674630058,-0.0065102708466983975,-0.005971199876474199
51.5,-10.765625,0.0,0.0,0.0,115.898681640625,0.0,-0.027636357943216935,0.01512220318897192,4.157714843755489e-05,0.0,-0.02759478079477938,0.01512220318897192,0.007492370605468774,0.015056349107316305,0.005804443359375012,0.004863147401818981,-0.010075068973989723,0.4534616191235137,-10.765625,0.0,0.0,0.0,115.898681640625,0.0,-0.012339180840386287,0.008501356115556039,-0.031696704101562445,0.0,-0.04403588494194873,0.008501356115556039,-0.008971964518229167,0.008498212391835085,0.009532199435763888,0.00624698820072999,-0.7097579296065648,0.8143090426400231,-0.00747370489759496,-0.005495255150036461,-0.005019152640122403
52.0,-10.765625,0.0,0.0,0.0,115.898681640625,0.0,-0.02663312276204433,0.01405715832166641,4.157714843755489e-05,0.0,-0.026591545613606774,0.01405715832166641,0.008481445312499942,0.01398924304191339,0.006228841145833305,0.00468210347681073,-0.2540048926767689,0.7928448515200249,-10.765625,0.0,0.0,0.0,115.898681640625,0.0,-0.011331041124131956,0.008352583514890204,-0.031696704101562445,0.0,-0.0430277452256944,0.008352583514890204,-0.007956814236111125,0.008354338592989752,0.00983506944444444,0.005339685718934405,-0.4931349755568507,0.7342607793735776,-0.007744658177279534,-0.0057951806109197215,-0.00538131426379318
52.5,-10.765625,0.0,0.0,0.0,115.898681640625,0.0,-0.027613528569539362,0.014399508982568856,4.157714843755489e-05,0.0,-0.027571951421101807,0.014399508982568856,0.007542419433593776,0.014355125201476264,0.005589803059895849,0.0060951800753644425,-0.13538114581815755,0.600761387317379,-10.765625,0.0,0.0,0.0,115.898681640625,0.0,-0.011561626858181418,0.00716879865044923,-0.031696704101562445,0.0,-0.04325833095974386,0.007168798650449228,-0.008179389105902773,0.007139825627345417,0.009530300564236116,0.0038497441830292888,-0.14312989166504198,0.931336961222831,-0.006953960081626369,-0.005033117761809189,-0.004680763796269184
53.0,-10.765625,0.0,0.0,0.0,115.898681640625,0.0,-0.03000807444254557,0.01287575913022586,4.157714843755489e-05,0.0,-0.029966497294108014,0.01287575913022586,0.0052012125651041685,0.012837635355523893,0.004230550130208334,0.005308523824962775,-0.15316457088918153,0.6739518048139649,-10.765625,0.0,0.0,0.0,115.898681640625,0.0,-0.007035420735677079,0.00937254389736636,-0.031696704101562445,0.0,-0.03873212483723952,0.00937254389736636,-0.0036375596788194406,0.00933625551804606,0.011584472656250002,0.00697638403994262,-0.14721723950239352,0.9479908254715234,-0.005444810886307868,-0.0035522707967899567,-0.003260713848915812
53.5,-10.765625,0.0,0.0,0.0,115.898681640625,0.0,-0.024362812042236347,0.013684502313288001,4.157714843755489e-05,0.0,-0.024321234893798793,0.013684502313288001,0.010818684895833312,0.013670419891064834,0.007018025716145823,0.004922705959467367,-0.4054107310332968,0.7501690563920582,-10.765625,0.0,0.0,0.0,115.898681640625,0.0,-0.003580101860894089,0.010371600921893029,-0.031696704101562445,0.0,-0.03527680596245654,0.010371600921893029,-0.00017191569010415795,0.010353416556736487,0.013086886935763896,0.0070966427427120934,-0.2974255336315962,0.7791799105603172,-0.008084133439074426,-0.006219566436455565,-0.005988099461717361
54.0,-10.765625,0.0,0.0,0.0,115.898681640625,0.0,-0.022224388122558586,0.014945065367523073,4.157714843755489e-05,0.0,-0.02218281097412103,0.014945065367523073,0.012953694661458346,0.014875564840733928,0.007967122395833342,0.006005515098180643,-0.4256554805871258,0.3742692508574425,-10.765625,0.0,0.0,0.0,115.898681640625,0.0,-0.0064935641818576195,0.011055381577172538,-0.031696704101562445,0.0,-0.038190268283420065,0.011055381577172538,-0.0030981445312499812,0.011059062258382006,0.011390516493055567,0.0066226306644246655,-0.2633335812046822,0.7863974852028628,-0.008886800044968234,-0.007049880813651767,-0.006877804990159221
54.5,-10.765625,0.0,0.0,0.0,115.898681640625,0.0,-0.023194522857666017,0.011996217033619822,4.157714843755489e-05,0.0,-0.023152945709228462,0.011996217033619822,0.012009175618489585,0.011915844306786931,0.00731689453125,0.004974916642096111,-0.44718519327893613,0.8857529373502937,-10.765625,0.0,0.0,0.0,115.898681640625,0.0,-0.010055584377712666,0.012045102383990267,-0.031696704101562445,0.0,-0.04175228847927511,0.012045102383990269,-0.006640557183159713,0.012039785238716988,0.009367133246527784,0.006215527652001153,-0.22803736609889017,0.6763241515724007,-0.008091845028653254,-0.00628225203633029,-0.006168876669206811
55.0,-10.765625,0.0,0.0,0.0,115.898681640625,0.0,-0.023183663686116535,0.01590258083738269,4.157714843755489e-05,0.0,-0.02314208653767898,0.01590258083738269,0.01201883951822917,0.015829926154774528,0.0071980794270833336,0.005838023241831978,-0.3995550077093015,0.915743562802792,-10.765625,0.0,0.0,0.0,115.898681640625,0.0,-0.006748962402343742,0.009934870264496236,-0.031696704101562445,0.0,-0.0384456665039062,0.009934870264496236,-0.003371175130208326,0.009924368123754817,0.010846625434027781,0.005183715213006748,-0.20226807336182293,0.9761227995088001,-0.007829985890527684,-0.006047401344179001,-0.005992043771047834
55.5,-10.765625,0.0,0.0,0.0,115.898681640625,0.0,-0.020632527669270845,0.016670395312964683,4.157714843755489e-05,0.0,-0.02059095052083329,0.016670395312964683,0.014571329752604154,0.016638157426031912,0.008335774739583326,0.006124314929425204,0.0036640063495503674,0.6596133761589615,-10.765625,0.0,0.0,0.0,115.898681640625,0.0,-0.0019894917805989617,0.009497576268057369,-0.031696704101562445,0.0,-0.0336861958821614,0.009497576268057369,0.0013677978515624972,0.009501890957907648,0.013005642361111111,0.0055162374925979965,-0.07223805563648784,1.2276798397210587,-0.008826300712867977,-0.007070410515277616,-0.007072396012847138
56.0,-10.765625,0.0,0.0,0.0,115.898681640625,0.0,-0.021186370849609348,0.014033526879150675,4.157714843755489e-05,0.0,-0.021144793701171793,0.014033526879150675,0.013994954427083364,0.013997758088857969,0.007887369791666684,0.003785758309281152,-0.06408169738247355,0.6890577649649077,-10.765625,0.0,0.0,0.0,115.898681640625,0.0,-0.002271728515624992,0.011011868656312814,-0.031696704101562445,0.0,-0.03396843261718743,0.011011868656312814,0.0011078559027777857,0.011027273824789062,0.012600911458333341,0.004824521857043314,-0.17248177892708558,0.9172760489235484,-0.00823815947225464,-0.006508653179029206,-0.006567314870764612
56.5,-10.765625,0.0,0.0,0.0,115.898681640625,0.0,-0.02150741577148438,0.01377028677516038,4.157714843755489e-05,0.0,-0.021465838623046823,0.01377028677516038,0.013675638834635412,0.013676611876360772,0.007553914388020832,0.0036967421231198527,-0.2988813825605821,0.7895118363915247,-10.765625,0.0,0.0,0.0,115.898681640625,0.0,-0.0024872504340277797,0.012174615777432203,-0.031696704101562445,0.0,-0.03418395453559023,0.0121746157774322,0.0008584933810763878,0.012179576735132232,0.012237684461805556,0.004678386993805877,-0.29742569171279903,0.7450427582643362,-0.007766592852028911,-0.006063163629116746,-0.006177842393985456
57.0,-10.765625,0.0,0.0,0.0,115.898681640625,0.0,-0.01871845245361328,0.010861928719964838,4.157714843755489e-05,0.0,-0.018676875305175724,0.010861928719964838,0.016467081705729168,0.01080009353445666,0.008787434895833337,0.0025659290672003323,0.054154355301812375,0.9744183621013416,-10.765625,0.0,0.0,0.0,115.898681640625,0.0,-0.000532192654079858,0.011936570748020247,-0.031696704101562445,0.0,-0.032228896755642306,0.011936570748020245,0.0028594292534722256,0.011970122131021962,0.012957085503472222,0.004042308510252041,0.06384173010150139,0.7976721097956128,-0.00886360832040562,-0.007185952902109999,-0.0073559972843883345
57.5,-10.765625,0.0,0.0,0.0,115.898681640625,0.0,-0.021691648165384908,0.012397900103811367,4.157714843755489e-05,0.0,-0.021650071016947353,0.012397900103811367,0.013518778483072933,0.012329786227093006,0.007148234049479175,0.003349340772223926,0.39718853195415177,0.9994910768345938,-10.765625,0.0,0.0,0.0,115.898681640625,0.0,-0.0018173217773437386,0.013244196005259154,-0.031696704101562445,0.0,-0.03351402587890619,0.013244196005259154,0.001596069335937511,0.013282788411966591,0.012062581380208338,0.0056697422357867,0.365597582394454,0.5795938231412779,-0.00708948993257436,-0.005437308580054976,-0.005662074700183742
58.0,-10.765625,0.0,0.0,0.0,115.898681640625,0.0,-0.01821575800577806,0.012411364743210376,4.157714843755489e-05,0.0,-0.018174180857340506,0.012411364743210376,0.017008463541666602,0.012358907227492909,0.008713378906249966,0.004400564389805814,0.23965617715617846,1.0189297105209403,-10.765625,0.0,0.0,0.0,115.898681640625,0.0,-0.004470350477430548,0.01113873097176205,-0.031696704101562445,0.0,-0.03616705457899298,0.01113873097176205,-0.0010907660590277703,0.011175962871182738,0.010462782118055562,0.005258480900689249,0.22686361309407488,0.5249450199214116,-0.008521286283872678,-0.006894282744129738,-0.0071731342106065195
58.5,-10.765625,0.0,0.0,0.0,115.898681640625,0.0,-0.017728010813395177,0.011573906194763974,4.157714843755489e-05,0.0,-0.01768643366495762,0.011573906194763974,0.017459208170572924,0.011538537619254623,0.008796386718750004,0.004029452509670309,0.41665315072298004,0.9155991808200421,-10.765625,0.0,0.0,0.0,115.898681640625,0.0,-0.0004087151421441066,0.011218533388253968,-0.031696704101562445,0.0,-0.03210541924370655,0.011218533388253968,0.0029473198784722137,0.011215626907524302,0.012285698784722217,0.005334697055782117,0.20988284538089455,0.6899674984833186,-0.00847249637965579,-0.006870377844991117,-0.0072026856672872275
59.0,-10.765625,0.0,0.0,0.0,115.898681640625,0.0,-0.023538672129313157,0.010466763878485105,4.157714843755489e-05,0.0,-0.023497094980875603,0.010466763878485105,0.01163614908854166,0.010466064603727135,0.005730387369791663,0.003978584524082534,0.7586053405145253,0.6192479735836295,-10.765625,0.0,0.0,0.0,115.898681640625,0.0,-0.0008604600694444521,0.012060481816570752,-0.031696704101562445,0.0,-0.032557164171006896,0.012060481816570752,0.0025149197048611027,0.01210055893466845,0.01182915581597222,0.006151265451469384,0.26947883026985303,0.611860390951725,-0.005276232067695068,-0.003698709135644639,-0.004083851638134818
59.5,-10.765625,0.0,0.0,0.0,115.898681640625,0.0,-0.02572032848993937,0.009775824014908082,4.157714843755489e-05,0.0,-0.025678751341501816,0.009775824014908082,0.009514770507812501,0.00976711925518754,0.0045098876953125,0.004721737321819444,0.5447864310169027,0.857209739980586,-10.765625,0.0,0.0,0.0,115.898681640625,0.0,-0.002126346164279519,0.011966226336254096,-0.031696704101562445,0.0,-0.03382305026584195,0.011966226336254096,0.0012934705946180507,0.012058578734838652,0.010981580946180555,0.005010210758812195,-0.020017665891689802,0.758950021873675,-0.0039269823586272345,-0.002373768992359703,-0.002811131729252768
60.0,-10.765625,0.0,0.0,0.0,115.898681640625,0.0,-0.02055823008219406,0.013582377432600453,4.157714843755489e-05,0.0,-0.020516652933756506,0.013582377432600453,0.014636230468749949,0.013590110423121539,0.006982421874999975,0.00622668686650421,0.5271502585955686,0.6563498175861356,-10.765625,0.0,0.0,0.0,115.898681640625,0.0,-0.000316704644097231,0.01126546133000251,-0.031696704101562445,0.0,-0.03201340874565967,0.011265461330002509,0.0030571831597222144,0.011338180684475205,0.011675347222222219,0.004851103881653457,-0.29125514965358945,0.9062497842788927,-0.0062722638141399015,-0.004743077303315659,-0.0052320529745744845
60.5,-10.765625,0.0,0.0,0.0,115.898681640625,0.0,-0.022598381042480464,0.009902202956856895,4.157714843755489e-05,0.0,-0.02255680389404291,0.009902202956856895,0.012551574707031256,0.009905467652002063,0.005852050781250003,0.004623542768718075,0.452678594463267,0.5389820357364029,-10.765625,0.0,0.0,0.0,115.898681640625,0.0,-0.0010621515909830714,0.017278678503190665,-0.03184440917968744,0.0,-0.03290656077067052,0.017278678503190665,0.002234632703993056,0.017290538957357916,0.011044514973958336,0.008173090553200403,-0.09393122430231746,1.065959845630833,-0.005016119893519286,-0.0035106808156047204,-0.004050669183844028
61.0,-10.765625,0.0,0.0,0.0,115.898681640625,0.0,-0.028913456598917652,0.00966662762343173,4.157714843755489e-05,0.0,-0.028871879450480097,0.00966662762343173,0.006267700195312493,0.00965066147345494,0.0025976562499999967,0.0037773454541870206,-0.030047602679434304,0.7424335466263872,-10.765625,0.0,0.0,0.0,115.898681640625,0.0,-0.0014158376057942697,0.014771559484644108,-0.031940844726562445,0.0,-0.03335668233235672,0.014771559484644108,0.001800808376736112,0.01479405598503491,0.01064697265625,0.0061484004979176,0.13214451202732483,0.9956245480486634,-0.0016374152221004755,-0.00015544740413212508,-0.0007458552124827273
61.5,-10.765625,0.0,0.0,0.0,115.898681640625,0.0,-0.02211244503657026,0.014792282716934642,4.157714843755489e-05,0.0,-0.022070867888132704,0.014792282716934642,0.013073425292968725,0.014764347886346615,0.005913085937499986,0.006719281486071268,-0.16975408760076907,0.8801561841180715,-10.765625,0.0,0.0,0.0,115.898681640625,0.0,0.002513758341471344,0.01434345172611935,-0.031940844726562445,0.0,-0.0294270863850911,0.01434345172611935,0.005622422960069434,0.014393446236792654,0.01242716471354166,0.0045993190564870565,0.10539906780140322,0.7563045899940827,-0.0048299804456834634,-0.003371210926476841,-0.00401145181740508
62.0,-10.765625,0.0,-4.843749999999957,0.0,115.898681640625,0.0,-0.023264557520548446,0.011409612915655834,4.157714843755489e-05,0.0,-0.02322298037211089,0.011409612915655834,0.011908365885416723,0.011340509127450124,0.0052148437500000285,0.00446969768727931,0.25845993741501067,1.0529866944486872,-10.765625,0.0,-4.843749999999957,0.0,115.898681640625,0.0,0.00385002983940973,0.01621989315195393,-0.032092211914062446,0.0,-0.028242182074652716,0.01621989315195393,0.006867404513888896,0.01625859430429065,0.012809244791666672,0.004967817473590805,-0.019656450320516033,1.0111770550006614,-0.004010302657892863,-0.002574461650690779,-0.0032639560857620708
62.5,-10.7607421875,0.0,-7.8125,0.0,115.79358673095703,0.0,-0.025300264358520508,0.010166038922362383,4.157714843755489e-05,0.0,-0.025258687210082953,0.010166038922362383,0.00988006591796875,0.010095322741754858,0.004114786783854167,0.002145613394039545,0.2561686292765382,0.7852852686807538,-10.7607421875,0.0,-7.8125,0.0,115.79358673095703,0.0,0.0014258490668402778,0.016301143757751192,-0.032184985351562445,0.0,-0.03075913628472217,0.016301143757751192,0.004380967881944444,0.01631997765775836,0.011311848958333334,0.004632443714098408,-0.057924908388766766,1.399816831334761,-0.002790222337981257,-0.0013770431935365233,-0.0021152183741120116
63.0,-10.752890625,0.0,-7.8125,0.0,115.62467102050782,0.0,-0.022600517272949216,0.012294782908893007,4.157714843755489e-05,0.0,-0.02255894012451166,0.012294782908893007,0.012585449218750005,0.012290508618463739,0.005345865885416669,0.0035035596487333906,-0.0209288460020897,0.7887799518408241,-10.752890625,0.0,-7.8125,0.0,115.6246710205078,1.4210854715202004e-14,-0.0007772657606336842,0.014389327087132997,-0.032338793945312444,0.0,-0.03311605970594613,0.014389327087132997,0.0020453559027777735,0.014403457451751136,0.009994303385416665,0.0032080059545038344,0.2024960264706379,1.14870524282138,-0.0039026739084515724,-0.002511893078539036,-0.003298182867394519
63.5,-10.7450390625,0.0,-7.8125,0.0,115.45587860107422,0.0,-0.02307826360066732,0.012085625844150053,4.157714843755489e-05,0.0,-0.023036686452229765,0.012085625844150053,0.012119344075520838,0.012080323141346362,0.004987996419270836,0.003220478702918231,0.3535483952354013,0.7023824959098212,-10.7450390625,0.0,-7.8125,0.0,115.45587860107422,0.0,-9.838528103298914e-05,0.013040467077680624,-0.032429125976562445,0.0,-0.03252751125759543,0.013040467077680624,0.0026002332899305526,0.013044175977260401,0.010154079861111108,0.0036653335858069344,0.4861828799817066,0.8444146416473798,-0.00342755650103846,-0.0020589135023913845,-0.0028927583462477766
64.0,-10.7371875,0.0,-12.81249999999996,1.7763568394002505e-15,115.28720947265627,1.4210854715202004e-14,-0.02528594970703124,0.011054121289114118,4.157714843755489e-05,0.0,-0.025244372558593686,0.011054121289114118,0.009925944010416679,0.010993640295448439,0.003802083333333339,0.0027631407917526997,0.36310369318181984,0.5306055840304229,-10.737187500000001,1.7763568394002505e-15,-12.81249999999996,1.7763568394002505e-15,115.28720947265626,0.0,0.0036070421006944207,0.01040628414009147,-0.03258537597656244,0.0,-0.028978333875868026,0.01040628414009147,0.006196289062499978,0.010429910759792464,0.011807725694444432,0.0038561166712281878,0.592064727806921,0.9118329894733651,-0.0021257590195913533,-0.0007789963982572034,-0.001659843251211938
64.5,-10.724296875,0.0,-10.585937499999998,1.7763568394002505e-15,115.01059936523437,0.0,-0.028845844268798836,0.00895391153361422,4.157714843755489e-05,0.0,-0.02880426712036128,0.00895391153361422,0.0063529459635416645,0.008909574695855566,0.0019600423177083322,0.003064111767708385,0.26174478597574896,0.8919633733239922,-10.724296875,0.0,-10.585937499999998,1.7763568394002505e-15,115.01059936523436,1.4210854715202004e-14,0.0038815477159288183,0.013290776928359803,-0.032673266601562445,0.0,-0.028791718885633626,0.013290776928359803,0.006342773437499999,0.013274129660530837,0.011702338324652777,0.00443737569342,0.5411205276927978,0.7678395972413516,-0.00016918129673313114,0.0011559554071561208,0.00022865315930722778
65.0,-10.713671875000001,1.7763568394002505e-15,-17.968749999999886,0.0,114.78277893066407,0.0,-0.022888374328613365,0.009950154710599709,4.157714843755489e-05,0.0,-0.02284679718017581,0.009950154710599709,0.012280273437499918,0.009982615300394836,0.004909261067708293,0.004298223900272777,0.3781689908398911,0.8351584435843311,-10.713671875000001,1.7763568394002505e-15,-17.968749999999886,0.0,114.78277893066408,1.4210854715202004e-14,-0.0016808403862846693,0.01039146352412213,-0.032831958007812446,0.0,-0.034512798394097106,0.01039146352412213,0.000640869140625054,0.010405060739947413,0.008691406250000028,0.0033355016411228903,0.4020115897557318,0.7725708199738166,-0.002996989371869564,-0.001695494649778729,-0.0026716812441601773
65.5,-10.6955859375,0.0,-18.320312500000053,3.552713678800501e-15,114.39568267822266,0.0,-0.02731378078460685,0.011947591601402031,4.157714843755489e-05,0.0,-0.027272203636169296,0.011947591601402031,0.00790100097656258,0.01194315818415458,0.002573038736979208,0.0038020035820265394,0.22963540907877214,0.4952601402006802,-10.6955859375,0.0,-18.320312500000053,3.552713678800501e-15,114.39568267822266,0.0,-0.0021312967936198118,0.010780063594970427,-0.032917407226562445,0.0,-0.03504870402018226,0.010780063594970428,5.839029947914729e-05,0.010828317461448602,0.008283691406249991,0.0026174433821916903,0.2975447268660158,1.0169062533109587,-0.0005358470851305891,0.0007408962115993804,-0.00028537464810658047
66.0,-10.6771875,0.0,-20.781250000000032,3.552713678800501e-15,114.00238769531249,0.0,-0.0258455657958984,0.008407717919644248,4.157714843755489e-05,0.0,-0.025803988647460845,0.008407717919644248,0.009333496093750041,0.008419115972269684,0.0032657877604166875,0.0036393459367109466,0.2226953276757951,0.5153639431967565,-10.6771875,0.0,-20.781250000000032,3.552713678800501e-15,114.00238769531249,0.0,-0.0011122639973958346,0.010078632258185168,-0.033078540039062444,0.0,-0.03419080403645827,0.010078632258185168,0.0009602864583333323,0.010114342458458202,0.0086279296875,0.0022676983112469512,0.33385993346930853,0.7065059731649806,-0.0011053028842907394,0.00014698552769626567,-0.0009287045017768777
66.5,-10.6562890625,0.0,-23.4375,0.0,113.55661895751952,1.4210854715202004e-14,-0.026263869603474915,0.012880132136392042,4.157714843755489e-05,0.0,-0.02622229245503736,0.012880132136392042,0.008926493326822936,0.012899308922945635,0.0030155436197916766,0.004763096866657766,0.23513047011582536,0.6605267978444479,-10.6562890625,0.0,-23.4375,0.0,113.55661895751952,1.4210854715202004e-14,-0.003207143147786447,0.007050614485275776,-0.033161547851562445,0.0,-0.03636869099934889,0.007050614485275777,-0.0012515597873263779,0.007086845578509437,0.007372368706597228,0.0033984373105372286,0.2532230229984127,0.858948950213576,-0.0007333732059186622,0.0004947534069527971,-0.0006296984918361065
67.0,-10.632734375,0.0,-23.4375,0.0,113.05516174316405,1.4210854715202004e-14,-0.02926933288574218,0.01557170269203095,4.157714843755489e-05,0.0,-0.029227755737304625,0.01557170269203095,0.005920817057291671,0.01554269924134152,0.0014343261718750024,0.005007569771853678,0.06555090417396088,0.717890021114,-10.632734375,0.0,-23.4375,0.0,113.05516174316405,1.4210854715202004e-14,-0.00012081570095487519,0.0113974634961789,-0.03332512207031244,0.0,-0.03344593777126733,0.0113974634961789,0.0017154947916666525,0.011420206070070845,0.00878092447916666,0.0058440633135626785,0.0220118603907711,1.2774909321494679,0.0009764116088945719,0.002178325381253851,0.0010026962192727577
67.5,-10.609179687500001,0.0,-28.710937499999915,0.0,112.55481414794922,1.4210854715202004e-14,-0.024943757057190024,0.008793860603471934,4.157714843755489e-05,0.0,-0.02490217990875247,0.008793860603471934,0.010219828287760338,0.008746777544361426,0.0035705566406249605,0.0023100523281019123,-0.2804736157397314,1.0458707942300614,-10.609179687500001,0.0,-28.71093749999991,3.552713678800501e-15,112.5548141479492,2.842170943040401e-14,0.002052137586805553,0.01486781145362977,-0.033405688476562445,0.0,-0.031353550889756894,0.01486781145362977,0.0037485758463541665,0.014847113551696755,0.009710693359375001,0.0070618839267153,-0.035278193847527506,1.1896922299021504,-0.0010368036603347502,0.00014025869766249493,-0.0010844523568978998
68.0,-10.5803125,0.0,-36.562499999999936,7.105427357601002e-15,111.94322509765625,0.0,-0.02875272989273063,0.011290848675703645,4.157714843755489e-05,0.0,-0.028711152744293075,0.011290848675703645,0.006437174479166749,0.01124912282090649,0.001606445312500042,0.003572131382954095,-0.14548466941045896,0.8701913513772812,-10.5803125,0.0,-36.562499999999936,7.105427357601002e-15,111.94322509765627,1.4210854715202004e-14,0.001218804253472234,0.014208495853599177,-0.03357170410156244,0.0,-0.03235289984809021,0.014208495853599177,0.0028021918402777912,0.01420928033196269,0.009093967013888897,0.006041354077511755,-0.010513032973977494,0.9604492513731635,0.00106116512819766,0.002210220598372326,0.0009325842575194753
68.5,-10.5435546875,0.0,-39.0625,0.0,111.16687469482422,0.0,-0.02796457817157108,0.014399186251533188,4.157714843755489e-05,0.0,-0.027923001023133526,0.014399186251533188,0.007233174641927093,0.014378140715500977,0.0019337972005208381,0.004448668911571435,-0.05461745421462131,0.721222980126928,-10.5435546875,0.0,-39.0625,0.0,111.1668746948242,1.4210854715202004e-14,-0.0025559149848090362,0.01658089675189274,-0.033649829101562445,0.0,-0.03620574408637148,0.01658089675189274,-0.0011469184027777866,0.016616107441874937,0.007069498697916662,0.006236411130518485,0.09263369370791445,1.0283658250352332,0.0008663109242199538,0.0019875405521386008,0.0006575682903922146
69.0,-10.504296875,0.0,-39.0625,0.0,110.34057922363282,0.0,-0.022942813237508172,0.010065863073563485,4.157714843755489e-05,0.0,-0.022901236089070617,0.010065863073563485,0.0122444661458333,0.010025317748055701,0.0043672688802083165,0.0023691795942038887,-0.25866481066676844,0.34837518881139135,-10.504296875,0.0,-39.0625,0.0,110.34057922363283,1.4210854715202004e-14,-0.0014873928493923884,0.017375781145337586,-0.03381828613281245,6.938893903907228e-18,-0.03530567898220483,0.017375781145337586,-0.0001703559027778048,0.01735353859103288,0.007445475260416655,0.007654608033588731,0.3527648657043217,0.8645228339063187,-0.0014324398449438954,-0.0003398442882076129,-0.0017228599696246314
69.5,-10.465039062499999,1.7763568394002505e-15,-44.49218749999995,7.105427357601002e-15,109.51736602783204,0.0,-0.021195030212402346,0.016642657072620817,4.157714843755489e-05,0.0,-0.02115345306396479,0.016642657072620817,0.014001566569010415,0.016677098562492994,0.005199381510416666,0.00564361343342942,0.05809555705795075,0.7347653396779762,-10.465039062499999,1.7763568394002505e-15,-44.49218749999995,7.105427357601002e-15,109.51736602783204,0.0,-0.0012792121039496454,0.016660230373123374,-0.033893969726562445,0.0,-0.03517318183051209,0.016660230373123374,-9.392632378471429e-05,0.01666988665411706,0.007390814887152782,0.0077562883373376405,0.7047888047643895,0.5917872955257725,-0.0021273573488362644,-0.0010642834268466848,-0.002501135854048342
70.0,-10.4203125,0.0,-46.875,0.0,108.5833740234375,0.0,-0.02756112416585292,0.014271391803861213,4.157714843755489e-05,0.0,-0.027519547017415366,0.014271391803861213,0.007611083984374947,0.014268894765801506,0.0019449869791666396,0.0032891601000329547,0.04148683347901879,0.6879031342424275,-10.4203125,0.0,-46.875,0.0,108.5833740234375,0.0,0.0013573540581597464,0.017026281182334606,-0.03406486816406245,0.0,-0.032707514105902696,0.017026281182334606,0.0024115668402778013,0.01701673399563578,0.008558485243055568,0.007349296180959182,0.8824883702813433,0.7577059607323741,0.0012621203426289,0.0022960417571482273,0.0008062240035741271
70.5,-10.373203125000002,1.7763568394002505e-15,-52.38281249999998,7.105427357601002e-15,107.60380004882813,0.0,-0.028947699864705412,0.012829202342244012,4.157714843755489e-05,0.0,-0.028906122716267857,0.012829202342244012,0.006256103515624993,0.012807056275588804,0.0011887613932291634,0.0029232589056037393,0.04758394681491079,0.4266730214925841,-10.373203125000002,1.7763568394002505e-15,-52.382812499999986,1.4210854715202004e-14,107.60380004882813,0.0,-0.0022487555609808766,0.018123189863435845,-0.034138110351562445,0.0,-0.03638686591254332,0.018123189863435845,-0.0012830946180555304,0.0181280310624368,0.006548800998263901,0.008666938827475077,0.8424944557757047,0.8073546128713591,0.002160276759696569,0.0031629417242135327,0.001617786780075518
71.0,-10.320546875,0.0,-60.23437499999999,0.0,106.51430358886718,1.4210854715202004e-14,-0.022265790303548184,0.015120031726995286,4.157714843755489e-05,0.0,-0.02222421315511063,0.015120031726995286,0.012923177083333322,0.01508595610242702,0.004527180989583328,0.004539432518577841,0.4947153134409035,0.5912547978086601,-10.320546875,0.0,-60.234374999999986,7.105427357601002e-15,106.51430358886718,1.4210854715202004e-14,-0.005681050618489582,0.01869279687809037,-0.03431145019531245,0.0,-0.039992500813802026,0.018692796878090372,-0.0048082139756944415,0.01870192973004916,0.0047398546006944455,0.008388758884668885,0.9165096604061433,0.6437346869272188,-0.001025190835472717,-5.70630012539158e-05,-0.0016614253808352887
71.5,-10.26,0.0,-62.5,0.0,105.26839599609376,0.0,-0.028215758005777872,0.01615921621740721,4.157714843755489e-05,0.0,-0.028174180857340317,0.01615921621740721,0.006935017903645959,0.016137740229551955,0.0014721679687500645,0.004595999411345798,0.7590966569238026,0.37657161249142884,-10.26,0.0,-62.5,0.0,105.26839599609376,0.0,-0.007023819817437055,0.019246800474623228,-0.034382250976562445,0.0,-0.04140607079399951,0.019246800474623224,-0.006251627604166653,0.019239326992970842,0.003983289930555563,0.009151409982070367,0.958654427892714,0.8553216422426234,0.002184431212326438,0.003117293160334125,0.0014532592103753638
72.0,-10.1971875,0.0,-68.12499999999994,0.0,103.98342041015626,0.0,-0.02716456095377609,0.016379841005483363,4.157714843755489e-05,0.0,-0.027122983805338535,0.016379841005483363,0.007998860677083284,0.016360022535182896,0.0019238281249999761,0.005384878145171539,0.4155683184003582,0.6276244889163641,-10.1971875,0.0,-68.12499999999994,0.0,103.98342041015624,1.4210854715202004e-14,-0.011986728244357585,0.018284885965783548,-0.034558032226562445,0.0,-0.04654476047092004,0.018284885965783544,-0.011308593749999948,0.018310209632311017,0.001434461805555582,0.008432579890991443,0.9173553948944662,1.1319877775018772,0.001884731054684505,0.0027827797617544113,0.001060172432960551
72.5,-10.128710937500001,1.7763568394002505e-15,-70.3125,0.0,102.59177093505859,0.0,-0.025829792022705078,0.015664743113103945,4.157714843755489e-05,0.0,-0.025788214874267523,0.015664743113103945,0.009341430664062499,0.015618663933689707,0.002530924479166666,0.005072521721115675,0.3116148242491092,0.3815543205767741,-10.128710937500001,1.7763568394002505e-15,-70.3125,0.0,102.59177093505858,1.4210854715202004e-14,-0.009631178114149288,0.016212999561006438,-0.034626391601562445,0.0,-0.044257569715711736,0.016212999561006438,-0.009042358398437485,0.01620010233460523,0.002560763888888897,0.007094757595235698,0.5522227293467556,1.1320704144183562,0.0014361782943297077,0.002297319115885792,0.0005138939329428964
73.0,-10.058046875,0.0,-76.01562499999994,0.0,101.16528137207034,1.4210854715202004e-14,-0.03098169267177577,0.011185139916476452,4.157714843755489e-05,0.0,-0.030940115523338214,0.011185139916476452,0.004146321614583383,0.01116242181461755,-2.400716145830933e-05,0.002354253087947185,0.757183558086873,0.9813726001626746,-10.058046875,0.0,-76.01562499999994,0.0,101.16528137207034,1.4210854715202004e-14,-0.009233517116970477,0.01847919954218537,-0.034626391601562445,0.0,-0.04385990871853292,0.01847919954218537,-0.008714735243055542,0.018448663136091684,0.002702907986111117,0.007999185557469478,0.19314172878625838,0.9896091448960526,0.004150884642214086,0.0049744793652199085,0.003129939877922442
73.5,-9.981640624999999,1.7763568394002505e-15,-83.86718749999999,1.4210854715202004e-14,99.63433837890625,0.0,-0.0332360228896141,0.013829830233346295,4.157714843755489e-05,0.0,-0.03319444574117655,0.013829830233346295,0.001949666341145835,0.013812821089036531,-0.001175130208333332,0.0034074738945042153,0.6463428606983314,1.1260994691431057,-9.981640624999999,1.7763568394002505e-15,-83.86718749999999,1.4210854715202004e-14,99.63433837890625,0.0,-0.009922400580512152,0.022993013909791617,-0.034626391601562445,0.0,-0.044548792182074595,0.022993013909791617,-0.009418063693576388,0.022973302111335768,0.002289089626736112,0.009395403043281817,0.09672562590042649,0.6359136334620893,0.005468246430789506,0.006252203664672652,0.004344363551086325
74.0,-9.89734375,0.0,-91.71875000000006,0.0,97.95883422851561,0.0,-0.0339584223429362,0.012043304939822638,4.157714843755489e-05,0.0,-0.03391684519449865,0.012043304939822638,0.0012438964843749947,0.012053410631197164,-0.0015323893229166688,0.0034973249392734177,0.5718923004079275,0.9393621849518121,-9.89734375,0.0,-91.71875000000006,0.0,97.9588342285156,1.4210854715202004e-14,-0.011016845703125009,0.021341292464862154,-0.03480705566406245,0.0,-0.04582390136718745,0.021341292464862154,-0.0106320529513889,0.021330279331742818,0.001722547743055551,0.007999834184046676,-0.14111214306527092,0.35807077730792436,0.006001990576889474,0.006743151700356517,0.004768467126219927
74.5,-9.805156249999998,1.7763568394002505e-15,-93.75,0.0,96.14275878906251,0.0,-0.027834596633911163,0.009487377676314687,4.157714843755489e-05,0.0,-0.027793019485473608,0.009487377676314687,0.0073732503255208035,0.009489693854836737,0.0015250651041666518,0.0032067088621916123,0.5422653518356643,0.9020546931706264,-9.805156249999998,1.7763568394002505e-15,-93.75,0.0,96.14275878906253,1.4210854715202004e-14,-0.012243550618489578,0.01731763465223767,-0.034870532226562445,0.0,-0.04711408284505203,0.017317634652237672,-0.01187581380208333,0.017289808436304024,0.001061197916666669,0.0066352752628560255,0.10384671029202501,0.5590006971541304,0.003121523874477619,0.0038193900623423667,0.0017778590936711907
75.0,-9.7109375,0.0,-105.46875,0.0,94.303955078125,0.0,-0.03630495071411133,0.009645574616788569,4.157714843755489e-05,0.0,-0.03626337356567377,0.009645574616788569,-0.0010935465494791667,0.009629564022082232,-0.0027364095052083335,0.0024901088774396565,0.2349284423259085,0.3409027520324148,-9.7109375,0.0,-105.46875,0.0,94.303955078125,0.0,-0.009233474731445312,0.02206650756856355,-0.034870532226562445,0.0,-0.04410400695800776,0.02206650756856355,-0.008870442708333334,0.022041894589743823,0.0025634765625,0.008867409096972376,0.4381457933704057,0.9635358700120292,0.007566134066229425,0.008218641638681284,0.006108222186528142
75.5,-9.604921875,0.0,-109.375,0.0,92.25673706054691,1.4210854715202004e-14,-0.03497567176818855,0.007116619903199127,4.157714843755489e-05,0.0,-0.03493409461975099,0.007116619903199127,0.00019989013671868183,0.007098943212512408,-0.0019974772135417027,0.002980417252530759,0.2980751683754607,0.30620618740025707,-9.604921875,0.0,-109.375,0.0,92.25673706054691,1.4210854715202004e-14,-0.012675183614094988,0.018759403801717686,-0.034870532226562445,0.0,-0.04754571584065743,0.018759403801717686,-0.012328762478298545,0.018735758132398573,0.0007642957899305892,0.007437135799789976,0.41113967322463857,1.0398926395994348,0.007010480255118681,0.00761720426070034,0.005438037351704355
76.0,-9.495000000000003,1.7763568394002505e-15,-109.375,0.0,90.15720703125,1.4210854715202004e-14,-0.03674433390299476,0.013187790029076924,4.157714843755489e-05,0.0,-0.036702756754557204,0.013187790029076924,-0.0015698242187499694,0.013121673450040932,-0.0028499348958333187,0.0029425629436393894,0.4238011879613439,0.4275530509752179,-9.495000000000003,1.7763568394002505e-15,-109.375,0.0,90.15720703125,1.4210854715202004e-14,-0.009428846571180599,0.015390932404346244,-0.034870532226562445,0.0,-0.04429937879774304,0.015390932404346242,-0.009065755208333377,0.015405148507841087,0.0023914930555555343,0.00475893076614979,0.3361502140799037,0.9860700363291585,0.008052277728340156,0.008611154137043171,0.006361241131021577
76.5,-9.385078125,0.0,-121.32812500000004,1.4210854715202004e-14,88.08184204101563,1.4210854715202004e-14,-0.03606602350870767,0.011367786531984997,4.157714843755489e-05,0.0,-0.036024446360270114,0.011367786531984997,-0.0008969116210937415,0.011286785346779326,-0.0024434407552083284,0.0036130743339793264,0.6779670863533197,0.5020784123608211,-9.385078125,0.0,-121.32812500000003,2.842170943040401e-14,88.08184204101563,1.4210854715202004e-14,-0.012657733493381099,0.017137955105124617,-0.034870532226562445,0.0,-0.04752826571994354,0.017137955105124614,-0.012320556640625025,0.01716587644115434,0.0007394748263888764,0.005775552633701146,0.24004331804623874,0.8849342463118757,0.007844646373997944,0.008352634759558884,0.006028734371966939
77.0,-9.263125,0.0,-125.0,0.0,85.80825195312502,0.0,-0.03599550565083821,0.009579335503864174,4.157714843755489e-05,0.0,-0.03595392850240065,0.009579335503864174,-0.0008205159505208292,0.009500010852657632,-0.0023445638020833316,0.0013950001521625271,0.5991338034795061,0.5334097767958664,-9.263125,0.0,-125.0,0.0,85.80825195312502,0.0,-0.016471811930338517,0.015253629394300368,-0.034870532226562445,0.0,-0.051342344156900956,0.015253629394300368,-0.016109347873263864,0.015234369074478291,-0.0011905924479166557,0.0048438891865957906,0.018710808505725485,1.1217355230732307,0.007953895572746181,0.008407998306276934,0.006006977668763467
77.5,-9.137500000000001,0.0,-137.10937499999997,2.842170943040401e-14,83.496630859375,0.0,-0.03979673385620115,0.014346962089170936,4.157714843755489e-05,0.0,-0.0397551567077636,0.014346962089170936,-0.004661560058593736,0.014324472091848926,-0.004198201497395826,0.004514701947831108,0.4949230321544762,0.6790007348857086,-9.137500000000001,0.0,-137.10937499999997,2.842170943040401e-14,83.496630859375,0.0,-0.013925976223415812,0.014021378997381324,-0.034681323242187444,0.0,-0.04860729946560325,0.014021378997381326,-0.013472832573784739,0.014005426408131131,7.256401909721637e-05,0.005106514407364565,-0.2594950531962208,1.0293778659198143,0.010014809869383225,0.010414796151665816,0.007937195439114154
78.0,-8.999687499999999,0.0,-140.625,0.0,80.99776855468748,0.0,-0.04078802108764648,0.006805241480932308,4.157714843755489e-05,0.0,-0.040746443939208926,0.006805241480932308,-0.005578613281249998,0.006720213619765026,-0.004593098958333332,0.002908897952823459,0.33546477394134083,0.36141954588816405,-8.999687499999999,0.0,-140.625,0.0,80.99776855468748,0.0,-0.012784796820746526,0.01918095152774444,-0.034626391601562445,0.0,-0.04741118842230897,0.019180951527744437,-0.01228325737847222,0.019188787845028258,0.0006483289930555567,0.006265593162270896,-0.15181044722059658,0.9075421617727298,0.01063253281922514,0.010973640574721489,0.008414066381110743
78.5,-8.858359375000001,0.0,-146.75781249999997,0.0,78.47386840820313,0.0,-0.03953092575073243,0.007768079221165601,4.157714843755489e-05,0.0,-0.039489348602294874,0.007768079221165601,-0.004352010091145839,0.007711558448600724,-0.003918457031250003,0.003342574640875317,-0.050266980198618604,0.4651991121579622,-8.858359375000001,0.0,-146.75781249999997,0.0,78.47386840820313,0.0,-0.010595779418945322,0.011958920915658006,-0.034626391601562445,0.0,-0.04522217102050777,0.011958920915658006,-0.010005967881944454,0.01197994030229597,0.0017428927951388836,0.004926806667864974,-0.5183930336518205,1.0814760604766815,0.010182634342666985,0.010463824963719063,0.007821837612067867
79.0,-8.710859375,0.0,-154.609375,0.0,75.88272644042968,0.0,-0.04585052172342937,0.013757498881042095,4.157714843755489e-05,0.0,-0.045808944574991815,0.013757498881042095,-0.010698445638020844,0.013745430877460758,-0.006958007812500006,0.003503394150071475,-0.19741766751044462,0.5556464339525078,-8.710859375,0.0,-154.609375,0.0,75.88272644042968,0.0,-0.009349806043836804,0.01683990400189768,-0.03443352050781245,0.0,-0.04378332655164926,0.016839904001897676,-0.008649359809027776,0.016881289880815935,0.002334526909722223,0.004743459294320834,-0.820040916476469,0.9492747458057995,0.013442152627554419,0.013664230958242166,0.010941815999954418
79.5,-8.555468750000001,0.0,-156.25,0.0,73.20002441406253,0.0,-0.03935057799021414,0.01078050428640626,4.157714843755489e-05,0.0,-0.03930900084177658,0.01078050428640626,-0.004157918294270945,0.010753420359029316,-0.003607177734375057,0.004682315979817684,-0.5163825567878253,0.6366727188421408,-8.555468750000001,0.0,-156.25,0.0,73.20002441406253,0.0,-0.006619728936089444,0.011816655048576966,-0.034382250976562445,0.0,-0.041001979912651886,0.011816655048576966,-0.005775824652777814,0.011848897048052752,0.0036866590711805377,0.0036769646095206362,-0.6760999101087019,0.7606436025899443,0.010326844783658931,0.010485009299495265,0.007676790131518495
80.0,-8.3984375,0.0,-168.74999999999991,0.0,70.53765869140626,0.0,-0.0398059844970703,0.008911867359121467,4.157714843755489e-05,0.0,-0.03976440734863274,0.008911867359121467,-0.004650878906249981,0.00888725251212252,-0.0037272135416666578,0.003416418299137733,-0.43796399997571767,0.7738427442794377,-8.3984375,0.0,-168.74999999999991,0.0,70.53765869140626,0.0,-0.011006673177083297,0.014830445020910356,-0.03418693847656245,0.0,-0.04519361165364574,0.014830445020910356,-0.010034179687499967,0.014830622528916306,0.0014105902777777966,0.004452051963359096,-0.9497456030659084,0.778888115906765,0.010683542928191635,0.010776934948824562,0.007882770859828943
80.5,-8.228828125,0.0,-171.875,0.0,67.71824951171874,0.0,-0.03281631151835119,0.012011196775657932,4.157714843755489e-05,0.0,-0.032774734369913634,0.012011196775657932,0.0023711140950521317,0.011968257833637266,-0.00016316731770830867,0.0038079031728465215,-0.6045449233925804,0.6698058885224384,-8.228828125,0.0,-171.875,0.0,67.71824951171874,0.0,-0.007275577121310732,0.016528051264084898,-0.033941577148437437,6.938893903907228e-18,-0.041217154269748174,0.016528051264084898,-0.006128540039062467,0.016544936172090314,0.003205295138888905,0.0055663819720470405,-0.9711532770614826,0.8860677776056619,0.0073715410107236526,0.007395363846944985,0.00440996219690998
81.0,-8.05609375,0.0,-184.5312499999999,0.0,64.90519287109377,0.0,-0.03943998972574863,0.012522511293503055,4.157714843755489e-05,0.0,-0.039398412577311075,0.012522511293503055,-0.004255167643229092,0.012465562398974879,-0.0035115559895832964,0.005659437842008142,-1.0503007463456704,0.8494849454587534,-8.05609375,0.0,-184.5312499999999,0.0,64.90519287109377,0.0,0.001198493109808963,0.01455381005599452,-0.033893969726562445,0.0,-0.03269547661675348,0.01455381005599452,0.002521972656249935,0.014577511658553841,0.007379286024305524,0.004592945843203262,-1.0656804675359417,0.8916126293264882,0.010972425233782147,0.01092597071361914,0.007849459966184552
81.5,-7.870625000000001,8.881784197001252e-16,-187.5,0.0,61.952038574218754,0.0,-0.03507208347320558,0.006298067054852608,4.157714843755489e-05,0.0,-0.03503050632476803,0.006298067054852608,7.151285807290323e-05,0.006293653619177541,-0.0012335205078125068,0.003978147236531402,-1.0279074359884979,0.6866753085554735,-7.870625000000002,1.7763568394002505e-15,-187.5,0.0,61.952038574218754,0.0,-0.004827050103081581,0.013483412931332423,-0.03369499511718744,6.938893903907228e-18,-0.03852204522026903,0.013483412931332423,-0.00330213758680554,0.013519773039004727,0.0042178005642361195,0.0036514700402825472,-1.1462476641920025,1.1415573547653552,0.008951739391851597,0.008833083650866548,0.005663998693922861
82.0,-7.682187500000004,8.881784197001252e-16,-193.9062499999999,0.0,59.021193847656285,7.105427357601002e-15,-0.03660699685414626,0.007012207059385882,4.157714843755489e-05,0.0,-0.03656541970570871,0.007012207059385882,-0.0014306640624999493,0.007006401518182317,-0.001956380208333308,0.004849691267991124,-0.9737066048101282,0.7778982868864425,-7.682187500000004,8.881784197001252e-16,-193.9062499999999,0.0,59.02119384765628,1.4210854715202004e-14,0.0070010715060761525,0.011819946410686913,-0.033449633789062454,6.938893903907228e-18,-0.0264485622829863,0.011819946410686913,0.008772786458333091,0.01183772175415679,0.010071614583333215,0.00470817021000145,-1.1077661126489327,1.1576379280504232,0.009939588918890942,0.009746029306539028,0.006481901372019501
82.5,-7.487304687500001,8.881784197001252e-16,-201.75781249999997,2.842170943040401e-14,56.06523895263674,7.105427357601002e-15,-0.03300956686337794,0.013694882936003705,4.157714843755489e-05,0.0,-0.03296798971494039,0.013694882936003705,0.0021713256835937055,0.013616095213991137,-0.00016377766927085495,0.006255700984917057,-0.8181331133601691,0.8467726932445477,-7.487304687500002,0.0,-201.75781249999997,2.842170943040401e-14,56.06523895263673,1.4210854715202004e-14,0.004729037814670194,0.010602160403246078,-0.03320427246093744,6.938893903907228e-18,-0.028475234646267254,0.01060216040324608,0.006753540039062552,0.010618255179176507,0.008713785807291695,0.005161244994578074,-0.8346743362612631,0.9948250641602588,0.008408911056862745,0.00814068866803886,0.004782929783238191
83.0,-7.28453125,0.0,-206.3671875,0.0,53.07021728515624,7.105427357601002e-15,-0.023861333529154437,0.008390033487288309,4.157714843755489e-05,0.0,-0.023819756380716883,0.008390033487288309,0.011262003580729188,0.008358848216986266,0.004472656250000011,0.0036720186570655543,-0.8929130358573767,1.0419710042077333,-7.284531249999999,8.881784197001252e-16,-206.3671875,0.0,53.07021728515623,1.4210854715202004e-14,0.004399854871961807,0.008625681340311149,-0.03295891113281244,0.0,-0.028559056260850632,0.008625681340311147,0.006628689236111113,0.008638395299947197,0.008358561197916666,0.004173295152792198,-0.6799787488264077,0.8517706602470034,0.00404979053972493,0.0037020588847361336,0.0002453979319513946
83.5,-7.077128906250002,0.0,-213.55468749999991,0.0,50.09165885925296,0.0,-0.027035140991210873,0.009977082516224745,4.157714843755489e-05,0.0,-0.026993563842773318,0.009977082516224745,0.008131815592447978,0.009989066339493449,0.0028161621093750326,0.005545692765594143,-1.0932745707525948,1.018728284494475,-7.077128906250002,0.0,-213.55468749999994,2.842170943040401e-14,50.09165885925296,0.0,0.010478210449218673,0.010236274815247297,-0.03271354980468744,6.938893903907228e-18,-0.022235339355468772,0.010236274815247297,0.013017374674479089,0.010285021166460264,0.011217990451388854,0.006278463262573999,-1.0277884008352653,0.7014249644549421,0.005982763559018919,0.00555512942701184,0.002000180273401737
84.0,-6.8625,8.881784197001252e-16,-218.12499999999997,0.0,47.10010986328126,0.0,-0.0236508369445801,0.01397740167922339,4.157714843755489e-05,0.0,-0.023609259796142545,0.01397740167922339,0.011522623697916642,0.013950779920817174,0.004438476562499989,0.004396219113071208,-1.0471716868201282,0.9340604694168585,-6.862499999999999,1.7763568394002505e-15,-218.12499999999997,0.0,47.10010986328126,0.0,0.007192789713541691,0.011010519863307852,-0.03226311035156245,0.0,-0.025070320638020754,0.01101051986330785,0.010014648437500023,0.011007024294740354,0.009425998263888902,0.0056647766884239505,-0.931941864559051,0.7001079438157141,0.004652256965203357,0.004139869408676521,0.000481393037671599
84.5,-6.6432812499999985,0.0,-222.05078125000003,0.0,44.13945312499998,0.0,-0.02636248906453453,0.011714005337778038,4.157714843755489e-05,0.0,-0.026320911916096975,0.011714005337778038,0.008807983398437474,0.011703474558222014,0.0029510498046874858,0.0026324108158831813,-0.857469726183115,1.2308381853686048,-6.643281249999999,8.881784197001252e-16,-222.05078125000003,0.0,44.13945312499998,0.0,0.013031785753038245,0.010420394026551276,-0.031978686523437445,0.0,-0.0189469007703992,0.010420394026551276,0.01621222601996533,0.01048345372389002,0.01211927625868058,0.0035451518677197826,-0.9714814536591929,0.5710068124721054,0.006430086043166104,0.0058326928678598886,0.0020715181461695344
85.0,-6.420117187500002,0.0,-229.29687499999997,2.842170943040401e-14,41.2242256164551,0.0,-0.02444919745127362,0.009540794494728494,4.157714843755489e-05,0.0,-0.024407620302836067,0.009540794494728494,0.010752360026041645,0.00952953400477229,0.0038492838541666565,0.001496721198653916,-0.645286720115818,1.2863848151771284,-6.4201171875000025,8.881784197001252e-16,-229.29687499999994,0.0,41.2242256164551,0.0,0.014944458007812494,0.008371783099882988,-0.03152580566406244,6.938893903907228e-18,-0.016581347656249953,0.00837178309988299,0.0184536404079861,0.008394747724972623,0.01285671657986111,0.004129597667953057,-1.1236428411721424,0.8014052208870718,0.005826711697518999,0.005142453254494623,0.0012772813147473167
85.5,-6.18966796875,0.0,-233.80859375,0.0,38.318574600219726,0.0,-0.017582575480143234,0.011396878312025826,4.157714843755489e-05,0.0,-0.01754099833170568,0.011396878312025826,0.01755930582682291,0.011347548059245753,0.0072349039713541655,0.002173610530891448,-1.2051149737306945,1.0222305106986525,-6.18966796875,0.0,-233.80859375,0.0,38.318574600219726,0.0,0.022896169026692705,0.008982576074963456,-0.031243823242187448,3.469446951953614e-18,-0.008347654215494743,0.008982576074963455,0.026786566840277772,0.00901188330136294,0.016549750434027777,0.004084657865845493,-0.995458816808925,1.0830622485613033,0.0027427795291282827,0.0019691424763363828,-0.0020021841329255574
86.0,-5.954687500000003,0.0,-241.09374999999991,2.842170943040401e-14,35.46491699218754,0.0,-0.013807086944580124,0.010598285385013242,4.157714843755489e-05,0.0,-0.013765509796142569,0.010598285385013242,0.02131306966145829,0.010580455812175803,0.00899658203124998,0.00528347896060334,-1.4941216552544698,0.39744003539256556,-5.954687500000004,8.881784197001252e-16,-241.09374999999994,5.684341886080802e-14,35.46491699218754,0.0,0.018613552517361204,0.011490862777410581,-0.030788500976562445,6.938893903907228e-18,-0.01217494845920125,0.01149086277741058,0.022840440538194534,0.011500876033462502,0.014068467881944498,0.004107892211085016,-0.998231324159065,1.0923059132492452,0.0012840053047273557,0.0004200253450358533,-0.00365758172852373
86.5,-5.712382812500002,8.881784197001252e-16,-242.1875,0.0,32.63816680908206,7.105427357601002e-15,-0.014141418139139805,0.009075406389263713,4.157714843755489e-05,0.0,-0.01409984099070225,0.009075406389263713,0.021027323404947923,0.009071976229104902,0.008632812500000003,0.0037030024099111215,-1.7970170359696722,0.5032335906126014,-5.712382812500002,8.881784197001252e-16,-242.1875,0.0,32.63816680908206,7.105427357601002e-15,0.024692654079861053,0.007186577288866016,-0.03050895996093745,3.469446951953614e-18,-0.005816305881076396,0.007186577288866015,0.029375745985242993,0.007199806144441653,0.016824951171874974,0.004418543563761526,-0.8299771111050407,1.1570886709170456,0.001956265073675855,0.0009997813474767305,-0.003185818961678304
87.0,-5.468984374999999,0.0,-245.5859375,0.0,29.916423950195306,3.552713678800501e-15,-0.011595789591471345,0.009572340652816404,4.157714843755489e-05,0.0,-0.01155421244303379,0.009572340652816404,0.023605143229166677,0.00954579006869612,0.009713134765625004,0.0036273200377270488,-1.653210951917007,0.818002719147036,-5.468984374999999,0.0,-245.5859375,0.0,29.916423950195306,3.552713678800501e-15,0.02283393012152777,0.007332084503619751,-0.030051196289062443,0.0,-0.007217266167534677,0.007332084503619751,0.02798231336805555,0.0073875255542957185,0.015587565104166657,0.005015310581977637,-0.53169635811237,1.0012136719139417,0.0011855072237681903,0.00013560988635454366,-0.004158065825051897
87.5,-5.222167968750003,0.0,-249.51171874999997,0.0,27.277662277221708,0.0,-0.004868825276692786,0.009969929979646372,4.157714843755489e-05,0.0,-0.004827248128255231,0.009969929979646372,0.030273437499999927,0.009933256819862903,0.012878417968749964,0.0024645030717740943,-0.9874523195446175,1.2531067708240837,-5.222167968750003,0.0,-249.51171874999994,2.842170943040401e-14,27.277662277221708,0.0,0.027686225043402714,0.00959471343460206,-0.029560473632812452,0.0,-0.0018742485894097374,0.009594713434602062,0.03328620062934021,0.009571182420964285,0.017700195312499972,0.004921505525637708,-0.43865165325126526,0.3871869750773626,-0.001670209987570304,-0.0028141200569231552,-0.007215572398253227
88.0,-4.971406250000001,0.0,-250.0,0.0,24.721480102539072,0.0,-0.0014022827148437603,0.01416559640913735,4.157714843755489e-05,0.0,-0.0013607055664062054,0.01416559640913735,0.03378255208333333,0.014105055573934005,0.014415690104166662,0.004205555631759894,-0.9973154016122857,1.2324692617883466,-4.971406250000001,0.0,-250.0,0.0,24.72148010253907,3.552713678800501e-15,0.03061170789930555,0.010604843009478787,-0.029069750976562447,0.0,0.0015419569227431002,0.010604843009478787,0.036664496527777764,0.010600713622176516,0.018791232638888888,0.007420686722106636,-0.7757576263435656,0.5213699960222206,-0.0028922427177447523,-0.0041323143890169365,-0.008643305632008465
88.5,-4.720156249999998,0.0,-253.45703125000003,0.0,22.286235961914045,0.0,-0.0018630981445312566,0.016163826683137934,4.157714843755489e-05,0.0,-0.0018215209960937017,0.016163826683137934,0.033310750325520826,0.016109402344447507,0.013846842447916662,0.005231371756599852,-0.8937797161063735,0.964897869217916,-4.720156249999998,0.0,-253.45703125000006,2.842170943040401e-14,22.286235961914045,0.0,0.029413079155815963,0.01445642445306883,-0.028579028320312443,0.0,0.0008340508355035176,0.01445642445306883,0.035994127061631936,0.014463018146707383,0.017801445855034712,0.006948361833655482,-0.5294731829765937,0.651506024337677,-0.0020071707692755937,-0.003344248337736142,-0.007964848778243067
89.0,-4.465429687500002,0.0,-253.90625,0.0,19.946373748779312,3.552713678800501e-15,0.006292978922525977,0.014385887071654356,4.157714843755489e-05,0.0,0.006334556070963532,0.014385887071654356,0.0414780680338541,0.014343085857061766,0.017700602213541635,0.005474020355991143,-0.42514140048320215,0.8256223327857074,-4.465429687500002,0.0,-253.90625,0.0,19.946373748779312,3.552713678800501e-15,0.03353742811414927,0.008065645708411303,-0.028088305664062445,3.469446951953614e-18,0.0054491224500868235,0.008065645708411305,0.04069010416666662,0.008095996392755034,0.019494357638888876,0.004647597897917148,-0.29682861897217594,0.8144971678812525,-0.005538980675414806,-0.006975199656672494,-0.011707204320523731
89.5,-4.21025390625,0.0,-253.90625,0.0,17.732296371459963,3.552713678800501e-15,-0.005402539571126311,0.01829451657214552,4.157714843755489e-05,0.0,-0.005360962422688756,0.01829451657214552,0.029772847493489574,0.018301519962604398,0.011414794921874994,0.0072411033466326215,0.05992827159819266,1.043376009899131,-4.21025390625,0.0,-253.90625,0.0,17.732296371459963,3.552713678800501e-15,0.032153184678819446,0.011093282209444215,-0.02737907714843745,6.938893903907228e-18,0.004774107530381998,0.011093282209444215,0.039890882703993054,0.01110695744401964,0.01845865885416666,0.003949353002925739,-0.22117205710956667,1.0944307393261008,0.0010639740694796049,-0.0004705999294954879,-0.005312000811101909
90.0,-3.9550781250000036,0.0,-253.90625,0.0,15.648445129394561,0.0,0.006749216715494576,0.010575511125100766,4.157714843755489e-05,0.0,0.0067907938639321305,0.010575511125100766,0.04193929036458311,0.01051842576986225,0.017321777343749893,0.002417557261780706,0.15140702396561415,1.0041205808150162,-3.955078125000003,4.440892098500626e-16,-253.90625,0.0,15.648445129394563,1.7763568394002505e-15,0.03747016059027769,0.01009420838365166,-0.026862719726562453,0.0,0.01060744086371524,0.010094208383651658,0.04580620659722213,0.01013046007915905,0.02072753906249996,0.006787421618017339,0.137805716418993,1.1834770122519154,-0.004526594850467868,-0.006159830942768469,-0.011110107528675847
90.5,-3.699902343750001,4.440892098500626e-16,-253.90625,0.0,13.694820022583018,1.7763568394002505e-15,0.002412376403808635,0.012384274386667851,4.157714843755489e-05,0.0,0.00245395355224619,0.012384274386667851,0.03750986735026046,0.012303228425083957,0.014789021809895856,0.0041860463988557675,0.11228714048538165,0.3969230442999666,-3.699902343750001,4.440892098500626e-16,-253.90625,0.0,13.694820022583018,1.7763568394002505e-15,0.03636132134331599,0.01271046926768331,-0.026151049804687458,6.938893903907228e-18,0.010210271538628536,0.01271046926768331,0.0452664523654514,0.012664501224524177,0.019719509548611118,0.006394649738266443,-0.17321440630765958,1.0733022721695624,-0.0016771723761515051,-0.003409625208045979,-0.008468626894387585
91.0,-3.4447265624999983,4.440892098500626e-16,-252.12890625,0.0,11.871421051025381,1.7763568394002505e-15,0.0020606613159179707,0.01694730023837577,4.157714843755489e-05,0.0,0.0021022384643555256,0.01694730023837577,0.037255859375,0.016856811281373084,0.014296874999999999,0.00736708336301784,0.16561631185655715,0.4965311512406622,-3.4447265624999983,4.440892098500626e-16,-252.12890625,0.0,11.871421051025381,1.7763568394002505e-15,0.03153327094184025,0.011845621297397465,-0.02563713378906244,3.469446951953614e-18,0.0058961371527778104,0.011845621297397465,0.041152208116319415,0.011846186644792436,0.016956515842013877,0.005961746094810212,0.16040137072851804,0.546298439277555,-0.0008738466880754674,-0.002704459465039371,-0.007869970617936352
91.5,-3.1913378906250025,0.0,-248.37890625000003,0.0,10.189574718475358,1.7763568394002505e-15,0.0018434715270996124,0.017035794792751437,4.157714843755489e-05,0.0,0.0018850486755371673,0.017035794792751437,0.03697601318359375,0.01697906785217786,0.013909912109375004,0.006054942135942568,0.08034849129819628,1.068809805070629,-3.191337890625003,4.440892098500626e-16,-248.37890625000006,2.842170943040401e-14,10.189574718475358,1.7763568394002505e-15,0.040443589952256845,0.010987221923178902,-0.02492302246093745,3.469446951953614e-18,0.01552056749131938,0.010987221923178903,0.050686306423610994,0.011016966781297865,0.021052585177951336,0.005428088469660183,0.6049004480400932,0.7220943609685732,-0.00017597513213647546,-0.0021050993705310165,-0.007376809125369676
92.0,-2.94171875,4.440892098500626e-16,-244.453125,0.0,8.658237609863285,0.0,0.0054321797688802005,0.02146071973812198,4.157714843755489e-05,0.0,0.005473756917317755,0.02146071973812198,0.040596516927083326,0.02141828572984907,0.015410156249999996,0.007918195744130505,0.39532759991744343,0.955511086062028,-2.94171875,4.440892098500626e-16,-244.453125,0.0,8.658237609863285,0.0,0.032866210937500015,0.012452202767972672,-0.024186938476562447,0.0,0.008679272460937575,0.012452202767972674,0.04388454861111113,0.012454725313150871,0.01681532118055557,0.0058731670802030485,0.7325521339193292,1.2301379092480837,-0.0013705750961718645,-0.003397155047593893,-0.008772959034213611
92.5,-2.696044921874998,0.0,-240.52734374999997,0.0,7.272793292999256,0.0,0.00367727279663084,0.01750426811105595,4.157714843755489e-05,0.0,0.003718849945068395,0.01750426811105595,0.038862609863281224,0.017502898183991943,0.014188639322916653,0.006728215154746716,0.3537466290762257,1.0050030204481613,-2.6960449218749973,4.440892098500626e-16,-240.52734374999994,2.842170943040401e-14,7.272793292999255,8.881784197001252e-16,0.03789655897352436,0.008455531549341425,-0.023450854492187444,3.469446951953614e-18,0.014445704481336922,0.008455531549341425,0.049711778428819506,0.00850022376505457,0.019046359592013912,0.004765937870566483,0.8619291181547021,1.6453027916472454,0.00015075124768072073,-0.001972037120239802,-0.0074496416069948935
93.0,-2.4543164062500016,0.0,-236.60156250000003,0.0,6.027426109313972,8.881784197001252e-16,0.0037129211425781226,0.01337074217829584,4.157714843755489e-05,0.0,0.0037544982910156775,0.01337074217829584,0.0389044189453125,0.013316543298457922,0.013965250651041669,0.003379140097305532,0.050917642470373004,1.7335853341060457,-2.4543164062500016,0.0,-236.60156250000006,2.842170943040401e-14,6.027426109313972,8.881784197001252e-16,0.036831393771701394,0.012868949291853253,-0.022487719726562452,0.0,0.014343674045138949,0.012868949291853253,0.049418809678819446,0.012865236196855957,0.018099500868055562,0.004873874484265922,0.9406189423279278,1.1856206839843828,0.0006683165501830263,-0.0015494541440997066,-0.007126655782987354
93.5,-2.2165332031249996,0.0,-228.11035156249997,0.0,4.916413784027099,8.881784197001252e-16,0.0035094706217447904,0.013090257096789846,4.157714843755489e-05,0.0,0.0035510477701823453,0.013090257096789846,0.038729858398437504,0.0130101783326948,0.013576253255208332,0.004676327778167334,0.28240615856582624,1.5424201749646371,-2.2165332031249996,0.0,-228.11035156249994,2.842170943040401e-14,4.916413784027099,8.881784197001252e-16,0.026031663682725675,0.013823209600397185,-0.021734545898437443,0.0,0.00429711778428823,0.013823209600397185,0.039503377278645814,0.013866919537314826,0.012356092664930545,0.0060741363891721415,1.3884638875483633,0.6778057711769659,0.001346057415308674,-0.0009654904749709977,-0.006640175250506332
94.0,-1.9872851562500031,0.0,-221.11328125000009,0.0,3.9522223472595353,4.440892098500626e-16,0.0008096822102864992,0.01903338132638869,4.157714843755489e-05,0.0,0.0008512593587240541,0.01903338132638869,0.03602010091145837,0.019003079017267395,0.011943359375000025,0.007284041823169093,0.36768014429147894,1.3102690640924841,-1.9872851562500031,0.0,-221.11328125000006,2.842170943040401e-14,3.952222347259535,0.0,0.03311075846354155,0.007631498060708445,-0.020768969726562458,0.0,0.012341788736979088,0.007631498060708445,0.04751356336805542,0.007649185235128774,0.01566026475694439,0.0046343545891541155,1.2482772309432535,0.7450697647681295,0.0032594478404415015,0.0008561392185574487,-0.004912913463637955
94.5,-1.765068359375001,2.220446049250313e-16,-213.32031250000003,0.0,3.1179980087280317,0.0,0.004769528706868468,0.010619702903151814,4.157714843755489e-05,0.0,0.004811105855306023,0.010619702903151814,0.03990468343098957,0.010591972810222451,0.013724975585937492,0.0029607515125692446,0.448004686285943,1.29737604669374,-1.7650683593750007,4.440892098500626e-16,-213.32031250000003,0.0,3.1179980087280317,0.0,0.0276755777994792,0.008569798751993254,-0.019787524414062452,0.0,0.00788805338541675,0.008569798751993254,0.04306979709201392,0.008631183994784514,0.012615017361111126,0.005606616313751636,0.9233838219434077,1.116143666994914,0.0017469809885239367,-0.0007451791507679609,-0.006604380753769392
95.0,-1.5506835937499988,0.0,-203.61328124999997,2.842170943040401e-14,2.406772422790523,0.0,0.004995473225911459,0.011947627757074343,4.157714843755489e-05,0.0,0.005037050374349014,0.011947627757074343,0.040140787760416664,0.011912582736369031,0.013525390625,0.0033019135769471555,0.5281177156177259,0.9268403624409137,-1.5506835937499988,0.0,-203.61328124999997,2.842170943040401e-14,2.406772422790523,0.0,0.027117580837673606,0.009876412383339831,-0.01880607910156244,0.0,0.00831150173611117,0.00987641238333983,0.04351331922743056,0.009861573417778312,0.012114800347222222,0.003635073228912377,0.7525898761250404,1.486285101484414,0.002204357294985356,-0.00037370443434692376,-0.006318850915090128
95.5,-1.3460546875000021,0.0,-193.7988281250001,0.0,1.813636360168463,2.220446049250313e-16,0.0008173624674479638,0.012973154967722176,4.157714843755489e-05,0.0,0.0008589396158855187,0.012973154967722176,0.03598286946614588,0.01286809618475071,0.011216430664062527,0.0025854273895120107,0.5604077793408765,0.47181728122575656,-1.3460546875000021,0.0,-193.7988281250001,0.0,1.8136363601684633,0.0,0.02362202962239587,0.011782669915885854,-0.017591479492187454,3.469446951953614e-18,0.0060305501302084135,0.011782669915885854,0.04112976074218753,0.011806650662196562,0.0100519476996528,0.004478871021978754,0.5281958077368212,1.4481433702657376,0.004760032929655114,0.0020989777242200313,-0.003928029855337915
96.0,-1.1512890625000003,0.0,-181.640625,0.0,1.3269021987915044,0.0,0.0024271647135416644,0.015367591741188511,4.157714843755489e-05,0.0,0.0024687418619792193,0.015367591741188511,0.037642415364583334,0.015261840688774134,0.0116943359375,0.004029361844521343,0.7101608786178932,0.39558009970487507,-1.1512890625000003,0.0,-181.640625,0.0,1.3269021987915044,0.0,0.02619222005208333,0.009446074691407022,-0.016599047851562448,0.0,0.009593172200520885,0.009446074691407024,0.044830729166666666,0.009473697915324458,0.011179470486111112,0.004559081163212436,0.9308732355607331,1.3258828606074904,0.004518040726890557,0.001776859131380754,-0.004328041788476289
96.5,-0.9687426757812531,1.1102230246251565e-16,-169.37255859375023,0.0,0.9395707380771706,1.1102230246251565e-16,-0.0005627568562824951,0.01652509018794506,4.157714843755489e-05,0.0,-0.0005211797078449402,0.01652509018794506,0.03467661539713548,0.01649113678900615,0.010030314127604197,0.004615250868016023,1.4255576441245277,0.6167843036615752,-0.9687426757812531,1.1102230246251565e-16,-169.37255859375023,0.0,0.9395707380771705,0.0,0.02542921278211807,0.01089525206430305,-0.015382006835937465,1.734723475976807e-18,0.010047205946180606,0.010895252064303052,0.04530381944444443,0.01086740169980512,0.010549858940972233,0.0027596901658014875,1.1854415296798106,1.0974488959475783,0.006399702534460953,0.003583358649981088,-0.002592781124228221
97.0,-0.7985253906250014,0.0,-155.6835937500001,0.0,0.6384733867645287,0.0,-0.0033109792073567497,0.015422782393153433,4.157714843755489e-05,0.0,-0.003269402058919195,0.015422782393153433,0.03184285481770835,0.01538763140864951,0.008429768880208346,0.0044681708524495585,1.5394655122438472,0.810675076247502,-0.7985253906250014,0.0,-155.6835937500001,0.0,0.6384733867645287,0.0,0.024956665039062503,0.01268482376189885,-0.013918383789062457,0.0,0.011038281250000047,0.01268482376189885,0.04617038302951388,0.012737626929854582,0.010130479600694447,0.0034861602146494864,1.2586675928961095,0.7690311446996155,0.00820250970438971,0.005315202876197518,-0.0009265863874220806
97.5,-0.6420654296874996,0.0,-140.75317382812497,2.842170943040401e-14,0.41283569335937437,0.0,-0.0035859425862630225,0.011437779762044915,4.157714843755489e-05,0.0,-0.0035443654378254676,0.011437779762044915,0.03163960774739583,0.011367046925934337,0.008223470052083333,0.00206254782605191,1.2294801891359555,1.1761947027624562,-0.6420654296874996,0.0,-140.75317382812497,2.842170943040401e-14,0.4128356933593743,5.551115123125783e-17,0.01810607910156248,0.015543857559329534,-0.012684252929687443,1.734723475976807e-18,0.005421826171875039,0.015543857559329535,0.04061618381076387,0.015560147779840708,0.006494818793402769,0.005079101765621646,1.5769391379743045,0.9087321292971615,0.008594656709572976,0.005640903352577806,-0.00066058673516943
98.0,-0.5006103515625019,1.1102230246251565e-16,-125.54687500000021,0.0,0.25099697709083785,0.0,-0.005980987548828091,0.007493448586860006,4.157714843755489e-05,0.0,-0.005939410400390536,0.007493448586860006,0.029263916015625033,0.007492567028235491,0.006783854166666687,0.0023810185695712196,1.614973161604012,1.1263330948907968,-0.5006103515625019,1.1102230246251565e-16,-125.5468750000002,1.4210854715202004e-14,0.25099697709083785,0.0,0.014292060004340329,0.011897742033272155,-0.011218188476562464,1.734723475976807e-18,0.003073871527777864,0.011897742033272157,0.03826660156250004,0.011903528834243476,0.00448784722222225,0.0035355132591199877,2.0007289440883165,0.9623213571605465,0.010200781899408953,0.0071859356293958575,0.0008317373459479178
98.5,-0.37443725585937543,5.551115123125783e-17,-108.89160156250004,1.4210854715202004e-14,0.14043502062559174,2.7755575615628914e-17,-0.013588790496190361,0.014114244584411276,4.157714843755489e-05,0.0,-0.013547213347752806,0.014114244584411276,0.02154022216796878,0.014128765757588738,0.0028267415364583493,0.008088009292954886,1.648042170503115,1.0905989112660917,-0.37443725585937543,5.551115123125783e-17,-108.89160156250003,2.842170943040401e-14,0.14043502062559174,2.7755575615628914e-17,0.012835049099392365,0.012098814441283993,-0.009746020507812451,0.0,0.003089028591579916,0.012098814441283993,0.03822157118055555,0.012098236887986101,0.0036471896701388926,0.0041192449558912275,2.0812747997806573,0.7733742378816877,0.014305229495578959,0.011234625880355,0.004834638786531659
99.0,-0.26500244140624923,0.0,-91.36108398437489,0.0,0.0703431457281108,0.0,-0.016619163354237892,0.011225263914012427,4.157714843755489e-05,0.0,-0.016577586205800337,0.011225263914012427,0.01858337402343748,0.01124118423646534,0.0013570149739583239,0.005114068673571675,1.2725408001286918,0.9790536488371686,-0.26500244140624923,0.0,-91.36108398437489,0.0,0.0703431457281108,0.0,0.008037075466579828,0.010787615428269936,-0.008032153320312431,1.734723475976807e-18,4.922146267394598e-06,0.010787615428269937,0.035052625868055534,0.010776448070293026,0.0011911349826388721,0.004465971361382769,1.6075186839347053,0.8853442471629208,0.015899478620068866,0.012779482910856644,0.006341930583032494
99.5,-0.17318542480468846,0.0,-72.90679931640646,1.4210854715202004e-14,0.030034558400512168,0.0,-0.00993415196736661,0.01182159260833384,4.157714843755489e-05,0.0,-0.009892574818929056,0.01182159260833384,0.025315958658854096,0.01184681950118736,0.004581705729166632,0.004235231656970051,1.0542308033763192,0.9515367560301601,-0.17318542480468846,0.0,-72.90679931640646,1.4210854715202004e-14,0.030034558400512168,0.0,0.00555287679036461,0.010203623477867208,-0.00655754394531246,8.673617379884035e-19,-0.0010046671549478513,0.010203623477867208,0.03421088324652779,0.010243283215379664,-0.00010213216145831966,0.0040428340150227195,1.0934774679892034,0.8837933863528507,0.012776679571475316,0.009613629311076224,0.0031466584055381296
100.0,-0.09991455078125,0.0,-53.497314453125,0.0,0.009982917457818985,0.0,-0.021319071451822918,0.011158928392401554,4.157714843755489e-05,0.0,-0.021277494303385363,0.011158928392401554,0.013834635416666666,0.01114470681175034,-0.0011393229166666667,0.003823137905776805,0.6997939126845386,0.831115914847513,-0.09991455078125,0.0,-53.497314453125,0.0,0.009982917457818985,0.0,0.002078586154513889,0.01737476646312301,-0.004841235351562445,0.0,-0.002762649197048556,0.01737476646312301,0.032470703125,0.01738605826146142,-0.0018446180555555555,0.005812975362838053,0.9941095146173262,0.9921107000719458,0.018574913868695715,0.01537573364252374,0.008888224894178537
