phase_pct,baseline_omega_mean,baseline_omega_std,baseline_alpha_mag_mean,baseline_alpha_mag_std,baseline_omega_sq_mean,baseline_omega_sq_std,baseline_sp_feedback_mean,baseline_sp_feedback_std,baseline_turn_ff_mean,baseline_turn_ff_std,baseline_required_turn_voltage_mean,baseline_required_turn_voltage_std,baseline_motor_voltage_delta_mean,baseline_motor_voltage_delta_std,baseline_speed_error_mean,baseline_speed_error_std,baseline_acceleration_mean,baseline_acceleration_std,trial_omega_mean,trial_omega_std,trial_alpha_mag_mean,trial_alpha_mag_std,trial_omega_sq_mean,trial_omega_sq_std,trial_sp_feedback_mean,trial_sp_feedback_std,trial_turn_ff_mean,trial_turn_ff_std,trial_required_turn_voltage_mean,trial_required_turn_voltage_std,trial_motor_voltage_delta_mean,trial_motor_voltage_delta_std,trial_speed_error_mean,trial_speed_error_std,trial_acceleration_mean,trial_acceleration_std,predicted_speed_error_unconstrained,predicted_speed_error_constrained,predicted_speed_error_conservative
0.0,-0.09661865234375,0.0,117.24853515625,0.0,0.009335163980722427,0.0,-0.002864837646484375,0.0106361387518367,-0.00010126953125000338,0.0,-0.0029661071777343784,0.0106361387518367,0.0335235595703125,0.010627119452491712,0.00408935546875,0.006654511685902789,1.0706050134761254,0.4906589290653764,-0.09661865234375,0.0,117.24853515625,0.0,0.009335163980722427,0.0,-0.020488739013671875,0.01113208861988288,-0.010599316406250003,0.0,-0.03108805541992188,0.01113208861988288,0.0051727294921875,0.01111157340484594,-0.003631591796875,0.005183947616491667,0.8508997919398285,0.3888677028426635,0.00640869140625,0.00640869140625,0.00640869140625
0.5,-0.18631378173828123,2.7755575615628914e-17,149.88616943359375,0.0,0.037184231560677294,0.0,0.0033626937866210933,0.007371645498596334,-0.00010126953125000338,0.0,0.00326142425537109,0.007371645498596334,0.03973941802978516,0.007417356066598039,0.0071243286132812505,0.006690016973358396,1.1179499414973155,0.3919997023262413,-0.18631378173828123,2.7755575615628914e-17,149.88616943359375,0.0,0.037184231560677294,0.0,-0.024384593963623045,0.00816779795917091,-0.013587597656250004,0.0,-0.03797219161987306,0.00816779795917091,-0.001702651977539062,0.008147709973959357,-0.005545959472656249,0.003237011336647288,1.1568187722515186,0.36111554186329337,0.00337371826171875,0.00337371826171875,0.00337371826171875
1.0,-0.29862060546874997,5.551115123125783e-17,181.1328125,0.0,0.09554422199726104,0.0,-0.0010251808166503904,0.009761172509814897,-0.00010126953125000338,0.0,-0.0011264503479003938,0.009761172509814897,0.03533279418945312,0.009816907380111546,0.004837951660156251,0.008385263795402009,1.150553243143574,0.468989155261194,-0.29862060546874997,5.551115123125783e-17,181.1328125,0.0,0.09554422199726104,0.0,-0.026523513793945314,0.007642668106904834,-0.016446484375000004,0.0,-0.04296999816894532,0.007642668106904834,-0.006657333374023437,0.007620406735618926,-0.00653839111328125,0.0032905153607445904,1.0917087368198275,0.5235479975128728,0.00566009521484375,0.00566009521484375,0.00566009521484375
1.5,-0.43276489257812495,5.551115123125783e-17,210.826416015625,0.0,0.19560039073228833,2.7755575615628914e-17,-0.006507558822631835,0.01137796771366747,-0.00010126953125000338,0.0,-0.0066088283538818385,0.01137796771366747,0.0298577880859375,0.011417720840324686,0.0020106506347656247,0.008984720875208721,1.1382485769845332,0.6405856881073867,-0.43276489257812495,5.551115123125783e-17,210.826416015625,0.0,0.19560039073228833,2.7755575615628914e-17,-0.028880462646484376,0.007381748239913746,-0.019175976562500002,0.0,-0.048056439208984385,0.0073817482399137465,-0.011737174987792968,0.0073823859745609805,-0.0076261901855468744,0.003351220332282359,1.0270511298190779,0.6487889035980494,0.008487396240234375,0.008487396240234375,0.008487396240234375
2.0,-0.5879394531250001,1.1102230246251565e-16,238.837890625,0.0,0.3488358259201049,0.0,-0.0068062782287597635,0.012265488363168917,-0.00010126953125000338,0.0,-0.006907547760009767,0.012265488363168917,0.02810718536376954,0.012675852092941616,0.001796875000000001,0.008305656168472514,1.0876123388330434,0.6782433579571102,-0.5879394531250001,1.1102230246251565e-16,238.837890625,0.0,0.3488358259201049,0.0,-0.032497711181640625,0.009567726436639872,-0.02177607421875,3.469446951953614e-18,-0.05427378540039063,0.009567726436639872,-0.019903106689453116,0.009695562634989614,-0.00934326171875,0.004220892044492536,1.232219420390812,0.6669264753459724,0.008701171874999998,0.008701171874999998,0.008701171874999998
2.5,-0.76910400390625,0.0,264.61181640625,0.0,0.5996178090572357,0.0,-0.013821005821228027,0.007928337398011097,-0.00010126953125000338,0.0,-0.01392227535247803,0.007928337398011097,0.0019465923309326212,0.023184323635703833,-0.0017517089843749993,0.005629440250520445,1.3049092326130933,0.3854016953588802,-0.76910400390625,0.0,264.61181640625,0.0,0.5996178090572357,0.0,-0.03225841522216797,0.006723649979546426,-0.024204052734375005,3.469446951953614e-18,-0.056462467956542965,0.006723649979546425,-0.04604473114013671,0.022244148343887816,-0.00901641845703125,0.0023518853259043666,1.5196357851539783,0.6653303483554255,0.012249755859375,0.012249755859375,0.012249755859375
3.0,-0.9701464843750002,1.1102230246251565e-16,288.9453125,0.0,0.9588851070404053,1.1102230246251565e-16,-0.01199172019958496,0.0063622339147603214,-0.00010126953125000338,0.0,-0.012092989730834964,0.0063622339147603214,-0.015339603424072267,0.010218353121936502,-0.0007989501953124997,0.0060805489222723105,1.7268755719378315,0.6260320652757315,-0.9701464843750002,1.1102230246251565e-16,288.9453125,0.0,0.9588851070404053,1.1102230246251565e-16,-0.03815219879150391,0.007221014321411618,-0.02663203125,3.469446951953614e-18,-0.0647842300415039,0.007221014321411619,-0.0708652114868164,0.01411104430333776,-0.011822509765624998,0.004277285571116358,1.6542793042732047,0.7245845867248857,0.011296997070312498,0.011296997070312498,0.011296997070312498
3.5,-1.1881787109375,0.0,311.8115234375,0.0,1.4326186037063595,2.220446049250313e-16,-0.01049309730529785,0.007930661184257668,-0.00010126953125000338,0.0,-0.010594366836547853,0.007930661184257668,-0.024092559814453123,0.00791292829714318,-1.693725585937483e-05,0.007068788338802494,1.9809545059026292,0.9118133484173141,-1.1881787109375,0.0,311.8115234375,0.0,1.4326186037063595,2.220446049250313e-16,-0.04035615921020508,0.007382740414467745,-0.028973339843750005,0.0,-0.06932949905395508,0.0073827404144677445,-0.08301784515380858,0.007422386438365342,-0.012773590087890625,0.005366183079984797,1.7575992682041286,0.8337744013052248,0.010514984130859375,0.010514984130859375,0.010514984130859375
4.0,-1.4224218749999997,2.220446049250313e-16,332.890625,0.0,2.0347892761230466,0.0,-0.01284980773925781,0.012047392039474766,-0.00010126953125000338,0.0,-0.012951077270507814,0.012047392039474766,-0.02647567749023437,0.012035167902054326,-0.0011938476562499988,0.008114282067859817,1.9693626279319665,0.7585089630788444,-1.4224218749999997,2.220446049250313e-16,332.890625,0.0,2.0347892761230466,0.0,-0.037695922851562494,0.006282102935264833,-0.031185253906249995,6.938893903907228e-18,-0.0688811767578125,0.006282102935264832,-0.08249725341796875,0.006367982737196249,-0.011263427734375,0.005444296387669899,1.8555953730514276,0.7807480193669077,0.011272364148271069,0.01132591920162706,0.01150890686643853
4.5,-1.6749316406250006,4.440892098500626e-16,350.8203125,0.0,2.816484546661378,4.440892098500626e-16,-0.017591953277587894,0.009478838124395764,-0.00010126953125000338,0.0,-0.017693222808837897,0.009478838124395764,-0.031252841949462894,0.009402548087575622,-0.0035517883300781265,0.007207244697694883,1.9488464924561169,0.7337158211685081,-1.6749316406250006,4.440892098500626e-16,350.8203125,0.0,2.816484546661378,4.440892098500626e-16,-0.04308883666992188,0.005512802889519087,-0.03323969726562501,0.0,-0.07632853393554688,0.0055128028895190875,-0.09006425857543945,0.005431416507382115,-0.013808135986328128,0.005066425782914549,1.838126727195334,0.8696768741515339,0.01309774341236163,0.013219280024306786,0.013634557614692457
5.0,-1.9426757812499997,2.220446049250313e-16,367.48046875,0.0,3.8024206161499023,0.0,-0.0239222526550293,0.0074752427838883665,-0.00010126953125000338,0.0,-0.024023522186279303,0.0074752427838883665,-0.037542533874511716,0.007430700511684897,-0.006663513183593751,0.006680917340827713,2.2883453013458004,0.853252203470196,-1.9426757812499997,2.220446049250313e-16,367.48046875,0.0,3.8024206161499023,0.0,-0.04942026138305664,0.005019778749250381,-0.035294140625000005,0.0,-0.08471440200805665,0.0050197787492503795,-0.0984619140625,0.005002178298785399,-0.016729736328125,0.005239106502285601,1.9876724634415137,0.8744509333099908,0.015569898193912605,0.01577307114369306,0.016467315601143406
5.5,-2.22203125,4.440892098500626e-16,383.10546875,0.0,4.971563110351561,8.881784197001252e-16,-0.028927676677703854,0.008999306455683257,-0.00010126953125000338,0.0,-0.029028946208953858,0.008999306455683257,-0.04253097534179688,0.008957159684169581,-0.009072723388671874,0.006936349319532073,2.8063931053890894,0.8646111439168818,-2.22203125,4.440892098500626e-16,383.10546875,0.0,4.971563110351561,8.881784197001252e-16,-0.053350734710693355,0.006077381131368195,-0.03734858398437501,6.938893903907228e-18,-0.09069931869506835,0.006077381131368193,-0.10437225341796874,0.006143674834053903,-0.018438873291015623,0.005908646509778443,2.2030933086688775,0.7073243048948681,0.017239094866182757,0.017536716853446765,0.01855374355855932
6.0,-2.512421875,0.0,397.34375,0.0,6.335238342285155,0.0,-0.03296853989362716,0.01378491338317474,-0.00010126953125000338,0.0,-0.03306980942487717,0.01378491338317474,-0.046590423583984374,0.013760182087222407,-0.010958251953124998,0.008488448901919257,3.3402143714033468,0.8214688841019395,-2.512421875,0.0,397.34375,0.0,6.335238342285155,0.0,-0.056591529846191396,0.0067100127998076025,-0.03935908203125,0.0,-0.09595061187744139,0.006710012799807603,-0.10951934814453125,0.00682668473195839,-0.019794311523437497,0.006323872980298856,2.482980581430296,0.7361053674368792,0.018291152168538334,0.01869513905354611,0.020075718940835555
6.5,-2.8142382812499998,4.440892098500626e-16,409.296875,0.0,7.928027267456054,8.881784197001252e-16,-0.03827617488801479,0.012725161331790717,-0.00010126953125000338,0.0,-0.03837744441926479,0.012725161331790717,-0.051930809020996095,0.01277394465568101,-0.013432922363281249,0.008372649716843405,3.610488607055388,1.0587653207496006,-2.8142382812499998,4.440892098500626e-16,409.296875,0.0,7.928027267456054,8.881784197001252e-16,-0.06462691307067871,0.006840922694085235,-0.04122675781250001,6.938893903907228e-18,-0.10585367088317872,0.006840922694085233,-0.11940635681152344,0.00691855770025122,-0.023506317138671875,0.0061943294573074455,2.8728143652002487,0.6364671721363009,0.019847869564145186,0.02036898204952399,0.02214997564390262
7.0,-3.1271484375000003,4.440892098500626e-16,418.4765625,0.0,9.813695526123047,0.0,-0.04238759145140648,0.011345176256553605,-0.00010126953125000338,0.0,-0.04248886098265648,0.011345176256553605,-0.05597114562988281,0.011421687070951102,-0.01527923583984375,0.00800798899176956,3.381350146029102,0.9296683140825408,-3.1271484375000003,4.440892098500626e-16,418.4765625,0.0,9.813695526123047,0.0,-0.0644997501373291,0.007824056191242318,-0.043094433593749995,6.938893903907228e-18,-0.1075941837310791,0.007824056191242315,-0.12121681213378906,0.0078981612525643,-0.02310150146484375,0.007314793937851254,3.1165062964379455,0.8081048567782992,0.020697808445435756,0.021346023322512085,0.023561653018677915
7.5,-3.4464843750000003,4.440892098500626e-16,425.5859375,0.0,11.922637939453123,0.0,-0.0470259204506874,0.011862453647191601,-0.00010126953125000338,0.0,-0.047127189981937406,0.011862453647191601,-0.06061019897460937,0.011870681528809077,-0.017366790771484376,0.007881531868394753,3.1840949069647824,0.9260697390429826,-3.4464843750000003,4.440892098500626e-16,425.5859375,0.0,11.922637939453123,0.0,-0.06892843246459959,0.008510066444837138,-0.044962109375,0.0,-0.1138905418395996,0.008510066444837134,-0.12750415802001952,0.008574870129264528,-0.024958038330078123,0.007713918653082977,3.249602773528559,0.9332853761927749,0.021716678537361013,0.022501181666816843,0.025183009656650608
8.0,-3.7710937499999995,4.440892098500626e-16,431.5625,0.0,14.254824829101562,1.7763568394002505e-15,-0.05373156547546386,0.014078622211100063,-0.00010126953125000338,0.0,-0.05383283500671386,0.014078622211100063,-0.06736083984374999,0.014009201825543886,-0.020466308593749996,0.008473629422048093,3.204194893648026,1.1263838567829223,-3.7710937499999995,4.440892098500626e-16,431.5625,0.0,14.254824829101562,1.7763568394002505e-15,-0.07656731367111205,0.007198986874814309,-0.04677119140625001,6.938893903907228e-18,-0.12333850507736209,0.0071989868748143105,-0.13695251464843747,0.007270061999321272,-0.028389892578124996,0.006843713207233067,3.4161775317781222,0.8418549068518727,0.023682423281410667,0.02463315875676482,0.027787911010228344
8.5,-4.099843749999999,8.881784197001252e-16,437.5390625,0.0,16.80967102050781,3.552713678800501e-15,-0.06408916473388672,0.014804829911892211,-0.00010126953125000338,0.0,-0.06419043426513672,0.014804829911892211,-0.07775337219238282,0.014756890952740966,-0.025370330810546873,0.009061785146403985,3.6049911748001473,1.2386346911788588,-4.099843749999999,8.881784197001252e-16,437.5390625,0.0,16.80967102050781,3.552713678800501e-15,-0.08429699406027795,0.008040722008564207,-0.0484533203125,6.938893903907228e-18,-0.13275031437277793,0.008040722008564205,-0.1464984893798828,0.008120649567121866,-0.03182022094726562,0.0056287641129261455,3.7861919625378007,0.5488170884633425,0.0273996913658757,0.028578205275839867,0.0321741709567702
9.0,-4.43453125,0.0,443.515625,0.0,19.698965454101565,0.0,-0.06793540954589844,0.0159234153380216,-0.00010126953125000338,0.0,-0.06803667907714844,0.0159234153380216,-0.08159378051757812,0.01597704191744794,-0.02693450927734375,0.00999242569782651,3.9267462172430614,0.7041002567253175,-4.43453125,0.0,443.515625,0.0,19.698965454101565,0.0,-0.0916325232386589,0.006707270139265017,-0.05032099609375001,0.0,-0.1419535193324089,0.006707270139265023,-0.15566177368164064,0.006729970573653831,-0.03501861572265625,0.005355289155368061,3.794763027093353,0.7934479759139441,0.02772944399119539,0.029191897258601905,0.033199747579605365
9.5,-4.7733984375,0.0,443.22265625,0.0,22.834665527343752,3.552713678800501e-15,-0.0723796272277832,0.01353088988249271,-0.00010126953125000338,0.0,-0.0724808967590332,0.01353088988249271,-0.0860137939453125,0.013560069266958585,-0.028759918212890624,0.008575902296452033,3.910831193546058,0.5661639288193061,-4.7733984375,0.0,443.22265625,0.0,22.834665527343752,3.552713678800501e-15,-0.09810306131839752,0.008553654206615186,-0.052188671874999995,6.938893903907228e-18,-0.1502917331933975,0.00855365420661519,-0.16400054931640626,0.008555189666640983,-0.03772720336914063,0.006562116913669369,3.769919122015682,0.9969043914585777,0.028277148415916813,0.03007523377408736,0.0344676227617087
10.0,-5.1128906249999995,0.0,442.578125,0.0,26.182566833496086,3.552713678800501e-15,-0.07780933380126952,0.010615063276966635,-0.00010126953125000338,0.0,-0.07791060333251953,0.010615063276966635,-0.0914337158203125,0.010605466976130495,-0.031018066406249996,0.007162542550058782,3.8487610005554505,0.5984314096250053,-5.1128906249999995,0.0,442.578125,0.0,26.182566833496086,3.552713678800501e-15,-0.10498136281967162,0.009494976606580073,-0.05405634765625,0.0,-0.1590377104759216,0.009494976606580077,-0.17273101806640626,0.009499585203593909,-0.0405914306640625,0.006801627432401287,3.7371868853802543,1.069075243537779,0.02921994206281254,0.03139964912689867,0.03615175141395307
10.5,-5.4508203125,0.0,445.05859375,0.0,29.723493957519533,3.552713678800501e-15,-0.08462025642395019,0.013327005632940902,-0.00010126953125000338,0.0,-0.08472152595520019,0.013327005632940902,-0.09826820373535156,0.013332944921318172,-0.033901824951171874,0.008812301999970162,3.9342029278095003,0.4041203485841078,-5.4508203125,0.0,445.05859375,0.0,29.723493957519533,3.552713678800501e-15,-0.11297446250915527,0.009532145172889223,-0.05592402343750001,6.938893903907228e-18,-0.1688984859466553,0.009532145172889228,-0.18252975463867188,0.009562029415545327,-0.043971710205078125,0.005777872746705425,3.709648150108376,1.198085517640263,0.03075954005736387,0.03335794058569026,0.03844885162242841
11.0,-5.791484375000001,8.881784197001252e-16,442.0703125,0.0,33.56927185058594,0.0,-0.0941468620300293,0.015500696264190894,-0.00010126953125000338,0.0,-0.0942481315612793,0.015500696264190894,-0.10780502319335938,0.015471082743130232,-0.038174133300781246,0.00936130631740966,3.955508145419039,0.6936936196416789,-5.791484375000001,8.881784197001252e-16,442.0703125,0.0,33.56927185058594,0.0,-0.11995927810668945,0.0066813921297639075,-0.05779169921875,6.938893903907228e-18,-0.17775097732543949,0.006681392129763908,-0.19137786865234374,0.006693165709524198,-0.04679656982421875,0.005571294202810554,3.62992364487727,1.1674713833831252,0.03366948771021004,0.03671297443201908,0.04212647529795686
11.5,-6.1298242187500005,8.881784197001252e-16,439.08203125,0.0,37.62169639587402,0.0,-0.10521575927734374,0.014404249363352118,-0.00010126953125000338,0.0,-0.10531702880859374,0.014404249363352118,-0.11878540039062499,0.014377312859640553,-0.0431182861328125,0.008307143611644936,4.020451721333685,1.0321768127043167,-6.1298242187500005,8.881784197001252e-16,439.08203125,0.0,37.62169639587402,0.0,-0.1256208324432373,0.010833734050597016,-0.05965937500000001,6.938893903907228e-18,-0.18528020744323734,0.010833734050597012,-0.19894584655761716,0.010856349387373048,-0.04891326904296875,0.00793930020132275,3.5511514801523414,1.0681368147712649,0.03724097427946196,0.04074797281979367,0.04647135048236325
12.0,-6.46609375,0.0,436.09375,0.0,41.854468383789055,0.0,-0.11121017456054687,0.014224881746091747,-0.00010126953125000338,0.0,-0.11131144409179687,0.014224881746091747,-0.12475921630859375,0.014224270123086068,-0.0454638671875,0.007942062268272649,4.063739198626899,1.1094740538670227,-6.46609375,0.0,436.09375,0.0,41.854468383789055,0.0,-0.13030349731445312,0.012329576780584151,-0.061527050781249995,6.938893903907228e-18,-0.19183054809570313,0.012329576780584153,-0.20552734374999998,0.012376836062541871,-0.05052001953125,0.008466857065165057,3.467401535638851,1.1417969963006276,0.03820805355197608,0.04219244760743079,0.04821500068601335
12.5,-6.80029296875,0.0,432.12890625,0.0,46.26454734802246,0.0,-0.11252927780151367,0.015316710858362236,-0.00010126953125000338,0.0,-0.11263054733276368,0.015316710858362236,-0.12614822387695312,0.015289675447352102,-0.04543304443359375,0.00854269748073037,4.010882966724036,0.8483463728258841,-6.80029296875,0.0,432.12890625,0.0,46.26454734802246,0.0,-0.1353440284729004,0.009534039292886697,-0.0633947265625,0.0,-0.19873875503540045,0.009534039292886695,-0.21244049072265625,0.009617241439582853,-0.05228424072265625,0.006730782268249217,3.3829695694930257,1.1621997227496315,0.036793269639118414,0.04126849551818772,0.04757974811966215
13.0,-7.131992187500002,1.7763568394002505e-15,423.1640625,0.0,50.88371810913087,7.105427357601002e-15,-0.12167797088623046,0.014768039153383006,-0.00010126953125000338,0.0,-0.12177924041748048,0.014768039153383004,-0.1352764892578125,0.014777457942919741,-0.04930847167968751,0.00817713705832859,3.6623263414645337,0.7322371280095094,-7.131992187500002,1.7763568394002505e-15,423.1640625,0.0,50.88371810913087,7.105427357601002e-15,-0.14567752838134768,0.012839383796452377,-0.06526240234375001,1.3877787807814457e-17,-0.21093993072509767,0.012839383796452377,-0.22462707519531253,0.012973215428803685,-0.056626586914062506,0.008784839102828622,3.3252849445476533,1.1042389495056446,0.03927981207387299,0.044258699745857395,0.0508484651156392
13.5,-7.456015625,0.0,416.7578125,0.0,55.632387695312495,0.0,-0.13265316009521483,0.013281318663880229,-0.00010126953125000338,0.0,-0.13275442962646483,0.013281318663880229,-0.14622875213623046,0.013313502379201817,-0.0540234375,0.007665702327473541,3.2554334805006353,0.8919766701436233,-7.456015625,0.0,416.7578125,0.0,55.632387695312495,0.0,-0.15389469146728513,0.011889767244935533,-0.067130078125,0.0,-0.22102476959228515,0.01188976724493553,-0.23473480224609372,0.011979404860871923,-0.05986953735351562,0.008021882406945275,3.005390122775998,0.9344329311593217,0.04262380602572759,0.04809627887496651,0.05496439017212882
14.0,-7.775468750000001,8.881784197001252e-16,410.78125,0.0,60.499678955078124,7.105427357601002e-15,-0.1390580749511719,0.012898730445343344,-0.00010126953125000338,0.0,-0.13915934448242187,0.012898730445343346,-0.15264556884765623,0.012876025569766091,-0.05641845703125,0.007363955115286669,2.9240285877859318,0.9608125043722424,-7.775468750000001,8.881784197001252e-16,410.78125,0.0,60.499678955078124,7.105427357601002e-15,-0.161080322265625,0.01297049604002721,-0.06910029296874999,1.3877787807814457e-17,-0.23018061523437497,0.012970496040027214,-0.24387176513671877,0.01303437767627257,-0.0625433349609375,0.008200853101290751,2.745836520250588,0.8041666686937444,0.04366717527977443,0.04962167867211692,0.056768643839768894
14.5,-8.09078125,0.0,403.359375,0.0,65.48562500000001,1.4210854715202004e-14,-0.14263683319091797,0.013844109150307735,-0.00010126953125000338,0.0,-0.14273810272216797,0.013844109150307735,-0.15624118804931642,0.01376165687303013,-0.05737915039062499,0.00748721077878648,2.714089702615112,0.9042344949728316,-8.09078125,0.0,403.359375,0.0,65.48562500000001,1.4210854715202004e-14,-0.16644592285156248,0.014886579570267296,-0.0711095703125,1.3877787807814457e-17,-0.2375554931640625,0.014886579570267297,-0.25119110107421877,0.014951164574499864,-0.06427459716796875,0.009087743188378196,2.6012957735217253,0.86693434082902,0.04328446819463938,0.04972045049846949,0.05714200905904651
15.0,-8.401562499999999,1.7763568394002505e-15,391.40625,0.0,70.59409179687499,1.4210854715202004e-14,-0.14991493225097657,0.014063942477423987,-0.00010126953125000338,0.0,-0.15001620178222658,0.014063942477423987,-0.16346092224121092,0.014057843563041579,-0.0601806640625,0.007511315254090493,2.6653298686990237,0.9206062123936247,-8.401562499999999,1.7763568394002505e-15,391.40625,0.0,70.59409179687499,1.4210854715202004e-14,-0.16784667968749997,0.01798332558730298,-0.07297724609375,0.0,-0.24082392578125,0.01798332558730298,-0.254412841796875,0.0180256577340838,-0.0640411376953125,0.010649231651594425,2.54853610947972,0.7440633575916908,0.0447707710146739,0.05166767269102693,0.059368316138180124
15.5,-8.701171875,0.0,379.453125,0.0,75.74148559570311,0.0,-0.15319995880126952,0.019696266469745243,-0.00010126953125000338,0.0,-0.15330122833251952,0.019696266469745243,-0.16687850952148436,0.019614350608566276,-0.06086563110351562,0.010247877063901973,2.2101013254730333,0.9312683600182229,-8.701171875,0.0,379.453125,0.0,75.74148559570311,0.0,-0.1765462493896484,0.018684086307861357,-0.07484492187500001,1.3877787807814457e-17,-0.25139117126464844,0.018684086307861354,-0.2649006652832031,0.018790979856950295,-0.06738616943359375,0.01115226173955289,1.9489777393830257,0.4183339566881517,0.04416876840059071,0.05150591076232365,0.059490212180865344
16.0,-8.9925,0.0,371.25,0.0,80.90015625,0.0,-0.15857147216796874,0.02423934350733023,-0.00010126953125000338,0.0,-0.15867274169921874,0.02423934350733023,-0.17223114013671875,0.024188117079708863,-0.062603759765625,0.012351696438337625,1.6274263253022976,0.9484209845700153,-8.9925,0.0,371.25,0.0,80.90015625,0.0,-0.18057067871093752,0.016521097371481653,-0.07659541015625,0.0,-0.2571660888671875,0.016521097371481653,-0.2708135986328125,0.016624955861581567,-0.068359375,0.009730838923264155,1.2971649525604705,0.37998226036483923,0.04464818142540365,0.05240480601813248,0.060677403917765244
16.5,-9.2774609375,0.0,363.359375,0.0,86.09622100830077,1.4210854715202004e-14,-0.16409339904785156,0.024460500523666346,-0.00010126953125000338,0.0,-0.1641946685791016,0.024460500523666346,-0.17768493652343753,0.024491609896137592,-0.0644195556640625,0.012278057482415568,1.1066751546793006,0.9384965245558617,-9.2774609375,0.0,363.359375,0.0,86.09622100830077,1.4210854715202004e-14,-0.18224330902099609,0.014859951111187262,-0.0783361328125,0.0,-0.26057944183349613,0.01485995111118726,-0.2743627166748047,0.014935052753277035,-0.06814208984375,0.008328685912482975,0.7916462504780418,0.6718383573345963,0.04523701836090252,0.0533887977201402,0.06195591781986464
17.0,-9.558203125,0.0,351.40625,0.0,91.36047058105467,1.4210854715202004e-14,-0.1669847869873047,0.0175158819664399,-0.00010126953125000338,0.0,-0.16708605651855468,0.0175158819664399,-0.18061134338378906,0.01758162607967314,-0.0649017333984375,0.008687554674010823,0.845552813478846,0.6751632816392096,-9.558203125,0.0,351.40625,0.0,91.36047058105467,1.4210854715202004e-14,-0.185521240234375,0.01768528437301143,-0.08020380859375,1.3877787807814457e-17,-0.26572504882812503,0.017685284373011433,-0.27936370849609377,0.017782403159648616,-0.06873321533203125,0.009622865018796674,0.6145432834580775,0.8526334079086422,0.04454190862207101,0.05304653470179522,0.06192227403884873
17.5,-9.8271484375,0.0,339.453125,0.0,96.59439849853514,0.0,-0.1722551345825195,0.018490632686242427,-0.00010126953125000338,0.0,-0.1723564041137695,0.018490632686242427,-0.18591670989990233,0.018522131192379037,-0.06653594970703124,0.009063458551282712,0.8419339195553918,0.7351027112906215,-9.8271484375,0.0,339.453125,0.0,96.59439849853514,0.0,-0.19348220825195311,0.015496806621351378,-0.082071484375,0.0,-0.27555369262695306,0.015496806621351378,-0.28914566040039064,0.015567356020665852,-0.07165145874023438,0.008715812265034439,0.4563187107895332,1.0429700549469645,0.045039102681509666,0.0538636085174046,0.06305802211332706
18.0,-10.08765625,0.0,327.5,0.0,101.78884155273437,0.0,-0.17319549560546876,0.019000941529971768,-0.00010126953125000338,0.0,-0.17329676513671877,0.019000941529971768,-0.1868426513671875,0.01901139277517134,-0.0659619140625,0.009225264365070426,0.7300267075047365,0.853479195961439,-10.08765625,0.0,327.5,0.0,101.78884155273437,0.0,-0.19575775146484373,0.013456488319456814,-0.08380732421875002,1.3877787807814457e-17,-0.27956507568359373,0.013456488319456813,-0.29316802978515627,0.013537976241601206,-0.0717022705078125,0.007684918248255813,0.09803540778882558,1.0676446246320412,0.04336658891076839,0.05247966403268349,0.06200211693219913
18.5,-10.3398828125,0.0,317.9296875,0.0,106.93492523193359,1.4210854715202004e-14,-0.1741676712036133,0.019443594303858596,-0.00010126953125000338,0.0,-0.17426894073486326,0.019443594303858596,-0.1877867889404297,0.01944286731626504,-0.06542648315429687,0.009272071985651557,0.42436648637819596,0.89109122446289,-10.3398828125,0.0,317.9296875,0.0,106.93492523193359,1.4210854715202004e-14,-0.19443805694580077,0.013526493367485133,-0.08541376953125,0.0,-0.27985182647705076,0.013526493367485133,-0.29353866577148435,0.013601295237096925,-0.06995330810546875,0.007548532017505165,-0.2888976054869626,0.939962156704849,0.04177622739169831,0.05114149390206881,0.06100359366666493
19.0,-10.584375,0.0,310.859375,0.0,112.03535156249998,1.4210854715202004e-14,-0.17770271301269533,0.019767663440734835,-0.00010126953125000338,0.0,-0.1778039825439453,0.019767663440734835,-0.19130592346191408,0.019763476335873827,-0.06622589111328124,0.009150149806343752,-0.08684029390206865,0.8961917912458872,-10.584375,0.0,310.859375,0.0,112.03535156249998,1.4210854715202004e-14,-0.19202774047851562,0.014426306276473127,-0.08692500000000002,1.3877787807814457e-17,-0.27895274047851565,0.014426306276473132,-0.29276992797851564,0.014461745802660223,-0.06767425537109376,0.007856292717200326,-0.5806844217794029,0.8054046335178895,0.04158025923006743,0.051145268788265835,0.06136566422588534
19.5,-10.823437499999999,0.0,292.92968750000006,0.0,117.16025390624999,0.0,-0.1791910171508789,0.020423422828362202,-0.00010126953125000338,0.0,-0.17929228668212888,0.020423422828362205,-0.19279422760009765,0.020417787888954913,-0.06592239379882814,0.009726470577952716,-0.4131665707746005,0.9163309106892246,-10.823437499999999,0.0,292.92968750000006,0.0,117.16025390624999,0.0,-0.1971521759033203,0.014771916982526423,-0.08860590820312499,1.3877787807814457e-17,-0.2857580841064453,0.014771916982526424,-0.29943519592285156,0.014774658644300033,-0.06919174194335938,0.007920908612155504,-0.7470174936147945,0.9910038136134419,0.040340469815340764,0.05005318164433945,0.060650379336223664
20.0,-11.048437500000002,1.7763568394002505e-15,279.6875,0.0,122.08802490234373,1.4210854715202004e-14,-0.181439208984375,0.021840110910562725,-0.00010126953125000338,0.0,-0.181540478515625,0.021840110910562725,-0.19508819580078127,0.02184423167790119,-0.0660400390625,0.010493219729595828,-0.4482740566724923,0.9127493445949596,-11.048437500000002,1.7763568394002505e-15,279.6875,0.0,122.08802490234373,1.4210854715202004e-14,-0.19921417236328126,0.015065800983628162,-0.09014033203125002,1.3877787807814457e-17,-0.28935450439453125,0.015065800983628159,-0.30304260253906246,0.01507458609474194,-0.069171142578125,0.00783371667016978,-1.0857215294471187,1.1249018959359802,0.03956698198018425,0.049389217972412316,0.06037571456242353
20.5,-11.263867187499999,1.7763568394002505e-15,267.734375,0.0,126.89203338623045,2.842170943040401e-14,-0.18528316497802738,0.02198629597557362,-0.00010126953125000338,0.0,-0.18538443450927736,0.02198629597557362,-0.19894317626953126,0.021987049690388505,-0.06695297241210937,0.010424543094926386,-0.5111023873993865,0.9364549075277674,-11.263867187499999,1.7763568394002505e-15,267.734375,0.0,126.89203338623045,2.842170943040401e-14,-0.19942314147949217,0.01789305487975385,-0.09163447265625001,0.0,-0.29105761413574216,0.01789305487975386,-0.3047314071655273,0.017907632097156782,-0.06820404052734375,0.008860106513478553,-1.2995638547243749,1.1373785921101125,0.0396324777613014,0.04952746148279784,0.06091517722148621
21.0,-11.471015625,0.0,255.78125,0.0,131.5917169189453,0.0,-0.18850753784179686,0.02112351258027296,-0.00010126953125000338,0.0,-0.18860880737304692,0.02112351258027296,-0.20213909149169923,0.021106889095176926,-0.06753936767578125,0.009719880611540742,-0.7292225088550836,0.8812403182065912,-11.471015625,0.0,255.78125,0.0,131.5917169189453,0.0,-0.19856002807617187,0.0211717295878113,-0.09309687499999998,1.3877787807814457e-17,-0.29165690307617187,0.021171729587811296,-0.30526397705078123,0.02119744297262006,-0.06669891357421875,0.010105052831611417,-1.3216046242169268,1.0357987711011072,0.03942938016459307,0.04937144836419106,0.06115315486962275
21.5,-11.668242187499999,0.0,243.82812500000003,0.0,136.15412200927733,0.0,-0.18128196716308598,0.019672099245332083,-0.00010126953125000338,0.0,-0.18138323669433598,0.019672099245332083,-0.19494562149047853,0.019684671498018363,-0.06289352416992189,0.00867918335769642,-1.128797375516742,0.8105276176103514,-11.668242187499999,0.0,243.82812500000003,0.0,136.15412200927733,0.0,-0.19787132263183593,0.0199108103774335,-0.09440424804687499,1.3877787807814457e-17,-0.2922755706787109,0.01991081037743349,-0.30591766357421885,0.01999639341685375,-0.06536819458007813,0.009256479974961955,-1.3288968315213425,0.8448943478688673,0.03405143136995074,0.04403322688597755,0.05618370723784969
22.0,-11.85515625,0.0,237.03125,0.0,140.55789184570312,0.0,-0.1815339660644531,0.018510926219188387,-0.00010126953125000338,0.0,-0.18163523559570313,0.018510926219188387,-0.19514915466308597,0.01850199059565826,-0.0620745849609375,0.008074404628073904,-1.2003787025149355,0.6779013277829492,-11.85515625,0.0,237.03125,0.0,140.55789184570312,0.0,-0.19848175048828126,0.01897335953211085,-0.09571162109374999,1.3877787807814457e-17,-0.29419337158203124,0.018973359532110864,-0.307850341796875,0.019072237683738173,-0.064661865234375,0.008927859058231355,-1.443070987443549,0.9534238592725475,0.032557208885581335,0.042571450852226446,0.05506573454706481
22.5,-12.037109375,0.0,224.4140625,0.0,144.90542602539062,0.0,-0.1839029312133789,0.02081846300730498,-0.00010126953125000338,0.0,-0.18400420074462895,0.02081846300730498,-0.19749817848205561,0.020804797057543237,-0.062292480468749994,0.008988990841889415,-1.3828410968913971,0.5803680251636792,-12.037109375,0.0,224.4140625,0.0,144.90542602539062,0.0,-0.19832611083984372,0.019153412888509896,-0.09691523437500002,1.3877787807814457e-17,-0.2952413452148438,0.01915341288850989,-0.3089229583740234,0.019204624620006154,-0.06358795166015625,0.009045204103622305,-1.4671183410502335,1.172527946679532,0.032147543359829805,0.042188117481263554,0.05500520238624471
23.0,-12.211953124999997,1.7763568394002505e-15,207.96875000000003,0.0,149.13864685058593,0.0,-0.1861962127685547,0.0260567048692249,-0.00010126953125000338,0.0,-0.1862974822998047,0.0260567048692249,-0.19743560791015627,0.028796718378105657,-0.06246429443359375,0.011343538711717354,-1.7117220649630451,0.5723772876636399,-12.211953124999997,1.7763568394002505e-15,207.96875000000003,0.0,149.13864685058593,0.0,-0.1973589324951172,0.01983396506070855,-0.09803583984374999,1.3877787807814457e-17,-0.2953947723388672,0.019833965060708548,-0.3090969085693359,0.01983611564261735,-0.0621173095703125,0.009254520229230052,-1.4196055307810789,1.3360722521953128,0.03173008392806626,0.041792084917123204,0.054915083451709104
23.5,-12.373320312499999,0.0,196.01562500000003,0.0,153.1009677124023,2.842170943040401e-14,-0.18601528167724607,0.028828891418090426,-0.00010126953125000338,0.0,-0.18611655120849607,0.028828891418090426,-0.1877295303344727,0.045582493612410555,-0.06146041870117188,0.0126076100072778,-2.088930534593988,0.6088063859905466,-12.373320312499999,0.0,196.01562500000003,0.0,153.1009677124023,2.842170943040401e-14,-0.19629085540771485,0.01860784228919287,-0.0991564453125,0.0,-0.2954473007202148,0.01860784228919287,-0.30912609100341804,0.01868256298360203,-0.06057647705078126,0.008484497591708412,-1.4148982477077032,1.3532716567129897,0.030213776673183833,0.04028737531421326,0.05368258648217012
24.0,-12.5234375,0.0,189.6875,0.0,156.84417724609375,0.0,-0.17975341796874997,0.02281767599455031,-0.00010126953125000338,0.0,-0.1798546875,0.02281767599455031,-0.17639060974121093,0.04262848311443113,-0.05733642578125,0.009589909322168735,-1.9349282715981972,0.7604658471641548,-12.5234375,0.0,189.6875,0.0,156.84417724609375,0.0,-0.1962225341796875,0.01484776481492381,-0.10010126953125,1.3877787807814457e-17,-0.29632380371093753,0.014847764814923798,-0.310078125,0.0149378456410916,-0.059606933593749994,0.0068949405883652675,-1.648560993043414,1.213989406363883,0.025636453566055956,0.03571410460249708,0.049355557420757666
24.5,-12.669062499999999,1.7763568394002505e-15,179.921875,0.0,160.51392578125,0.0,-0.17982006072998047,0.02242747644583739,-0.00010126953125000338,0.0,-0.17992133026123047,0.02242747644583739,-0.1716739273071289,0.04354818193746967,-0.05651046752929687,0.009306712194079499,-2.0977402622605332,1.0034520878600293,-12.669062499999999,1.7763568394002505e-15,179.921875,0.0,160.51392578125,0.0,-0.19538414001464843,0.014406215374888112,-0.10103510742187502,1.3877787807814457e-17,-0.2964192474365234,0.014406215374888108,-0.3101997756958008,0.014481382443573613,-0.058303070068359365,0.006794432618829548,-1.9939840534628117,1.115158338820863,0.024410950332643774,0.034485799133070226,0.04834983707876428
25.0,-12.80859375,0.0,167.96875000000003,0.0,164.06561279296875,0.0,-0.1820220947265625,0.023558981052994976,-0.00010126953125000338,0.0,-0.1821233642578125,0.023558981052994976,-0.16753625869750977,0.043328600400641015,-0.0567779541015625,0.009774906992500311,-2.4912196161585864,1.155022139045968,-12.80859375,0.0,167.96875000000003,0.0,164.06561279296875,0.0,-0.1958293914794922,0.016862067341708205,-0.1019689453125,0.0,-0.2977983367919922,0.0168620673417082,-0.31154441833496094,0.01689855249578267,-0.05765533447265625,0.007774195795837057,-2.281651352391102,1.2419699155322608,0.024332048968161525,0.03439733108713626,0.04846056831780723
25.5,-12.939843749999998,1.7763568394002505e-15,156.01562500000003,0.0,167.43991699218748,0.0,-0.18046901702880866,0.0183981498505683,-0.00010126953125000338,0.0,-0.18057028656005863,0.0183981498505683,-0.1564181804656983,0.03219224672338419,-0.055058135986328145,0.007042985207805037,-2.9309000224222364,1.0040029062006448,-12.939843749999998,1.7763568394002505e-15,156.01562500000003,0.0,167.43991699218748,0.0,-0.1996802139282227,0.019286062993527246,-0.10289912109375,0.0,-0.30257933502197265,0.01928606299352725,-0.31623277664184574,0.019301568715640285,-0.05868484497070314,0.00842477644749467,-2.334611621492126,1.4546111419091672,0.022318329337005435,0.03236737903695223,0.04660671734605999
26.0,-13.059375000000001,1.7763568394002505e-15,144.0625,0.0,170.55146484374998,2.842170943040401e-14,-0.1701325988769531,0.01779954695443063,-0.00010126953125000338,0.0,-0.17023386840820315,0.01779954695443063,-0.13649387359619142,0.01916234174592112,-0.049058227539062506,0.0064898761428845665,-2.735153233810463,0.9356616116225782,-13.059375000000001,1.7763568394002505e-15,144.0625,0.0,170.55146484374998,2.842170943040401e-14,-0.19208694458007813,0.01774447984993138,-0.10364619140624999,1.3877787807814457e-17,-0.2957331359863281,0.017744479849931383,-0.3093311309814453,0.017751638564658067,-0.0539923095703125,0.007438373873967017,-2.3608690097337686,1.2713908714179047,0.016057859657910963,0.02608647038745398,0.04048715670677577
26.5,-13.170390624999998,1.7763568394002505e-15,136.3671875,0.0,173.4640930175781,2.842170943040401e-14,-0.17098541259765626,0.021486110435641293,-0.00010126953125000338,0.0,-0.17108668212890626,0.021486110435641293,-0.1345893859863281,0.021491771630654098,-0.04871322631835938,0.008121929355013713,-2.3858020133349833,0.7951263345518698,-13.170390624999998,1.7763568394002505e-15,136.3671875,0.0,173.4640930175781,2.842170943040401e-14,-0.1879281997680664,0.017336918868875468,-0.10426020507812497,2.7755575615628914e-17,-0.29218840484619146,0.017336918868875464,-0.30585153579711916,0.017381300196222884,-0.051079406738281256,0.007226749205110566,-2.4607301369691608,1.0781318070650163,0.015506086899980703,0.025507446603439142,0.040045807559979246
27.0,-13.275546875000002,1.7763568394002505e-15,127.96875000000001,1.4210854715202004e-14,176.24391784667972,2.842170943040401e-14,-0.17153961181640626,0.021288641343631842,-0.00010126953125000338,0.0,-0.17164088134765626,0.021288641343631842,-0.13514595031738283,0.021286467195354444,-0.04822906494140626,0.007917869568896627,-2.11802804942455,0.6787340993775048,-13.275546875000002,1.7763568394002505e-15,127.96875000000001,1.4210854715202004e-14,176.24391784667972,2.842170943040401e-14,-0.184765625,0.015654487448071925,-0.10482050781249999,1.3877787807814457e-17,-0.2895861328125,0.015654487448071915,-0.30332996368408205,0.015720653907657547,-0.04870513916015625,0.006539919804702847,-2.4415709311034073,0.9548978740786124,0.014881998892618688,0.02484763950784881,0.039494303759472014
27.5,-13.3759765625,0.0,116.60156250000001,0.0,178.9177017211914,0.0,-0.1654186248779297,0.015243947760370283,-0.00010126953125000338,0.0,-0.1655198944091797,0.015243947760370283,-0.1290299415588379,0.015245365782830598,-0.04440078735351563,0.0052469284290297905,-2.049160225963829,0.8154534176955894,-13.3759765625,0.0,116.60156250000001,0.0,178.9177017211914,0.0,-0.18141422271728516,0.0163697742491531,-0.105380810546875,0.0,-0.28679503326416017,0.016369774249153108,-0.30056581497192386,0.016442226275393285,-0.04626388549804688,0.007596201253235921,-2.210972748158416,0.9641669186452412,0.010963578911143801,0.020887235933261313,0.0356202623134744
28.0,-13.465625000000001,1.7763568394002505e-15,110.625,0.0,181.32490234374998,2.842170943040401e-14,-0.162908935546875,0.018658044383323014,-0.00010126953125000338,0.0,-0.16301020507812503,0.01865804438332301,-0.126517333984375,0.018669843164128997,-0.042509765625,0.006712459014255983,-1.8713990680543457,0.9387133889567288,-13.465625000000001,1.7763568394002505e-15,110.625,0.0,181.32490234374998,2.842170943040401e-14,-0.18159515380859376,0.013420829297981074,-0.10594111328125,0.0,-0.28753626708984376,0.01342082929798108,-0.30128662109375004,0.013465033852165116,-0.045633544921875,0.005847863524285748,-2.0434968677156125,0.8495934692584912,0.009011311374932301,0.01888940715708514,0.03369595650078731
28.5,-13.550546874999998,1.7763568394002505e-15,99.92187500000001,0.0,183.62017944335938,0.0,-0.16466884613037108,0.019278768726893866,-0.00010126953125000338,0.0,-0.16477011566162109,0.019278768726893866,-0.12826740264892578,0.019261745576892964,-0.04272354125976562,0.006892451722066176,-1.4834637408489981,0.8736969864322575,-13.550546874999998,1.7763568394002505e-15,99.92187500000001,0.0,183.62017944335938,0.0,-0.18282848358154297,0.016065511735960804,-0.1063537109375,0.0,-0.2891821945190429,0.0160655117359608,-0.30295135498046877,0.016110765432160504,-0.0455755615234375,0.006754693623587881,-1.7498347142359638,0.5177164443569768,0.009204675145998806,0.01903211428111303,0.03389413921499315
29.0,-13.628437500000002,1.7763568394002505e-15,90.85937500000001,0.0,185.736357421875,0.0,-0.1656665802001953,0.016595305462618528,-0.00010126953125000338,0.0,-0.16576784973144534,0.016595305462618528,-0.12926193237304687,0.01655888133776232,-0.04255676269531249,0.00541591650937137,-1.3920874251074467,0.8252588000475789,-13.628437500000002,1.7763568394002505e-15,90.85937500000001,0.0,185.736357421875,0.0,-0.18133941650390628,0.01510661553325134,-0.10672724609375003,2.7755575615628914e-17,-0.2880666625976563,0.015106615533251344,-0.3018480682373047,0.015148608447024115,-0.044144592285156256,0.006224616472642998,-1.420063650135684,0.562327619376129,0.009065612542742657,0.01883637889834533,0.03373264704799325
29.5,-13.699101562500001,1.7763568394002505e-15,84.88281250000001,1.4210854715202004e-14,187.6662460327148,2.842170943040401e-14,-0.16463695526123048,0.014344957099660136,-0.00010126953125000338,0.0,-0.1647382247924805,0.014344957099660136,-0.12823711395263673,0.014331188628512685,-0.04139358520507813,0.00471318293815839,-1.629258624879354,0.7831291898700182,-13.699101562500001,1.7763568394002505e-15,84.88281250000001,1.4210854715202004e-14,187.6662460327148,2.842170943040401e-14,-0.17793949127197267,0.011604424127752064,-0.10710078125,0.0,-0.28504027252197267,0.011604424127752056,-0.2979465484619141,0.013340174831803,-0.0417413330078125,0.004846242870758985,-1.1599770570412768,0.875105013584514,0.007977594290623058,0.017685775160468147,0.03259534627504346
30.0,-13.764843749999999,1.7763568394002505e-15,78.90625,0.0,189.47158813476562,0.0,-0.16356887817382812,0.01660082659422671,-0.00010126953125000338,0.0,-0.16367014770507815,0.016600826594226705,-0.12716903686523437,0.016548263581117013,-0.0402496337890625,0.005461387276034128,-1.645285155111821,0.7239249580236694,-13.764843749999999,1.7763568394002505e-15,78.90625,0.0,189.47158813476562,0.0,-0.18057174682617189,0.01669005020637703,-0.10747431640625002,1.3877787807814457e-17,-0.2880460632324218,0.016690050206377035,-0.29602050781250006,0.027900460137656857,-0.04239501953125,0.006730171520292084,-1.2387220120374427,1.1372753915680773,0.0069554424855339594,0.016595251820220765,0.03149752532137385
30.5,-13.825390624999999,1.7763568394002505e-15,67.73437500000001,0.0,191.14278564453122,2.842170943040401e-14,-0.16077579498291017,0.01729425534318657,-0.00010126953125000338,0.0,-0.16087706451416017,0.01729425534318657,-0.12440639495849612,0.017257616714763634,-0.03821273803710938,0.005670957066653465,-1.7542439351826582,0.7690222628953548,-13.825390624999999,1.7763568394002505e-15,67.73437500000001,0.0,191.14278564453122,2.842170943040401e-14,-0.1808448028564453,0.018078490053197355,-0.10768549804687501,0.0,-0.2885303009033203,0.018078490053197352,-0.28763837814331056,0.03543684915367399,-0.04189193725585938,0.006826803029164662,-1.336081800483048,1.369507539876068,0.005071048454480219,0.014638752601879385,0.02952007237919381
31.0,-13.878437500000002,1.7763568394002505e-15,62.5,0.0,192.61198486328124,0.0,-0.15915039062500003,0.018437582201188518,-0.00010126953125000338,0.0,-0.15925166015625,0.018437582201188518,-0.12278320312500002,0.018420388387941473,-0.036789550781250006,0.006110969813355798,-2.1788739824628496,0.6823194422650164,-13.878437500000002,1.7763568394002505e-15,62.5,0.0,192.61198486328124,0.0,-0.17800735473632814,0.017000052659060773,-0.10787226562499999,1.3877787807814457e-17,-0.28587962036132814,0.01700005265906078,-0.28081314086914066,0.0398961440463722,-0.03983703613281251,0.006234331129632014,-1.4638318326367679,1.4449180700763242,0.0038331156602900707,0.013324730401838014,0.02817054183427562
31.5,-13.926249999999998,1.7763568394002505e-15,60.976562500000014,7.105427357601002e-15,193.94105224609373,0.0,-0.15754032135009768,0.018966306969435517,-0.00010126953125000338,0.0,-0.1576415908813477,0.018966306969435517,-0.12116020202636721,0.018976393774248302,-0.03541351318359376,0.006277433025328227,-2.600010158298737,0.52716839393946,-13.926249999999998,1.7763568394002505e-15,60.976562500000014,7.105427357601002e-15,193.94105224609373,0.0,-0.1746356964111328,0.01737044662847295,-0.10805903320312502,1.3877787807814457e-17,-0.2826947296142578,0.01737044662847295,-0.2775717449188232,0.04031691525336219,-0.0375299072265625,0.006915517239090875,-1.554164397410862,1.320892547454058,0.002685263705484088,0.012095513995360088,0.026886820163395928
32.0,-13.9740625,0.0,55.0,0.0,195.27457275390628,2.842170943040401e-14,-0.1527252197265625,0.019009953308119613,-0.00010126953125000338,0.0,-0.1528264892578125,0.019009953308119613,-0.11636260986328124,0.01902562763043775,-0.032471923828125,0.0069992684893198515,-2.3238858309659083,0.3355858758941719,-13.9740625,0.0,55.0,0.0,195.27457275390628,2.842170943040401e-14,-0.17597808837890624,0.020328382515998816,-0.10824580078125,0.0,-0.2842238891601563,0.02032838251599881,-0.2790498352050781,0.04399926296113264,-0.037623291015625,0.007953845184484432,-1.4722903236086884,0.9114201520669313,-5.266341360221638e-06,0.009320928916842643,0.024047470920485498
32.5,-14.016210937500002,1.7763568394002505e-15,43.35937499999995,7.105427357601002e-15,196.45476531982422,0.0,-0.1505596160888672,0.013890324387853346,-0.00010126953125000338,0.0,-0.15066088562011717,0.013890324387853347,-0.11418685913085937,0.013903752013703412,-0.030924224853515623,0.0040420136930405534,-2.110862287330181,0.25661306470584855,-14.016210937500002,1.7763568394002505e-15,43.35937499999995,7.105427357601002e-15,196.45476531982422,0.0,-0.1747871398925781,0.015782791972809056,-0.10825556640625,0.0,-0.2830427062988281,0.015782791972809053,-0.26886653900146484,0.03703232808638438,-0.03643341064453125,0.005637806637059821,-1.4783756994145247,1.0757783851175444,-0.001262485136789733,0.007974860947269846,0.022619159546880416
33.0,-14.050390625000002,1.7763568394002505e-15,39.0625,0.0,197.41385803222653,2.842170943040401e-14,-0.14964302062988283,0.013141271970158436,-0.00010126953125000338,0.0,-0.1497442901611328,0.013141271970158436,-0.11325485229492187,0.013132573709743724,-0.030006713867187503,0.003223739846436543,-2.072432724745964,0.3777277011908553,-14.050390625000002,1.7763568394002505e-15,39.0625,0.0,197.41385803222653,2.842170943040401e-14,-0.1732003402709961,0.01684649139815459,-0.10825556640625,0.0,-0.2814559066772461,0.016846491398154594,-0.26391288757324216,0.038687200679286396,-0.0350830078125,0.006417297513922987,-1.5127552806080686,1.1509569088272447,-0.0018565756035636913,0.0072879696754065484,0.021835366109067233
33.5,-14.080273437499999,1.7763568394002505e-15,37.07031250000002,0.0,198.2543899536133,2.842170943040401e-14,-0.14668003082275394,0.014882407995980184,-0.00010126953125000338,0.0,-0.14678130035400394,0.014882407995980184,-0.11027435302734377,0.014886818262085167,-0.028053436279296892,0.003947100986400409,-1.981470601542026,0.6217349181043429,-14.080273437499999,1.7763568394002505e-15,37.07031250000002,0.0,198.2543899536133,2.842170943040401e-14,-0.1720009422302246,0.018423140501204274,-0.10825556640625,0.0,-0.2802565086364746,0.01842314050120427,-0.26276455879211424,0.03984196457134101,-0.033946838378906254,0.007264691665906428,-1.4695553012661202,1.143981012295171,-0.0034650976543169273,0.005584192476562791,0.020025083455173526
34.0,-14.11,0.0,31.09375,0.0,199.09211914062502,2.842170943040401e-14,-0.1387261962890625,0.01881363561480346,-0.00010126953125000338,0.0,-0.1388274658203125,0.01881363561480346,-0.1023052978515625,0.018833634294648297,-0.0235821533203125,0.006544485314954702,-1.5954419116040237,0.8743196501709033,-14.11,0.0,31.09375,0.0,199.09211914062502,2.842170943040401e-14,-0.17179710388183592,0.016775028826046992,-0.10825556640625,0.0,-0.28005267028808595,0.016775028826047002,-0.26269184112548827,0.03886790191199212,-0.033306884765625,0.006571190279862872,-1.2514255763767521,0.9543979749259429,-0.007570660427490224,0.0013809771645390267,0.015705917549844593
34.5,-14.133906249999999,1.7763568394002505e-15,25.117187499999975,3.552713678800501e-15,199.767470703125,0.0,-0.14343040466308596,0.013915419672661512,-0.00010126953125000338,0.0,-0.14353167419433593,0.013915419672661512,-0.10707954406738283,0.013875725661960983,-0.02561325073242188,0.004579717216729612,-1.2862849735713495,0.9929140278029271,-14.133906249999999,1.7763568394002505e-15,25.117187499999975,3.552713678800501e-15,199.767470703125,0.0,-0.16910940170288086,0.019019044091029575,-0.10825556640625,0.0,-0.2773649681091308,0.019019044091029575,-0.2647477436065674,0.04221644690218101,-0.031439208984374994,0.007748890871429593,-1.2769483019422019,0.8027610326107734,-0.005134669157487094,0.003714604512569504,0.017906203080532413
35.0,-14.153515624999999,1.7763568394002505e-15,23.4375,0.0,200.32214050292967,2.842170943040401e-14,-0.14650230407714843,0.0154705884289469,-0.00010126953125000338,0.0,-0.14660357360839846,0.0154705884289469,-0.11016273498535155,0.01543812102078315,-0.02673797607421875,0.004436701460551222,-1.1575925600278623,0.8618063675463019,-14.153515624999999,1.7763568394002505e-15,23.4375,0.0,200.32214050292967,2.842170943040401e-14,-0.16915340423583983,0.019961496325052962,-0.10825556640625,0.0,-0.27740897064208986,0.01996149632505296,-0.26262845993041994,0.04243108714860173,-0.030998229980468753,0.008186784858402116,-1.394082449532893,0.8959712040109317,-0.003587763270448324,0.005157246109818658,0.019207651038200536
35.5,-14.1714453125,0.0,20.976562500000025,3.552713678800501e-15,200.8299807739258,2.842170943040401e-14,-0.14347351074218756,0.017362644389174522,-0.00010126953125000338,0.0,-0.14357478027343756,0.017362644389174522,-0.10711025238037114,0.01736656075488546,-0.024797515869140644,0.005284872141780487,-1.052142056551853,0.735741148043761,-14.1714453125,0.0,20.976562500000025,3.552713678800501e-15,200.8299807739258,2.842170943040401e-14,-0.16872596740722656,0.021602803626522084,-0.108178662109375,0.0,-0.27690462951660155,0.02160280362652209,-0.26129894256591796,0.04356109317451526,-0.03032669067382813,0.00891715007925654,-1.4328259021252254,0.9837068207983162,-0.005102392130846532,0.0035382041588155264,0.017445507190372144
36.0,-14.18875,0.0,15.0,0.0,201.32064453125003,2.842170943040401e-14,-0.13445434570312498,0.013544470030736524,-0.00010126953125000338,0.0,-0.13455561523437498,0.013544470030736524,-0.09805267333984376,0.013562726428601781,-0.01989990234375,0.004047735969540346,-0.8710086706913075,0.7121442277435608,-14.18875,0.0,15.0,0.0,201.32064453125003,2.842170943040401e-14,-0.16635650634765625,0.023896760870749042,-0.10801142578125,0.0,-0.27436793212890626,0.023896760870749052,-0.2631802368164063,0.04734152355777759,-0.028660888671875,0.009912705201530068,-1.302569907306245,0.9760882671502633,-0.009554614968407569,-0.0010206146453150163,0.012734742389997295
36.5,-14.200703125000002,1.7763568394002505e-15,9.023437499999979,0.0,201.66000122070315,2.842170943040401e-14,-0.14096202850341796,0.010114515687666548,-0.00010126953125000338,0.0,-0.141063298034668,0.010114515687666548,-0.10454284667968754,0.010117238273134196,-0.022841491699218758,0.004133178283264173,-0.6204614883814283,0.5360310086918516,-14.200703125000002,1.7763568394002505e-15,9.023437499999979,0.0,201.66000122070315,2.842170943040401e-14,-0.16618724822998046,0.02029060807439085,-0.10801142578125,0.0,-0.27419867401123044,0.02029060807439086,-0.2629292678833008,0.04438755884982037,-0.02812393188476563,0.00793689802652186,-1.1221966154369718,0.8318266533253553,-0.006128204772057409,0.0022944921235434866,0.015880387330503117
37.0,-14.207890625000001,1.7763568394002505e-15,7.8125,0.0,201.86417053222655,0.0,-0.1422014617919922,0.012714659365906154,-0.00010126953125000338,0.0,-0.1423027313232422,0.012714659365906154,-0.10582992553710938,0.01269791920658298,-0.0231024169921875,0.004008605014232806,-0.6821507451695406,0.7121947513523064,-14.207890625000001,1.7763568394002505e-15,7.8125,0.0,201.86417053222655,0.0,-0.16503833770751955,0.021383913798974627,-0.10786249999999999,1.3877787807814457e-17,-0.2729008377075195,0.02138391379897463,-0.2578521728515625,0.04417726311732077,-0.02712158203125,0.008212616742406064,-0.9680545691287813,0.652039224250737,-0.005369977484382539,0.0029401672636436005,0.016350831306904772
37.5,-14.2138671875,0.0,7.8125,0.0,202.0340347290039,0.0,-0.1401510238647461,0.01636559164826776,-0.00010126953125000338,0.0,-0.1402522933959961,0.01636559164826776,-0.1038007736206055,0.016376150558781798,-0.021720886230468757,0.005574905657598113,-0.7387485815372651,0.9971976466650835,-14.2138671875,0.0,7.8125,0.0,202.0340347290039,0.0,-0.16376495361328125,0.0255514837789894,-0.10776728515625,0.0,-0.2715322387695313,0.025551483778989414,-0.25636243820190424,0.04811367742872922,-0.026092529296875003,0.01028729859875727,-0.839904749587974,0.50765802458318,-0.006250255102253202,0.001947186117787797,0.01518056734997211
38.0,-14.219843749999999,1.7763568394002505e-15,6.71875,0.0,202.2039636230469,0.0,-0.13703475952148436,0.019856362431331213,-0.00010126953125000338,0.0,-0.13713602905273437,0.019856362431331213,-0.10066329956054687,0.019889812351535068,-0.0198223876953125,0.007833644077781924,-0.6450654854585486,1.1957498083328566,-14.219843749999999,1.7763568394002505e-15,6.71875,0.0,202.2039636230469,0.0,-0.16260177612304688,0.029309004808949362,-0.10773310546875002,1.3877787807814457e-17,-0.2703348815917969,0.02930900480894937,-0.2589886474609375,0.05239397358435816,-0.0251373291015625,0.012206195879009056,-0.7558165507994686,0.3577789781575536,-0.007629331335931994,0.0004534370948275669,0.013501285148219147
38.5,-14.225820312500002,1.7763568394002505e-15,0.7421874999999787,0.0,202.37396881103516,0.0,-0.13821956634521484,0.020868019521295116,-0.00010126953125000338,0.0,-0.13832083587646485,0.020868019521295116,-0.10183643341064455,0.020863385713422302,-0.020079193115234376,0.007474847938729142,-0.272482669714733,1.2534255866636228,-14.225820312500002,1.7763568394002505e-15,0.7421874999999787,0.0,202.37396881103516,0.0,-0.16135276794433595,0.027139709795186755,-0.10754633789062498,1.3877787807814457e-17,-0.26889910583496096,0.027139709795186765,-0.25764041900634765,0.05084708684745633,-0.02408676147460937,0.011174378988737915,-0.7786999326763785,0.6276605542020627,-0.0068353319322243325,0.0011308578058426763,0.013985090703014041
39.0,-14.2265625,0.0,5.234374999999986,0.0,202.39508056640625,0.0,-0.14048805236816406,0.019880061926452728,-0.00010126953125000338,0.0,-0.14058932189941406,0.019880061926452728,-0.10409835815429688,0.01986183645998721,-0.020928955078125,0.0065210413386732995,-0.47882008941579074,1.1174931951810119,-14.2265625,0.0,5.234374999999986,0.0,202.39508056640625,0.0,-0.16459949493408202,0.025083878548698924,-0.1073595703125,0.0,-0.27195906524658203,0.025083878548698927,-0.26070486068725585,0.04934214411743718,-0.025305786132812497,0.00979971016542232,-0.7381220464106198,0.7236166990375222,-0.0054463127675961065,0.0024034061383778303,0.015062790571857328
39.5,-14.229960937499998,1.7763568394002505e-15,4.414062500000021,0.0,202.4918032836914,0.0,-0.13927280426025393,0.018338131940518733,-0.00010126953125000338,0.0,-0.13937407379150393,0.018338131940518733,-0.10289386749267579,0.018335033470534483,-0.020030822753906257,0.005745906947060351,-0.7576968675448884,0.7481907444824658,-14.229960937499998,1.7763568394002505e-15,4.414062500000021,0.0,202.4918032836914,0.0,-0.16499895095825196,0.025553291150189738,-0.10727900390625,0.0,-0.27227795486450196,0.025553291150189728,-0.2610098171234131,0.04944661921026619,-0.025134124755859383,0.009982444497403577,-0.5200227323945612,0.5699312829881891,-0.005800415677887465,0.0019325956811366632,0.014394717442161444
40.0,-14.234375,0.0,0.0,0.0,202.617431640625,0.0,-0.1370697021484375,0.018121270564754998,-0.00010126953125000338,0.0,-0.1371709716796875,0.018121270564754998,-0.1007171630859375,0.01812281257279781,-0.018621826171875,0.00576538680393511,-0.9177610312864293,0.6610753756206846,-14.234375,0.0,0.0,0.0,202.617431640625,0.0,-0.16341705322265623,0.026615630641959393,-0.10727900390625,0.0,-0.27069605712890626,0.026615630641959393,-0.25942306518554686,0.05006842963821268,-0.02398681640625,0.010462494019993177,-0.2569949988162935,0.5957109962054973,-0.006648098143129513,0.0009663700132030162,0.01322335941463661
40.5,-14.234375,0.0,0.0,0.0,202.617431640625,0.0,-0.1398712158203125,0.020954658970857153,-0.00010126953125000338,0.0,-0.1399724853515625,0.020954658970857153,-0.10355369567871095,0.020936069181506797,-0.019695739746093753,0.00631083483350386,-0.7626383676951366,0.90931145729794,-14.234375,0.0,0.0,0.0,202.617431640625,0.0,-0.16370595932006837,0.025880014876575725,-0.10727900390625,0.0,-0.2709849632263184,0.02588001487657573,-0.25974699020385744,0.04967735566023348,-0.02375335693359375,0.009600988926334299,-0.22820710580109488,1.017368427853669,-0.004995959261782982,0.0024981890801905778,0.014542334954163523
41.0,-14.234375,0.0,0.0,0.0,202.617431640625,0.0,-0.13801666259765627,0.018352820971598283,-0.00010126953125000338,0.0,-0.13811793212890627,0.018352820971598283,-0.101678466796875,0.018374033980375418,-0.018452758789062506,0.005508371250407545,-0.9692318789608838,0.7296468820248828,-14.234375,0.0,0.0,0.0,202.617431640625,0.0,-0.16265262603759764,0.02615048466777312,-0.10727900390625,0.0,-0.2699316299438476,0.026150484667773116,-0.2586688041687012,0.050582210514656,-0.02282928466796875,0.00974105356323543,-0.40646284054486453,0.8690237810847667,-0.005661203009888319,0.0017130797474056783,0.013544256423312268
41.5,-14.234375,0.0,0.0,0.0,202.617431640625,0.0,-0.13562541961669924,0.017307315057348234,-0.00010126953125000338,0.0,-0.13572668914794925,0.017307315057348234,-0.09926765441894532,0.01733067760743404,-0.016977844238281255,0.005848711889066466,-1.1971117566515512,0.5662266867541013,-14.234375,0.0,0.0,0.0,202.617431640625,0.0,-0.16161802291870117,0.02492687644827956,-0.10727900390625,0.0,-0.2688970268249512,0.024926876448279574,-0.2545474720001221,0.0478718947589717,-0.021947631835937502,0.00919578903392754,-0.5444497773141583,0.5130403996512589,-0.006563247153504027,0.0006921830716953847,0.012312176081648307
42.0,-14.234375,0.0,0.0,0.0,202.617431640625,0.0,-0.13351547241210937,0.016962369060211924,-0.00010126953125000338,0.0,-0.13361674194335937,0.016962369060211924,-0.09714416503906251,0.01697651307870805,-0.0156671142578125,0.006218099213818061,-1.269302190322699,0.6313355388245943,-14.234375,0.0,0.0,0.0,202.617431640625,0.0,-0.16239120483398437,0.02430321222626242,-0.10727900390625,0.0,-0.26967020874023434,0.024303212226262423,-0.252171630859375,0.04771326599994683,-0.0220037841796875,0.008793465062678479,-0.6146816440395622,0.3971356601809979,-0.007302016646030477,-0.00016493449815439473,0.011243937486812612
42.5,-14.234375,0.0,0.0,0.0,202.617431640625,0.0,-0.13232574462890626,0.014198098137638596,-0.00010126953125000338,0.0,-0.13242701416015626,0.014198098137638596,-0.09594879150390626,0.01419364701165034,-0.014824676513671874,0.004392232757393373,-1.0410042075844093,0.869813997638693,-14.234375,0.0,0.0,0.0,202.617431640625,0.0,-0.16647377014160158,0.02675491166314276,-0.10727900390625,0.0,-0.2737527740478516,0.026754911663142755,-0.2562270164489746,0.05015455253415984,-0.023741912841796872,0.009630288493730536,-0.6044623457190602,0.6586561687533891,-0.00755592375579988,-0.0005389201265736804,0.010651272129738518
43.0,-14.234375,0.0,0.0,0.0,202.617431640625,0.0,-0.13237243652343753,0.017201586350594992,-0.00010126953125000338,0.0,-0.1324737060546875,0.017201586350594992,-0.0959954833984375,0.01718700414722612,-0.014614562988281251,0.005109341326363443,-0.9928701974295299,0.7058077525393359,-14.234375,0.0,0.0,0.0,202.617431640625,0.0,-0.1671858215332031,0.02616907132845801,-0.10727900390625,0.0,-0.2744648254394531,0.02616907132845801,-0.25697116851806645,0.04868322791647314,-0.02371856689453125,0.009795903411512577,-0.5341796163634531,0.8645390320985201,-0.007198759922540248,-0.0002987258265884328,0.010681721224286319
43.5,-14.234375,0.0,0.0,0.0,202.617431640625,0.0,-0.13063648223876953,0.019653510483086754,-0.00010126953125000338,0.0,-0.13073775177001953,0.019653510483086754,-0.09427223205566408,0.019655937380574938,-0.01352371215820313,0.006256646673302951,-0.8938059773478497,0.5487201931559368,-14.234375,0.0,0.0,0.0,202.617431640625,0.0,-0.16185127258300785,0.02710870344637551,-0.10727900390625,0.0,-0.2691302764892578,0.027108703446375518,-0.2516422557830811,0.04914127582227919,-0.02069732666015626,0.01020706766529354,-0.5414963657761513,0.9060140452738568,-0.007724278912143175,-0.0009405809559164882,0.009830640548159676
44.0,-14.234375,0.0,0.0,0.0,202.617431640625,0.0,-0.12915130615234374,0.02019106154969546,-0.00010126953125000338,0.0,-0.12925257568359375,0.02019106154969546,-0.0927972412109375,0.02019965362191364,-0.012578125,0.006572263811176384,-0.6283149630317577,0.5792182781351068,-14.234375,0.0,0.0,0.0,202.617431640625,0.0,-0.15968780517578127,0.02694728129208734,-0.10727900390625,0.0,-0.26696680908203124,0.026947281292087337,-0.24946830749511717,0.049596613484838466,-0.019295654296875,0.00956931276354615,-0.5129343312937062,1.0850383348014176,-0.008093561082961685,-0.0014272212362749191,0.009129663936277935
44.5,-14.234375,0.0,0.0,0.0,202.617431640625,0.0,-0.1290034484863281,0.020025719721810702,-0.00010126953125000338,0.0,-0.1291047180175781,0.020025719721810702,-0.09264938354492189,0.02002895393001262,-0.012321319580078123,0.006883617222489622,-0.22240325287505364,0.6993611568202094,-14.234375,0.0,0.0,0.0,202.617431640625,0.0,-0.16414590835571288,0.026395251515527903,-0.10727900390625,0.0,-0.27142491226196286,0.026395251515527914,-0.25338134765625,0.04917030803275507,-0.021230773925781245,0.008867551227915445,-0.43880898357826653,1.369713988442851,-0.007779163184079712,-0.0012291425487916986,0.009115303678087676
45.0,-14.234375,0.0,0.0,0.0,202.617431640625,0.0,-0.12926025390624998,0.020284632447398056,-0.00010126953125000338,0.0,-0.1293615234375,0.020284632447398056,-0.09290618896484375,0.020257568761647977,-0.012251281738281248,0.006613479381180006,-0.33023540790264383,0.5074245041869245,-14.234375,0.0,0.0,0.0,202.617431640625,0.0,-0.1608453750610352,0.025009453522537074,-0.10727900390625,0.0,-0.2681243789672852,0.025009453522537074,-0.2453269958496094,0.04453601608559321,-0.01922302246093751,0.00932138879561784,-0.7259804607827085,1.2127483099115997,-0.007283054213763761,-0.000848323088450554,0.009285564782231746
45.5,-14.234375,0.0,0.0,0.0,202.617431640625,0.0,-0.1305774688720703,0.021362837157970258,-0.00010126953125000338,0.0,-0.1306787384033203,0.021362837157970258,-0.09417648315429687,0.02136914076880076,-0.012725524902343747,0.007402305521149165,-0.35966939859457414,0.4794014202472852,-14.234375,0.0,0.0,0.0,202.617431640625,0.0,-0.16179117202758786,0.024419986000405496,-0.10727900390625,0.0,-0.2690701759338379,0.0244199860004055,-0.2453348064422607,0.03963807718309139,-0.019411163330078123,0.008525976725386868,-0.9709341765005899,1.0030264803922957,-0.006247675982179738,7.278621927817724e-05,0.0099979796755542
46.0,-14.234375,0.0,0.0,0.0,202.617431640625,0.0,-0.12950057983398436,0.021500269961234674,-0.00010126953125000338,0.0,-0.12960184936523436,0.021500269961234674,-0.09307891845703126,0.021535523804240914,-0.011998901367187498,0.00714223078925534,-0.41953133536386067,0.46487959532377265,-14.234375,0.0,0.0,0.0,202.617431640625,0.0,-0.16175193786621095,0.024583026963221257,-0.10727900390625,0.0,-0.26903094177246095,0.024583026963221264,-0.24765182495117186,0.042920910264049345,-0.0191259765625,0.008278096156287858,-0.9036717270359902,0.9561835120545272,-0.006418131828556977,-0.00021092699944716756,0.00950741948389934
46.5,-14.234375,0.0,0.0,0.0,202.617431640625,0.0,-0.12728702545166015,0.021461477955912286,-0.00010126953125000338,0.0,-0.12738829498291016,0.021461477955912286,-0.09088287353515624,0.02149115104240529,-0.010699920654296875,0.006523818185899887,-0.5808282954431653,0.6810778671162027,-14.234375,0.0,0.0,0.0,202.617431640625,0.0,-0.1604193115234375,0.02479939459535165,-0.10727900390625,0.0,-0.26769831542968753,0.024799394595351656,-0.25017374992370606,0.04549753178295024,-0.018181457519531253,0.008606738175456673,-0.6199107136759723,1.0105274946759994,-0.0071658682583055355,-0.0010709182046711695,0.008442412392975543
47.0,-14.234375,0.0,0.0,0.0,202.617431640625,0.0,-0.13170524597167968,0.02270018585460375,-0.00010126953125000338,0.0,-0.13180651550292966,0.022700185854603747,-0.09531860351562498,0.02270800388313014,-0.012731018066406242,0.00777187436528119,-0.9611930936088527,1.1151272165615134,-14.234375,0.0,0.0,0.0,202.617431640625,0.0,-0.16231033325195313,0.024413250119998394,-0.10727900390625,0.0,-0.2695893371582031,0.024413250119998387,-0.2520866584777832,0.04557293585616466,-0.018788452148437496,0.00867849121210507,-0.7183827220143213,0.8975012964746018,-0.004588406384851938,0.001395282614814905,0.010705412204518441
47.5,-14.234375,0.0,0.0,0.0,202.617431640625,0.0,-0.1288930892944336,0.022651746433524973,-0.00010126953125000338,0.0,-0.1289943588256836,0.022651746433524973,-0.09252395629882815,0.022633222464954986,-0.011157226562500008,0.007011768718105776,-1.233831374517402,1.042660750654608,-14.234375,0.0,0.0,0.0,202.617431640625,0.0,-0.16051921844482422,0.021454376031127296,-0.10727900390625,0.0,-0.2677982223510742,0.021454376031127292,-0.24181118011474614,0.03476499201090859,-0.017603302001953126,0.007603569841363071,-0.8950987062254225,1.0123682028922203,-0.005620670051193186,0.00025274281921737127,0.00936147021275361
48.0,-14.234375,0.0,0.0,0.0,202.617431640625,0.0,-0.12432632446289062,0.025079803956042125,-0.00010126953125000338,0.0,-0.12442759399414063,0.025079803956042125,-0.0879595947265625,0.02505820846410084,-0.00871337890625,0.007966961753506344,-1.5292749649439132,1.0901328598767193,-14.234375,0.0,0.0,0.0,202.617431640625,0.0,-0.15623138427734373,0.022078962932686148,-0.10727900390625,0.0,-0.26351038818359374,0.022078962932686144,-0.23619979858398435,0.03618110230434075,-0.015198974609374999,0.007115370245198314,-0.9598639072516043,1.298276239294885,-0.007527783678044027,-0.0017636707311026179,0.007145437354283567
48.5,-14.234375,0.0,0.0,0.0,202.617431640625,0.0,-0.12160455703735353,0.027420054666577303,-0.00010126953125000338,0.0,-0.12170582656860353,0.027420054666577303,-0.08523063659667969,0.027420945538009757,-0.007189331054687501,0.009125804705606406,-1.7902169750009234,1.2610292052931664,-14.234375,0.0,0.0,0.0,202.617431640625,0.0,-0.15288782119750977,0.022724931843949935,-0.10727900390625,0.0,-0.26016682510375977,0.02272493184394994,-0.2338152885437012,0.03794670346679736,-0.013290557861328125,0.006375698881592408,-0.967219070398998,1.35937011912554,-0.008519848871779631,-0.002864068284261164,0.00584718759819668
49.0,-14.234375,0.0,0.0,0.0,202.617431640625,0.0,-0.12551792144775387,0.02847090592893943,-0.00010126953125000338,0.0,-0.12561919097900387,0.02847090592893943,-0.08914108276367184,0.02848199455649509,-0.008963623046874987,0.010231566007251228,-1.8819137608810605,1.1908566689362734,-14.234375,0.0,0.0,0.0,202.617431640625,0.0,-0.15617084503173823,0.01585467709257678,-0.10727900390625,0.0,-0.2634498489379883,0.01585467709257678,-0.2275556564331055,0.016432309825110028,-0.014714660644531242,0.0038568078892408856,-1.0646843187736745,1.0579896423985384,-0.006218283532408678,-0.0006698763055079278,0.007845278836162995
49.5,-14.234375,0.0,0.0,0.0,202.617431640625,0.0,-0.11466786384582524,0.03466538162935386,-0.00010126953125000338,0.0,-0.11476913337707524,0.03466538162935386,-0.07832595825195317,0.03470577620069559,-0.0034255981445312704,0.012814278867996387,-1.9616633417445275,0.7597825898652593,-14.234375,0.0,0.0,0.0,202.617431640625,0.0,-0.15809682846069337,0.021065749597617273,-0.10727900390625,0.0,-0.26537583236694334,0.021065749597617277,-0.22913405418395993,0.021171299848963734,-0.015420989990234371,0.005390236447936737,-1.2181471889113566,0.8867767818987554,-0.011233702709622685,-0.005791718333952662,0.0025290720244709047
50.0,-14.234375,0.0,0.0,0.0,202.617431640625,0.0,-0.11327457427978516,0.03174166510898964,-0.00010126953125000338,0.0,-0.11337584381103516,0.03174166510898964,-0.07692718505859375,0.03176130688335395,-0.002685546875,0.010991582673546987,-2.005570418351187,0.5182041754675326,-14.234375,0.0,0.0,0.0,202.617431640625,0.0,-0.154876708984375,0.020502766771843473,-0.10727900390625,0.0,-0.26215571289062506,0.020502766771843473,-0.22593021392822266,0.020571469187110614,-0.0135650634765625,0.0049568053555553195,-1.393618283571903,0.7330377249586095,-0.011455774556531403,-0.006119270936971847,0.002008875228394642
50.5,-14.234375,0.0,0.0,0.0,202.617431640625,0.0,-0.1136094093322754,0.025773477136671826,-0.00010126953125000338,0.0,-0.11371067886352539,0.025773477136671826,-0.07724693298339844,0.025764637341319094,-0.0028350830078125006,0.007971464891401025,-1.948237207941803,0.7891901516544024,-14.234375,0.0,0.0,0.0,202.617431640625,0.0,-0.15112890243530275,0.018236238247028743,-0.10727900390625,0.0,-0.2584079063415527,0.01823623824702875,-0.2221799850463867,0.018299369398579953,-0.01149078369140625,0.004236874665601311,-1.481798967837178,0.7419280532118654,-0.010792844349833098,-0.0055608877310442,0.002376319600143761
51.0,-14.234375,0.0,0.0,0.0,202.617431640625,0.0,-0.10735481262207032,0.024625879379725272,-0.00010126953125000338,0.0,-0.10745608215332032,0.024625879379725272,-0.07100051879882813,0.02464446225383784,0.0003289794921874955,0.008421210330892654,-1.7462172430434157,1.0267594700362193,-14.234375,0.0,0.0,0.0,202.617431640625,0.0,-0.15131824493408205,0.019300619867293232,-0.10727900390625,0.0,-0.2585972488403321,0.019300619867293242,-0.22234260559082034,0.019403956312459295,-0.011455078125000016,0.005649404171314361,-1.3989784222938528,0.8936741556627095,-0.013448057533451789,-0.008319722426047338,-0.0005717636666377878
51.5,-14.234375,0.0,0.0,0.0,202.617431640625,0.0,-0.1062283706665039,0.025061685469355516,-0.00010126953125000338,0.0,-0.1063296401977539,0.025061685469355516,-0.06986824035644533,0.02508803083113618,0.0009359741210937479,0.008160867836003196,-1.813153175763044,1.003503583579846,-14.234375,0.0,0.0,0.0,202.617431640625,0.0,-0.1476383399963379,0.01643447702037576,-0.10727900390625,0.0,-0.2549173439025879,0.016434477020375763,-0.21862476348876955,0.016449719478280018,-0.009400634765625008,0.0053096018978468175,-1.6449543701740998,0.6460936351330617,-0.013550707371577864,-0.008525076478951905,-0.0009646909917593646
52.0,-14.234375,0.0,0.0,0.0,202.617431640625,0.0,-0.10413528442382812,0.02520817072906994,-0.00010126953125000338,0.0,-0.10423655395507812,0.02520817072906994,-0.0677362060546875,0.025212103157709966,0.0019873046874999997,0.00809398895264426,-1.8057941001056355,0.9813217889823501,-14.234375,0.0,0.0,0.0,202.617431640625,0.0,-0.1450927734375,0.015805260526722233,-0.10727900390625,0.0,-0.25237177734375,0.015805260526722223,-0.21609039306640623,0.015849110832882093,-0.007978515625,0.0043403396941113165,-1.8934001789226476,0.6340237119301808,-0.014102157797049642,-0.009178321942850901,-0.0018038492586960088
52.5,-14.234375,0.0,0.0,0.0,202.617431640625,0.0,-0.10166292190551758,0.025213816359933354,-0.00010126953125000338,0.0,-0.10176419143676758,0.025213816359933354,-0.06524810791015626,0.025209624038667645,0.003181457519531249,0.007529853418019901,-1.7568690515620533,0.7644152581368362,-14.234375,0.0,0.0,0.0,202.617431640625,0.0,-0.1417226791381836,0.016186351786675338,-0.10727900390625,0.0,-0.24900168304443365,0.01618635178667534,-0.21273956298828128,0.016269605110935014,-0.006182861328125002,0.0035072425408978437,-1.9724874785452284,0.7681307686457588,-0.014800855615231864,-0.009977913671480217,-0.002787708020281534
53.0,-14.234375,0.0,0.0,0.0,202.617431640625,0.0,-0.09883548736572269,0.02679171025884409,-0.00010126953125000338,0.0,-0.09893675689697269,0.02679171025884409,-0.06244934082031254,0.026792701529652355,0.004513549804687482,0.00787154863713806,-1.6944067183630098,0.5421182430460726,-14.234375,0.0,0.0,0.0,202.617431640625,0.0,-0.13728849411010743,0.01676953282825917,-0.10727900390625,0.0,-0.24456749801635744,0.016769532828259177,-0.20831241607666015,0.016827018650922662,-0.0038784790039062497,0.003993219383623433,-1.8404066534864971,0.5941128802619481,-0.015641878840734626,-0.010918937656573865,-0.003911367837225931
53.5,-14.234375,0.0,0.0,0.0,202.617431640625,0.0,-0.09360307693481447,0.023711151714724127,-0.00010126953125000338,0.0,-0.09370434646606447,0.023711151714724127,-0.05721984863281252,0.023731376004634902,0.007081604003906242,0.00641750259674235,-1.6763122487457094,0.9232417661527901,-14.234375,0.0,0.0,0.0,202.617431640625,0.0,-0.1374621295928955,0.013343644213298209,-0.10727900390625,0.0,-0.2447411334991455,0.013343644213298207,-0.20850210189819335,0.013384901334402842,-0.003901824951171875,0.0030839169162996723,-1.8533856940991957,0.5975200340588306,-0.01772321110837874,-0.013099385439460078,-0.00627283469086335
54.0,-14.234375,0.0,0.0,0.0,202.617431640625,0.0,-0.09353843688964843,0.028153626003911962,-0.00010126953125000338,0.0,-0.09363970642089844,0.028153626003911962,-0.057165222167968745,0.028220711622923972,0.0070385742187500005,0.008419049894999493,-1.5406347599340795,0.9854967134170246,-14.234375,0.0,0.0,0.0,202.617431640625,0.0,-0.13656023025512695,0.01886720957305518,-0.10727900390625,0.0,-0.24383923416137693,0.018867209573055186,-0.20762275695800778,0.018923338021390384,-0.00337646484375,0.0039750464946498795,-1.7690037013767523,0.9638282136527007,-0.017197768037313335,-0.012672180475804026,-0.006025046349036516
54.5,-14.234375,0.0,0.0,0.0,202.617431640625,0.0,-0.09077869415283205,0.029733395464921063,-0.00010126953125000338,0.0,-0.09087996368408205,0.029733395464921063,-0.05440246582031252,0.029788711918767058,0.008323516845703118,0.008789876517375983,-1.3753217861646907,0.9826725024961424,-14.234375,0.0,0.0,0.0,202.617431640625,0.0,-0.1333728861808777,0.021694871155479082,-0.10727900390625,0.0,-0.2406518900871277,0.021694871155479082,-0.2044387435913086,0.021757533145408747,-0.001712341308593755,0.005819540220587346,-1.6264670489829256,1.1608131229805478,-0.018004567882270225,-0.01357634878748179,-0.0071070430191022774
55.0,-14.234375,0.0,0.0,0.0,202.617431640625,0.0,-0.0854248046875,0.02821650186602599,-0.00010126953125000338,0.0,-0.08552607421875,0.02821650186602599,-0.04903793334960937,0.02821682040347298,0.0108856201171875,0.007767348348678313,-1.2019195200957942,0.9439693398038197,-14.234375,0.0,0.0,0.0,202.617431640625,0.0,-0.12872865200042727,0.019699360218046538,-0.10727900390625,0.0,-0.23600765590667727,0.01969936021804653,-0.19977493286132814,0.019772552916529136,0.0006607055664062416,0.006117234452446244,-1.513780358232268,1.0482783777934603,-0.02009276107156392,-0.01576104850119445,-0.009467996887667274
55.5,-14.234375,0.0,0.0,0.0,202.617431640625,0.0,-0.0852322006225586,0.029256728785421682,-0.00010126953125000338,0.0,-0.0853334701538086,0.029256728785421682,-0.048862838745117196,0.029194539319423517,0.01083892822265625,0.008335208782987297,-1.0039959531841904,0.6004158244241727,-14.234375,0.0,0.0,0.0,202.617431640625,0.0,-0.12634189367294313,0.019320800765651285,-0.10727900390625,0.0,-0.2336208975791931,0.01932080076565129,-0.19735862731933596,0.01940196929581198,0.0018513488769531209,0.005599490873891121,-1.6666718240662362,0.9355376562876436,-0.0195763543251963,-0.01534029396718145,-0.00922193624041294
56.0,-14.234375,0.0,0.0,0.0,202.617431640625,0.0,-0.08514076232910157,0.029979082135956427,-0.00010126953125000338,0.0,-0.08524203186035158,0.029979082135956427,-0.0487811279296875,0.0299434306274685,0.0106884765625,0.00852524799869957,-0.8488581730769292,0.4790115128556789,-14.234375,0.0,0.0,0.0,202.617431640625,0.0,-0.12362472534179689,0.01890763319771838,-0.10727900390625,0.0,-0.2309037292480469,0.018907633197718373,-0.19462066650390625,0.0189968431972293,0.003187255859375,0.0047477937330383385,-1.6729451781942033,0.6389291981786184,-0.018960345905800473,-0.014819091010767714,-0.008873880714744405
56.5,-14.234375,0.0,0.0,0.0,202.617431640625,0.0,-0.08279872417449953,0.030120096703861055,-0.00010126953125000338,0.0,-0.08289999370574953,0.030120096703861055,-0.04642280578613282,0.030126752905957024,0.011692962646484369,0.008366541318346825,-0.9445748851571615,0.27279426839694565,-14.234375,0.0,0.0,0.0,202.617431640625,0.0,-0.12175937414169313,0.018906885382904984,-0.10727900390625,0.0,-0.2290383780479431,0.018906885382904987,-0.19275917053222658,0.019001983970828938,0.004052429199218749,0.0048846435070216574,-1.619200628676336,0.45296930090146276,-0.019503396514141923,-0.01545610782846276,-0.009682512196981668
57.0,-14.234375,0.0,0.0,0.0,202.617431640625,0.0,-0.07996912956237792,0.03077662977743998,-0.00010126953125000338,0.0,-0.08007039909362793,0.03077662977743998,-0.043582153320312504,0.030808776447919586,0.012947692871093753,0.008717321864914966,-1.179145154975231,0.3054187658369778,-14.234375,0.0,0.0,0.0,202.617431640625,0.0,-0.120561900138855,0.018850196465361613,-0.10727900390625,0.0,-0.22784090404510496,0.018850196465361607,-0.19158889770507814,0.018964726626818283,0.004578857421874996,0.005300371546362713,-1.5450893304286866,0.5672479539878157,-0.020300776063552028,-0.016346621762986856,-0.01074312159846812
57.5,-14.234375,0.0,0.0,0.0,202.617431640625,0.0,-0.08015224933624267,0.03244298230851935,-0.00010126953125000338,0.0,-0.08025351886749267,0.03244298230851935,-0.04381561279296875,0.032447874211325146,0.012644195556640626,0.009703827804060315,-1.314105409564406,0.4250371335135296,-14.234375,0.0,0.0,0.0,202.617431640625,0.0,-0.11943217515945434,0.01917290383673826,-0.10727900390625,0.0,-0.22671117906570434,0.019172903836738257,-0.19050331115722655,0.019237003637233654,0.0051391601562499984,0.005824180444275462,-1.4963839159701104,0.6892600803491447,-0.019543976714152853,-0.015682132338083198,-0.010247221891455532
58.0,-14.234375,0.0,0.0,0.0,202.617431640625,0.0,-0.07877996444702148,0.031617619499283954,-0.00010126953125000338,0.0,-0.07888123397827149,0.031617619499283954,-0.04241180419921876,0.0316268105063447,0.013108520507812499,0.008766379331576823,-1.0145401676773822,0.3465082409343637,-14.234375,0.0,0.0,0.0,202.617431640625,0.0,-0.11407766342163086,0.016819878239933726,-0.10727900390625,0.0,-0.22135666732788087,0.016819878239933722,-0.18512695312500002,0.016950094505907436,0.0077319335937499995,0.00390089430825677,-1.4164360419853659,0.9121271591716469,-0.01955901243054509,-0.015788660816788088,-0.01052084766843751
58.5,-14.234375,0.0,0.0,0.0,202.617431640625,0.0,-0.07505173325538636,0.03200064748772941,-0.00010126953125000338,0.0,-0.07515300278663636,0.03200064748772941,-0.03866409301757814,0.03199503696673366,0.014785461425781242,0.0087045170714673,-0.8987030171569947,0.6449303745530266,-14.234375,0.0,0.0,0.0,202.617431640625,0.0,-0.11032479763031007,0.017655128819701042,-0.10727900390625,0.0,-0.2176038015365601,0.017655128819701046,-0.18136253356933596,0.01777840262385195,0.009468688964843746,0.004415711405067979,-1.3890132592830358,0.877130011905503,-0.020790641391083747,-0.017110972611283616,-0.012008777553056085
59.0,-14.234375,0.0,0.0,0.0,202.617431640625,0.0,-0.07155804872512818,0.03088541113190561,-0.00010126953125000338,0.0,-0.07165931825637818,0.03088541113190561,-0.03517593383789063,0.030874144553372767,0.01634002685546875,0.008097585170588489,-0.7778518072097124,0.8780728170206509,-14.234375,0.0,0.0,0.0,202.617431640625,0.0,-0.10932551383972167,0.018501747649114792,-0.10727900390625,0.0,-0.21660451774597167,0.0185017476491148,-0.18036071777343748,0.01859033179519225,0.00979827880859376,0.00477097991161357,-1.446643464770905,0.7293232971430024,-0.021903836932335184,-0.018314048227926684,-0.013376005146175287
59.5,-14.234375,0.0,-0.27343749999997874,5.551115123125783e-17,202.617431640625,0.0,-0.07041419506073,0.026603370947376335,-0.00010126953125000338,0.0,-0.07051546459198,0.026603370947376335,-0.03406745910644533,0.026601805966682945,0.01667724609374999,0.0064347316416612675,-0.46744855689557696,1.1317277441049645,-14.234375,0.0,-0.27343749999997874,5.551115123125783e-17,202.617431640625,0.0,-0.11124330043792727,0.02022702391504049,-0.107287548828125,1.3877787807814457e-17,-0.21853084926605226,0.02022702391504049,-0.1822822952270508,0.02026594402830404,0.008665466308593736,0.006188588772394998,-1.606929574535172,0.7134533892693247,-0.021803593454496447,-0.018302889173235186,-0.013527544932902636
60.0,-14.234375,0.0,-6.25,0.0,202.617431640625,0.0,-0.06396560668945313,0.027961184913955415,-0.00010126953125000338,0.0,-0.06406687622070313,0.027961184913955415,-0.027612304687500002,0.02800138381109999,0.01966552734375,0.0066477456903980565,-0.3013059531614279,1.1550842790960365,-14.234375,0.0,-6.25,0.0,202.617431640625,0.0,-0.10305252075195313,0.019734723092751198,-0.10747431640625002,1.3877787807814457e-17,-0.21052683715820314,0.019734723092751198,-0.17412872314453123,0.01982017244423704,0.012634277343749998,0.004175643390488833,-1.7108979480805684,0.5741151565927584,-0.02435828457293317,-0.020945876105987794,-0.016331790435715064
60.5,-14.229960937499998,1.7763568394002505e-15,-3.3984375000000275,8.881784197001252e-16,202.4918032836914,0.0,-0.0680734276771545,0.028863084837262444,-0.00010126953125000338,0.0,-0.06817469720840451,0.028863084837262444,-0.03171813964843746,0.028853960032905236,0.01727416992187502,0.006854332968371756,-0.2650844689571513,0.9335122345365386,-14.229960937499998,1.7763568394002505e-15,-3.3984375000000275,8.881784197001252e-16,202.4918032836914,0.0,-0.10075380325317383,0.02055101757614493,-0.107661083984375,0.0,-0.20841488723754883,0.020551017576144928,-0.17197551727294924,0.020642640297641988,0.013637390136718754,0.0044531374960439535,-1.5478296880121842,0.6208813616970504,-0.021537175322476045,-0.01821228104207729,-0.013758026420329314
61.0,-14.2265625,0.0,-2.5781249999999574,0.0,202.39508056640625,0.0,-0.07207035541534425,0.0273045779267843,-0.00010126953125000338,0.0,-0.07217162494659425,0.0273045779267843,-0.035715332031250005,0.027264126767910225,0.01499267578125,0.006134392115782378,-0.18141028486487337,0.7939581016487937,-14.2265625,0.0,-2.5781249999999574,0.0,202.39508056640625,0.0,-0.0998580026626587,0.019524698178515286,-0.10776728515625,0.0,-0.2076252878189087,0.01952469817851528,-0.17124893188476567,0.01959824904407246,0.013902893066406245,0.004434978577621642,-1.402891999358065,0.8067783249450399,-0.0188297336781479,-0.015591578875789588,-0.011295740417989034
61.5,-14.225820312500002,1.7763568394002505e-15,-7.8125,0.0,202.37396881103516,0.0,-0.0706721353530884,0.02267206208774282,-0.00010126953125000338,0.0,-0.0707734048843384,0.02267206208774282,-0.03431526184082032,0.022645582732702788,0.015514068603515618,0.0037350803071058906,0.03353074436143352,0.8593728054263176,-14.225820312500002,1.7763568394002505e-15,-7.8125,0.0,202.37396881103516,0.0,-0.09773352921009065,0.017953754462401342,-0.10779047851562498,1.3877787807814457e-17,-0.20552400772571564,0.01795375446240134,-0.16927398681640626,0.018027318212329863,0.01474227905273437,0.004683324083764685,-1.435218402000025,0.9981465880375608,-0.01892894964427422,-0.01577676646946136,-0.011637941816121518
62.0,-14.219843749999999,1.7763568394002505e-15,-7.8125,0.0,202.2039636230469,0.0,-0.0669944190979004,0.025845871431102427,-0.00010126953125000338,0.0,-0.0670956886291504,0.025845871431102427,-0.030614929199218748,0.025833494813147433,0.017078247070312497,0.006220207224532112,0.305546402653332,0.7849312653649988,-14.219843749999999,1.7763568394002505e-15,-7.8125,0.0,202.2039636230469,0.0,-0.09329114198684692,0.024610416842799056,-0.10797724609375002,1.3877787807814457e-17,-0.2012683880805969,0.024610416842799056,-0.16497833251953126,0.024680493194549503,0.016726684570312497,0.006170208349819638,-1.6703920875673903,0.9913287839674281,-0.020074688523304705,-0.017007715922843773,-0.013024515128691742
62.5,-14.2138671875,0.0,-12.69531249999997,1.7763568394002505e-15,202.0340347290039,0.0,-0.06850886344909667,0.025074718721007805,-0.00010126953125000338,0.0,-0.06861013298034667,0.025074718721007805,-0.032150268554687486,0.025102820495945217,0.016048431396484382,0.00559827976379558,0.34250023759605874,0.5285550879656544,-14.2138671875,0.0,-12.69531249999997,1.7763568394002505e-15,202.0340347290039,0.0,-0.08885098993778229,0.021259442594721217,-0.108164013671875,0.0,-0.19701500360965732,0.02125944259472122,-0.1606731414794922,0.021340061170505242,0.01869201660156249,0.004951259567116191,-1.4494249037095759,0.7779357020476393,-0.018630137446377322,-0.015647621104204017,-0.011818666528285412
63.0,-14.204843749999998,1.7763568394002505e-15,-15.625,0.0,201.77764404296875,0.0,-0.06682952880859379,0.025271110849525713,-0.00010126953125000338,0.0,-0.06693079833984379,0.025271110849525713,-0.030466613769531293,0.02528665129920718,0.016651306152343733,0.004879036005629636,0.12077882851198288,0.6234105333193445,-14.204843749999998,1.7763568394002505e-15,-15.625,0.0,201.77764404296875,0.0,-0.08698527753353119,0.02020913651996027,-0.10835078124999999,1.3877787807814457e-17,-0.19533605878353116,0.020209136519960275,-0.1589514923095703,0.02027547090278931,0.019355773925781253,0.004670078716492143,-1.2146444253988213,0.6282826421840509,-0.018821948192968167,-0.015923140470507805,-0.0122470666672643
63.5,-14.192890625000002,1.7763568394002505e-15,-16.835937499999975,3.552713678800501e-15,201.43817626953125,0.0,-0.06272239565849302,0.02737673492012648,-0.00010126953125000338,0.0,-0.06282366518974303,0.02737673492012648,-0.02633392333984374,0.02735329466515678,0.018479309082031256,0.00578387045593207,-0.20255011000555537,1.0525502065971042,-14.192890625000002,1.7763568394002505e-15,-16.835937499999975,3.552713678800501e-15,201.43817626953125,0.0,-0.08708534210920334,0.021856526277606498,-0.10849970703125,0.0,-0.19558504914045335,0.0218565262776065,-0.15919811248779298,0.02190610815414251,0.01902755737304687,0.004739571313866818,-1.1018149280325849,0.6927463666077176,-0.020241547580285273,-0.017425832360239302,-0.013901712733287884
64.0,-14.1809375,0.0,-22.8125,0.0,201.09900634765629,2.842170943040401e-14,-0.06554743766784668,0.027958913973481065,-0.00010126953125000338,0.0,-0.06564870719909668,0.027958913973481065,-0.02918212890625,0.027983869802578325,0.016751708984375,0.007332147299610773,-0.14614434231132928,1.127567280585624,-14.1809375,0.0,-22.8125,0.0,201.09900634765629,2.842170943040401e-14,-0.08518159866333008,0.021206233956460666,-0.10849970703125,0.0,-0.19368130569458009,0.021206233956460666,-0.15740631103515626,0.021308748363122756,0.019704589843750002,0.005899083689478649,-1.1345482317162117,0.9564240381861365,-0.018087773677062595,-0.015357145413825338,-0.01199296259988749
64.5,-14.1636328125,0.0,-23.4375,0.0,200.60861297607423,0.0,-0.06581673622131347,0.026797726119845437,-0.00010126953125000338,0.0,-0.06591800575256347,0.026797726119845437,-0.029459075927734373,0.026796056731728392,0.016382904052734376,0.005602014202778862,0.2594988273851821,0.8596226505383777,-14.1636328125,0.0,-23.4375,0.0,200.60861297607423,0.0,-0.07985363423824308,0.02641145039487522,-0.108666943359375,0.0,-0.1885205775976181,0.02641145039487522,-0.15220184326171876,0.0265026997608398,0.022053985595703134,0.007836167247935026,-0.8918922264259146,0.5399405351643312,-0.017306954259947167,-0.014659321641515455,-0.011449135530261455
65.0,-14.145703124999999,1.7763568394002505e-15,-26.95312500000005,7.105427357601002e-15,200.10105285644528,2.842170943040401e-14,-0.06802741289138796,0.02748883865573038,-0.00010126953125000338,0.0,-0.06812868242263796,0.02748883865573038,-0.03166732788085941,0.027476867478022124,0.015046691894531236,0.005883374140184971,0.5457595789627024,0.567758651404085,-14.145703124999999,1.7763568394002505e-15,-26.95312500000005,7.105427357601002e-15,200.10105285644528,2.842170943040401e-14,-0.07784743309020997,0.027113932495999082,-0.10874384765625,0.0,-0.18659128074645998,0.02711393249599908,-0.15029983520507814,0.027189221628651235,0.022731018066406244,0.007882374230281512,-0.7480808071323143,0.2877955067741762,-0.015565451157953002,-0.012999677410883627,-0.009940787680725201
65.5,-14.126093749999997,1.7763568394002505e-15,-32.92968750000003,0.0,199.54668945312503,2.842170943040401e-14,-0.06849813222885129,0.028541930872586108,-0.00010126953125000338,0.0,-0.06859940176010129,0.028541930872586108,-0.032130813598632776,0.028532194675541557,0.014582214355468769,0.006794032558951842,0.6257880150854961,0.4361832410323549,-14.126093749999997,1.7763568394002505e-15,-32.92968750000003,0.0,199.54668945312503,2.842170943040401e-14,-0.07810178160667419,0.024934563110688857,-0.10879633789062503,1.3877787807814457e-17,-0.18689811949729918,0.02493456311068886,-0.15063423156738281,0.02500392056749064,0.022258148193359376,0.006827490831619931,-0.7501085543688077,0.5807060371477575,-0.01468057135318269,-0.012198316859248836,-0.009297541218965269
66.0,-14.102187500000001,0.0,-38.90624999999992,0.0,198.87171142578129,2.842170943040401e-14,-0.06050688743591319,0.02962232588255762,-0.00010126953125000338,0.0,-0.06060815696716319,0.02962232588255762,-0.024134826660156358,0.029622494046778507,0.01836425781249995,0.007914976558638518,0.4650601473721582,0.5638595156257832,-14.102187500000001,0.0,-38.90624999999992,0.0,198.87171142578129,2.842170943040401e-14,-0.07747454166412354,0.024536680831655708,-0.10898310546875,0.0,-0.18645764713287355,0.02453668083165571,-0.15006225585937502,0.024591341897171486,0.022188110351562502,0.007018204109817141,-0.890619593622526,0.7248769734075247,-0.0180461818543895,-0.01564665918719254,-0.01290249811721713
66.5,-14.072460937499999,1.7763568394002505e-15,-44.882812499999936,0.0,198.0344467163086,0.0,-0.06645220756530755,0.02965368395485697,-0.00010126953125000338,0.0,-0.06655347709655755,0.02965368395485697,-0.030075759887695244,0.029620493892586832,0.01512100219726566,0.007626021897067284,0.37243307331503234,0.6589007529323414,-14.072460937499999,1.7763568394002505e-15,-44.882812499999936,0.0,198.0344467163086,0.0,-0.07299930214881901,0.03149698928875113,-0.10898798828125,0.0,-0.18198729043006903,0.03149698928875113,-0.14558544158935552,0.03157181814044202,0.024096069335937477,0.009013492090616453,-0.8764331879871422,0.7516255480177266,-0.01437295544468497,-0.012057614578895391,-0.009476202624088055
67.0,-14.038593750000002,1.7763568394002505e-15,-50.85937499999995,7.105427357601002e-15,197.08266357421874,2.842170943040401e-14,-0.06773526191711426,0.02543321904511381,-0.00010126953125000338,0.0,-0.06783653144836427,0.02543321904511381,-0.03137145996093751,0.025390874215883725,0.014210510253906248,0.005453210542753899,0.4482484475160273,0.7251928867444418,-14.038593750000002,1.7763568394002505e-15,-50.85937499999995,7.105427357601002e-15,197.08266357421874,2.842170943040401e-14,-0.07183771967887878,0.02742458336187741,-0.10898798828125,0.0,-0.1808257079601288,0.02742458336187741,-0.14442398071289062,0.027499872326808592,0.024329528808593754,0.006933478441757155,-0.7414003741213258,1.0687064973918687,-0.013026189471994241,-0.010795550929024898,-0.008379869256842733
67.5,-14.000585937500002,1.7763568394002505e-15,-56.835937499999986,7.105427357601002e-15,196.01700286865233,2.842170943040401e-14,-0.06788012981414793,0.02304482668496695,-0.00010126953125000338,0.0,-0.06798139934539793,0.02304482668496695,-0.031521224975585925,0.023013121248560284,0.013906097412109382,0.004411065402285434,0.5839350062372555,0.8532480178771416,-14.000585937500002,1.7763568394002505e-15,-56.835937499999986,7.105427357601002e-15,196.01700286865233,2.842170943040401e-14,-0.07096618115901948,0.022160739153313756,-0.10898798828125,0.0,-0.17995416944026946,0.022160739153313756,-0.14352912902832032,0.022244453347585326,0.02440414428710937,0.004657977174181251,-0.594080856074273,1.3535992028201398,-0.012285526342602465,-0.010139297435401123,-0.00788956953419663
68.0,-13.9584375,0.0,-62.8125,0.0,194.83812744140621,2.842170943040401e-14,-0.07020984649658202,0.02659464915470321,-0.00010126953125000338,0.0,-0.07031111602783202,0.02659464915470321,-0.0338299560546875,0.026590719709038285,0.012569580078124998,0.005628274256047233,0.6776182801573442,1.1694161003660484,-13.9584375,0.0,-62.8125,0.0,194.83812744140621,2.842170943040401e-14,-0.06763099193572998,0.02593646613297737,-0.10897822265625,0.0,-0.17660921459197998,0.025936466132977367,-0.1401251220703125,0.02604802504719734,0.025701904296874998,0.006354425547490577,-0.5323304218567965,1.5827168098408189,-0.010495729244593566,-0.00843579684040787,-0.006359682242466202
68.5,-13.910624999999998,1.7763568394002505e-15,-68.78906250000001,1.4210854715202004e-14,193.50610107421878,2.842170943040401e-14,-0.0675717544555664,0.023206988848360012,-0.00010126953125000338,0.0,-0.0676730239868164,0.023206988848360012,-0.031226882934570304,0.023214861600852094,0.013666839599609378,0.003925299422150485,0.7668661904501781,1.190517392942323,-13.910624999999998,1.7763568394002505e-15,-68.78906250000001,1.4210854715202004e-14,193.50610107421878,2.842170943040401e-14,-0.06545115530490875,0.02837237676171426,-0.10879145507812502,1.3877787807814457e-17,-0.17424261038303374,0.028372376761714266,-0.13786056518554687,0.028437088621404295,0.026402282714843753,0.008210662642786708,-0.533990215310406,1.2391459958422815,-0.011142199858803378,-0.009167946822962576,-0.007264596113913556
69.0,-13.858359374999996,3.552713678800501e-15,-74.76562500000004,0.0,192.0553363037109,2.842170943040401e-14,-0.06496953964233396,0.022039853694014927,-0.00010126953125000338,0.0,-0.06507080917358396,0.022039853694014927,-0.028606414794921854,0.022061783188448314,0.01474670410156251,0.0042313607579615095,0.6688033950912364,1.00519485693818,-13.858359374999996,3.552713678800501e-15,-74.76562500000004,0.0,192.0553363037109,2.842170943040401e-14,-0.06417395710945129,0.027552995150431855,-0.10860468749999999,1.3877787807814457e-17,-0.17277864460945128,0.027552995150431855,-0.13646575927734375,0.02762529910790598,0.026650390624999996,0.007539456609198721,-0.45881186887656256,0.6431982870166015,-0.011763425913047947,-0.00987555612078691,-0.008148628805788701
69.5,-13.801953124999999,1.7763568394002505e-15,-80.7421875,0.0,190.49526977539062,0.0,-0.06764911651611329,0.021541377451023018,-0.00010126953125000338,0.0,-0.06775038604736329,0.021541377451023018,-0.031275711059570326,0.021569706807872124,0.013203430175781242,0.0048844822794182246,0.5453736632020365,0.7531850138251442,-13.801953124999999,1.7763568394002505e-15,-80.7421875,0.0,190.49526977539062,0.0,-0.06325567483901977,0.025629171550174305,-0.10841791992187501,0.0,-0.17167359476089478,0.0256291715501743,-0.1353838348388672,0.025694040254347978,0.026713104248046876,0.006704810895783854,-0.4502509412787747,0.49905921293116084,-0.009744995855907419,-0.007945317840209399,-0.0064022543998962355
70.0,-13.741406249999999,1.7763568394002505e-15,-87.49999999999983,0.0,188.8269104003907,2.842170943040401e-14,-0.07540388107299809,0.02119065484369384,-0.00010126953125000338,0.0,-0.07550515060424809,0.02119065484369384,-0.03905029296875005,0.021204389822558973,0.009143066406249978,0.005376473247094405,0.509700463924108,0.7219971163310334,-13.741406249999999,1.7763568394002505e-15,-87.49999999999983,0.0,188.8269104003907,2.842170943040401e-14,-0.062391233444213885,0.022697652265643832,-0.10823115234375001,0.0,-0.1706223857879639,0.022697652265643836,-0.13430328369140626,0.022750492771069504,0.026739501953124998,0.0052235076313063315,-0.560452832486534,0.752193440430093,-0.005193280265434494,-0.0034835524360492687,-0.002131656655171923
70.5,-13.675664062500003,1.7763568394002505e-15,-99.45312499999987,0.0,187.02464996337892,0.0,-0.07192898273468021,0.018919142112004524,-0.00010126953125000338,0.0,-0.07203025226593021,0.018919142112004524,-0.03557174682617191,0.018904988629429225,0.010683898925781234,0.0026260450098175765,0.7271606160766388,0.5907881376478642,-13.675664062500003,1.7763568394002505e-15,-99.45312499999987,0.0,187.02464996337892,0.0,-0.06145703077316285,0.027502537012006636,-0.10804438476562497,2.7755575615628914e-17,-0.16950141553878786,0.027502537012006632,-0.13310096740722657,0.027562709633701235,0.02678619384765625,0.007210009942733609,-0.667414276194197,0.8032796041097893,-0.006226945147349554,-0.004608864448400149,-0.0034552801543347306
71.0,-13.600078125,1.7763568394002505e-15,-106.48437499999997,1.4210854715202004e-14,184.96452941894535,2.842170943040401e-14,-0.07056174278259278,0.017369224888779275,-0.00010126953125000338,0.0,-0.07066301231384278,0.017369224888779275,-0.03419845581054688,0.017360436975045097,0.011244201660156248,0.00300175637684407,0.6557366786858948,0.29059354896312145,-13.600078125,1.7763568394002505e-15,-106.48437499999997,1.4210854715202004e-14,184.96452941894535,2.842170943040401e-14,-0.06065590858459473,0.02712091004817166,-0.10770380859375003,2.7755575615628914e-17,-0.16835971717834475,0.02712091004817165,-0.1319659423828125,0.027182692391819353,0.02677520751953125,0.006861357856064955,-0.5181401037113935,0.7873563518446782,-0.006264571324249654,-0.004739787288637265,-0.0037915278189011165
71.5,-13.519296874999998,1.7763568394002505e-15,-115.54687499999997,1.4210854715202004e-14,182.77424682617192,2.842170943040401e-14,-0.07016523838043214,0.020062137072163207,-0.00010126953125000338,0.0,-0.07026650791168214,0.020062137072163207,-0.03378860473632812,0.020083230928270943,0.011280975341796878,0.00474180298152457,0.4897158962863239,0.5286315503793778,-13.519296874999998,1.7763568394002505e-15,-115.54687499999997,1.4210854715202004e-14,182.77424682617192,2.842170943040401e-14,-0.057871953845024124,0.025913079552831515,-0.1073302734375,0.0,-0.16520222728252412,0.025913079552831515,-0.12880210876464845,0.025973501315365605,0.027752380371093746,0.005716662824353903,-0.37982220416301193,0.8393117764380223,-0.005763462774659169,-0.004333578125022051,-0.003597527858764227
72.0,-13.433125000000002,1.7763568394002505e-15,-126.25,0.0,180.450947265625,0.0,-0.07075798034667968,0.025074407475219305,-0.00010126953125000338,0.0,-0.07085924987792969,0.025074407475219305,-0.034366455078125,0.025137106292985722,0.010789794921875,0.00678566095279228,0.27660165355477595,0.870700881039702,-13.433125000000002,1.7763568394002505e-15,-126.25,0.0,180.450947265625,0.0,-0.053954453468322755,0.026105304414690594,-0.10691767578125,0.0,-0.16087212924957278,0.026105304414690597,-0.124468994140625,0.02616580479955454,0.029285888671875,0.00551105255166929,-0.3259462298768796,0.7838126614923908,-0.0047194940454356096,-0.003386065296002606,-0.002868981184840279
72.5,-13.337500000000002,1.7763568394002505e-15,-132.22656250000003,0.0,177.88999023437498,0.0,-0.07325271368026734,0.0241808214402633,-0.00010126953125000338,0.0,-0.07335398321151733,0.024180821440263296,-0.036864471435546886,0.024255405254656734,0.00941238403320312,0.005443861592160587,0.001211988898145111,0.9120787648646761,-13.337500000000002,1.7763568394002505e-15,-132.22656250000003,0.0,177.88999023437498,0.0,-0.052874794602394096,0.028692902587172223,-0.106357373046875,0.0,-0.1592321676492691,0.028692902587172223,-0.12295150756835938,0.028771038094864722,0.0293792724609375,0.007592398091449702,-0.3580809195280607,0.6144066448866145,-0.0027747439125327227,-0.0015392704830218809,-0.0012477597268599322
73.0,-13.236484375000002,1.7763568394002505e-15,-143.59375000000009,0.0,175.20829162597653,2.842170943040401e-14,-0.07357461452484132,0.024385252354607197,-0.00010126953125000338,0.0,-0.07367588405609132,0.024385252354607197,-0.037172546386718755,0.024397979724323005,0.009087829589843749,0.005344783908460391,0.041556547293853136,0.6343580191992029,-13.236484375000002,1.7763568394002505e-15,-143.59375000000009,0.0,175.20829162597653,2.842170943040401e-14,-0.05022580385208128,0.024996509819326905,-0.10579707031249999,1.3877787807814457e-17,-0.1560228741645813,0.024996509819326912,-0.11973892211914058,0.025053837254420827,0.030230712890625008,0.004692213708408665,-0.3486903619655063,0.6951674546293484,-0.0018686011394399497,-0.0007325355933740316,-0.0006730771745436441
73.5,-13.127773437499998,1.7763568394002505e-15,-151.9921875,0.0,172.34389923095705,0.0,-0.07290770053863527,0.02141221049442863,-0.00010126953125000338,0.0,-0.07300897006988527,0.02141221049442863,-0.03650665283203125,0.02140350504751643,0.009266510009765624,0.003393427753818947,0.19728351584125478,0.7097548275849517,-13.127773437499998,1.7763568394002505e-15,-151.9921875,0.0,172.34389923095705,0.0,-0.049980583190917964,0.025424236100724317,-0.10523676757812497,2.7755575615628914e-17,-0.15521735076904297,0.025424236100724317,-0.1188623046875,0.02547441837977972,0.029887084960937504,0.004889238935038003,-0.4622155747491462,0.8693619587075614,-0.0014517295693175151,-0.0004164806977779438,-0.0005954320576595424
74.0,-13.012500000000001,0.0,-159.6874999999998,2.842170943040401e-14,169.32934570312503,2.842170943040401e-14,-0.07091037750244146,0.01964340794940606,-0.00010126953125000338,0.0,-0.07101164703369146,0.01964340794940606,-0.03452026367187505,0.019672815659434118,0.010126342773437474,0.003425998030603362,0.31298657397290414,0.9812042926588284,-13.012500000000001,0.0,-159.6874999999998,2.842170943040401e-14,169.32934570312503,2.842170943040401e-14,-0.051176333427429194,0.027295660274391332,-0.10462275390625,1.3877787807814457e-17,-0.15579908733367925,0.02729566027439133,-0.11937377929687501,0.027359657891781037,0.02884094238281251,0.0065516336201548045,-0.6501659757885404,0.9819389284412139,-0.0016995326069113503,-0.0007668229668019231,-0.001191640993476151
74.5,-12.892968749999998,3.552713678800501e-15,-171.6406249999999,0.0,166.22900390625003,0.0,-0.06688757896423343,0.024236256040241683,-0.00010126953125000338,0.0,-0.06698884849548344,0.024236256040241683,-0.030504760742187546,0.02428153863964509,0.012017364501953105,0.006770912437213719,0.19271957290756594,1.1656342424877508,-12.892968749999998,3.552713678800501e-15,-171.6406249999999,0.0,166.22900390625003,0.0,-0.05159674286842346,0.022965192471382893,-0.10387568359375,1.3877787807814457e-17,-0.15547242646217346,0.022965192471382893,-0.11907028198242188,0.023049588643254203,0.02821060180664063,0.0036212844591372345,-0.8074109982221608,1.0270858689115896,-0.0029437977751675132,-0.0021176699585150885,-0.0028037753695946376
75.0,-12.761718750000002,0.0,-183.59374999999994,2.842170943040401e-14,162.86700439453128,0.0,-0.07166671752929683,0.01992277440995206,-0.00010126953125000338,0.0,-0.07176798706054684,0.01992277440995206,-0.03526687622070309,0.01990981354826863,0.009445190429687517,0.0029162655778829584,-0.17721002752130516,0.9783374315761506,-12.761718750000002,0.0,-183.59374999999994,2.842170943040401e-14,162.86700439453128,0.0,-0.04680436849594119,0.018153725262556212,-0.1029455078125,0.0,-0.14974987630844122,0.01815372526255621,-0.11344528198242192,0.01818854016734532,0.030166625976562486,0.0022867320406689995,-0.9523849665146136,1.0633964548495791,0.0002915648188087183,0.0010094251892322405,5.458132363844108e-05
75.5,-12.622187499999999,1.7763568394002505e-15,-195.54687499999997,2.842170943040401e-14,159.32839843750003,0.0,-0.0720847225189209,0.01717460920320772,-0.00010126953125000338,0.0,-0.0721859920501709,0.01717460920320772,-0.03569389343261719,0.017190368007847397,0.009062652587890623,0.002037877352038634,-0.4359622768588913,0.8799616488047353,-12.622187499999999,1.7763568394002505e-15,-195.54687499999997,2.842170943040401e-14,159.32839843750003,0.0,-0.04339197039604188,0.017039316386798845,-0.10201166992187502,1.3877787807814457e-17,-0.1454036403179169,0.017039316386798845,-0.10913619995117188,0.01707259913496694,0.03140426635742188,0.002583750305293123,-1.1366247074865352,0.9308256979329518,0.0013606563051546741,0.0019676874919594576,0.0007336262679647479
76.0,-12.474374999999998,1.7763568394002505e-15,-207.5,0.0,155.61834960937497,2.842170943040401e-14,-0.07076324462890625,0.015856310555402958,-0.00010126953125000338,0.0,-0.07086451416015625,0.015856310555402958,-0.034396972656250004,0.0159056828365873,0.00957275390625,0.003210488206749955,-0.5421159650896082,0.853097636469546,-12.474374999999998,1.7763568394002505e-15,-207.5,0.0,155.61834960937497,2.842170943040401e-14,-0.04022462844848633,0.01842512849433163,-0.10107783203125,1.3877787807814457e-17,-0.14130246047973632,0.018425128494331634,-0.10501342773437503,0.018471340022038433,0.03251586914062501,0.0034248080899428623,-1.2701515606789127,0.7576291600658854,0.0015659436281426093,0.0020588947751853,0.0005327475948021192
76.5,-12.31828125,0.0,-219.45312500000003,0.0,151.74210937499996,2.842170943040401e-14,-0.07017659187316894,0.0161299687717668,-0.00010126953125000338,0.0,-0.07027786140441894,0.0161299687717668,-0.03383666992187499,0.016140261343638,0.009744415283203129,0.0037127874149092384,-0.484930718695366,0.8407445712345791,-12.31828125,0.0,-219.45312500000003,0.0,151.74210937499996,2.842170943040401e-14,-0.036116342544555646,0.02009547238740579,-0.1001330078125,0.0,-0.13624935035705563,0.020095472387405795,-0.0998951721191406,0.020118629785218656,0.034110260009765636,0.004078054381700903,-1.2866374551555153,0.6471033316049042,0.002120991490921788,0.0024988667723049958,0.0006753953990810721
77.0,-12.1509375,0.0,-231.40625000000006,2.842170943040401e-14,147.65264648437497,0.0,-0.06851465225219726,0.01631328320430347,-0.00010126953125000338,0.0,-0.06861592178344726,0.01631328320430347,-0.032155761718749995,0.016353880541620933,0.010421447753906255,0.0034108190553286044,-0.48057716209570345,0.7620115035579875,-12.1509375,0.0,-231.40625000000006,2.842170943040401e-14,147.65264648437497,0.0,-0.03012956619262691,0.018644048644013835,-0.09901240234374999,1.3877787807814457e-17,-0.1291419685363769,0.01864404864401383,-0.0928213500976562,0.018704119405208667,0.03656158447265627,0.0035065671875691997,-1.3675047689940274,0.821740896511324,0.0022010016628820793,0.0024603858460377544,0.0003260560160376686
77.5,-11.974609375000002,0.0,-243.35937499999997,2.842170943040401e-14,143.40469360351565,0.0,-0.06666133403778077,0.015560141660363912,-0.00010126953125000338,0.0,-0.06676260356903077,0.015560141660363912,-0.030281829833984388,0.015599114892671604,0.01120376586914062,0.002372831361309254,-0.6881242587571812,0.7642161217363279,-11.974609375000002,0.0,-243.35937499999997,2.842170943040401e-14,143.40469360351565,0.0,-0.029573774337768543,0.018081020895471287,-0.09789179687500002,1.3877787807814457e-17,-0.12746557121276855,0.01808102089547129,-0.09109954833984374,0.018150404632913515,0.03629302978515626,0.0040194404872622965,-1.402335178046239,0.8932900514945924,0.0021949019135194896,0.0023338177586729714,-0.00012004428306339621
78.0,-11.790000000000004,1.7763568394002505e-15,-252.65624999999994,2.842170943040401e-14,139.01812500000005,0.0,-0.06302350044250496,0.01447310080875584,-0.00010126953125000338,0.0,-0.06312476997375496,0.01447310080875584,-0.026616516113281335,0.014502576894863553,0.01286132812499996,0.0028796208192305196,-0.9179225112452599,0.8313962470215503,-11.790000000000004,1.7763568394002505e-15,-252.65624999999994,2.842170943040401e-14,139.01812500000005,0.0,-0.028582382202148492,0.017671714704669154,-0.09668818359375,1.3877787807814457e-17,-0.12527056579589851,0.01767171470466916,-0.08887908935546883,0.017745946496763604,0.03623596191406248,0.003569228592079092,-1.3116391055233876,0.8196627065508265,0.0013298292106491017,0.0013466806302316315,-0.0014341250266392347
78.5,-11.5979296875,1.7763568394002505e-15,-260.27343749999983,0.0,134.51821929931646,0.0,-0.058642530441284126,0.013453185428996713,-0.00010126953125000338,0.0,-0.05874379997253413,0.013453185428996713,-0.022211227416992135,0.013497906556355384,0.014858093261718774,0.004271264470007965,-1.0183104046019162,0.937204523700032,-11.5979296875,1.7763568394002505e-15,-260.27343749999983,0.0,134.51821929931646,0.0,-0.025166549682617202,0.01858576137230075,-0.09535517578125002,0.0,-0.12052172546386722,0.01858576137230075,-0.08417236328125002,0.01864364772573801,0.037384033203125,0.003797568526723307,-1.1070528897372183,0.9657114658908186,0.0001567912513468512,4.807563388532169e-05,-0.003073614344441235
79.0,-11.400703125000003,1.7763568394002505e-15,-278.20312499999994,5.684341886080802e-14,129.98354919433598,0.0,-0.06311473846435543,0.015799564724138588,-0.00010126953125000338,0.0,-0.06321600799560544,0.015799564724138588,-0.026728668212890595,0.015758598087691564,0.012383422851562518,0.003732934855646967,-0.6805832513840366,1.002670739603765,-11.400703125000003,1.7763568394002505e-15,-278.20312499999994,5.684341886080802e-14,129.98354919433598,0.0,-0.024034271240234384,0.018328110706668486,-0.09386103515625001,0.0,-0.1178953063964844,0.018328110706668486,-0.08165100097656254,0.018379340354179013,0.037384033203125,0.005156281500055427,-1.0533408851890342,1.011742733636669,0.003485768618826864,0.003248088363901577,-0.00022814957747579697
79.5,-11.188593749999999,1.7763568394002505e-15,-291.17187499999994,0.0,125.20296386718749,2.842170943040401e-14,-0.060324868559837354,0.017808806589113615,-0.00010126953125000338,0.0,-0.06042613809108736,0.017808806589113615,-0.023920974731445326,0.0177887736886697,0.013590698242187494,0.004850816878244612,-0.5650557226790173,0.9986406967869997,-11.188593749999999,1.7763568394002505e-15,-291.17187499999994,0.0,125.20296386718749,2.842170943040401e-14,-0.020968971252441414,0.013839146579782257,-0.09252192382812499,1.3877787807814457e-17,-0.11349089508056641,0.013839146579782257,-0.07716270446777346,0.013896072033541918,0.03835296630859375,0.004768031589441486,-1.0832191236091413,0.8993622118092144,0.0031628518907614875,0.0027928894243688853,-0.001051335455270544
80.0,-10.967187499999998,1.7763568394002505e-15,-303.125,0.0,120.30035400390625,0.0,-0.05875785350799562,0.0174195982158053,-0.00010126953125000338,0.0,-0.05885912303924562,0.0174195982158053,-0.022360229492187498,0.0174109731764549,0.014172363281250001,0.005593738044427637,-0.6267912182218887,0.8217758971681375,-10.967187499999998,1.7763568394002505e-15,-303.125,0.0,120.30035400390625,0.0,-0.01538543701171875,0.011762872423807717,-0.09101923828125001,1.3877787807814457e-17,-0.10640467529296876,0.011762872423807719,-0.070086669921875,0.011838924610150035,0.040570068359375,0.004751683934274129,-1.2291612602891946,0.8241231921649069,0.003495081344485116,0.0029895969502007603,-0.0012358341976260769
80.5,-10.737499999999999,0.0,-315.07812500000006,0.0,115.30736083984377,2.842170943040401e-14,-0.05823066487908361,0.015086607650076656,-0.00010126953125000338,0.0,-0.058331934410333616,0.015086607650076656,-0.021860580444335916,0.015042772225492865,0.014215393066406259,0.005567796893161898,-0.8155365701599915,0.5571181501834963,-10.737499999999999,0.0,-315.07812500000006,0.0,115.30736083984377,2.842170943040401e-14,-0.009284477233886717,0.011557553634911509,-0.08937861328124998,1.3877787807814457e-17,-0.0986630905151367,0.011557553634911509,-0.06241912841796874,0.011641372662253804,0.043009948730468754,0.003860178179988391,-1.4358527621467145,0.9167354700861068,0.004394978227082414,0.0037508078715652623,-0.0008688342573508487
81.0,-10.498437499999996,1.7763568394002505e-15,-327.03125000000006,5.684341886080802e-14,110.22354736328121,0.0,-0.0524937859177589,0.014260348009166722,-0.00010126953125000338,0.0,-0.0525950554490089,0.014260348009166722,-0.016105804443359337,0.014255656882039681,0.01687683105468752,0.004471501322061242,-1.0288880532716003,0.53750400289662,-10.498437499999996,1.7763568394002505e-15,-327.03125000000006,5.684341886080802e-14,110.22354736328121,0.0,-0.008344802856445305,0.012348275841981287,-0.08788447265624999,0.0,-0.0962292755126953,0.012348275841981287,-0.05985107421874998,0.012408898911557262,0.042776489257812494,0.004213843804180751,-1.5351138526187378,1.250481252129162,0.0027049313455340847,0.0019189993103939356,-0.0031076181766443623
81.5,-10.248515625000003,0.0,-333.55468749999994,0.0,105.05489501953129,1.4210854715202004e-14,-0.05390764698386191,0.017391416972314815,-0.00010126953125000338,0.0,-0.054008916515111915,0.017391416972314815,-0.017488098144531235,0.017387571007665307,0.015953826904296885,0.005327022104749577,-1.1456339731638787,0.6305824081313741,-10.248515625000003,0.0,-333.55468749999994,0.0,105.05489501953129,1.4210854715202004e-14,-0.008537197113037107,0.013095525565723675,-0.086220654296875,1.3877787807814457e-17,-0.09475785140991212,0.013095525565723675,-0.05837532043457032,0.013181697399789982,0.04201278686523438,0.003503238869452125,-1.2800144649052154,1.074686160374311,0.004627308094113738,0.00369661071408095,-0.0017495404410965772
82.0,-9.993906250000004,0.0,-346.7187499999998,0.0,99.90619506835945,0.0,-0.053528360724449185,0.016214849331920772,-0.00010126953125000338,0.0,-0.05362963025569919,0.016214849331920772,-0.01711853027343753,0.016191650165611925,0.01587707519531249,0.0059647316800364525,-1.2309873354184884,0.7457595289484908,-9.993906250000004,0.0,-346.7187499999998,0.0,99.90619506835945,0.0,-0.0036196899414063692,0.01396282706671092,-0.08442744140625003,0.0,-0.08804713134765639,0.01396282706671092,-0.05171722412109389,0.014082964890675637,0.04386291503906244,0.0036252781970874948,-1.0863617583588305,0.7189285508915597,0.0057214594701520335,0.004644272216639106,-0.0012296326594124765
82.5,-9.731640625000002,0.0,-361.13281249999994,0.0,94.72734985351566,1.4210854715202004e-14,-0.04993547201156624,0.013445406154421712,-0.00010126953125000338,0.0,-0.050036741542816246,0.013445406154421712,-0.013555526733398516,0.0134064550362479,0.017404174804687464,0.006002432147696762,-1.2975679410921164,0.7835296272132694,-9.731640625000002,0.0,-361.13281249999994,0.0,94.72734985351566,1.4210854715202004e-14,0.002137660980224615,0.015775135550830134,-0.08261469726562502,0.0,-0.0804770362854004,0.01577513555083013,-0.04417304992675783,0.015885182484133595,0.04612197875976563,0.00474615153671927,-0.9215828422066249,0.5953543275439632,0.005223451513184629,0.003998864439557277,-0.0023082533504347694
83.0,-9.456718750000002,0.0,-367.10937499999994,0.0,89.4308081054688,1.4210854715202004e-14,-0.04262946724891667,0.016046569173861085,-0.00010126953125000338,0.0,-0.04273073678016667,0.016046569173861085,-0.006259918212890676,0.01602693044083417,0.020859374999999975,0.005561983459577669,-1.3535655628551246,0.7891873316385648,-9.456718750000002,0.0,-367.10937499999994,0.0,89.4308081054688,1.4210854715202004e-14,0.0015977859497070348,0.016485306413448603,-0.08093378906250003,1.3877787807814457e-17,-0.07933600311279299,0.016485306413448607,-0.042924041748046884,0.016554853983711856,0.04511810302734376,0.0042268581423598765,-0.6715254350142136,0.7425936088609534,0.002845781442932384,0.0014621509819362204,-0.005293624302586113
83.5,-9.1758984375,0.0,-378.98437499999994,0.0,84.22205169677737,1.4210854715202004e-14,-0.04035456344485284,0.015902804895231517,-0.00010126953125000338,0.0,-0.04045583297610284,0.015902804895231517,-0.00399871826171876,0.015856052588582307,0.021664886474609374,0.0031732409851140957,-1.484539681103406,0.9559928970919991,-9.1758984375,0.0,-378.98437499999994,0.0,84.22205169677737,1.4210854715202004e-14,0.007486286163330055,0.014269662370127454,-0.07906855468750001,0.0,-0.07158226852416996,0.014269662370127454,-0.035177536010742215,0.014309331460022591,0.04738601684570311,0.0041586227428119585,-0.6283247443068076,0.8796039725653103,0.0031476999449691657,0.0015669954548392737,-0.005616032299270031
84.0,-8.886875000000002,1.7763568394002505e-15,-390.9375,0.0,79.013125,0.0,-0.039078779220581054,0.017698243524990682,-0.00010126953125000338,0.0,-0.03918004875183106,0.017698243524990682,-0.0026849365234374993,0.01766614542755806,0.021975097656249998,0.003306694377320322,-1.617727568655307,0.8693880624902107,-8.886875000000002,1.7763568394002505e-15,-390.9375,0.0,79.013125,0.0,0.008177490234375,0.012715491587458582,-0.07707392578125,0.0,-0.06889643554687501,0.012715491587458582,-0.0326055908203125,0.01278817587897682,0.047015380859375004,0.0031575073815815983,-0.8247172749125883,0.9018908753696736,0.003970741923722539,0.0021590814073459332,-0.005431640049675094
84.5,-8.5895703125,0.0,-399.55078125,0.0,73.81306793212889,0.0,-0.03883043885231018,0.017352188997063325,-0.00010126953125000338,0.0,-0.038931708383560186,0.017352188997063325,-0.0024145126342773465,0.017339021791918225,0.02176406860351562,0.0051324832133302,-1.6358279070376285,0.6668844873983163,-8.5895703125,0.0,-399.55078125,0.0,73.81306793212889,0.0,0.008319396972656263,0.012626310690441072,-0.07508906250000001,1.3877787807814457e-17,-0.06676966552734373,0.012626310690441074,-0.03055961608886717,0.012733401299647153,0.04635528564453126,0.003276641808611004,-0.9765849080119056,0.836880155358359,0.0053404870072573975,0.0032644201205104407,-0.004714662491161207
85.0,-8.284570312499996,1.7763568394002505e-15,-403.12500000000006,0.0,68.6417945861816,0.0,-0.03887338638305657,0.014534296456319649,-0.00010126953125000338,0.0,-0.03897465591430657,0.014534296456319649,-0.0025012969970702424,0.01452484619267978,0.021391296386718786,0.008073873729144187,-1.4474313020150456,0.5038672887374288,-8.284570312499996,1.7763568394002505e-15,-403.12500000000006,0.0,68.6417945861816,0.0,0.01178550720214847,0.012899818035681432,-0.07322138671874999,0.0,-0.06143587951660152,0.01289981803568143,-0.025160980224609327,0.012990174007712844,0.04736633300781251,0.004362373310520305,-0.8529680870073906,0.9330704742494347,0.006897080364686052,0.004523585232142847,-0.0038247504583935003
85.5,-7.976777343749996,8.881784197001252e-16,-415.07812500000006,5.684341886080802e-14,63.653384323120065,0.0,-0.028917798995971574,0.016537878966296687,-0.00010126953125000338,0.0,-0.029019068527221577,0.016537878966296687,0.007438240051269639,0.016545609639972907,0.026037139892578172,0.005286566319159416,-1.091772937552362,0.47941985205438226,-7.976777343749996,8.881784197001252e-16,-415.07812500000006,5.684341886080802e-14,63.653384323120065,0.0,0.016075325012207077,0.017387075879109787,-0.07135371093749998,0.0,-0.05527838592529291,0.01738707587910979,-0.018845901489257747,0.01740673484799946,0.04881378173828126,0.004344041345880458,-0.549933337942985,0.7962481187478466,0.0034403884803198472,0.000756287937712161,-0.007950885997495808
86.0,-7.659921875000001,0.0,-422.5,0.0,58.716959533691416,0.0,-0.02796359062194824,0.01953382749973072,-0.00010126953125000338,0.0,-0.028064860153198243,0.01953382749973072,0.008399353027343754,0.01955208255531857,0.026134033203125,0.006832672974518185,-0.8733839199537519,0.3836887288281222,-7.659921875000001,0.0,-422.5,0.0,58.716959533691416,0.0,0.016878204345703127,0.014766364292749735,-0.06934443359374999,1.3877787807814457e-17,-0.052466229248046885,0.014766364292749733,-0.01608856201171875,0.014778684899968909,0.048455810546875,0.003596704139595279,-0.31710111177885314,0.8836806488218875,0.004561720944944211,0.0015301636169809708,-0.0075151499942327
86.5,-7.337480468750003,8.881784197001252e-16,-428.47656249999994,0.0,53.87958656311041,7.105427357601002e-15,-0.025853993892669753,0.019204783808314193,-0.00010126953125000338,0.0,-0.025955263423919756,0.019204783808314193,0.010513305664062427,0.019213276098458604,0.02679092407226559,0.0063977528089735145,-0.7546737421920541,0.3098309028153177,-7.337480468750003,8.881784197001252e-16,-428.47656249999994,0.0,53.87958656311041,7.105427357601002e-15,0.019156265258789006,0.012968864126010305,-0.06728999023437503,0.0,-0.048133724975586024,0.012968864126010306,-0.011839141845703203,0.013015381625233914,0.048838043212890606,0.0033497552554947797,-0.12103047404256664,0.9157099022160106,0.005156301504483502,0.0017363333629348242,-0.0076246713788953105
87.0,-7.0108984375000025,0.0,-434.0234375,0.0,49.17110244750979,7.105427357601002e-15,-0.020518445968627896,0.016824020818308565,-0.00010126953125000338,0.0,-0.0206197154998779,0.016824020818308565,0.01584617614746097,0.01684006833896288,0.02905334472656252,0.0034851567520418213,-0.6979370117187433,0.5612731769933779,-7.0108984375000025,0.0,-434.0234375,0.0,49.17110244750979,7.105427357601002e-15,0.024255218505859353,0.013765650972682536,-0.06523554687500001,1.3877787807814457e-17,-0.040980328369140666,0.013765650972682538,-0.004720764160156286,0.013849719395575062,0.05064788818359374,0.0017597039695633736,0.08455503236996564,0.8274947117463002,0.004147940666225248,0.00032933318644442003,-0.009338350627806961
87.5,-6.679199218750001,0.0,-437.01171875,0.0,44.63226509094239,7.105427357601002e-15,-0.025162100791931135,0.01913243235400736,-0.00010126953125000338,0.0,-0.02526337032318114,0.01913243235400736,0.011229515075683611,0.019079768266922027,0.026298522949218764,0.007043476699722289,-0.605042997773711,0.8172274891299384,-6.679199218750001,0.0,-437.01171875,0.0,44.63226509094239,7.105427357601002e-15,0.027395248413085924,0.01638344739994796,-0.06318110351562502,0.0,-0.03578585510253909,0.016383447399947956,0.00043869018554685635,0.01642234571841204,0.051418304443359375,0.0028866724388359128,0.45096123968805246,0.790713482353061,0.00818062171896735,0.003932002937676631,-0.0060241702573724226
88.0,-6.345,0.0,-440.0,0.0,40.303125,0.0,-0.022620086669921876,0.018659706838611727,-0.00010126953125000338,0.0,-0.02272135620117188,0.018659706838611727,0.013761291503906252,0.018619499606340628,0.027156982421875,0.004483811073865674,-0.22350533581002002,0.7427632050768023,-6.345,0.0,-440.0,0.0,40.303125,0.0,0.023640747070312502,0.01735878326161139,-0.061282910156249995,6.938893903907228e-18,-0.0376421630859375,0.01735878326161139,-0.0013061523437499993,0.017439339954283727,0.04879028320312501,0.0025890854290607037,0.961347815595875,0.7133934266952614,0.008623889601529624,0.003913885969644565,-0.0063126261046479205
88.5,-6.008730468749999,0.0,-442.98828125,0.0,36.15179328918455,0.0,-0.020909588336944583,0.019123156474865517,-0.00010126953125000338,0.0,-0.021010857868194587,0.019123156474865517,0.015473785400390624,0.019110401190903306,0.027596435546875,0.004047439885573688,0.11458034559841548,0.5632078438890814,-6.008730468749999,0.0,-442.98828125,0.0,36.15179328918455,0.0,0.020477027893066397,0.019214437861878885,-0.05931635742187501,1.3877787807814457e-17,-0.03883932952880859,0.01921443786187888,-0.0024590301513671853,0.01932207534142509,0.046474914550781246,0.003280940765046233,1.3144036495324434,0.8545647256038951,0.009497882768903159,0.0043073363212423055,-0.0061767321869848745
89.0,-5.670390624999997,8.881784197001252e-16,-445.3125,0.0,32.18131042480467,7.105427357601002e-15,-0.0210404634475708,0.01980554187673049,-0.00010126953125000338,0.0,-0.021141732978820802,0.01980554187673049,0.01535575866699219,0.01980352618510072,0.02711395263671875,0.005388600402875133,0.35028310922475814,0.5722647499016291,-5.670390624999997,8.881784197001252e-16,-445.3125,0.0,32.18131042480467,7.105427357601002e-15,0.01984603881835939,0.020190579324442216,-0.05726191406249998,6.938893903907228e-18,-0.0374158752441406,0.02019057932444222,-0.001086807250976533,0.020297464661005574,0.04544769287109375,0.0034408505188063686,1.5064287519121522,1.023841507805502,0.011287438114747837,0.00561534953304485,-0.005121453824980925
89.5,-5.329726562499997,0.0,-445.3125,0.0,28.418037109374957,3.552713678800501e-15,-0.02066291570663452,0.0194512656367244,-0.00010126953125000338,0.0,-0.020764185237884522,0.0194512656367244,0.015723457336425786,0.019422960486110655,0.026903839111328126,0.0031314716048389778,0.5382207056859114,0.8047109996113907,-5.329726562499997,0.0,-445.3125,0.0,28.418037109374957,3.552713678800501e-15,0.022052230834960964,0.017894880868479946,-0.05520747070312498,0.0,-0.033155239868164016,0.017894880868479946,0.003086280822753953,0.017979877624975316,0.04589126586914063,0.0032069679466288953,1.711807784500655,0.951720315071254,0.012828554911333088,0.006643685455249123,-0.004327889267113501
90.0,-4.989062500000002,0.0,-442.578125,0.0,24.932388305664087,3.552713678800501e-15,-0.019234943389892584,0.020180007971437184,-0.00010126953125000338,0.0,-0.019336212921142588,0.020180007971437184,0.017132568359374992,0.020139579440249637,0.027206420898437497,0.004709603924303648,0.6923719997450477,0.5249808030733608,-4.989062500000002,0.0,-442.578125,0.0,24.932388305664087,3.552713678800501e-15,0.019857788085937515,0.01668578522199496,-0.053153027343750006,6.938893903907228e-18,-0.0332952392578125,0.016685785221994962,0.0029335021972656293,0.016785180916317533,0.04404907226562501,0.0014024678337433976,1.8880315038151911,0.8545379872565706,0.013864557222541287,0.007152082852443897,-0.004043500291932241
90.5,-4.650214843750003,0.0,-438.68164062500006,0.0,21.672969284057647,3.552713678800501e-15,-0.01818592786788941,0.021001013587760246,-0.00010126953125000338,0.0,-0.018287197399139414,0.021001013587760246,0.018194923400878898,0.020989168723096994,0.02731536865234375,0.004818367276148515,0.7842747259251207,0.40308982767717527,-4.650214843750003,0.0,-438.68164062500006,0.0,21.672969284057647,3.552713678800501e-15,0.017691078186035176,0.01774346566939727,-0.05121210937500003,6.938893903907228e-18,-0.033521031188964844,0.01774346566939727,0.0027905654907226544,0.017834424234488663,0.04227844238281252,0.002483098670907225,1.8049580678517483,0.7243428405725285,0.015096679953034684,0.007846935189974657,-0.0035641862849502236
91.0,-4.313886718750003,0.0,-434.19921875000006,0.0,18.643214683532733,0.0,-0.019055802822113003,0.021410734532745737,-0.00010126953125000338,0.0,-0.019157072353363006,0.021410734532745737,0.017341003417968785,0.021429447427226127,0.02646148681640627,0.004922838561410363,0.8903812861942765,0.7684751061267566,-4.313886718750003,0.0,-434.19921875000006,0.0,18.643214683532733,0.0,0.016223526000976568,0.020427709649064697,-0.04928828125000002,0.0,-0.03306475524902345,0.020427709649064697,0.0033448028564453023,0.020497104895370273,0.04090850830078125,0.004588916025350398,1.5430000500801369,0.5858397242740058,0.017292746953337268,0.009497501576513186,-0.0021213580545958732
91.5,-3.9806933593750022,8.881784197001252e-16,-429.716796875,0.0,15.846863384246834,1.7763568394002505e-15,-0.02367410540580748,0.020537131405059673,-0.00010126953125000338,0.0,-0.023775374937057482,0.020537131405059673,0.012695159912109392,0.02052852519461949,0.023730010986328137,0.006496243729683638,1.118235554728476,1.0757482460311045,-3.9806933593750022,8.881784197001252e-16,-429.716796875,0.0,15.846863384246834,1.7763568394002505e-15,0.015727424621582036,0.022419797143923108,-0.04723383789062501,0.0,-0.03150641326904297,0.022419797143923108,0.004903144836425777,0.02250472984643608,0.04004470825195313,0.005144013274405372,1.250005690923668,0.6623755437434132,0.02135860471334009,0.013018609405801072,0.0011958490959193945
92.0,-3.6519531249999995,4.440892098500626e-16,-420.78125,0.0,13.370438385009765,1.7763568394002505e-15,-0.02306375503540039,0.020415469037544952,-0.00010126953125000338,0.0,-0.023165024566650393,0.020415469037544952,0.013291015625,0.02041063477899752,0.02368896484375,0.006211862075413012,1.0686074992715666,0.8958645353530426,-3.6519531249999995,4.440892098500626e-16,-420.78125,0.0,13.370438385009765,1.7763568394002505e-15,0.015318298339843748,0.0206980031331074,-0.04517939453125,0.0,-0.029861096191406252,0.0206980031331074,0.006455688476562499,0.02080526830963349,0.039227294921875,0.004442512683056022,1.5228427984775679,0.7111691782351559,0.022726604223222424,0.013842297428036074,0.001819563089000083
92.5,-3.329394531249999,0.0,-411.81640624999994,0.0,11.128433227539055,0.0,-0.02480611801147462,0.017457067716870618,-0.00010126953125000338,0.0,-0.024907387542724622,0.017457067716870618,0.011542129516601551,0.017438918648461924,0.02244796752929687,0.005468690767563477,1.018629096326852,0.7632967222782636,-3.329394531249999,0.0,-411.81640624999994,0.0,11.128433227539055,0.0,0.013295555114746085,0.0183022388832944,-0.04312495117187499,6.938893903907228e-18,-0.029829396057128914,0.018302238883294398,0.006450080871582031,0.018413484294495998,0.03762512207031249,0.003157186159252366,1.8058634582377309,0.6477103116149737,0.025287451225340415,0.01585900838176147,0.003640296319523631
93.0,-3.0130468749999975,4.440892098500626e-16,-401.15234374999994,5.684341886080802e-14,9.112433013916002,0.0,-0.02571511268615721,0.014915185994281927,-0.00010126953125000338,0.0,-0.025816382217407213,0.014915185994281927,0.010632705688476579,0.014912313985568432,0.021641540527343756,0.004701424411239832,0.9655085921565398,0.7814820231335543,-3.0130468749999975,4.440892098500626e-16,-401.15234374999994,5.684341886080802e-14,9.112433013916002,0.0,0.011008377075195303,0.018893832274898843,-0.04107050781249999,0.0,-0.03006213073730469,0.018893832274898843,0.0062277984619140666,0.018974415598328756,0.03591186523437499,0.0024100791634422574,1.912349887661172,0.6124655033355589,0.027404574494891584,0.01743428211399286,0.005022623038342167
93.5,-2.7032324218749975,0.0,-387.59765624999994,5.684341886080802e-14,7.3153171730041375,8.881784197001252e-16,-0.02374745368957521,0.015276293726044088,-0.00010126953125000338,0.0,-0.023848723220825215,0.015276293726044088,0.012605743408203111,0.015288273556769379,0.02231597900390624,0.0034893034278883715,0.8907060245256011,0.8833860768501864,-2.7032324218749975,0.0,-387.59765624999994,5.684341886080802e-14,7.3153171730041375,8.881784197001252e-16,0.009670867919921885,0.024406537287025565,-0.03901606445312499,6.938893903907228e-18,-0.029345196533203104,0.024406537287025562,0.006993942260742214,0.024430798419443674,0.034695129394531246,0.004493633276026291,1.7387722700070207,0.6704922707965314,0.02802374524047654,0.01752188424717672,0.004916776246259608
94.0,-2.4058984375000025,0.0,-372.65625000000006,5.684341886080802e-14,5.810644607543958,8.881784197001252e-16,-0.025339355468749988,0.015210381527124879,-0.00010126953125000338,0.0,-0.02544062499999999,0.015210381527124879,0.011041564941406266,0.015183684952469094,0.02114868164062501,0.004265330790060486,0.6167040560351167,0.7805718710393447,-2.4058984375000025,0.0,-372.65625000000006,5.684341886080802e-14,5.810644607543958,8.881784197001252e-16,0.01058135986328124,0.023432100512497257,-0.036961621093750015,6.938893903907228e-18,-0.026380261230468778,0.023432100512497257,0.010040588378906224,0.023479174492053584,0.034648437500000004,0.003915150991672949,1.7449488784327651,0.7843503014209607,0.030458336363622638,0.01944447635001209,0.006641317370431884
94.5,-2.119990234375003,0.0,-356.5722656250001,5.684341886080802e-14,4.52744028091432,0.0,-0.02587738513946533,0.014132715419500768,-0.00010126953125000338,0.0,-0.025978654670715334,0.014132715419500768,0.010499458312988284,0.014121272970002695,0.02053482055664063,0.004070209077076686,0.39187006739192964,0.7684356354059472,-2.119990234375003,0.0,-356.5722656250001,5.684341886080802e-14,4.52744028091432,0.0,0.009635162353515641,0.020435641472040734,-0.03476435546875003,0.0,-0.025129193115234386,0.020435641472040737,0.011301956176757805,0.020525766750576012,0.03361984252929689,0.0035415650827521966,1.739743817380538,0.5236488966812926,0.03230958007518851,0.020806946020339452,0.007799493862008773
95.0,-1.8451171875000016,2.220446049250313e-16,-338.76953125000006,5.684341886080802e-14,3.4319541931152417,4.440892098500626e-16,-0.025591802597045906,0.017376966792898244,-0.00010126953125000338,0.0,-0.02569307212829591,0.017376966792898244,0.010773849487304681,0.017369916499951253,0.020368957519531248,0.003808823297381086,0.3941195828097753,0.6567650016521817,-1.8451171875000016,2.220446049250313e-16,-338.76953125000006,5.684341886080802e-14,3.4319541931152417,4.440892098500626e-16,0.0046930313110352204,0.01755395747744951,-0.03252314453125002,0.0,-0.0278301132202148,0.01755395747744951,0.008596038818359424,0.017659151816091654,0.03061218261718754,0.003414499702218848,1.6550361971199425,0.4199517775503839,0.033681417457308044,0.021714790678924522,0.008496078779171315
95.5,-1.5820800781250008,0.0,-319.00878906250006,0.0,2.513547229766848,0.0,-0.025061281919479365,0.023592884597716322,-0.00010126953125000338,0.0,-0.02516255145072937,0.023592884597716322,0.011303062438964848,0.023585277564585384,0.020349884033203126,0.005118102579251576,0.6716278716400774,0.8222551380706631,-1.5820800781250008,0.0,-319.00878906250006,0.0,2.513547229766848,0.0,-0.002377319335937514,0.01831903365741055,-0.03025385742187501,3.469446951953614e-18,-0.032631176757812526,0.01831903365741055,0.0037851715087890408,0.018386234650018134,0.026595306396484372,0.005316014930535999,1.5066659922922165,0.6380604097800207,0.034875675185787554,0.022469277486247413,0.009032538017209287
96.0,-1.3355468750000001,2.220446049250313e-16,-297.34375,0.0,1.7946525573730467,2.220446049250313e-16,-0.02649286270141602,0.022662602493622053,-0.00010126953125000338,0.0,-0.026594132232666025,0.022662602493622053,0.00990814208984375,0.022658792416791636,0.019299316406250003,0.0070762815622266995,1.0844538762019187,0.8650748618946413,-1.3355468750000001,2.220446049250313e-16,-297.34375,0.0,1.7946525573730467,2.220446049250313e-16,0.0014747619628906247,0.01792033743766278,-0.027825878906249997,6.938893903907228e-18,-0.02635111694335938,0.017920337437662782,0.009983520507812498,0.01801099537050599,0.02811279296875,0.0028087410709118636,1.50780880089963,0.8580778976861427,0.03705544137815653,0.024248748278781544,0.01058051107832765
96.5,-1.1072802734374994,2.220446049250313e-16,-272.84423828124994,5.684341886080802e-14,1.24585392475128,2.220446049250313e-16,-0.02763995051383973,0.018131443340781078,-0.00010126953125000338,0.0,-0.027741220045089734,0.018131443340781078,0.008774032592773434,0.018159889867202593,0.018445587158203124,0.006145860796659267,1.1593510554387056,0.961543847337093,-1.1072802734374994,2.220446049250313e-16,-272.84423828124994,5.684341886080802e-14,1.24585392475128,2.220446049250313e-16,0.0030927276611328177,0.02133739310932326,-0.025397900390625,3.469446951953614e-18,-0.02230517272949218,0.021337393109323255,0.014036331176757828,0.021423849892997556,0.028488616943359378,0.004541733487618584,1.5086304280029945,0.8234593677224509,0.038993027389195245,0.025824928167340798,0.01191193425294253
97.0,-0.8958251953124987,1.1102230246251565e-16,-247.2167968749998,2.842170943040401e-14,0.8190103650093052,1.1102230246251565e-16,-0.027267150878906236,0.013653644177541797,-0.00010126953125000338,0.0,-0.02736842041015624,0.013653644177541797,0.009127349853515637,0.013693795607024635,0.018366699218750004,0.00429117101597177,1.1223643198435742,1.1633445810933576,-0.8958251953124987,1.1102230246251565e-16,-247.2167968749998,2.842170943040401e-14,0.8190103650093052,1.1102230246251565e-16,0.0009511566162109016,0.02197677317926162,-0.02286982421874998,3.469446951953614e-18,-0.021918667602539084,0.02197677317926162,0.014418029785156232,0.02206455317396313,0.02697540283203123,0.004112307223534576,1.4606996905275764,0.7257346299735357,0.04010508081092981,0.02661987134241732,0.0124464598052304
97.5,-0.701965332031249,0.0,-220.4284667968748,2.842170943040401e-14,0.5001981556415546,0.0,-0.026786005496978783,0.013294488232505845,-0.00010126953125000338,0.0,-0.026887275028228786,0.013294488232505845,0.009570312499999982,0.01329664633458485,0.01833953857421874,0.002359999020739655,1.0786736761773437,1.2340728298470294,-0.701965332031249,0.0,-220.4284667968748,2.842170943040401e-14,0.5001981556415546,0.0,-0.002526283264160146,0.021033455764346367,-0.020212353515624986,0.0,-0.022738636779785132,0.021033455764346367,0.013560867309570337,0.021119697103780956,0.024811553955078124,0.0027717143022879605,1.3390627774325317,0.6032158043024031,0.04110514001395288,0.027356748432213328,0.012903014056480049
98.0,-0.5282714843750022,0.0,-191.4794921875004,2.842170943040401e-14,0.28197829723358425,0.0,-0.03022187232971187,0.020065432197214326,-0.00010126953125000338,0.0,-0.030323141860961873,0.020065432197214326,0.006115112304687545,0.020044737815290547,0.016331787109375027,0.0033129268857007435,1.1554595307036766,1.1877060878216856,-0.5282714843750022,0.0,-191.4794921875004,2.842170943040401e-14,0.28197829723358425,0.0,-0.0007461547851562718,0.021703802134590677,-0.01741083984375004,0.0,-0.01815699462890631,0.021703802134590677,0.018078308105468694,0.021764493099416027,0.025348510742187497,0.004325706809989482,1.111072460254601,0.5880808259763375,0.04402152078104801,0.03006793366532033,0.015312154886990186
98.5,-0.38125610351562655,0.0,-160.37902832031284,0.0,0.15280172973871362,0.0,-0.03609291404485696,0.016146296150063414,-0.00010126953125000338,0.0,-0.036194183576106966,0.016146296150063414,0.000271759033203189,0.016082983144315863,0.013162231445312535,0.004768832018785571,0.8848224986683257,1.0225690592620031,-0.38125610351562655,0.0,-160.37902832031284,0.0,0.15280172973871362,0.0,-0.00400320053100582,0.016155216853482226,-0.014609326171875034,0.0,-0.018612526702880855,0.016155216853482226,0.017690353393554698,0.01622458853351621,0.023282165527343773,0.0033401086350856005,1.141210702749401,0.6393094952932149,0.048032239750921676,0.0339346960372653,0.01885369038075052
99.0,-0.2557312011718758,0.0,-128.03405761718773,0.0,0.0708780162036423,1.3877787807814457e-17,-0.03617878884077075,0.0112631346019812,-0.00010126953125000338,0.0,-0.03628005837202075,0.0112631346019812,0.00017044067382809922,0.011207780974110952,0.01292022705078124,0.006390889224988378,0.6157614968039723,0.7483313652158403,-0.2557312011718758,0.0,-128.03405761718773,0.0,0.0708780162036423,1.3877787807814457e-17,-0.006003608703613274,0.017074317912952823,-0.011693066406250023,1.734723475976807e-18,-0.017696675109863294,0.017074317912952823,0.018649139404296862,0.017128584465491682,0.021912231445312506,0.004285689577211668,1.2536158706202676,0.9548103907332003,0.049042662144897525,0.034867735203579664,0.01943595314693606
99.5,-0.15241058349609404,0.0,-94.30393218994153,0.0,0.025217185523361045,6.938893903907228e-18,-0.03301708549261094,0.009208119589571366,-0.00010126953125000338,0.0,-0.03311835502386094,0.009208119589571366,0.0033094787597656183,0.009195253965267255,0.014305267333984371,0.007461243554211635,0.4195841542490645,0.5724439268331186,-0.15241058349609404,0.0,-94.30393218994153,0.0,0.025217185523361045,6.938893903907228e-18,-0.006877174377441404,0.018653073505777933,-0.008647412109375014,0.0,-0.015524586486816417,0.018653073505777933,0.020840759277343742,0.018672090291234546,0.021161499023437502,0.003715746423936608,1.3350938917040043,1.1293743632971067,0.0483471903516824,0.03415131498624608,0.01835677865701958
100.0,-0.07196044921875,0.0,-58.95233154296875,0.0,0.0051783062517642975,0.0,-0.03101375699043274,0.011814369232742246,-0.00010126953125000338,0.0,-0.031115026521682743,0.011814369232742246,0.005340576171875,0.01183731971198598,0.01507568359375,0.006503896627333112,0.34369622077141604,0.8320257194201133,-0.07196044921875,0.0,-58.95233154296875,0.0,0.0051783062517642975,0.0,-0.007595062255859375,0.016414637901381795,-0.005472363281250003,0.0,-0.013067425537109378,0.016414637901381795,0.0233154296875,0.01644418961775719,0.0205078125,0.0021037216723161726,1.2614643657124085,0.8890637717967944,0.04818166778911147,0.0339751290920515,0.017855285139502748
