phase_pct,baseline_omega_mean,baseline_omega_std,baseline_alpha_mag_mean,baseline_alpha_mag_std,baseline_omega_sq_mean,baseline_omega_sq_std,baseline_sp_feedback_mean,baseline_sp_feedback_std,baseline_turn_ff_mean,baseline_turn_ff_std,baseline_required_turn_voltage_mean,baseline_required_turn_voltage_std,baseline_motor_voltage_delta_mean,baseline_motor_voltage_delta_std,baseline_speed_error_mean,baseline_speed_error_std,baseline_acceleration_mean,baseline_acceleration_std,trial_omega_mean,trial_omega_std,trial_alpha_mag_mean,trial_alpha_mag_std,trial_omega_sq_mean,trial_omega_sq_std,trial_sp_feedback_mean,trial_sp_feedback_std,trial_turn_ff_mean,trial_turn_ff_std,trial_required_turn_voltage_mean,trial_required_turn_voltage_std,trial_motor_voltage_delta_mean,trial_motor_voltage_delta_std,trial_speed_error_mean,trial_speed_error_std,trial_acceleration_mean,trial_acceleration_std,predicted_speed_error_unconstrained,predicted_speed_error_constrained,predicted_speed_error_conservative
0.0,0.062744140625,0.0,76.66015625,0.0,0.003936827182769775,0.0,-0.011842727661132812,0.014955490709704708,8.659667968752283e-05,0.0,-0.01175613098144529,0.014955490709704708,0.023834228515625,0.014861997882311422,-0.002349853515625,0.007536729738313074,0.09635445121285169,0.5578845934136859,0.062744140625,0.0,76.66015625,0.0,0.003936827182769775,0.0,-0.0043926239013671875,0.01225724962198159,-0.0004016845703124772,0.0,-0.004794308471679665,0.01225724962198159,0.031005859375,0.012252570087035482,-0.002288818359375,0.0073282230874921065,0.3439451986815417,0.9963242358619936,0.00701904296875,0.00701904296875,0.00701904296875
0.5,0.11904144287109375,0.020000109446401196,97.18894958496094,7.29303354016859,0.015317238867282866,0.004042990874418992,-0.006494503021240234,0.020618104772333536,8.659667968752283e-05,0.0,-0.006407906341552709,0.02061810477233354,0.029183883666992184,0.020598333242915583,0.000347747802734375,0.009734014342116983,0.1056189192480703,0.7202570356819895,0.119281005859375,0.0195849446173224,97.27630615234375,7.1416438174631045,0.015365666151046752,0.003959065952915758,-0.007670726776123047,0.010352509796484572,-0.0004016845703124772,0.0,-0.008072411346435524,0.010352509796484572,0.027697372436523437,0.010365005598898096,-0.0038912963867187497,0.006135770659841326,0.4335313632493989,1.1371689614474183,0.004321441650390625,0.004321441650390625,0.004321441650390625
1.0,0.19148223876953124,0.04932058253498347,117.22427368164062,14.301165818067547,0.040912678055465224,0.01629298495417614,-0.003964633941650391,0.022276351177260678,8.659667968752283e-05,0.0,-0.003878037261962868,0.022276351177260678,0.031690216064453124,0.02221582372808248,0.0015884399414062497,0.01040845480876042,0.03825296610941018,0.8151271706237673,0.19196136474609374,0.04849033964048648,117.39898681640625,13.99838303736773,0.041009532622993,0.0161251818616129,-0.011374740600585936,0.01135158560989304,-0.0004016845703124772,0.0,-0.011776425170898415,0.011351585609893041,0.0239306640625,0.011422588375034173,-0.0056817626953125,0.005369239591128391,0.5458492110103483,1.1473204129061039,0.00308074951171875,0.00308074951171875,0.00308074951171875
1.5,0.2796467590332031,0.08771910802342821,136.28639221191406,20.747424627735313,0.08902700608596206,0.04154426049763686,-0.005196976661682127,0.022216695620657943,8.659667968752283e-05,0.0,-0.0051103799819946045,0.022216695620657943,0.030493698120117187,0.022162789778438833,0.0009724426269531246,0.01018118603029222,0.15551160265515035,0.7858211685163478,0.2803654479980468,0.08647383115858208,136.5484619140625,20.293241761530865,0.08917228793725372,0.04129258430527157,-0.013650684356689455,0.012802330640809509,-0.0005216186523437273,6.924397454575288e-05,-0.014172303009033181,0.012805149772219773,0.02157470703125,0.012894400943079198,-0.006740722656250001,0.005718361639427197,0.5909015860035127,0.9944637361353003,0.0036967468261718747,0.0036967468261718747,0.0036967468261718747
2.0,0.38362823486328124,0.13315190466727744,154.1644287109375,26.57417427198329,0.16980030480772257,0.08380393186880947,-0.00780247688293457,0.02085331504372831,8.659667968752283e-05,0.0,-0.007715880203247047,0.02085331504372831,0.027905883789062502,0.02080143563938133,-0.00031677246093749986,0.009503344485907204,0.40113542463395835,0.642084227631354,0.38493591308593744,0.1308859121303071,154.503173828125,25.987105073033533,0.17030169852077962,0.08293525249826295,-0.013009872436523438,0.008894388736050435,-0.0005847900390624772,0.0001057159916729051,-0.013594662475585915,0.008897521601214107,0.022149658203125002,0.008976890348816925,-0.0063299560546875,0.00402883810703599,0.6325383397526958,0.8783798735422905,0.004985961914062501,0.004985961914062501,0.004985961914062501
2.5,0.5026065826416015,0.18478147791063695,171.08383178710938,31.92271445924757,0.29337012157775455,0.14860472695169,-0.008116781711578371,0.020078573156588335,8.659667968752283e-05,0.0,-0.008030185031890848,0.020078573156588335,0.027587318420410158,0.020003371053816082,-0.0004417419433593755,0.009288730628994747,0.713824114321555,0.6059589365012047,0.5042411804199218,0.18194911471813288,171.50726318359375,31.18886044329883,0.29399686371907585,0.14751896625615266,-0.014881181716918945,0.00714422309909107,-0.0006626098632812272,0.00015064528813388975,-0.015543791580200172,0.007192302312389278,0.02017650604248047,0.0072122706564295225,-0.007186889648437499,0.003979021758375239,0.6563119954996246,0.8988167074123171,0.005110931396484376,0.005110931396484376,0.005110931396484376
3.0,0.6346952819824219,0.2439802915891759,187.24151611328125,36.831483712011945,0.46949944494292123,0.24375077001913972,-0.007511043548583985,0.01958820004480838,8.659667968752283e-05,0.0,-0.007424446868896462,0.01958820004480838,0.028192291259765627,0.019522257844292058,-0.00011047363281249981,0.008941554629493354,1.012062837471774,0.6822309046278539,0.6366567993164062,0.2405815823097387,187.7496337890625,35.95083728820484,0.47025153551250687,0.24244792529521733,-0.016805763244628905,0.009762816441536488,-0.000824658203124977,0.0002442039407644108,-0.017630421447753886,0.00987144724113728,0.018117828369140623,0.00988773263877134,-0.008052978515625,0.005356102291727896,0.5770973614601638,0.7940471124456537,0.0047796630859375,0.0047796630859375,0.0047796630859375
3.5,0.7792589569091797,0.31038151918778634,202.48184204101562,41.21062577585092,0.7094771687220782,0.37575970833857214,-0.010527915954589845,0.017655716592473863,8.659667968752283e-05,0.0,-0.010441319274902322,0.017655716592473863,0.025174789428710938,0.017618813457353118,-0.0016186523437500002,0.007515139399521768,1.113001327692491,0.595145981836475,0.781987762451172,0.3056537395340995,203.04489135742188,40.23471356077014,0.7110292801074685,0.3730712086469426,-0.013193459510803226,0.010818811571940477,-0.0009549682617187271,0.0003102764355599765,-0.014148427772521953,0.010910752967033626,0.021629066467285154,0.010946181649901788,-0.0061016845703125,0.005578148386342581,0.4412258477199915,0.8723566621941752,0.006287841796874999,0.006287841796874999,0.006287841796874999
4.0,0.9373101806640625,0.38050267704271884,216.4166259765625,45.110778514399165,1.0273770780116318,0.5465251523222004,-0.011514434814453125,0.022046521267800667,8.659667968752283e-05,0.0,-0.011427838134765602,0.022046521267800667,0.02419342041015625,0.021973591727370144,-0.002036132812500001,0.009684808418691127,0.9288298778044974,0.5662953502923356,0.94060302734375,0.3747970195977839,217.04833984375,44.01591029293077,1.0294178229570388,0.5429898687738137,-0.017816619873046877,0.01408249813924847,-0.000987622070312477,0.00028754749735030187,-0.01880424194335935,0.014219141453028532,0.016884765625,0.014248488578198661,-0.00831787109375,0.006775645722166728,0.5455162919762475,0.9810097992777488,0.006705322265625,0.006705322265625,0.006705322265625
4.5,1.1067162322998048,0.4568267071893985,228.5723114013672,48.00766276886133,1.436059554470703,0.7691640902472909,-0.010757188796997072,0.022308829058740463,8.659667968752283e-05,0.0,-0.010670592117309549,0.022308829058740463,0.02495262145996094,0.022276174424439982,-0.0016497802734375003,0.009591697408835817,0.7664206978324402,0.8011089666291945,1.110420684814453,0.4504080040320167,229.28298950195312,46.77589054553114,1.438355392534286,0.7651870338567677,-0.017117645740509033,0.016302676880297455,-0.0011676757812499772,0.00034991993243731586,-0.01828532152175901,0.01645647824138316,0.01737316131591797,0.01654829852477413,-0.00783172607421875,0.007435674230638719,0.5361358713714673,0.807251376299725,0.0063189697265625,0.0063189697265625,0.0063189697265625
5.0,1.286083221435547,0.5389016756394691,240.72799682617188,50.904551377950256,1.951356406044215,1.0533568737355274,-0.011991238594055176,0.02451216892177057,8.659667968752283e-05,0.0,-0.011904641914367653,0.02451216892177057,0.0237274169921875,0.0244401385288102,-0.002197265625,0.010571472307339338,0.9419261158763034,0.6372230437029823,1.2901992797851565,0.5317699384132555,241.51763916015625,49.53587079813151,1.9539073372259737,1.0489380371115276,-0.01682722568511963,0.013653196237415116,-0.0013477294921874774,0.00041229236752432996,-0.018174955177307103,0.013890007827713333,0.017465972900390623,0.014024198940286857,-0.007553100585937501,0.005835106979521663,0.20970164479075867,0.5762716485206114,0.006866455078125,0.006866455078125,0.006866455078125
5.5,1.4751527404785156,0.6250112059898232,251.21292114257812,52.96546479230209,2.5781453892961146,1.3981358430672435,-0.0159119975566864,0.022724352445023542,8.659667968752283e-05,0.0,-0.015825400876998876,0.022724352445023542,0.019783973693847656,0.022693258419413484,-0.004098663330078124,0.009393911657253853,0.871232217286291,0.7022044622693316,1.480549011230469,0.6156608636052893,252.01019287109375,51.58358955683568,2.583047616705298,1.389643561044998,-0.020676853656768798,0.015306534167802224,-0.001647412109374977,0.0005782664744507907,-0.022324265766143773,0.01565296220961787,0.01345268249511719,0.015708617506528556,-0.0093316650390625,0.007191913560941456,0.4349551612124861,0.5132288262041684,0.008767852783203125,0.008767852783203125,0.008767852783203125
6.0,1.6729888916015627,0.7136280579645828,260.8233642578125,54.73133177672743,3.3239851619303225,1.8054865897141419,-0.017706475257873534,0.025560494876002524,8.659667968752283e-05,0.0,-0.01761987857818601,0.025560494876002524,0.017977218627929687,0.025522996876837543,-0.004915771484375,0.010639425400544708,0.688113054751238,0.7124876985710196,1.6788757324218753,0.7034278656320102,261.693115234375,53.22377316764081,3.3293330463767052,1.7962225148969975,-0.021467294692993164,0.014082782541568724,-0.001857983398437477,0.0006998398648746317,-0.023325278091430642,0.014498241265430985,0.0124078369140625,0.014544370800882571,-0.009579467773437501,0.006671282935171114,0.7568722171383274,0.7328463740396761,0.009584960937500001,0.009584960937500001,0.009584960937500001
6.5,1.8777867126464842,0.8062642248897278,269.4999694824219,55.95806508977466,4.194018940292299,2.28454079497603,-0.017321088314056394,0.026308247371502946,8.659667968752283e-05,0.0,-0.01723449163436887,0.026308247371502946,0.018379039764404297,0.026234313986906822,-0.004616241455078125,0.010985042054878082,0.6472655609771094,0.5517989373604523,1.8841641235351563,0.7952141896621351,270.44219970703125,54.324805220914115,4.19981248177588,2.274504911387661,-0.02190987586975098,0.013291113887403852,-0.0021124999999999772,0.0008467850932999699,-0.024022375869750954,0.013760976766907853,0.01167083740234375,0.013798806221224778,-0.009641571044921875,0.006219206647589564,0.7506173585122562,0.9125827739327174,0.009285430908203125,0.009285430908203125,0.009285430908203125
7.0,2.088780822753906,0.9024778161259227,277.04864501953125,56.533612169738745,5.19450578071177,2.8389121241828033,-0.017746868133544924,0.025686829331035794,8.659667968752283e-05,0.0,-0.0176602714538574,0.025686829331035794,0.01796474456787109,0.02561636815770422,-0.004695129394531249,0.010755499580583229,0.6745793269230769,0.5698579103215202,2.096402587890625,0.8892723503533104,278.023681640625,54.84334216006971,5.203404054045677,2.8234987656963675,-0.022079429626464843,0.011699470639228741,-0.002444531249999977,0.0010201593196435344,-0.024523960876464822,0.012285768930789445,0.011173171997070313,0.01231042336253954,-0.00955596923828125,0.005224737638164716,0.6788300912141324,1.0575213369897107,0.009364318847656249,0.009364318847656249,0.009364318847656249
7.5,2.3063888549804688,0.9993310508623741,283.79974365234375,56.815910559301905,6.334336177259684,3.462516133944247,-0.021486218832433224,0.025884859153349746,8.659667968752283e-05,0.0,-0.0213996221527457,0.025884859153349746,0.014203834533691406,0.02585515128250495,-0.006446075439453124,0.010759075690704539,0.6466694367237592,0.5196381089799763,2.314834594726562,0.9846968902368581,284.8297119140625,55.03045946533076,6.3448562368750565,3.444292299168125,-0.022783732414245604,0.01137603526595527,-0.002786633300781227,0.0011760904073610692,-0.025570365715026827,0.012100059353654956,0.010095596313476562,0.012146344269741345,-0.009747314453125,0.004874769261902906,0.7872725978042237,1.066117850697594,0.011115264892578126,0.011115264892578126,0.011115264892578126
8.0,2.52876953125,1.098335863905458,290.068359375,56.85153015815179,7.6134983348846434,4.164436089499083,-0.02493017375469208,0.026840424431113268,8.659667968752283e-05,0.0,-0.024843577075004557,0.026840424431113268,0.010718841552734372,0.026830986740939162,-0.008105468750000002,0.01116736794637261,0.6219411285329288,0.5050640314142594,2.5377783203125,1.0827262721552267,291.1669921875,54.94694383190916,7.624719731807709,4.144997640941596,-0.028903503417968747,0.014774095968789293,-0.0031580322265624774,0.0013489360537462692,-0.03206153564453122,0.015720303829650402,0.0035931396484375007,0.015758978193001177,-0.012652587890625,0.006499956896528967,0.8155491968968538,1.1902824790927764,0.012774658203124999,0.012774658203124999,0.012774658203124999
8.5,2.755530090332031,1.1998693996748893,294.21295166015625,55.66089947648229,9.037333324998617,4.9498829604041505,-0.024951488859951496,0.022513541866493684,8.659667968752283e-05,0.0,-0.024864892180263973,0.022513541866493684,0.010723991394042974,0.022530198693150177,-0.007986602783203125,0.00838495976039822,0.9007962100155741,0.7884627384727549,2.7651843261718745,1.183141664005652,295.374755859375,53.646637134332416,9.049648517370223,4.928550124057228,-0.037233012914657596,0.020164606138568894,-0.003662182617187477,0.001598425794094325,-0.04089519553184507,0.021361697774388972,-0.005157461166381841,0.021388481565363042,-0.0165692138671875,0.008647252666737501,0.9228590318372913,1.2084514792553107,0.012655792236328125,0.012655792236328125,0.012655792236328125
9.0,2.9852185058593745,1.3020166694334463,298.326416015625,54.523918060642444,10.612745195627213,5.817709374914036,-0.031148891076445577,0.024311790301367774,8.659667968752283e-05,0.0,-0.031062294396758054,0.024311790301367774,0.004586639404296879,0.024264545237721334,-0.010932617187499997,0.008824696508057377,1.185144099877989,0.910762048097245,2.9965893554687497,1.2823138357940043,299.47998046875,52.523933302766174,10.631256139278412,5.785642768122865,-0.030516517162323,0.02405989291563556,-0.004166333007812477,0.001847915534442381,-0.03468285017013547,0.025042686855905334,0.001069583892822265,0.02510333214164644,-0.01293212890625,0.010800630592550918,1.325167853793331,1.139071526068699,0.015601806640624997,0.015601806640624997,0.015601806640624997
9.5,3.218379516601563,1.4036618045122227,301.1737060546875,52.823240775756624,12.34290514886379,6.762943506952747,-0.03144314993172884,0.02343865778287893,8.659667968752283e-05,0.0,-0.031356553252041314,0.02343865778287893,0.004232711791992189,0.023407568900359332,-0.01088165283203125,0.00866828508539062,1.2095233054705852,0.8620837651303322,3.2303820800781256,1.3828645441137715,302.391357421875,50.71196120549258,12.362444478273392,6.72909587946414,-0.031918923854827884,0.02111167174261795,-0.004670483398437477,0.0020974052747904375,-0.03658940725326536,0.02257615556077751,-0.0007898235321044927,0.022612799822275913,-0.013423767089843748,0.009245079711559268,1.6020159954791338,1.083222945387548,0.01555084228515625,0.01555084228515625,0.01555084228515625
10.0,3.4527709960937503,1.506017353513794,302.89306640625,50.47141850505793,14.20937796831131,7.786877934564133,-0.03270873650908469,0.02933407403382255,8.659667968752283e-05,0.0,-0.03262213982939717,0.02933407403382255,0.0029815673828125,0.029298642661491354,-0.0113006591796875,0.011767112358657726,1.248915879042842,0.802968287366019,3.4654052734375,1.4841256638975802,304.1748046875,48.24877859951389,14.229945683479308,7.751249260806308,-0.03644886165857315,0.02284916317936722,-0.005174633789062477,0.002346895015138493,-0.04162349544763563,0.024747780657307584,-0.005825805664062504,0.024819325144167098,-0.015444946289062502,0.009976385796848343,1.5286816861523937,0.8020566240606826,0.0159698486328125,0.0159698486328125,0.0159698486328125
10.5,3.6874334716796873,1.6085293668299327,304.3414306640625,47.963195096277616,16.205220709443093,8.885504144431964,-0.03362392645329236,0.029052357706273884,8.659667968752283e-05,0.0,-0.03353732977360484,0.029052357706273884,0.002074317932128908,0.028994750895834944,-0.011573333740234375,0.011483297012584185,1.3341877899525587,0.9258397366088754,3.70169921875,1.5838116154054627,305.592041015625,45.794053272869036,16.2330553817749,8.837288878617109,-0.03923040978610515,0.025127833750601285,-0.005773999023437477,0.002678843228991415,-0.04500440880954263,0.027192647980167853,-0.00918201446533203,0.02722595425581243,-0.016574554443359375,0.010986997328615928,1.3799417491281527,0.5933636149392981,0.016242523193359372,0.016242523193359372,0.016242523193359372
11.0,3.923198242187499,1.709134091370306,304.307861328125,44.84128391981523,18.33527456283569,10.04573594511868,-0.03712417840957641,0.02985449115282176,8.659667968752283e-05,0.0,-0.037037581729888885,0.02985449115282176,-0.0014263343811035068,0.029812795808974633,-0.013128662109374994,0.011724109695566925,1.420100285456729,1.0610505441151035,3.9385058593749998,1.6826095525832925,305.58349609375,42.628916482182255,18.36669703483581,9.991302764100237,-0.04335490137338637,0.025176819942584326,-0.0063361328124999765,0.0030033913234272336,-0.04969103418588636,0.02754209650847004,-0.013957157135009755,0.02759267968759218,-0.018378601074218744,0.01063424055258732,1.3959238190195276,0.5307889735407253,0.017797851562499998,0.017797851562499998,0.017797851562499998
11.5,4.15826904296875,1.8085370848889188,304.0655517578125,41.67560095716318,20.583554873466486,11.269234792537999,-0.03931274116039277,0.03332228555984443,8.659667968752283e-05,0.0,-0.039226144480705244,0.03332228555984443,-0.005830926895141598,0.03330010828498651,-0.01399139404296875,0.013166734833816906,1.5112148187099421,0.9459408966481723,4.1742724609375,1.780807022928421,305.399169921875,39.362292339489485,20.616405639648434,11.212327935421236,-0.049594087600708006,0.026672188619876438,-0.006887280273437476,0.0033215964583626777,-0.05648136787414547,0.029348842386649913,-0.029729461669921835,0.036630462973424364,-0.02121414184570312,0.010951443077389197,1.4048256685128144,0.5129700154741984,0.01866058349609375,0.01866058349609375,0.01866058349609375
12.0,4.3917871093750005,1.9070436152925025,304.6728515625,39.000487581286265,22.941420259475706,12.556002640502143,-0.039106135368347165,0.03452715615248873,8.659667968752283e-05,0.0,-0.03901953868865964,0.03452715615248873,-0.008156890869140624,0.03707470254578139,-0.0136572265625,0.013431281491717966,1.5191508117533572,0.8249238511316046,4.408857421874999,1.8774652684347912,306.005859375,36.68767775016499,22.9786988735199,12.491426700136614,-0.053902893066406256,0.02977583528523207,-0.007584301757812477,0.003712745627552427,-0.06148719482421873,0.032610112307318015,-0.05080146789550782,0.05200536525030185,-0.023023681640625,0.012321796390767394,1.1940511067708406,0.5703643471598273,0.018326416015625,0.018326416015625,0.018326416015625
12.5,4.6252288818359375,2.004838665614598,303.3447265625,35.31251721677107,25.421538695693016,13.90794709070713,-0.04451704025268555,0.038149691064654476,8.659667968752283e-05,0.0,-0.044430443572998024,0.038149691064654476,-0.009605169296264648,0.038143533771452354,-0.016117095947265625,0.015356714260705753,1.3726330025768594,0.7802331353743496,4.644073486328125,1.9721846826538811,304.5654296875,33.1948213852922,25.46896305680275,13.825792750851088,-0.05368316173553467,0.03077241746230651,-0.008389660644531227,0.004136138174202412,-0.062072822380065895,0.03382216102358716,-0.05131220817565918,0.05326456011185855,-0.022525787353515625,0.013003115657138322,1.0110370484821136,0.5178619224063226,0.020786285400390625,0.020786285400390625,0.020786285400390625
13.0,4.857435302734375,2.0995617161477416,301.826171875,31.887986772590953,28.006824430227283,15.301554515701968,-0.04550745010375977,0.03787255700874329,8.659667968752283e-05,0.0,-0.04542085342407225,0.03787255700874329,-0.016065540313720705,0.041053799250492996,-0.0163067626953125,0.014939949251331144,1.2162439306299273,0.6676345872087776,4.8770336914062495,2.0656016758555604,303.095703125,29.685050461751754,28.056145765781405,15.216114738465494,-0.05376339912414552,0.02763779827713059,-0.009057690429687478,0.004480243727097719,-0.06282108955383299,0.031280113767155934,-0.0521612548828125,0.05113214252067738,-0.022140808105468753,0.011021897203466606,1.0250715775923345,0.48556726556001156,0.0209759521484375,0.0209759521484375,0.0209759521484375
13.5,5.087078247070313,2.192804754288831,297.744140625,26.983874485871873,30.697322853207588,16.75590654012668,-0.050888814926147476,0.04035951770829154,8.659667968752283e-05,0.0,-0.050802218246459946,0.04035951770829154,-0.021461133956909184,0.04261857969510559,-0.018659362792968752,0.01582429850661086,1.2155594192184815,1.0379033417365078,5.107430419921875,2.1575386451738194,299.0625,24.695255654790632,30.748541163206102,16.66718130007639,-0.05719651699066162,0.03156702710171895,-0.009885937499999978,0.004916850772706818,-0.06708245449066161,0.03539502979008294,-0.05635650634765626,0.05352014623310002,-0.023518218994140628,0.012982663846296868,1.1892709087380777,0.7842797032712869,0.023328552246093752,0.023328552246093752,0.023328552246093752
14.0,5.31215087890625,2.2834091402030916,295.947265625,23.39922615467125,33.446592638492575,18.24419026584121,-0.05486799240112304,0.03993389129428686,8.659667968752283e-05,0.0,-0.05478139572143552,0.03993389129428686,-0.030326118469238265,0.04563055815356086,-0.020345458984375,0.015448264371037447,1.283345255818401,1.1205361888877028,5.334272460937499,2.2450778292384848,297.314453125,21.024796423907368,33.510578408241265,18.13335129068198,-0.054835662841796876,0.029355444202532603,-0.010571362304687476,0.005270999344811049,-0.06540702514648435,0.033790411281659924,-0.045007438659667984,0.04978541663274469,-0.0219281005859375,0.01162678899573876,1.3752949321186638,0.8749942622722789,0.024887115013443626,0.02491412225076127,0.024964385344130636
14.5,5.535411987304687,2.3712332568685257,292.509765625,18.868236315148458,36.281920960545534,19.763580778461122,-0.054658346176147454,0.04049263115691133,8.659667968752283e-05,0.0,-0.05457174949645993,0.04049263115691133,-0.03561535835266112,0.05319781480799221,-0.019874267578125,0.015450344768052302,1.1865549154214934,0.8911293843511247,5.558687744140624,2.3309001855983826,293.92578125,16.407121907634874,36.35208918452262,19.642025919536575,-0.05982838153839111,0.033826370195702976,-0.011359326171874977,0.005684348872252108,-0.07118770771026607,0.03877126843362686,-0.05220252037048337,0.05588428014004781,-0.02403793334960937,0.013388154327126577,1.5467300948563234,0.8005214899614774,0.0242555544022159,0.024316520549031915,0.02442998879014096
15.0,5.755157470703125,2.45621366230552,288.427734375,13.966806980663383,39.17563616633415,21.307983313886552,-0.05497169494628906,0.04100299304168183,8.659667968752283e-05,0.0,-0.05488509826660154,0.04100299304168183,-0.031155300140380867,0.04946806106422444,-0.01964874267578125,0.015266732475257765,0.9852838405084526,0.5960567756268136,5.77923583984375,2.4144898202141487,289.892578125,11.417327100673752,39.24822398424149,21.182237743027038,-0.06479067802429199,0.03821683116398628,-0.012187573242187479,0.006120955917861205,-0.07697825126647945,0.04368487032382862,-0.06693286895751951,0.06241238268234406,-0.02609405517578125,0.015436839531537428,1.7031920817626425,0.6777126452791205,0.023837998009309032,0.023939623728786604,0.024128777928846427
15.5,5.970391235351562,2.538589245765779,284.345703125,9.069521584474025,42.10875841557979,22.875137557821965,-0.05872979164123535,0.044257727936313385,8.659667968752283e-05,0.0,-0.05864319496154783,0.044257727936313385,-0.03201846122741699,0.052340530140734795,-0.02115264892578125,0.01659940491007421,0.873514099832458,0.6978792042715988,5.995838623046875,2.4944935683923704,285.753173828125,6.611478119223485,42.19070105433464,22.733189068282655,-0.06750206708908081,0.03773907912390786,-0.013024670410156227,0.0065422341446777325,-0.08052673749923704,0.04375612552492755,-0.07065770149230957,0.06245729245974263,-0.027012634277343753,0.015260518478044707,1.7437489827473942,0.5251481740261689,0.025120179880868915,0.025268744833103568,0.02554529160600491
16.0,6.181347656250001,2.6179559423849974,280.2197265625,4.254224472823847,45.07731915473937,24.456132804603246,-0.06345915555953979,0.04624510696028778,8.659667968752283e-05,0.0,-0.06337255887985227,0.04624510696028778,-0.04025886535644531,0.05667589675480009,-0.023131103515625,0.0175696586989313,0.848122621193903,0.9746677401001075,6.208515625000001,2.570877601015711,281.50390625,1.9959179227844484,45.17292123794555,24.29051758685001,-0.07212274551391602,0.036510573875770364,-0.013870922851562478,0.006947654972743323,-0.08599366836547849,0.04290782636407772,-0.0730603790283203,0.061829808652295745,-0.028883056640624998,0.014625287646130303,1.7002445389896579,0.5999286434071363,0.026849529229712163,0.027050817757992285,0.027425555363371143
16.5,6.388583374023437,2.6933465980037923,275.3448486328125,0.873235208564093,48.08144405066965,26.035288585352763,-0.06548271447420122,0.04314366962663542,8.659667968752283e-05,0.0,-0.06539611779451368,0.04314366962663543,-0.04098509788513185,0.05008364931650591,-0.023724822998046874,0.01602526252571598,0.7886369967516182,0.8377794288986508,6.416680908203125,2.644656791604231,276.654052734375,2.9663907263417175,48.18102017521856,25.862787210810477,-0.07847116708755496,0.03697978625178517,-0.014717175292968726,0.007353075800808914,-0.09318834238052369,0.043662936565174906,-0.0900106430053711,0.06442542317004657,-0.03156066894531251,0.014341434300663257,1.6152649992829495,0.8072058098890963,0.02716868784890909,0.027428069153112206,0.02791104080214204
17.0,6.591121826171873,2.7658442438646085,268.726806640625,6.612384548333169,51.101416238546356,27.62138177256641,-0.06756925404071808,0.045564193140837754,8.659667968752283e-05,0.0,-0.06748265736103054,0.045564193140837754,-0.03811691284179687,0.05003154372971731,-0.024315490722656253,0.01648958417373496,0.7899471540829003,0.5662326352803803,6.620166015625,2.7155139921829123,270.068359375,8.913972417859359,51.20553981781005,27.441003958084533,-0.07644671916961668,0.033274416610101214,-0.015561596679687473,0.007761668108624692,-0.09200831584930416,0.040124157447058245,-0.09209281921386721,0.05971921721232873,-0.029997253417968744,0.012136228715263,1.2149037181080597,0.9854133651398479,0.027460928529262796,0.027783426125983175,0.028384053150882212
17.5,6.786672973632811,2.8343078036065252,264.4378662109375,11.151020736517307,54.095231524109835,29.19237332898841,-0.06905228942632677,0.04286313828490978,8.659667968752283e-05,0.0,-0.06896569274663923,0.04286313828490977,-0.03964157104492188,0.047532985503620416,-0.02466354370117188,0.015150741860980454,0.8684811892209414,0.4768031508529017,6.817504882812499,2.7808803041541026,265.7470703125,13.404787744124368,54.21741752624511,28.98071039925659,-0.08037315607070922,0.03610765724919348,-0.01638984374999998,0.00819827515423379,-0.09676299982070918,0.043499057160068494,-0.08026103973388674,0.06103359343882333,-0.031482696533203125,0.013038418892482114,0.7990279119887234,1.080211747345135,0.027488533692653368,0.027878769302493774,0.028605751228395326
18.0,6.977724609375,2.8989300377072875,260.107421875,15.621041368652799,57.10114177703857,30.750339851919716,-0.07150537133216858,0.04522746383642756,8.659667968752283e-05,0.0,-0.07141877465248106,0.04522746383642756,-0.0367034912109375,0.04521532522011105,-0.025425415039062496,0.016176711835718147,0.6445974069875483,0.6209411964514064,7.0098046875,2.8433373120344556,261.42578125,17.895603070389377,57.23272022247314,30.5223942580529,-0.08240338325500489,0.041443394436957784,-0.017218090820312476,0.008634882199842889,-0.09962147407531736,0.048773016322293083,-0.08269512176513671,0.06724677629259079,-0.031944580078125,0.015479035425934729,0.9346666313829417,1.1141004167770763,0.027910425363174982,0.028372480254672008,0.029233542373429754
18.5,7.16462158203125,2.960326634552195,251.38427734375,22.566302282916972,60.10910360336304,32.29622647837923,-0.07393027871847152,0.04458235443971552,8.659667968752283e-05,0.0,-0.07384368203878401,0.04458235443971552,-0.03825601577758788,0.04449712997308838,-0.026208038330078124,0.015467245095403998,0.4904162355792062,0.5815096922466687,7.1975927734375,2.903189477879987,252.7392578125,24.906687638136443,60.244337005615236,32.06195005393683,-0.08484030485153198,0.04210035213622185,-0.018046337890624976,0.009071489245451985,-0.10288664274215696,0.05014974446270516,-0.08595172882080077,0.06526400703989553,-0.03262680053710938,0.01532822443161731,0.9372579579031022,1.1389949073120498,0.028336803586001873,0.028874051776193232,0.029875639779698177
19.0,7.343315429687499,3.0169872049495616,249.2236328125,25.72460957889848,63.03987274169922,33.797545985214605,-0.07384297907352448,0.04548585347995264,8.659667968752283e-05,0.0,-0.07375638239383694,0.04548585347995264,-0.03815135955810547,0.04539457853854371,-0.02571533203125,0.015439859393358523,0.4252919728383664,0.5405456297670188,7.377792968749999,2.957239950102511,250.5126953125,27.95130819831611,63.1903560256958,33.53685563154816,-0.08683424234390259,0.04115964861147442,-0.018887402343749977,0.009485895932809775,-0.10572164468765256,0.04969687867861462,-0.08484375000000001,0.06330104847157804,-0.033099670410156254,0.014629763637291845,0.9806941105769275,1.299367831159641,0.027471878649081835,0.028087614198702326,0.029236067841538663
19.5,7.519189453125,3.0716322815820067,243.988037109375,30.5922024864434,65.9852946472168,35.30000423817834,-0.07555431365966797,0.04669377258636128,8.659667968752283e-05,0.0,-0.07546771697998045,0.04669377258636128,-0.03985998153686524,0.04660301547065023,-0.026147460937500006,0.01574056544833177,0.21836074082168144,0.657108485706562,7.55525390625,3.009133816094906,245.19775390625,32.68315598559534,66.15254619598389,35.01025918313531,-0.08736821293830872,0.03841677943653437,-0.019733654785156228,0.009891316760875365,-0.10710186772346496,0.04741006298662656,-0.08711280822753907,0.06253806887857137,-0.03284011840820313,0.013234280500579867,0.8980604763075527,1.2988106859484292,0.027518889549352724,0.02821573665820273,0.029516193524413863
20.0,7.69091796875,3.122631956477911,234.32617187499997,37.80719183872594,68.91406955718995,36.769259424624394,-0.07896623611450196,0.04821382748920372,8.659667968752283e-05,0.0,-0.07887963943481442,0.04821382748920372,-0.04327392578125,0.04814838786666543,-0.02740478515625,0.01637757383750048,-0.10309819574956092,0.8880220868778801,7.72802734375,3.0583213527004753,235.54687499999997,39.91835845568898,69.08787479400635,36.46815419874404,-0.08981342315673829,0.035918915944751544,-0.02057990722656248,0.010296737588940959,-0.11039333038330078,0.04558432574734006,-0.09339332580566408,0.06140986134373671,-0.0335205078125,0.011954741524487151,0.5374863986924548,1.2105194677746842,0.02837992330014071,0.02916012048022332,0.03061704754479916
20.5,7.8537402343750005,3.16821794484551,226.314697265625,44.02509818206943,71.73027336120607,38.16841315442351,-0.07943439483642577,0.048658408662252746,8.659667968752283e-05,0.0,-0.07934779815673824,0.048658408662252746,-0.04373142242431641,0.048610072592598856,-0.027135925292968745,0.016451259789769187,-0.3843667623880004,1.1776047756056758,7.8920092773437505,3.101897484468047,227.51953125,46.10908692805429,71.9139052438736,37.85028688261014,-0.09447397887706757,0.03652447393745223,-0.021373974609374978,0.010672029359379772,-0.11584795348644254,0.04663912898696207,-0.09884242057800295,0.06235113471556728,-0.03527069091796875,0.011928315966137842,0.0750828456211701,1.1577074243250853,0.0277054145577611,0.02857079547217076,0.03018795510913225
21.0,8.00853515625,3.209169406029552,222.81494140625,47.63838480045375,74.44177059173585,39.50711463891893,-0.07554483413696289,0.046410972743993535,8.659667968752283e-05,0.0,-0.07545823745727537,0.046410972743993535,-0.03983085632324219,0.04635899786954014,-0.02472137451171875,0.014921413705970485,-0.6288694724058539,1.2219122470766635,8.0484521484375,3.139993299227295,223.90625,49.52582777892258,74.64676915168764,39.15197927732492,-0.09604666590690612,0.03852958409653514,-0.02208930664062498,0.011001863253399236,-0.1181359725475311,0.04866090920064143,-0.10012893676757813,0.06570851970978536,-0.03544586181640625,0.012339867146395254,-0.11427659254807904,1.2024506727978566,0.02487798226062391,0.02582990881277775,0.02761023638881075
21.5,8.159500732421876,3.2470810288585996,222.46582031250003,49.26544178772262,77.12515864610671,40.80995717216421,-0.07707885742187501,0.04865494053184305,8.659667968752283e-05,0.0,-0.07699226074218748,0.04865494053184305,-0.04137485504150391,0.04860396123963784,-0.025105895996093756,0.01568808003021533,-0.7066700897572524,1.0408385701571659,8.20070556640625,3.1756703320970674,223.51562500000003,51.08196717634771,77.34301311016081,40.43252913443005,-0.09515725195407869,0.036156300594290355,-0.022925488281249976,0.011401469701922814,-0.11808274023532865,0.046988019373935395,-0.09478225708007812,0.0599912624787929,-0.03446960449218751,0.01129187461450697,-0.05619324726379171,1.188776141314337,0.02484395449132347,0.025883434248962153,0.027829259849090456
22.0,8.3107958984375,3.28441927312525,207.46093750000003,59.20251467750861,79.86382920265197,42.126703679929065,-0.07370073318481446,0.04630288731915446,8.659667968752283e-05,0.0,-0.07361413650512695,0.04630288731915447,-0.038037719726562516,0.04624763443755403,-0.022990722656250007,0.014279768460010119,-0.7390347282925399,1.2012429937279516,8.352958984375,3.2113473649668394,208.53515625000003,61.06155679026997,80.08675004959106,41.740499076875345,-0.09448630571365356,0.03682111799476143,-0.023609692382812478,0.011713331877357883,-0.11809599809646605,0.047620386230553084,-0.0948497772216797,0.060947248812447966,-0.03356933593750001,0.010844940362065458,-0.08874141808711739,1.2023507768459538,0.02230558882612526,0.0234333896638251,0.025546650886600054
22.5,8.447589111328124,3.3133849351897737,206.9580078125,60.76714104320591,82.34799803495406,43.296513887273974,-0.07337217330932616,0.04837300210648083,8.659667968752283e-05,0.0,-0.07328557662963865,0.04837300210648083,-0.03770923614501953,0.04830677746086325,-0.022411346435546875,0.0149065769369819,-0.8992210690513938,1.2922189161428541,8.49124755859375,3.237721390569395,208.056640625,62.66843986369815,82.59225223064422,42.873357168954584,-0.09239397346973419,0.0374098455902426,-0.024293896484374973,0.012025194052792954,-0.11668786995410918,0.0479393909760873,-0.08833036422729496,0.05882002572545068,-0.03198089599609376,0.010982671659018079,-0.2973134145314348,1.1387101651960698,0.02130212868307578,0.022518200608602344,0.02479936824863711
23.0,8.58343505859375,3.3415567809164517,199.18945312500003,66.52647592770211,84.84837222576141,44.468180990028564,-0.07363038063049317,0.04885735433534992,8.659667968752283e-05,0.0,-0.07354378395080563,0.04885735433534992,-0.03797649383544922,0.048783236509168416,-0.022142028808593752,0.015146788511659924,-0.7492602510607986,1.116311993977985,8.628520507812498,3.2634188338252446,200.31250000000003,68.47013348670717,85.1118894290924,44.01164397542369,-0.09186395525932313,0.03632387806701466,-0.02497810058593748,0.012337056228228026,-0.11684205584526058,0.04716886270120844,-0.08294206619262695,0.049779199078197604,-0.03118743896484375,0.010458507219751502,-0.44509852127039257,1.1330300710809909,0.02060807486389273,0.021912292807731368,0.02436175553472506
23.5,8.712635498046875,3.365136613546982,192.8564453125,71.45702718610548,87.24318908452987,45.556025990272765,-0.0718342161178589,0.04551651487558119,8.659667968752283e-05,0.0,-0.07174761943817137,0.04551651487558119,-0.03616641998291016,0.04543512749424773,-0.020873107910156254,0.012930012634747412,-0.5036438984192997,0.9654050081487187,8.75882080078125,3.2850906121181906,194.00390625,73.44301373500063,87.51606123447418,45.08326680612384,-0.09394387662410736,0.03470844650911676,-0.025662304687499977,0.012648918403663095,-0.11960618131160733,0.046413656582123576,-0.08386672973632811,0.04641623744780171,-0.031728057861328124,0.0091862397841523,-0.5781105237129391,1.1065549474142597,0.018916060839290847,0.020307788938737997,0.022925043151009628
24.0,8.8357421875,3.3849264045051277,188.22265625,75.40655950047213,89.53792655944825,46.57787741080075,-0.07119064331054688,0.04543882280375143,8.659667968752283e-05,0.0,-0.07110404663085934,0.04543882280375143,-0.0355078125,0.04536851763134349,-0.020185546875,0.012690218328907961,-0.3655507903554842,1.0224360944817221,8.88322265625,3.3026352380962263,189.23828125,77.1642166418869,89.82665851593019,46.077645604608385,-0.09566546440124511,0.03623568548580206,-0.026356274414062474,0.0129438660204305,-0.12202173881530759,0.04817540420844844,-0.086253662109375,0.04816672723828481,-0.032075195312500006,0.009893180625470432,-0.7171730450539077,1.1264699240295895,0.01780906991204524,0.01928722330053192,0.022070979814328463
24.5,8.954337158203124,3.402111418761311,183.5888671875,79.35609472217077,91.76086288690567,47.55827453840212,-0.07103533267974853,0.046489213308288715,8.659667968752283e-05,0.0,-0.07094873600006102,0.046489213308288715,-0.03536205291748047,0.04644270356248822,-0.01973678588867188,0.013069246777911108,-0.25405617027016314,1.142620672467441,9.003376464843749,3.3171183289554143,184.3408203125,80.65707300675969,92.0739377260208,47.015876872476206,-0.09404574036598205,0.03754471378549488,-0.02699165039062498,0.013185955641361456,-0.12103739075660704,0.04938409006899689,-0.08527493476867676,0.04938865239754231,-0.0307379150390625,0.010549849744123374,-0.9058108029665685,1.1586970612366723,0.016945107940069027,0.018508462213714313,0.021457218777755596
25.0,9.06866455078125,3.4162716466974743,177.3681640625,83.938852437046,93.91650331020355,48.48171903790715,-0.06854820251464844,0.04667474737272585,8.659667968752283e-05,0.0,-0.06846160583496091,0.04667474737272585,-0.032886505126953125,0.0466497166873703,-0.01812744140625,0.013130575880298057,-0.15437519633687039,1.333732038308829,9.1190185546875,3.328996577779782,177.978515625,84.99565730501571,94.2460663318634,47.91071991875165,-0.09110409021377563,0.037079508719111226,-0.027531811523437477,0.013373072946622495,-0.11863590173721314,0.0489903365306225,-0.08291339874267578,0.04903466558937832,-0.02877044677734375,0.009771390047710334,-1.1596857528864404,1.33121056696452,0.014927371578613074,0.01657413552158297,0.019685383190478987
25.5,9.177996826171874,3.426834882645185,168.06396484375,89.94773907065,95.98587251901627,49.33245980758653,-0.0668294906616211,0.04799046018165619,8.659667968752283e-05,0.0,-0.06674289398193359,0.04799046018165619,-0.03112941741943359,0.04793535373576344,-0.016931304931640627,0.01339863298008705,-0.30185868412187544,1.5676078665915314,9.22940185546875,3.3377371759712973,168.6865234375,91.02569747003821,96.32469381809236,48.745420856556294,-0.09133917808532714,0.04121168397683938,-0.028071972656249975,0.013560190251883538,-0.11941115074157713,0.052529746377621964,-0.0836960983276367,0.052579560757303544,-0.028431396484374996,0.01180643597371049,-1.3944977091186874,1.3654155403343107,0.013330069142470995,0.01505834590969726,0.01832942014723144
26.0,9.2784228515625,3.4322562220158104,163.271484375,93.35179458552281,97.87480410575868,50.0790252592094,-0.07121372222900389,0.0522260206188443,8.659667968752283e-05,0.0,-0.07112712554931638,0.0522260206188443,-0.035501861572265626,0.0521586067072584,-0.018835449218749998,0.01574858334391753,-0.5632982943163635,1.6566685379719082,9.331123046875,3.3409128843611517,163.90625,94.45089560024034,98.23770044326784,49.45028270180191,-0.08510639190673829,0.03476909476789999,-0.028612133789062473,0.01374730755714458,-0.11371852569580074,0.046375559518395296,-0.07804428100585938,0.046445389033253306,-0.024830932617187502,0.008905433127938319,-1.521376674269749,1.1903526078027589,0.014838915005862664,0.016647079765165468,0.020075859218520235
26.5,9.373831787109376,3.4346632782561684,163.54736328125,93.82964244952679,99.6694000840187,50.763958026172105,-0.06885077953338622,0.04733170670436765,8.659667968752283e-05,0.0,-0.0687641828536987,0.04733170670436765,-0.03316553115844726,0.04731279088439895,-0.017308807373046874,0.01307264843104091,-0.676876859509302,1.433534123131739,9.42777587890625,3.3411623741014997,164.1943359375,94.94987508093645,100.0532599401474,50.09888342129413,-0.08495250225067139,0.03572728629675124,-0.029152294921874978,0.013934424862405622,-0.11410479717254635,0.04683204182159989,-0.07841114044189453,0.04689185115288701,-0.024371795654296875,0.009226947892202766,-1.5062987498748062,1.0270019932415273,0.012926146106207834,0.014811856632319358,0.018394926729245614
27.0,9.46938720703125,3.4368170661564683,154.5654296875,99.65247121771883,101.48706214427948,51.441689088535924,-0.06827921867370605,0.04512191881822925,8.659667968752283e-05,0.0,-0.06819262199401853,0.04512191881822925,-0.032583274841308595,0.045071413275964464,-0.016762084960937496,0.011778063570233333,-0.7674985943418537,1.6303149932208556,9.5244287109375,3.3414118638418473,155.224609375,100.79385510061465,101.8829954624176,50.75566867286168,-0.08407233238220216,0.03321444514723298,-0.029692456054687476,0.014121542167666664,-0.11376478843688961,0.04452123687271588,-0.07800952911376953,0.044552804625985334,-0.023551025390624994,0.007729364274798614,-1.19722166261473,0.9179355325780165,0.012002814828722634,0.013963640920569922,0.01769745766731621
27.5,9.557110595703126,3.434267772525956,148.42529296875,103.83459431261184,103.14011315107346,52.01340457676505,-0.06895096302032472,0.045294752259311954,8.659667968752283e-05,0.0,-0.06886436634063718,0.04529475225931196,-0.033224964141845705,0.04523689747926661,-0.016782379150390624,0.011541141608054629,-0.7553731922780986,1.6641209447466971,9.613391113281251,3.3367138451719036,148.98681640625,104.80683414451812,103.55714366436004,51.29083641409699,-0.08260732889175415,0.030787871539062955,-0.030109020996093725,0.014237301178548495,-0.11271634988784786,0.042677051819208285,-0.0770151138305664,0.042712647150942244,-0.022467041015625005,0.005954975805407606,-0.9315704132293505,0.8492209451386749,0.011660309660347356,0.013692897949197178,0.0175722332763564
28.0,9.639091796874999,3.428403351283101,146.796875,105.4118842647179,104.67080942153929,52.514478895921826,-0.06510311126708987,0.041882234767961046,8.659667968752283e-05,0.0,-0.06501651458740235,0.041882234767961046,-0.02940887451171878,0.04182801032518202,-0.014587402343750014,0.01000416877399144,-0.8217978310751749,1.6356351918936447,9.6966796875,3.3285821710924237,147.2265625,106.15577019826439,105.11321960449217,51.74794515192963,-0.08257583618164063,0.031061882472955563,-0.03058967285156247,0.01439006078651584,-0.11316550903320309,0.043294448048014106,-0.07741806030273438,0.04331841770994244,-0.022083740234374996,0.006142224785325972,-0.7877888712849644,0.9267327712127466,0.00911246919267776,0.011214280652851901,0.015235436224863457
28.5,9.719288330078125,3.42123400233705,141.798095703125,108.79667140438166,106.17380554914475,52.98230272958705,-0.06255868673324584,0.03915466714327956,8.659667968752283e-05,0.0,-0.06247209005355832,0.03915466714327956,-0.02689544677734375,0.03910176358953676,-0.013103485107421875,0.008688775145166049,-0.9216100519353712,1.7529856811258595,9.778063964843751,3.3193510506995456,142.15576171875,109.41605138145677,106.63410107135773,52.18473435114782,-0.08228632688522339,0.0334587412953254,-0.031048352050781224,0.01453013447548244,-0.11333467893600463,0.045391809864150076,-0.07754083633422851,0.04541630833211002,-0.0215899658203125,0.0076889963176633245,-0.8417749293756321,0.9588995840940707,0.007288353164263144,0.009456260020425471,0.013614467290486173
29.0,9.795754394531249,3.4115939555884887,135.44189453125,112.80750926699939,107.60247386455535,53.38739448743731,-0.0635066556930542,0.03970896642142777,8.659667968752283e-05,0.0,-0.06342005901336668,0.03970896642142777,-0.027817459106445314,0.03966373867416554,-0.01337554931640625,0.008849810570631582,-0.8102075536767948,1.7558811672403174,9.855634765625,3.3077941784898637,135.7421875,113.32754307335428,108.07855701446532,52.56246380846867,-0.08061549186706544,0.03246644428393753,-0.031426464843749974,0.014623693128112961,-0.11204195671081542,0.04442342727684021,-0.07627468109130861,0.04446763339089137,-0.020455017089843756,0.007159111094168966,-0.9882683742852166,0.989548250759819,0.007233894958070048,0.00946454944701577,0.01375464410827351
29.5,9.865736083984373,3.398164944111184,134.320068359375,113.77375574086422,108.88635195016862,53.7060580044296,-0.06292555809020997,0.03880742255164393,8.659667968752283e-05,0.0,-0.06283896141052245,0.03880742255164393,-0.02718902587890626,0.03875289893620744,-0.012884063720703129,0.008050052375169097,-0.5289597944779811,1.5702868291955814,9.926791992187498,3.2923258145882843,134.482421875,114.05486909606387,109.38787588119507,52.837053135103424,-0.0796637725830078,0.02797641944730339,-0.03176520996093748,0.01469452284253381,-0.11142898254394529,0.040573856041220054,-0.07569286346435546,0.04061090014252686,-0.019692535400390624,0.004969096212107639,-1.0207823995665868,1.115847406487337,0.00642946985228628,0.008719541645568023,0.013136397409698075
30.0,9.935156249999999,3.3843557989503936,129.248046875,116.96421395469136,110.16487684249878,54.014863632908565,-0.06079044342041015,0.03909938124817776,8.659667968752283e-05,0.0,-0.06070384674072263,0.03909938124817776,-0.025061416625976565,0.03906490141036185,-0.011602783203125001,0.008599268701837495,-0.48122094783470676,1.553514174715431,9.99736328125,3.2765191595133514,129.296875,117.04874598024054,110.68890190124512,53.106854584475315,-0.08122167587280275,0.031303667009253903,-0.03199958496093747,0.0147050944417011,-0.1132212608337402,0.042726061886871086,-0.07754592895507813,0.04279368875254532,-0.020138549804687506,0.00723227648752455,-0.9688904235413155,1.188485626443871,0.004848808653349268,0.007194970888073587,0.011733471772161795
30.5,10.00004150390625,3.3677795655251703,124.111328125,120.04262286441721,111.34708971977234,54.25009896561474,-0.06255735397338867,0.036358054720147165,8.659667968752283e-05,0.0,-0.06247075729370114,0.036358054720147165,-0.026810359954833985,0.03629658894755629,-0.012312927246093753,0.008030113121890224,-0.254916922473683,1.4246794370599398,10.0633349609375,3.2580569187275947,124.111328125,120.04262286441721,111.88582582473754,53.316552660376445,-0.07605160236358645,0.023649629380391897,-0.032377697753906226,0.01479865309433162,-0.10842930011749267,0.035746910793545424,-0.0726912307739258,0.03573505302099751,-0.01723068237304688,0.004622012527393953,-1.102031538814378,1.6115517772843364,0.00527427998355161,0.0076729608031599165,0.012327538751189334
31.0,10.059877929687499,3.34817508476684,118.92578125,123.03649974859388,112.41789598464966,54.407391875489374,-0.05855225086212158,0.034334535516575754,8.659667968752283e-05,0.0,-0.05846565418243406,0.034334535516575754,-0.022842292785644536,0.03426648924819358,-0.010155639648437503,0.006979653376480287,-0.1135093849022088,1.3592625550423147,10.124208984375,3.2366515447336655,118.92578125,123.03649974859388,112.98144931793213,53.43084800031732,-0.07441467970609665,0.02686214613667596,-0.032614208984374976,0.014769581196621574,-0.10702888869047161,0.03738984298969001,-0.07135997772216798,0.03743314652928679,-0.0161724853515625,0.0076562541601597894,-0.9107103325548124,1.4929225841103593,0.002849795957417552,0.005296839124157616,0.01006083411286006
31.5,10.11520263671875,3.325965937999405,113.740234375,126.03037663277055,113.38344590187073,54.503915665307694,-0.05852402210235596,0.03551310836467077,8.659667968752283e-05,0.0,-0.058437425422668436,0.03551310836467077,-0.02283075332641602,0.03545725584577075,-0.009976501464843749,0.008479352301885085,-0.25055838631583366,1.559843835885241,10.1805712890625,3.2126413287049154,113.740234375,126.03037663277055,113.97209207534789,53.483896185830034,-0.07188207641243934,0.02682042837480852,-0.03298652343749997,0.014818210552791108,-0.10486859984993932,0.03665448914381238,-0.06913904190063476,0.03673871386245937,-0.014662322998046876,0.007286801444860271,-0.7006096117424239,1.4176910965410678,0.0024168532406923047,0.00490897676035691,0.009777333839162829
32.0,10.166015625000002,3.3011521380015836,112.3046875,126.85919000748613,114.2492706298828,54.52764439456524,-0.0590728759765625,0.03626939037357073,8.659667968752283e-05,0.0,-0.05898627929687497,0.036269390373570735,-0.023406066894531244,0.03624526822180604,-0.010104980468749997,0.008235945303950686,-0.12873722956731187,1.661101630938077,10.232421875,3.186026270641345,112.3046875,126.85919000748613,114.85639495849611,53.47554901630878,-0.0747090721130371,0.02655151864554385,-0.033265454101562474,0.014812924753207462,-0.10797452621459958,0.03695178275580745,-0.07216461181640624,0.03702205962783434,-0.015842285156249993,0.00669946564422392,-0.5847111059513381,1.5801704351650825,0.0023048659441699936,0.004838801605988806,0.0098064857639319
32.5,10.21539306640625,3.2755096672094433,112.3046875,126.85919000748613,115.08914589881897,54.52076295122631,-0.05571309924125673,0.034666300253982686,8.659667968752283e-05,0.0,-0.05562650256156921,0.034666300253982686,-0.02003898620605472,0.03461899854665518,-0.008293914794921892,0.007598425572175831,-0.0020682950675659506,1.506505180548381,10.2828369140625,3.158582399203058,112.1337890625,126.56318523080199,115.7176423072815,53.431613284988295,-0.07186622582376007,0.02629503930288524,-0.03348884277343748,0.014800238834206714,-0.10535506859719755,0.03620230725257638,-0.06958484649658209,0.03627676829196846,-0.014222717285156271,0.007059546824553507,-0.48731912821878387,1.6342761925101676,0.00027384626989056075,0.0028448107733476027,0.007903957510697246
33.0,10.264770507812498,3.2498673161601754,107.50000000000006,129.63317762898313,115.93298845291136,54.511060801414885,-0.055778777599334674,0.03607007352483997,8.659667968752283e-05,0.0,-0.05569218091964715,0.03607007352483997,-0.020100402832031208,0.03598788301144452,-0.00819763183593748,0.008288275487176646,0.017256658949775155,1.3622034953841469,10.333251953125,3.1311385277647723,107.04101562500006,128.8381933716029,116.58726673126219,53.377238099490086,-0.06871467694640158,0.025895636858194068,-0.033704907226562476,0.014800238834206713,-0.10241958417296405,0.03546256148952253,-0.06669921874999998,0.03552787445969839,-0.012457885742187492,0.007184318766222457,-0.4766472236259793,1.4048187732118242,-3.309692550794441e-05,0.0025725070445834705,0.007719664166822975
33.5,10.31069091796875,3.222229244067031,102.26806640624997,132.546742826947,116.69689255714415,54.449185067921896,-0.058713837265968356,0.03809195196957749,8.659667968752283e-05,0.0,-0.05862724058628083,0.03809195196957749,-0.02304420471191409,0.03802001736943815,-0.009540100097656264,0.008884414704286435,-0.042445220591581484,1.3502969215567076,10.380209960937501,3.1016987384037016,101.56738281249997,131.3330907750835,117.37433439254761,53.27519874482633,-0.0697818160802126,0.024167605258388854,-0.033920971679687474,0.014800238834206711,-0.10370278775990006,0.03479957503490439,-0.06796634674072266,0.03479440579103487,-0.012817993164062505,0.005704595852964374,-0.6358310726139043,1.3350198860239675,0.001113042809637978,0.0037498316916638897,0.008979560621222578
34.0,10.350751953125,3.1912085249761133,104.13085937500004,131.1051646777108,117.32576183319091,54.294751879750315,-0.0541958725452423,0.0331830961826363,8.659667968752283e-05,0.0,-0.05410927586555478,0.0331830961826363,-0.018502960205078127,0.03310322314462683,-0.007172851562499999,0.007706373756077066,-0.19846313761109105,1.4231195887281674,10.42125,3.068977524661104,103.35937500000004,129.76849409832445,118.02270080566406,53.086907959021474,-0.06752835303545,0.022970904611102124,-0.03410773925781248,0.014774866996205217,-0.10163609229326248,0.033523032348356616,-0.06630851745605473,0.03304996114274759,-0.011558227539062509,0.0061907084640410726,-0.8903563884032613,1.5074366399013044,-0.0014290047961060363,0.0012339974035873134,0.006538019209606156
34.5,10.394182128906248,3.162133049260016,94.62646484375,135.9554113886975,118.04418730735779,54.17668309619152,-0.05464412659406662,0.032759893532999546,8.659667968752283e-05,0.0,-0.054557529914379094,0.032759893532999546,-0.018958511352539068,0.03266950562988061,-0.007306976318359377,0.006737215246313791,-0.46777133897190426,1.3632817073558694,10.465429687499999,3.0385989772939777,94.130859375,135.0965800786389,118.76447662353516,52.92837255784908,-0.06500090055167676,0.02347112646383453,-0.03419166259765623,0.014656993665489927,-0.09919256314933299,0.0325263422411158,-0.06579309463500978,0.030468566022251894,-0.01009414672851563,0.008534872487619284,-1.0605628451545253,1.6775052504731252,-0.0014512480528801608,0.0012336761691077915,0.006604920970296084
35.0,10.4280029296875,3.1275099828082027,99.5361328125,132.48372166883385,118.52853441238403,53.92347140505183,-0.053615060448646557,0.0397630944731488,8.659667968752283e-05,0.0,-0.05352846376895903,0.03976309447314879,-0.017962646484375008,0.03966434692778987,-0.006715393066406252,0.010025992731391903,-0.4950018751593419,1.2198984200110308,10.5,3.002672454683858,99.31640625,132.10270319446224,119.27217407226561,52.63469194724187,-0.0641889400780201,0.021019417455688104,-0.03442573242187497,0.01462580744794642,-0.09861467249989508,0.029898481757498725,-0.0669668197631836,0.026807848486864252,-0.009580993652343751,0.0077732134012766475,-0.8666903266817789,1.5100632859096295,-0.0021885860528221383,0.0005156469886732681,0.00595011475410226
35.5,10.466601562499998,3.0959082543064222,94.775390625,134.85982717279785,119.13832763671877,53.73065596081265,-0.050835318565368666,0.03546398723984851,8.659667968752283e-05,0.0,-0.05074872188568114,0.03546398723984851,-0.015154266357421887,0.03538865952864194,-0.005257568359375006,0.008275155060264695,-0.6537749105955907,1.1509753438401744,10.539462890624998,2.969570663371238,94.716796875,134.7582889052856,119.900083694458,52.41041586734278,-0.061191210970282565,0.022017921111885306,-0.034506909179687476,0.01450634837735604,-0.09569812014997005,0.02901481489345482,-0.06593633651733398,0.02665423731152946,-0.007946624755859378,0.009503721040125576,-0.584491471866351,1.2556336323469448,-0.0037869355164735705,-0.0010648581192002574,0.004430949846649874
36.0,10.501171875,3.062218783923714,89.53125,137.75216578946228,119.65699951171875,53.47440719029328,-0.04913170337677003,0.034831473397284554,8.659667968752283e-05,0.0,-0.0490451066970825,0.034831473397284554,-0.013467864990234382,0.034787374419511324,-0.004364013671875004,0.009071645972172629,-0.6170455114546998,1.0320060481275535,10.575000000000001,2.9342023211971515,89.296875,137.34621638143832,120.44511474609375,52.10845254093299,-0.05993980407714845,0.02372489581325672,-0.03472541503906248,0.014432347183185005,-0.09466521911621091,0.028890313582987354,-0.06666122436523438,0.025999315002345282,-0.007263183593750001,0.010891322886629055,-0.5226544289044383,1.2201985690408024,-0.004791390864221019,-0.0020581056871845187,0.0034875487189077424
36.5,10.531171875,3.026027362296371,87.890625,138.69938107485152,120.0678623199463,53.14971426747871,-0.048773803710937515,0.03612915718352388,8.659667968752283e-05,0.0,-0.048687207031249985,0.03612915718352388,-0.01310829162597657,0.03605588673188576,-0.0041389465332031285,0.01019877265328436,-0.33720981268895067,0.9761172156605707,10.606025390625,2.896229136988244,87.3681640625,137.79445218613142,120.88262489318849,51.737574281001535,-0.06020156860351562,0.022878518765899167,-0.034866711425781224,0.014306016573135884,-0.09506828002929685,0.027004777092668877,-0.06890795707702636,0.023975843707223048,-0.0073484802246093755,0.011907046041095572,-0.37214034642930094,1.2596096248617241,-0.0051224637129348854,-0.0023793216335928277,0.0032144071763676495
37.0,10.55953125,2.9888889693016343,87.8466796875,138.62329342327385,120.44098434448243,52.79766789800757,-0.048000285625457766,0.03511023800965563,8.659667968752283e-05,0.0,-0.04791368894577024,0.03511023800965563,-0.012322635650634768,0.0350180813768885,-0.00371337890625,0.010346265337191685,-0.12305519797586048,0.9407348798224752,10.63541015625,2.8573087374939465,87.080078125,137.29547270543532,121.27997177124023,51.343507746876575,-0.060638837814331055,0.022458939677635324,-0.034956738281249976,0.01415008548541835,-0.09559557609558102,0.025447283920078712,-0.07131864547729491,0.023857823313716147,-0.007502136230468751,0.012493105085733628,-0.2974574660365768,1.2295460542523318,-0.005637085397818436,-0.002887990213903492,0.002747289072735755
37.5,10.587890625,2.951750783735862,87.70751953125,138.38271766426328,120.81942558288574,52.43664143962841,-0.04808604717254639,0.03311510982948539,8.659667968752283e-05,0.0,-0.047999450492858864,0.03311510982948539,-0.012407064437866211,0.0330436889302077,-0.0037078857421875,0.009699382224454807,0.03418555626502201,0.8766911045576746,10.6646728515625,2.818599769982996,86.7919921875,136.7964932247392,121.68263673782349,50.940392815843104,-0.06129735708236694,0.021476492786377102,-0.03503913574218748,0.014007368896659926,-0.09633649282455445,0.02391503281700466,-0.0723576545715332,0.023400043819821293,-0.007781982421875,0.012614451161859509,-0.3024370242387838,1.3097803546169875,-0.005717366864444566,-0.0029656316783069347,0.0027057217585027826
38.0,10.61625,2.914612813528274,85.908203125,138.78445000020403,121.20547393798829,52.062508561720435,-0.050196533203125,0.03162946926256326,8.659667968752283e-05,0.0,-0.050109936523437475,0.03162946926256326,-0.01451679229736328,0.0315855073147284,-0.0047265625,0.009097009592426732,0.28744855405012104,0.9425485913053474,10.69376953125,2.7801783499693955,84.98046875,137.17707079476168,122.09250892639162,50.5249574127776,-0.06173076629638672,0.019387141948137836,-0.03515876464843748,0.013910110184320854,-0.09688953094482419,0.02204057652592393,-0.07103729248046874,0.021686381627507828,-0.007969970703124999,0.012351861714859405,-0.2275060551427739,1.4616500054653139,-0.0047623033016880294,-0.0020105659993968662,0.003692592976864067
38.5,10.643759765625001,2.876984574367073,81.29638671875,140.8099742168473,121.57067779541016,51.67634234864601,-0.05067587971687317,0.03022522481006317,8.659667968752283e-05,0.0,-0.05058928303718564,0.030225224810063175,-0.014974603652954102,0.030171701653981284,-0.004966888427734377,0.00953229500633932,0.46837368767301496,1.100878298549697,10.722016601562501,2.7412664077544324,80.3564453125,139.18144599687994,122.48153661727906,50.09748743336503,-0.059505302906036374,0.025379831347008292,-0.03536628417968747,0.013863595147984777,-0.09487158708572384,0.026680305046635832,-0.06708776473999023,0.028654224078725928,-0.006781768798828123,0.013965932816107706,-0.12083591558994805,1.3939320253879317,-0.00457461425880561,-0.0018254551398587757,0.0039053113705002996
39.0,10.6668212890625,2.837045356319179,81.0205078125,140.3321528105717,121.83403860092163,51.22029862273604,-0.05262556701898575,0.03554079196230891,8.659667968752283e-05,0.0,-0.052538970339298226,0.03554079196230891,-0.016930541992187506,0.03546895413087928,-0.005891723632812502,0.010545425933615538,0.4705298363745771,1.0369028264425042,10.74591796875,2.6998680254153227,80.05859375,138.6655519575162,122.76429428100585,49.60773679356073,-0.05473975658416748,0.027017382495529953,-0.035438916015624974,0.013737793117894017,-0.09017867259979247,0.02674010839311752,-0.06061412811279297,0.03215284184102672,-0.004317321777343751,0.01557100952785112,-0.2535285149420834,1.3190004774775963,-0.0036889909705276856,-0.0009454943592179122,0.004807709363359795
39.5,10.68979736328125,2.7972549979918027,80.74462890625,139.85433167642427,122.10107272148133,50.75787828560454,-0.054404449611902245,0.02910741985150287,8.659667968752283e-05,0.0,-0.05431785293221472,0.02910741985150287,-0.018674049377441406,0.02903996793098204,-0.006752014160156252,0.008731106232404638,0.5206540692380626,0.6915973091208177,10.769541015625,2.6589517079982414,79.482421875,137.66759299612394,123.05847503662109,49.09820077822614,-0.05554985761642456,0.02792133184920808,-0.035528942871093726,0.013581862030176483,-0.09107880048751829,0.028198980883054506,-0.06152902603149414,0.03268394318354792,-0.004740447998046876,0.014864139969910425,0.02249088598576615,1.4227702008011893,-0.0028495962753590405,-0.00011586455273883411,0.005652669530271208
40.0,10.712695312500001,2.757601956983934,80.46875,139.37651081720378,122.37146530151368,50.2895939179515,-0.051713699102401735,0.03178826536055319,8.659667968752283e-05,0.0,-0.05162710242271422,0.03178826536055318,-0.01603584289550781,0.03172811862430295,-0.005322265624999997,0.009998266546686925,0.5296613786604045,0.8079442683463739,10.7931640625,2.61803539058116,78.90625,136.66963403473173,123.35265579223633,48.588664762891554,-0.051822948455810536,0.024144660112708806,-0.03561896972656248,0.013425930942458949,-0.08744191818237301,0.023622035656423106,-0.0578723907470703,0.028937828285004602,-0.0028930664062499943,0.014621328064093012,0.5027575370592973,1.3231156009247034,-0.004289830319299257,-0.0015682574194311738,0.004211598829346911
40.5,10.7355517578125,2.7180200718494003,80.1513671875,138.82706495233458,122.64356132507324,49.81838720162276,-0.05278197437524797,0.029969347886004655,8.659667968752283e-05,0.0,-0.05269537769556046,0.029969347886004655,-0.017641868591308625,0.030046162011813357,-0.005821990966796882,0.0084528194083484,0.4493039360135347,0.8588286458261025,10.816787109375,2.577119073164079,78.330078125,135.6716750733395,123.64683654785156,48.07912874755696,-0.05478129982948305,0.023829681955221848,-0.03570899658203123,0.013269999854741414,-0.09049029641151426,0.024611358741512074,-0.06093164443969728,0.028443373231459596,-0.004379119873046883,0.013650196244042553,0.6617984015902721,1.3155304595136554,-0.0037988297988608265,-0.001089959271873978,0.004700610574023952
41.0,10.758310546875,2.678605150497698,79.736328125,138.10947210103694,122.91966545104981,49.34030682945534,-0.0534264475107193,0.029821358557953204,8.659667968752283e-05,0.0,-0.05333985083103177,0.029821358557953207,-0.020064086914062522,0.031185012339996203,-0.006087951660156254,0.008356424946396282,0.5038647773938314,0.9119815134337879,10.8400390625,2.536845508976369,77.939453125,134.99509272663292,123.9457893371582,47.56132732741343,-0.0546718668937683,0.022482770229586436,-0.03578742675781248,0.013134154805441728,-0.09045929365158077,0.022903701311133003,-0.062101402282714845,0.025924772415067347,-0.004340209960937495,0.013269731280908156,0.610654248502151,1.293169729205236,-0.0035244220451031948,-0.0008320634300070379,0.004962538841637108
41.5,10.7809521484375,2.6393962678361813,79.2041015625,137.18792257048364,123.20057929992676,48.85382188546891,-0.054028204679489135,0.030701555869279158,8.659667968752283e-05,0.0,-0.05394160799980161,0.030701555869279158,-0.022446403503417985,0.034220870230045046,-0.0063395690917968745,0.009267817132147051,0.5603557311015763,1.0221158737178757,10.8630859375,2.49692715052068,77.6513671875,134.49611324593678,124.24737930297852,47.038958183559686,-0.05402005672454834,0.026457929304674055,-0.03585944824218748,0.013009409935267703,-0.08987950496673583,0.02596395593490101,-0.06335260391235353,0.028778839724367476,-0.004048156738281254,0.014670548342356942,0.47569043708570125,1.2141496830124145,-0.003252282884463137,-0.0005791353623513188,0.005214811591285278
42.0,10.80357421875,2.6002219935059556,78.65234375,136.23232525616726,123.48229476928711,48.36593698490181,-0.056068999767303465,0.02871689110223602,8.659667968752283e-05,0.0,-0.05598240308761594,0.02871689110223602,-0.0262670135498047,0.03533779183842052,-0.0073284912109375005,0.009200540901142045,0.49183736592183513,1.1115121795374054,10.886132812500001,2.4570087920649915,77.36328125,133.99713376524068,124.54896926879883,46.51658903970594,-0.05684592723846436,0.030402580473075678,-0.035931469726562484,0.012884665065093674,-0.09277739696502683,0.0301002074243463,-0.06808349609375,0.032750347226439304,-0.0054809570312500016,0.01524316172416787,0.35893722569747616,1.342836822460298,-0.0022385379327474995,0.00041436865040949886,0.006206024657235999
42.5,10.8259765625,2.5614227784739967,78.21044921875,135.4658467290773,123.7668357849121,47.87321040338739,-0.05770998001098633,0.023250922534207016,8.659667968752283e-05,0.0,-0.05762338333129881,0.023250922534207016,-0.026875829696655258,0.028110946800448,-0.008089447021484375,0.007805876270883032,0.3518546933616502,1.1087696545229315,10.9091064453125,2.4172172927993096,77.001953125,133.3712950945371,124.85319452285768,45.98965544273048,-0.059380407631397306,0.029441452990356443,-0.03600806884765623,0.01275199149554418,-0.09538847647905352,0.029141069944240407,-0.072095537185669,0.03276544969987382,-0.00670547485351565,0.014787236328616714,0.31861614236186264,1.4382258090360587,-0.0014429275696661477,0.001187543123275011,0.006973089798942192
43.0,10.8482421875,2.522860952361174,77.8369140625,134.81814383346233,124.05313491821289,47.37743887739269,-0.05597884774208067,0.024355207954097905,8.659667968752283e-05,0.0,-0.05589225106239316,0.0243552079540979,-0.02338861465454099,0.02601373774064215,-0.007129211425781245,0.008307144009639156,0.33047193691724525,1.0256645157212907,10.931865234375,2.3777979138243164,76.42578125,132.37333613314485,125.16514995574951,45.449332783264666,-0.054815209507942254,0.029480354290963948,-0.03609809570312498,0.012596060407826643,-0.09091330521106723,0.027235491539202107,-0.06763845443725591,0.034051092638979055,-0.004331359863281276,0.016466173565718174,0.28589315347737476,1.4636697759375137,-0.002356606609300139,0.00024880912931547067,0.006023605004110859
43.5,10.870312499999999,2.484642803225273,77.56103515625,134.34032522868802,124.34194564819336,46.87727399886302,-0.055187016129493706,0.0261634607981868,8.659667968752283e-05,0.0,-0.05510041944980618,0.0261634607981868,-0.020825700759887673,0.026135157290225537,-0.006660308837890622,0.0069608896662050985,0.35235353838869243,1.0077797071936982,10.9546240234375,2.338378534849324,75.849609375,131.37537717175263,125.47710538864135,44.90901012379884,-0.04915605455636983,0.033269261968161316,-0.03618812255859373,0.012440129320109105,-0.08534417711496356,0.029271317621956134,-0.062022466659545944,0.03866226702225372,-0.0015315246582031502,0.01891779735070762,0.050343866948486915,1.332800390491524,-0.00277605111550047,-0.00019637670826860333,0.005566560791373509
44.0,10.89234375,2.446491545075714,77.24609375,133.7951227527989,124.63216186523438,46.3747042841087,-0.05738451480865476,0.019047274358468827,8.659667968752283e-05,0.0,-0.057297918128967236,0.019047274358468827,-0.021702575683593732,0.018991580621457217,-0.00767822265624999,0.005497365472282955,0.34433218149038697,1.139999808621552,10.9773828125,2.298959155874331,75.2734375,130.37741821036042,125.78906082153321,44.36868746433302,-0.05528377532958981,0.03312463729757862,-0.036278149414062474,0.012284198232391573,-0.0915619247436523,0.029913224280775808,-0.06829002380371091,0.03815974392896306,-0.004693603515624982,0.018387204728067,0.02744732481061976,1.1291997981590491,-0.0016992417973314272,0.0008526224694471885,0.006600017289411089
44.5,10.914274902343749,2.4085110684425697,76.8310546875,133.07764124337282,124.92597964286804,45.86597324281094,-0.052569400072097816,0.022080037413213193,8.659667968752283e-05,0.0,-0.05248280339241029,0.022080037413213193,-0.016868610382080117,0.02207098044887425,-0.00515075683593752,0.007708951945655844,0.3007135635767192,1.1141140531417113,10.999643554687502,2.260402419391389,74.697265625,129.37945924896817,126.10587415695191,43.81995067087247,-0.056057161092758184,0.03285667722827993,-0.036368176269531226,0.012128267144674038,-0.0924253373622894,0.029439622451702438,-0.06913637161254882,0.038138783567918146,-0.005072479248046878,0.018113617312677667,0.010974234912226821,0.9091031669127971,-0.0041584769432870435,-0.0016364522034605748,0.004091747042800973
45.0,10.936108398437499,2.370702749752933,76.318359375,132.19019785623757,125.22331113815308,45.35109132557853,-0.05461714267730709,0.02213643098623437,8.659667968752283e-05,0.0,-0.05453054599761958,0.02213643098623437,-0.01892185211181638,0.022133367467028355,-0.0061203002929687365,0.006011271751682854,0.3483787838951292,1.111797091082928,11.021826171874999,2.2219809993777884,74.12109375,128.38150028757596,126.42344951629639,43.269894013255886,-0.05837121009826659,0.032125982939282,-0.03645820312499998,0.011972336056956502,-0.09482941322326657,0.028865448011659058,-0.07151203155517577,0.0374635313605017,-0.006219482421874993,0.017597133107935314,0.14887811976435056,0.8734899554197909,-0.0031115130045259506,-0.0006213061324533715,0.0050840918068201825
45.5,10.957902832031248,2.3329635689130943,75.7666015625,131.2346123349069,125.52204812049865,44.833748940116905,-0.05802703261375426,0.01902664606080918,8.659667968752283e-05,0.0,-0.05794043593406674,0.01902664606080918,-0.02234060287475585,0.018974374029207854,-0.00776657104492187,0.006055400466087921,0.38074697925771606,1.11202630504741,11.0440087890625,2.1835595793641875,73.544921875,127.38354132618375,126.74102487564087,42.7198373556393,-0.05787195801734926,0.029657867535023977,-0.03654822998046873,0.011816404969238968,-0.094420187997818,0.02561347766134459,-0.071086483001709,0.03576558630920987,-0.005975341796875009,0.01718786535091497,0.4604506770491862,1.1217086790173654,-0.0013788498389837832,0.0010776259293227217,0.006756693213684795
46.0,10.979482421875002,2.2955902513864683,75.21484375,130.27902882257047,125.82288066864014,44.31282597409419,-0.059386234283447276,0.01763248697292522,8.659667968752283e-05,0.0,-0.05929963760375975,0.01763248697292522,-0.023707427978515633,0.0175710500194888,-0.008375854492187505,0.008384596641893902,0.3658068819201727,1.0094121010659856,11.06591796875,2.1456117669932815,72.96875,126.38558236479152,127.0607738494873,42.16601588726926,-0.0550225353240967,0.03151044477384225,-0.03663825683593748,0.011660473881521432,-0.09166079216003419,0.026592398061789282,-0.06833084106445314,0.038133796126109946,-0.00455627441406251,0.018368132987972904,0.5977212688028138,1.1985804162610039,-0.0006806499873299992,0.0017415647225819692,0.007393304333947237
46.5,11.000959472656252,2.2583938798258827,74.6630859375,129.32344736376228,126.1247133731842,43.79018148804325,-0.059526219367980956,0.017828968604898625,8.659667968752283e-05,0.0,-0.05943962268829344,0.017828968604898625,-0.0238552474975586,0.017801589779564267,-0.008386535644531252,0.009195285242659333,0.32630867057748414,0.8957672037245451,11.0875244140625,2.1081883059410735,72.392578125,125.38762340339929,127.38292932510376,41.60802623556505,-0.05545645803213118,0.03436688873606092,-0.036728283691406224,0.011504542793803899,-0.09218474172353741,0.02951695012700891,-0.06887081146240233,0.04091347616877421,-0.004780426025390614,0.019267218233446085,0.4497010557801633,0.9343925940913852,-0.0005809730884158287,0.0018069728629682476,0.00743134898031225
47.0,11.0222021484375,2.221610918573169,74.111328125,128.3678680043422,126.42883214950562,43.26352976847855,-0.0603569221496582,0.017099581661998365,8.659667968752283e-05,0.0,-0.06027032546997068,0.017099581661998365,-0.024691390991210937,0.017071474906315855,-0.0087298583984375,0.008811122569355848,0.26779530487417125,0.9007040490284814,11.109130859375,2.070764844888865,71.81640625,124.38966444200706,127.70508480072021,41.05003658386083,-0.059706341624259966,0.031137586808714132,-0.036818310546874976,0.011348611706086361,-0.09652465217113494,0.026199199564271216,-0.07323020935058595,0.038066987274563646,-0.006918945312500009,0.01820656240531122,0.3458057750355166,0.867264174722681,-0.00014057791910313845,0.0022113971729050223,0.007805222512233761
47.5,11.04337158203125,2.184952825891126,73.5595703125,127.4122907915459,126.73353314399719,42.73588671840891,-0.06227288246154786,0.019228562308466486,8.659667968752283e-05,0.0,-0.062186285781860334,0.019228562308466486,-0.026601886749267584,0.019215291693041085,-0.009566497802734377,0.008912470436295858,-0.10766338357280963,1.2178961299809015,11.1306884765625,2.0334259566299955,71.240234375,123.39170548061485,128.02754259109497,40.491523307635354,-0.056222513318061815,0.03292652239588679,-0.03690833740234373,0.011192680618368828,-0.09313085072040554,0.027012953892249066,-0.06986970901489258,0.040519286483551006,-0.005157470703124993,0.019948665519349987,0.43783299017063637,0.7805003642393175,0.0008017446803618156,0.003115947770900653,0.008675817513380014
48.0,11.0643359375,2.1486434073913854,73.0078125,126.45671577403657,127.03986434936523,42.20546437778938,-0.061085777282714845,0.01628762509732656,8.659667968752283e-05,0.0,-0.06099918060302732,0.01628762509732656,-0.025392608642578127,0.01624345562744351,-0.008895263671875002,0.009822939036692081,-0.4732059932255359,1.3107541496584798,11.15171875,1.9970004545391793,70.6640625,122.39374651922262,128.35326538085937,39.92735488658033,-0.060479974746704086,0.03360576468444184,-0.03699836425781248,0.011036749530651294,-0.09747833900451658,0.02884180574630251,-0.07418762207031249,0.04058448950008296,-0.007318115234374996,0.019255784452172457,0.39655494245337813,0.593929475874111,0.00023275415473902883,0.0025099597047713584,0.008037206414885681
48.5,11.08514404296875,2.112609896785077,72.4560546875,125.50114300195946,127.34743762016296,41.67286559850271,-0.05982000291347504,0.012033340379060503,8.659667968752283e-05,0.0,-0.05973340623378752,0.012033340379060503,-0.024140758514404302,0.011963780364560934,-0.008190460205078128,0.0109456043860948,-0.37686416874954554,1.2936853303683604,11.1727490234375,1.9605749524483629,70.087890625,121.39578755783039,128.67898817062377,39.36318646552531,-0.0621208256483078,0.02855002265559473,-0.03708839111328123,0.010880818442933756,-0.099209216761589,0.023242620813275595,-0.07588811874389648,0.0363669235653807,-0.008112030029296873,0.017451458048995682,0.43116625094468924,0.9906581085222386,-0.00035419332948479626,0.0018827381519197321,0.00737119390506143
49.0,11.1058349609375,2.076783625710382,71.904296875,124.54557252699865,127.65594244003296,41.13863395730946,-0.05832132935523987,0.017441282544424733,8.659667968752283e-05,0.0,-0.05823473267555235,0.017441282544424733,-0.022671623229980474,0.01743819622508415,-0.007365722656250002,0.010672241400129935,-0.48265008103874646,1.2385001715089916,11.193779296875,1.9241494503575467,69.51171875,120.39782859643817,129.0047109603882,38.79901804447029,-0.05983361244201661,0.03365798584368917,-0.037178417968749974,0.010724887355216223,-0.0970120304107666,0.02883428494741566,-0.07367748260498047,0.040985495332411026,-0.006969909667968752,0.018623793133954958,0.18604162967566168,1.1736933740953088,-0.0010698781146063138,0.0011287144351928551,0.006581813272283928
49.5,11.12631591796875,2.0413140131890257,71.3525390625,123.5900044024365,127.96574721336364,40.60218937231313,-0.05563124179840088,0.01860367910270104,8.659667968752283e-05,0.0,-0.055544645118713355,0.01860367910270104,-0.019969234466552736,0.018589279965504135,-0.005927276611328126,0.010328275703563887,-0.5268255202642422,1.360109679800132,11.2144091796875,1.8884174451721045,68.7353515625,119.05312118235882,129.33222768783568,38.23174243220251,-0.05717615753412247,0.0317695998631227,-0.037268444824218726,0.010568956267498689,-0.09444460235834119,0.026655968162081125,-0.07116124153137207,0.03955022810330869,-0.005643157958984376,0.018050907048279472,-0.15413155366768924,1.0920865447049486,-0.002391748447730371,-0.00023304004306030392,0.005181713010696411
50.0,11.146728515625,2.0059605083581222,70.80078125,122.63443868321599,128.27597522735596,40.06502915720094,-0.05311453342437744,0.015626019800864442,8.659667968752283e-05,0.0,-0.05302793674468992,0.015626019800864442,-0.017408370971679688,0.015602123824770161,-0.004608154296875,0.010815241964876746,-0.3884055397727345,1.530483533570801,11.23486328125,1.8529899020426808,67.87109375,117.55618274027049,129.66053199768066,37.663102687207186,-0.05565592646598816,0.03033283537846859,-0.03735847167968748,0.010413025179781153,-0.09301439814567564,0.02553297095071508,-0.06975650787353516,0.03813302995271753,-0.0048828125,0.017052091043509774,-0.4887080692744777,1.0001683708286317,-0.0035861520727675164,-0.0014689886883800726,0.0039041775308099637
50.5,11.16686767578125,1.9710905426867167,70.2490234375,121.6788754260058,128.58789620399475,39.524895669252395,-0.053120437860488895,0.016545701580414254,8.659667968752283e-05,0.0,-0.05303384118080137,0.016545701580414254,-0.017423267364501952,0.01651024693574992,-0.0046038818359374995,0.011180697722013237,-0.2049305166675791,1.4935886176017437,11.2553173828125,1.8175623589132566,67.0068359375,116.05924429818215,129.98883630752564,37.09446294221186,-0.05349832057952881,0.02943885349904683,-0.03744849853515623,0.010257094092063618,-0.09094681911468504,0.024915504509137983,-0.06767031669616698,0.037271423480241477,-0.003805236816406249,0.016447338692417067,-0.876252145478223,0.9675401174913749,-0.0034637681429358063,-0.0013884781163155582,0.003942296586373471
51.0,11.186938476562501,1.9363368966998806,69.6630859375,120.6646994255646,128.90012346267702,38.984244964120265,-0.05374823629856108,0.02094857626646585,8.659667968752283e-05,0.0,-0.05366163961887356,0.02094857626646585,-0.018088378906249987,0.02092011940209064,-0.0049087524414062455,0.010750680717377708,-0.09442416104402995,1.4240542357478547,11.275507812499999,1.78259150886786,66.23046875,114.71453688410278,130.31615356445312,36.52753282301937,-0.05203638076782227,0.027664263741493823,-0.03753852539062498,0.010101163004346084,-0.08957490615844727,0.022810408830606175,-0.06628732681274414,0.03603641730706318,-0.0030868530273437523,0.016217723526265975,-1.217332319779838,1.0792174995253785,-0.0030330240517087072,-0.0009993537303263599,0.004289294082102443
51.5,11.20679931640625,1.9019392387790472,68.97216796875,119.47095557014676,129.21329144477843,38.44199798839778,-0.0519423970580101,0.018745837441283643,8.659667968752283e-05,0.0,-0.05185580037832256,0.01874583744128364,-0.016251449584960925,0.018754126144280632,-0.003960266113281243,0.011358172731351975,-0.09880279327606017,1.4581961303602309,11.29509765625,1.7486609041805243,65.654296875,113.71657792271057,130.6412225341797,35.96449685148889,-0.054319770634174334,0.03233802152105623,-0.037628552246093724,0.00994523191662855,-0.09194832288026805,0.027923725592767464,-0.068674898147583,0.04019570754355297,-0.004261169433593745,0.017213670343386042,-1.2269240159254866,1.212871306096909,-0.0038562471244613077,-0.0018639812635412624,0.003382737151432491
52.0,11.226542968750001,1.8677491349974091,68.22265625,118.17492686366852,129.52698448181152,37.898832376299026,-0.049400463104248046,0.023735677552108005,8.659667968752283e-05,0.0,-0.049313866424560523,0.023735677552108005,-0.013742675781250002,0.023687069748378052,-0.0027160644531250013,0.012328172765815736,-0.09038609502476916,1.2544776144331922,11.3146875,1.7147302994931881,65.078125,112.71861896131834,130.96629150390626,35.401460879958414,-0.04808805465698242,0.035786474890000246,-0.037718579101562476,0.009789300828911014,-0.0858066337585449,0.029969442541282802,-0.0625335693359375,0.04479031447422908,-0.001168212890625001,0.020261866882088666,-1.129675378332601,1.0392673973621482,-0.004973018594168245,-0.0030225322996678475,0.002181360803291077
52.5,11.24613037109375,1.833836046381423,67.39501953125,116.74173067589776,129.8413775920868,37.35443857054172,-0.054302680492401126,0.02421322468461647,8.659667968752283e-05,0.0,-0.0542160838127136,0.02421322468461647,-0.018635559082031253,0.02420729618179919,-0.0051803588867187535,0.011753589875459833,0.10472188740621696,1.2831283508482059,11.33427734375,1.6807996948058526,64.501953125,111.72065999992611,131.2913604736328,34.83842490842794,-0.04877470284700394,0.03441608029814818,-0.03780860595703123,0.009633369741193477,-0.08658330880403516,0.027681630433915416,-0.06329035758972168,0.04438084154483827,-0.0015823364257812516,0.02049898519590114,-0.897599155808386,1.1082816667886786,-0.00237449462764849,-0.0004671411833409578,0.004691203578251398
53.0,11.265410156249999,1.8004437708063328,66.669921875,115.48355565111414,130.154619140625,36.81200755069698,-0.05039625167846677,0.020378166495437715,8.659667968752283e-05,0.0,-0.05030965499877926,0.02037816649543772,-0.014717750549316386,0.02031616741405517,-0.0032208251953124893,0.012541167106361122,0.059359890597684255,1.035719265902593,11.35333984375,1.6477824762865712,63.92578125,110.7227010385339,131.61678787231446,34.274768119736365,-0.0455286344885826,0.03550703626125277,-0.03789863281249998,0.009477438653475941,-0.08342726730108256,0.028666424140608156,-0.06011524200439452,0.04574999633275119,-2.716064453124438e-05,0.02119407272922446,-0.7156912708060136,1.5839236833223378,-0.0042004024733862805,-0.002335950267401089,0.0027770321905181998
53.5,11.284580078125,1.7672373890061883,65.9814453125,114.28835635664962,130.46744941711427,36.2702792524095,-0.0515190351009369,0.028309466024723087,8.659667968752283e-05,0.0,-0.05143243842124938,0.028309466024723087,-0.015847835540771488,0.028275188034614235,-0.0038345336914062528,0.013612848090938628,0.18119723091036877,0.590230724677523,11.372353515625,1.6148498305606278,63.349609375,109.72474207714167,131.9422484588623,33.71105384797432,-0.0431027315557003,0.03410850136525378,-0.03798865966796873,0.009321507565758409,-0.08109139122366903,0.02680485176719792,-0.057806224822998034,0.04495157704759119,0.0010740661621093791,0.021023263504196237,-0.8533854806895643,1.7279747868541024,-0.003453661321527954,-0.0016318826765559999,0.0034359202339876264
54.0,11.3033984375,1.7346542176531259,65.41015625,113.29862306167229,130.77896362304688,35.7308773705351,-0.04944489002227783,0.027772707491206514,8.659667968752283e-05,0.0,-0.0493582933425903,0.027772707491206514,-0.013810653686523428,0.027743494638137477,-0.0027795410156249943,0.01394348041670511,0.24110024903481708,0.6067277416288913,11.391367187500002,1.581917184834684,62.7734375,108.72678311574944,132.26770904541016,33.147339576212275,-0.04325175285339356,0.031679001791001235,-0.038078686523437474,0.009165576478040872,-0.08133043937683104,0.024092658598117888,-0.05805488586425782,0.04304626477115069,0.0008862304687499963,0.020533077553476057,-0.8911452926955936,1.608434982604576,-0.004376204512062828,-0.0025968755108887343,0.00242592747893063
54.5,11.3220947265625,1.7022826792322128,64.8583984375,112.34308436253578,131.0903016281128,35.19179511980113,-0.0500836718082428,0.025688992386750677,8.659667968752283e-05,0.0,-0.04999707512855528,0.025688992386750677,-0.014425010681152347,0.025663339316924366,-0.0031019592285156257,0.013294812926719846,0.024110842973753183,0.7359226352550298,11.410078124999998,1.5495088904274386,61.89453124999999,107.2044728356596,132.59290710449218,32.58408001535941,-0.04508730649948121,0.03177886369631794,-0.038168713378906226,0.009009645390323336,-0.08325601987838745,0.024414383666669603,-0.05998550415039063,0.04322547495904081,-0.000148162841796876,0.020225131876208727,-0.7407320462740397,1.09507172189913,-0.003921842966385538,-0.0021847573305171317,0.0027931956755617472
55.0,11.340576171875,1.6702743647248137,64.306640625,111.3875488164703,131.40178565979005,34.65247131753601,-0.052830028533935564,0.027596737358472845,8.659667968752283e-05,0.0,-0.052743431854248034,0.027596737358472838,-0.01712608337402345,0.02758449467871463,-0.004507446289062507,0.012729426911672871,-0.09429860504079751,0.6914837588149471,11.428515625,1.5175742036628872,60.74218749999999,105.20855491287514,132.9178680419922,32.021231161134196,-0.04637441635131838,0.03360212968279703,-0.03825874023437498,0.008853714302605802,-0.08463315658569336,0.026317451437323877,-0.06136016845703127,0.04519518722729686,-0.0008941650390625073,0.020921948612630623,-0.7129055636745982,0.4719235441621357,-0.0023847463626293242,-0.0006897360380615242,0.004243449852062991
55.5,11.3589794921875,1.638404866697012,63.7548828125,110.43201650532362,131.71332279205322,34.113060434393134,-0.05221721589565278,0.027849349077169808,8.659667968752283e-05,0.0,-0.05213061921596526,0.027849349077169808,-0.016534690856933598,0.02784352815711633,-0.004199371337890629,0.013305511409863774,0.0788833155776548,0.7575304015013433,11.446953125,1.4856395168983358,59.58984374999999,103.2126369900907,133.24282897949217,31.458382306908984,-0.04436901807785041,0.03587295643720604,-0.03834876708984373,0.008697783214888268,-0.08271778516769414,0.02820808459950477,-0.059429321289062566,0.048021397827894156,3.4790039062465757e-05,0.02311164152767364,-0.910966424119493,0.4854229508033909,-0.002561341522547257,-0.0009082835118744484,0.00398013863957059
56.0,11.3771875,1.606882543557264,63.203125,109.47648751380076,132.02499267578125,33.57342178496792,-0.05247654914855956,0.024628581461597767,8.659667968752283e-05,0.0,-0.052389952468872035,0.024628581461597767,-0.016791229248046862,0.024630955989236952,-0.004315185546874993,0.013977581430548352,-0.04401218085299443,0.6420700420657146,11.465234375000001,1.4539754630724677,58.59375,101.48735200598891,133.56617126464843,30.898337040782934,-0.038065185546875005,0.04021382734566814,-0.03843879394531248,0.008541852127170731,-0.07650397949218747,0.03228749187286296,-0.053232040405273434,0.05281616994643396,0.0030847167968750004,0.025329674645707057,-0.8491370283362352,0.5500068731376667,-0.002314142510019962,-0.0007029222966458831,0.004140726351677055
56.5,11.3951953125,1.5756983349025748,62.451171875,108.17905684415612,132.33648895263673,33.03408433907448,-0.05437673509120946,0.025870604984807997,8.659667968752283e-05,0.0,-0.05429013841152193,0.025870604984807997,-0.01868825912475591,0.025868065668216488,-0.005286712646484398,0.014146778936260856,-0.12188838078424931,0.9421476478441481,11.482519531249999,1.4240366942307012,58.59375,101.48735200598891,133.8791946411133,30.35616464878906,-0.03541375160217283,0.03947143730123379,-0.038528820800781224,0.008385921039453195,-0.07394257240295406,0.031773398691874004,-0.050648183822631816,0.05213562160734109,0.004218444824218763,0.024212457614293786,-0.651829503910803,0.7469151077256727,-0.0012115040747065434,0.00035802918932297326,0.005156965644466186
57.0,11.413125,1.5446460345562385,61.62109375,106.750942753151,132.64791748046875,32.494868725194785,-0.04668312907218937,0.03373200640173599,8.659667968752283e-05,0.0,-0.04659653239250186,0.03373200640173599,-0.011038475036621137,0.03374780545376458,-0.0014291381835937712,0.016416725762283754,-0.06923471019540345,0.8534018678231728,11.4998046875,1.3940979253889338,58.59375,101.48735200598891,134.1922180175781,29.813992256795192,-0.03620317459106443,0.038997334058741444,-0.038618847656249976,0.00822998995173566,-0.07482202224731442,0.032104279927400295,-0.05151525497436521,0.05113356107273407,0.003660278320312511,0.02234048468565328,-0.6108032795654948,0.6539185584762407,-0.0049383495318881115,-0.003410330577011291,0.0013439985298537406
57.5,11.430859374999999,1.513941306665915,60.595703125,104.97886762950529,132.95917663574218,31.95596048335374,-0.04933424293994901,0.030969891071856506,8.659667968752283e-05,0.0,-0.049247646260261485,0.030969891071856506,-0.013681507110595677,0.030935438440086133,-0.0027946472167968608,0.015116906717160795,-0.36381007908106827,0.9300843155965738,11.51708984375,1.3641591565471676,58.59375,101.48735200598891,134.50524139404297,29.27181986480132,-0.034280109405517574,0.03561733692867786,-0.03870887451171873,0.008074058864018126,-0.07298898391723631,0.028455449237025112,-0.04968609809875488,0.048340442732117773,0.004426574707031252,0.02143773538066481,-0.3863568072552502,0.7788601766532423,-0.0034426494256067693,-0.001955940569657007,0.002753948050132427
58.0,11.4483984375,1.4835733891235472,59.609375,103.26644537425686,133.26915405273436,31.419233365280327,-0.05031905770301819,0.031345306836892274,8.659667968752283e-05,0.0,-0.05023246102333066,0.031345306836892274,-0.014640350341796879,0.03131067161386189,-0.0033306884765625013,0.014141288328155931,-0.1735987807765083,0.8884223483594509,11.534375,1.3342203877054004,57.73437499999999,99.99887084323439,134.82430725097657,28.719181589631834,-0.030270919799804716,0.03674935497131941,-0.03879890136718748,0.007918127776300592,-0.0690698211669922,0.029504152863486947,-0.044387550354003914,0.04753785025865833,0.00626708984374999,0.0220794283515246,-0.11634524329837553,0.8634347167426358,-0.0027768828823983363,-0.001331296365160578,0.0033342907822634616
58.5,11.465498046875,1.453945287804547,59.0625,102.30354649277805,133.57457901000976,30.89020868051678,-0.04612849324941639,0.03090112008235051,8.659667968752283e-05,0.0,-0.04604189656972887,0.03090112008235051,-0.010429725646972695,0.030889702399104085,-0.001273651123046894,0.015001785312860503,0.08950844789162869,0.6731571406222899,11.551660156250001,1.304281618863634,56.582031249999986,98.00295292044993,135.1454330444336,28.162975399743388,-0.034111146926879846,0.03604895588593011,-0.03888892822265623,0.007762196688583056,-0.07300007514953608,0.029309779773285298,-0.046485815048217714,0.044240973126314066,0.004168548583984395,0.02092755560536025,0.08951236040163421,0.8079183052386864,-0.00470448520880724,-0.0032998719920170616,0.0013214842920774164
59.0,11.48251953125,1.4244562517051373,58.59375,101.48735200598891,133.8791946411133,30.362619562897482,-0.0475963187217712,0.029518432176418783,8.659667968752283e-05,0.0,-0.047509722042083674,0.029518432176418783,-0.011895828247070273,0.02953852459585868,-0.00205902099609373,0.014620886461443145,0.15930958283252739,0.6482111800758119,11.568945312499999,1.2743428500218668,55.429687499999986,96.00703499766547,135.46655883789063,27.606769209854942,-0.0350092697143555,0.036184884938189145,-0.038978955078124974,0.007606265600865521,-0.07398822479248048,0.0296881804734076,-0.04564035415649415,0.04280466551029566,0.0035314941406249852,0.02074024457147241,0.13792344740220083,0.7324569421891801,-0.00378980099186183,-0.002426049465618217,0.0021510804918002564
59.5,11.499072265625001,1.3958019794909216,58.59375,101.48735200598891,134.17895431518554,29.843644643915976,-0.05110596060752873,0.03123482762200418,8.659667968752283e-05,0.0,-0.051019363927841205,0.03123482762200418,-0.015423774719238316,0.031244158996496206,-0.0038578796386718943,0.014129194781620402,0.07935441735184853,0.7782749366673571,11.585820312500001,1.2451144926441422,54.277343749999986,94.01111707488103,135.78266662597656,27.05925446022188,-0.02997654914855957,0.03788483299002653,-0.039068981933593726,0.007450334513147985,-0.06904553108215329,0.03112469647087809,-0.03950558662414551,0.04295377049245099,0.005875549316406251,0.02204599071453802,0.029266819809420128,0.5199637401967812,-0.00186168081249888,-0.0005386948699564222,0.003994187110920235
60.0,11.515625,1.3671484369419484,58.203125,100.81379682791128,134.48146057128906,29.32004231305631,-0.04398459196090698,0.03522092794203029,8.659667968752283e-05,0.0,-0.04389799528121945,0.03522092794203029,-0.008306121826171863,0.035199111326682096,-0.00028686523437499454,0.016492859116996203,0.015728290264424995,0.8458831189867684,11.601953125000001,1.2171716417251603,53.124999999999986,92.01519915209657,136.08969421386718,26.52746707867,-0.029643630981445318,0.03845743009646864,-0.03915900878906248,0.007294403425430451,-0.0688026397705078,0.03186952034928874,-0.03925704956054688,0.04188678714758307,0.005877685546875,0.022180897139899746,-0.11137848967438847,0.659503533450716,-0.005303483480396901,-0.004021168890922826,0.00046744289828858435
60.5,11.532177734374999,1.3384956709186482,57.646484375,99.86461200569791,134.78513412475587,28.794488640870195,-0.047436512112617485,0.027578130728758015,8.659667968752283e-05,0.0,-0.04734991543292996,0.027578130728758015,-0.011690959930419912,0.027578184029898846,-0.0020780944824218693,0.014698111841642571,0.03472068093040272,0.6685947645078782,11.618085937499998,1.189228790806178,51.972656249999986,90.01928122931213,136.39672180175782,25.995679697118117,-0.028680744171142577,0.04069939703126945,-0.039249035644531236,0.007138472337712915,-0.0679297798156738,0.03451705682957532,-0.03837527275085449,0.04433045935813284,0.006168365478515627,0.022684714715776304,-0.15443370614574797,0.7506523136280925,-0.003383090609772644,-0.002141354532756108,0.0023029647013953804
61.0,11.54873046875,1.309843732380403,56.77734375,98.37010768179096,135.09100494384765,28.265048562467435,-0.052141016721725456,0.030025482625915118,8.659667968752283e-05,0.0,-0.05205442004203793,0.030025482625915118,-0.016446647644042956,0.030052593205743806,-0.004479675292968745,0.013910739390338924,-0.0558998090125986,0.5365144296088221,11.63421875,1.1612859398871955,50.820312499999986,88.02336330652768,136.70374938964844,25.463892315566238,-0.03050716400146484,0.03812853571317973,-0.03933906249999998,0.00698254124999538,-0.06984622650146483,0.031781474306328376,-0.040288906097412105,0.04421815365380733,0.005043029785156251,0.02142119387015756,-0.418439033703926,0.8338882458847976,-0.000852391107490599,0.0003488573736498777,0.0047488610598718116
61.5,11.565175781250002,1.2813726395133207,50.6640625,99.35133742270742,135.39720947265624,27.734903458321885,-0.0452996101975441,0.034544944871985554,8.659667968752283e-05,0.0,-0.04521301351785658,0.034544944871985554,-0.009613456726074223,0.034558183887214,-0.0010861206054687523,0.016566408869624627,-0.40512529564348065,0.5638767047714772,11.64923828125,1.1352713486563268,45.21484375,89.88396475997082,136.99569549560547,24.958226826976773,-0.03239011764526367,0.03765721853150304,-0.03941169433593748,0.006856739219904624,-0.07180181198120116,0.03128921908645959,-0.043988790512084985,0.045624084873490844,0.0039698791503906235,0.021369007314124628,-0.39457503454389964,1.1334902182828193,-0.0041168708892891336,-0.0029560202653959172,0.0013996448965989177
62.0,11.5768359375,1.251152112487344,53.046875,95.4288480443021,135.59124725341798,27.15244679778862,-0.04530772447586059,0.030724574974340457,8.659667968752283e-05,0.0,-0.045221127796173065,0.030724574974340457,-0.009619445800781248,0.03070418230297722,-0.001128540039062498,0.01567098154381261,-0.37549425671984515,0.7791054702016257,11.6598828125,1.1068210609773153,48.125,86.8731733171265,137.1804415893555,24.39189145934619,-0.028929939270019536,0.04478950712883932,-0.03934821777343747,0.006653764515892646,-0.06827815704345701,0.039175874943164705,-0.042433052062988294,0.054380595462721636,0.0055407714843749975,0.023110915579523345,-0.30194191388038855,1.1960544487049345,-0.00394541796932498,-0.002824877076745831,0.0014864262077208335
62.5,11.59130859375,1.2225547480269412,46.142578125,96.86661960900832,135.85447692871094,26.609927446683415,-0.04765082895755768,0.02890664581021254,8.659667968752283e-05,0.0,-0.047564232277870155,0.02890664581021254,-0.01197719573974609,0.02887552536774979,-0.0024147033691406237,0.014890009529576297,-0.4922515584594499,0.9337255508025661,11.67333984375,1.0799945709303986,41.748046875,89.2242969719319,137.43437957763672,23.865504050648962,-0.025780200958251953,0.045776778912182785,-0.03937263183593748,0.006501533487883664,-0.06515283279418943,0.039916748000809445,-0.04121804237365723,0.05863573532748573,0.006923675537109375,0.024328264335870778,-0.4687542681927455,1.2587660668483116,-0.0025302606865967095,-0.001449942830124798,0.0028169749960704126
63.0,11.600781249999999,1.1923653235050347,43.6328125,95.7680264627925,136.00160217285156,26.01617709583295,-0.04572237253189086,0.029185531894293414,8.659667968752283e-05,0.0,-0.04563577585220334,0.029185531894293414,-0.010041885375976558,0.029157503814395944,-0.0015075683593749971,0.014867761916561566,-0.7677802950630099,1.0717204406004561,11.68201171875,1.0511721629606978,40.09765625,89.6133318212882,137.5757521057129,23.28140548922756,-0.026350574493408205,0.045625945629335925,-0.03945502929687498,0.006358816899125242,-0.06580560379028318,0.03982168820654565,-0.040506305694580066,0.05648972843088737,0.006399536132812499,0.02415783647426617,-0.5479299549734113,1.306698334585932,-0.0033084397766158947,-0.002268259544757862,0.001954249133871068
63.5,11.60779296875,1.161613455766451,43.2763671875,93.85700159452094,136.0924977874756,25.401634029441347,-0.04087112218141556,0.030086516119055322,8.659667968752283e-05,0.0,-0.040784525501728036,0.030086516119055322,-0.005162296295166011,0.030070322259327677,0.0008967590332031273,0.016479276719980604,-0.7991250133736654,1.126701476197905,11.688359375,1.0215716852922843,40.654296875,89.29195520660258,137.66373703002932,22.671835452482497,-0.026020202636718746,0.04743338918220094,-0.03954505615234373,0.006202885811407706,-0.06556525878906248,0.04196414311668468,-0.036517076492309536,0.052264206955010134,0.006316375732421878,0.02408466548958488,-0.5239341753623996,1.1395144877690564,-0.005583847363230482,-0.00458372077214007,-0.0004056451761090987
64.0,11.615859375000001,1.1318658194124855,38.90625000000001,94.46381892522396,136.21143737792968,24.808655154029445,-0.039716668128967264,0.03144543115217927,8.659667968752283e-05,0.0,-0.03963007144927974,0.03144543115217927,-0.004013671874999986,0.03146036849112427,0.0013903808593750079,0.017718879509171663,-0.5971244331840059,1.0906242782477746,11.695937500000001,0.992681619087913,37.109375,91.33861680539002,137.7821472167969,22.07983144920379,-0.02390487670898437,0.048321681957056876,-0.03958381347656248,0.006017354246021758,-0.06348869018554684,0.0429314165246066,-0.030740890502929635,0.04750237741728003,0.0071582031250000035,0.02444038424825086,-0.4988777498543205,1.1259953641400626,-0.005948584629712563,-0.00498842873482363,-0.0008548100705368187
64.5,11.620146484375002,1.100492028517322,37.231445312500064,93.79123124391973,136.24038406372074,24.17123423468728,-0.044448449164629075,0.031274605487940664,8.659667968752283e-05,0.0,-0.04436185248494155,0.031274605487940664,-0.008794384002685639,0.03128175500194052,-0.0011151123046875444,0.016079575606655436,-0.6454860802852865,0.866983400200946,11.699970703125,0.9617448912847533,35.82031250000003,91.33861680538993,137.81478858947756,21.435886139881426,-0.025424060821533243,0.046140569545247166,-0.03953864746093748,0.00579112202384174,-0.06496270828247072,0.04077892281122252,-0.029282140731811568,0.04066171867743107,0.006204071044921858,0.02359209884570225,-0.3183205700143058,1.3142653960745871,-0.0033142397989954385,-0.002393973225712459,0.001695164266050043
65.0,11.623779296875,1.069591105355733,31.8359375,95.74357404136762,136.25775413513185,23.53818651267039,-0.037822608649730666,0.032364243108090725,8.659667968752283e-05,0.0,-0.03773601197004314,0.032364243108090725,-0.002150154113769515,0.032409170756122485,0.0021316528320312615,0.018961586733914845,-0.8158010202688084,0.7705688369436604,11.7037109375,0.930639017894918,29.19921874999997,91.16947121871333,137.84512786865236,20.78004011708646,-0.022294235229492164,0.04871206679381605,-0.039601513671874984,0.0056610913540840685,-0.061895748901367134,0.0435368252198611,-0.026131343841552704,0.04350841023424683,0.007557678222656269,0.024190776141565784,-0.009329557974573216,1.2166848547513076,-0.006432128601092594,-0.005551682979746209,-0.0015070731793262347
65.5,11.6222900390625,1.0362507796773517,31.5625,95.26484464376142,136.15365100860595,22.839959440701026,-0.038660177737474426,0.03570527347780443,8.659667968752283e-05,0.0,-0.0385735810577869,0.03570527347780443,-0.0029806327819824037,0.03573825571662533,0.0016264343261718855,0.01838521651378507,-0.5054016824646769,0.5126982938165396,11.70255859375,0.8967084132075817,27.47070312499997,88.17559433453665,137.75617233276367,20.05531920070167,-0.02472270965576169,0.04922852736540505,-0.039511486816406226,0.005442787831279517,-0.06423419647216792,0.04447358134258531,-0.028573884963989236,0.04439789473282276,0.0061082458496093915,0.023556527524833493,-0.09786645849267495,1.357758866102087,-0.0057978335835432064,-0.004957178631418805,-0.0009572117522328449
66.0,11.62080078125,1.0029109926674733,26.484375000000053,97.56320567489823,136.05022354125975,22.14213854279411,-0.03926424264907835,0.030751991308621385,8.659667968752283e-05,0.0,-0.03917764596939083,0.030751991308621385,-0.0035358428955077946,0.030760575753786795,0.0011962890625000114,0.01665934338213329,-0.1207749160019738,0.6659413100520036,11.701406250000002,0.8627778085202461,20.937500000000025,87.95570507185697,137.6678924560547,19.330988376326154,-0.023247375488281267,0.0461104064152421,-0.03957160644531248,0.0053111714216467504,-0.06281898193359375,0.04100049951046855,-0.027050056457519553,0.041008721033945615,0.006610717773437494,0.023576626587522184,-0.1572373752549556,1.5211212238279304,-0.005238315578810663,-0.004437442190475545,-0.0004822708999252779
66.5,11.6149462890625,0.9676094937404606,25.390625,98.10444027245595,135.8446774673462,21.390672712996075,-0.03627404332160952,0.03289161948795702,8.659667968752283e-05,0.0,-0.036187446641922,0.03289161948795702,-0.0005465126037597912,0.03290730351721008,0.0025793457031249903,0.017079547734256205,-0.2716242294489341,0.8485674858114837,11.69474609375,0.8288472038329113,19.53125,87.95570507185705,137.455553894043,18.590838475246688,-0.020797424316406292,0.04944661770099489,-0.03951453857421874,0.0051118967773433254,-0.060311962890625015,0.04462742917198426,-0.026075553894043042,0.04718359779361358,0.0075978088378906095,0.024396352298632688,-0.08567507728274726,1.3164013039633278,-0.006491575479169467,-0.005730502465776137,-0.0018203293578880628
67.0,11.607998046875,0.9317716904805595,24.833984374999986,97.14668962588138,135.61591835021972,20.622656112985204,-0.036354900002479554,0.03363141221777442,8.659667968752283e-05,0.0,-0.03626830332279203,0.03363141221777442,-0.0006768798828124959,0.03363309490160618,0.0024374389648437536,0.017165246078732557,-0.21290776890752705,0.9678663337117843,11.6866796875,0.7949165991455758,19.53125,87.95570507185705,137.2123913574219,17.847140745486673,-0.022431411743164043,0.051667701057738206,-0.03942451171874998,0.004893593254538775,-0.06185592346191403,0.04724933091809341,-0.029489822387695333,0.05314437556374327,0.0065444946289062635,0.024406375222168798,-0.15408709332659534,1.0898510868237263,-0.006219624285162914,-0.005498333647977612,-0.0016332915798481827
67.5,11.6010498046875,0.8959363162189568,18.43261718750008,98.94703281863353,135.38919315338134,19.853834733293247,-0.03691840916872026,0.03401852405087245,8.659667968752283e-05,0.0,-0.036831812489032736,0.03401852405087245,-0.0012519836425781425,0.03399263118442227,0.0020271301269531175,0.01726541777889365,-0.038395950566362524,1.229121188185601,11.678613281250001,0.7609859944582403,13.964843750000092,91.16947121871333,136.97035675048826,17.10409422623537,-0.02504076957702637,0.0517482478434401,-0.03933448486328123,0.004675289731734227,-0.0643752544403076,0.047567588958842,-0.03385753631591801,0.05718094156562205,0.0050231933593750016,0.024259390303611728,-0.31159229767628127,0.9745505983260968,-0.005679087219226283,-0.004997548065889795,-0.001177744369858956
68.0,11.5898828125,0.857669798830345,11.2109375,100.6866607346889,135.06258148193362,19.02563045561837,-0.0378519821166992,0.03266100665070299,8.659667968752283e-05,0.0,-0.037765385437011675,0.03266100665070299,-0.002156066894531233,0.03263455494905084,0.0014428710937500087,0.017037315863316065,-0.12346174333478696,1.2979851312046577,11.666328125,0.724619693322761,7.343749999999979,93.90962972287504,136.62944519042972,16.299867748283127,-0.023281097412109396,0.051901152311645674,-0.03924445800781248,0.004456986208929679,-0.06252555541992187,0.04789450572719772,-0.032348937988281236,0.05842314531656538,0.005728759765624995,0.02442994841438423,-0.3523720338905847,1.0413977925711213,-0.0049646145767546475,-0.0043227544822284514,-0.0005482180614267301
68.5,11.572431640625,0.8160750715443326,8.251953125000046,98.86907954762441,134.58871475219726,18.11316672146714,-0.03967098474502565,0.0307765501550153,8.659667968752283e-05,0.0,-0.03958438806533813,0.0307765501550153,-0.003966026306152358,0.030761938118696437,0.00044708251953124454,0.016633845555107597,-0.2828415735062464,0.9688612914975389,11.647890625000002,0.6847013348670714,4.755859375000028,92.74252517480616,136.14426971435546,15.40638102992177,-0.01870507240295407,0.05149503413497814,-0.039154431152343724,0.004238682686125127,-0.0578595035552978,0.04771116266896585,-0.025794963836669876,0.05461999864233171,0.007849578857421893,0.02367405125193236,-0.2333751758495319,1.2709440456051369,-0.0038386595637297516,-0.0032363998872407514,0.0004928535231765014
69.0,11.553515625000001,0.77520225691334,3.007812500000014,99.95347275762158,134.08683059692385,17.21213242613748,-0.03713141918182375,0.03229260724112108,8.659667968752283e-05,0.0,-0.037044822502136227,0.03229260724112108,-0.001449356079101584,0.03225869087367574,0.0015869140624999896,0.01589963121173933,0.08121054767173377,1.0012499033002102,11.62869140625,0.6443431978860237,-0.8203125,93.30070561083913,135.64341629028323,14.503842644063417,-0.019239749908447262,0.048339845397492684,-0.039040600585937474,0.004006636084403104,-0.05828035049438476,0.04483422629701593,-0.024346427917480467,0.04823238548029544,0.007336730957031253,0.021436558673501756,-0.18671387003295836,1.3566220716095525,-0.004848371184088162,-0.004285634151319523,-0.0006016793803472562
69.5,11.53017578125,0.7317776114334296,2.011718750000078,98.61299112405331,133.48171043395996,16.251543874574942,-0.03353306651115414,0.027678221912501143,8.659667968752283e-05,0.0,-0.03344646983146662,0.027678221912501143,0.0021489334106445674,0.027660600221064334,0.0033401489257812683,0.015621125059652099,0.001298064118496589,1.1343962904972484,11.605048828125001,0.6014647916634935,-2.138671874999929,91.42318959872831,135.03898170471192,13.542298745307829,-0.01745239257812503,0.045379575857145936,-0.03879127197265623,0.0036963596488431305,-0.05624366455078127,0.04211301178491758,-0.020645732879638706,0.04206135829262022,0.008005523681640609,0.020527509135492873,-0.3495183913579895,1.2954928310522935,-0.006471532102763045,-0.005948240757376589,-0.002309600115016429
70.0,11.506250000000001,0.6894172706682821,-8.593749999999936,104.19368139281524,132.87021026611328,15.311832232740825,-0.039388966560363725,0.03024085727670079,8.659667968752283e-05,0.0,-0.0393023698806762,0.03024085727670079,-0.003679656982421824,0.030256966053434458,0.0002380371093750268,0.013888784166444571,-0.1290381371558183,0.8646657610639861,11.5802734375,0.5605484742464122,-13.085937499999936,96.41298440568943,134.4184310913086,12.617681971023547,-0.012284851074218778,0.045382076780269474,-0.03870124511718748,0.0034780561260385786,-0.05098609619140626,0.04215189487614911,-0.015279006958007841,0.04214610288816446,0.010391235351562486,0.021154309469378994,-0.46428689311989324,1.0748020744539724,-0.003239391693308436,-0.0027554699225371985,0.0008378412106063871
70.5,11.472890624999998,0.6421826091496579,-10.126953125000007,104.24692988277462,132.04172203063968,14.25385126746568,-0.03273825764656071,0.03126777779858313,8.659667968752283e-05,0.0,-0.032651660966873185,0.03126777779858313,0.0029691696166991815,0.03123803022626874,0.0034953308105468567,0.015486027262998555,0.0841184318204587,1.0049204722636178,11.546298828124998,0.5143209854076845,-14.833984375,96.09160779100382,133.58363929748538,11.569372993552328,-0.01572061538696287,0.043008133287573455,-0.03846748046874998,0.0031767655497708,-0.054188095855712846,0.040126126289881645,-0.018500614166259744,0.04008687623577775,0.008440856933593763,0.019150282727219147,-0.2914402034732837,0.9823956313227912,-0.006366368832396353,-0.005921811760645945,-0.0023739765590339006
71.0,11.438359375,0.5942816197862109,-14.609374999999986,105.5628125111012,131.191649017334,13.181994122930702,-0.03670855760574337,0.02904294149298123,8.659667968752283e-05,0.0,-0.036621960926055845,0.02904294149298123,-0.0010176849365233992,0.02903764876576118,0.00139892578125002,0.015029641011780209,0.05519022196879096,1.1145078101745935,11.511152343749998,0.4674169142222498,-19.33593749999998,97.36019969107868,132.72652420043946,10.508175650956295,-0.015278663635253913,0.04506642654863888,-0.038215405273437475,0.002864903374335728,-0.053494068908691385,0.04264836777015092,-0.01782726287841798,0.0426246863813216,0.008412170410156246,0.019277359130045458,-0.14024463288990124,1.0425331377637423,-0.0041392323214831,-0.0037340626191445323,-0.00023189947363477618
71.5,11.400576171875,0.5445182335938404,-20.429687499999982,107.47757256342354,130.27159255981445,12.069355170962274,-0.04064339220523834,0.029307043226051214,8.659667968752283e-05,0.0,-0.04055679552555082,0.029307043226051214,-0.0049625778198242165,0.02931393273195962,-0.0006576538085937482,0.013929078843917843,0.05476251348749013,1.0215064392728175,11.472392578125,0.4192611656954084,-25.097656249999986,99.35611761386313,131.79353248596192,9.41609840290263,-0.01392522811889649,0.044889193520360894,-0.03796333007812498,0.002553041198900659,-0.05188855819702146,0.042610905091651254,-0.016194458007812506,0.042592769290183616,0.008849945068359373,0.019549041840612014,-0.11398368782097518,0.9417823200403208,-0.0019511858352075336,-0.0015854946811542621,0.0018706742902822428
72.0,11.358203125,0.49229735257221297,-29.25781249999996,110.11390337422696,129.25342041015628,10.899271822873656,-0.03726620674133303,0.031066845968250132,8.659667968752283e-05,0.0,-0.03717961006164551,0.031066845968250132,-0.0015957641601562784,0.031076320717065363,0.0009790039062499865,0.014070379592760961,0.19898172302957115,0.9910315010632389,11.42890625,0.36887269542443496,-33.437499999999964,102.84051669940207,130.75870483398438,8.272912758674698,-0.014422302246093744,0.04536676481350413,-0.03771125488281248,0.00224117902346559,-0.05213355712890622,0.04327833819040897,-0.016379852294921872,0.043248875961077675,0.008381347656250005,0.01999076436304148,0.03096716109410591,1.1117958324924861,-0.0034557152556378024,-0.0031295785873782806,0.0002803034797483669
72.5,11.308935546874999,0.43716442589883087,-36.64550781249999,112.46099590632575,128.0863887786865,9.662273279395034,-0.035605651140212996,0.030374642172987677,8.659667968752283e-05,0.0,-0.03551905446052547,0.030374642172987677,7.934570312502021e-05,0.030388770869714313,0.0017288208007812606,0.013698288997619946,0.37848110243434574,1.013571045639883,11.37900390625,0.31477993680524285,-40.576171875,105.63141887956678,129.58347396850587,7.048665281336887,-0.01540355682373047,0.04773198031892428,-0.037399670410156224,0.0018949591507368252,-0.052803227233886696,0.04598088296704005,-0.01704635620117188,0.04592233679381255,0.007678985595703124,0.020656201303556485,0.2992883428826969,1.4733980176338817,-0.004073485690028569,-0.0037868218994928644,-0.0004232266235745627
73.0,11.25310546875,0.3782728975958257,-38.701171874999986,111.73299418521597,126.77787246704102,8.344262092143074,-0.04102613627910616,0.028304258627366755,8.659667968752283e-05,0.0,-0.04093953959941864,0.028304258627366755,-0.005296173095703143,0.028322760633594932,-0.001099548339843759,0.01170393241836493,0.426525124858869,0.9013014473366241,11.322402343750001,0.25713512086584056,-42.38281249999999,105.34387138221648,128.26451858520508,5.746611098417804,-0.016012706756591784,0.04878640395538848,-0.03701972656249998,0.001519138800339647,-0.053032433319091764,0.04736740241920841,-0.01733795166015624,0.04728055733696245,0.007156066894531255,0.02135756477958757,0.4502363582868899,1.6937971008989428,-0.0011132820144333713,-0.0008659824580485812,0.0024513776674600883
73.5,11.196406249999999,0.31969150216290715,-44.555664062499986,113.56496317600734,125.46318389892579,7.0371879992243525,-0.03664493530988694,0.02683879620555771,8.659667968752283e-05,0.0,-0.036558338630199416,0.02683879620555771,-0.0009349822998046902,0.026842911341008097,0.0010189819335937487,0.012772502759247692,0.31586262451741964,0.7629743520146617,11.2648046875,0.1999300834517986,-48.144531249999986,107.33978930500093,126.93771392822265,4.45665161781603,-0.020274152755737303,0.04520109998906365,-0.03673225097656248,0.0012284198232391577,-0.05700640373229979,0.04403436899074262,-0.02125114440917969,0.044010776884687575,0.0048023986816406235,0.02044988137838937,0.561032595334349,1.6899984066358409,-0.003100973077404679,-0.00289276300232549,0.0003787222586028806
74.0,11.13466796875,0.25925371832098526,-50.292968749999986,115.60312920001326,124.04937759399414,5.691051319989066,-0.03554191946983338,0.03255438977402898,8.659667968752283e-05,0.0,-0.035455322790145856,0.03255438977402898,0.00017639160156249136,0.03253542786479219,0.0015533447265624958,0.013883661813576104,0.4226464047020715,0.792932548842723,11.202578125,0.140052545768265,-53.906249999999986,109.33570722778538,125.51865661621095,3.1134300419996457,-0.019915733337402347,0.04546082237208401,-0.036300122070312475,0.0008541852127170746,-0.05621585540771483,0.044654068922949,-0.020535430908203124,0.04461770042908567,0.004811401367187501,0.019183809561924368,0.6865245756847385,1.5195184301156044,-0.003504828697483366,-0.0033355749565523087,-0.00010986511499490228
74.5,11.0677587890625,0.19624030016356794,-61.0986328125,120.56729759926237,122.53629802703855,4.295189940942998,-0.043701357766985895,0.02807049050395969,8.659667968752283e-05,0.0,-0.04361476108729837,0.02807049050395969,-0.008013687133789062,0.028054783505934218,-0.002592010498046876,0.011040719696509554,0.8590387019799889,1.1051730985287687,11.135283203125,0.07724878943522534,-64.736328125,114.25784380007585,124.0019145965576,1.7138101739306641,-0.021321010589599607,0.043027201689679676,-0.03586799316406248,0.00047995060219498836,-0.057189003753662086,0.04255933842159162,-0.021509170532226562,0.04254585235460643,0.003949279785156252,0.018964073671819476,0.5014897059727446,1.5278201072959325,0.000770982629046818,0.000901352833092393,0.004081276392132134
75.0,10.991943359375,0.1286375539897983,-63.232421875,120.52513257762973,120.84236335754395,2.8069983979542044,-0.045044999569654465,0.031056190080772518,8.659667968752283e-05,0.0,-0.04495840288996695,0.031056190080772518,-0.009399414062500003,0.031038353631042907,-0.0033187866210937517,0.011279411542400421,0.6325550568409501,1.1449181087228464,11.05859375,0.01014873520059889,-67.3828125,113.32754307335428,122.29590606689453,0.22434254882886376,-0.025390625,0.04107699918394482,-0.03543586425781248,0.0001057159916729051,-0.06082648925781248,0.04097502158981946,-0.025132179260253906,0.040974467643608514,0.00177764892578125,0.017657483295709132,0.4944701294798941,1.4211165688243625,0.0016286867920949598,0.0017201344752788882,0.00485405527474882
75.5,10.914238281249999,0.0631211443941639,-71.2255859375,123.86563370186339,119.12828651428224,1.3710655531218363,-0.04285071611404418,0.03159909237857005,8.659667968752283e-05,0.0,-0.04276411943435666,0.03159909237857005,-0.007200317382812493,0.03160923962710229,-0.002214813232421871,0.01271414625855747,0.3869749838377737,1.0593338459026878,10.980234375,0.057712474174072936,-75.9765625,115.62792305215669,120.5730374145508,1.2713627162166041,-0.025758800506591795,0.04213364649100418,-0.03488746337890623,0.0003356482735614719,-0.06064626388549802,0.042448320810905105,-0.025010166168212892,0.04241998778968732,0.0014862060546874997,0.017583246195034485,0.4863874173108824,1.1886811597612672,0.0006648335261452143,0.000715472344610342,0.0037997375150786066
76.0,10.830195312499999,0.031632401516224005,-79.1015625,127.13848847404488,117.29947235107421,0.6868620881376503,-0.04513653278350829,0.027501811938477148,8.659667968752283e-05,0.0,-0.04504993610382077,0.027501811938477148,-0.009449462890624998,0.027510600647797995,-0.003378906249999999,0.011539199652660584,0.23415732217000976,0.9747666888807371,10.89578125,0.12909191175161816,-84.453125,117.86064479628844,118.73943115234376,2.8310023701260616,-0.024561157226562498,0.04326856859886967,-0.03438850097656248,0.0007484692210441695,-0.05894965820312498,0.04396545713497568,-0.0232843017578125,0.04395471132858931,0.0019628906250000015,0.017884244489018628,0.42100172776443356,0.941505420801537,0.0019638779249364306,0.0019748819897270915,0.005011488846426044
76.5,10.739501953125,0.09538564958023633,-84.8388671875,129.17666865150161,115.3513739013672,2.0610130991481457,-0.04845274746417998,0.024247435298471284,8.659667968752283e-05,0.0,-0.048366150784492454,0.024247435298471284,-0.012767410278320294,0.02423918686910418,-0.005045623779296867,0.009998605860772038,-0.011710320319336817,0.6735502998413319,10.804150390624999,0.2033975679786702,-90.52734375,119.31529684170762,116.77584953308107,4.440993361564419,-0.023919410705566406,0.04255832772902636,-0.033882214355468725,0.0011655188081937794,-0.05780162506103513,0.04366084815087987,-0.022099533081054685,0.04366742260829404,0.00217254638671875,0.017717474778332708,0.3586412976671852,0.9077672714230439,0.0037759631861606843,0.0037451930675723877,0.006730003149997127
77.0,10.6441796875,0.17189937682246903,-92.27539062500001,132.1958307477348,113.3327702331543,3.694574735894122,-0.04681844174861906,0.02613896785839556,8.659667968752283e-05,0.0,-0.046731845068931535,0.02613896785839556,-0.011155242919921855,0.02612938472078676,-0.00420349121093749,0.0102712566359915,-0.2506876769877323,0.4986694681084056,10.7073828125,0.27922553448581144,-97.98828125000001,122.29225916721664,114.73101165771486,6.0686354878424185,-0.02428035736083985,0.04073372983582694,-0.03328803710937498,0.0016333120713463826,-0.05756839447021483,0.04230068085567824,-0.02189483642578125,0.04228321033850222,0.0018884277343749981,0.016670647836083952,0.3124438021288604,0.9966847522953153,0.0030820604137318033,0.0030089963408234917,0.005940838502442992
77.5,10.542993164062501,0.2521554616456497,-101.318359375,135.75201424356584,111.22269496917723,5.3923795160683134,-0.04506763815879822,0.02886287764257266,8.659667968752283e-05,0.0,-0.044981041479110695,0.02886287764257266,-0.009384536743164069,0.028853009399634522,-0.0033432006835937525,0.010920496372502576,-0.11765184380235919,0.6891831702369995,10.605078125,0.35825035258114113,-106.884765625,126.09803486744121,112.60020599365232,7.745911140065848,-0.025741195678710947,0.03973472251540423,-0.03269385986328122,0.002101105334498992,-0.058435055541992166,0.04170811809992437,-0.02274436950683594,0.04169441887428965,0.0010147094726562457,0.01513116603955161,0.21766449188018594,0.9633592797802418,0.002369183851280838,0.002254093998785878,0.005133242067752316
78.0,10.43337890625,0.3373395790029538,-102.85156250000006,134.7293146283126,108.97164474487303,7.174132293262273,-0.04317325234413148,0.02634956527472981,8.659667968752283e-05,0.0,-0.04308665566444396,0.02634956527472981,-0.00750488281250002,0.0262992547216992,-0.0023706054687500097,0.011622832608960321,0.012337922494177426,0.9123141496981301,10.4944140625,0.44201124710341727,-108.12500000000003,125.57368354874363,110.32952484130858,9.502209496064786,-0.02793518066406249,0.03659634964089825,-0.03209968261718747,0.0025688985976515953,-0.06003486328124997,0.039056247514767606,-0.024331665039062488,0.03900834497172019,-0.00017028808593749648,0.014132898535500845,0.13568015643210124,0.9663094172834663,0.0015499055943031335,0.0013916293412194218,0.004215712131547216
78.5,10.323764648437498,0.4226836862455496,-114.05273437500003,139.28962008271424,106.76055042266847,8.936276945482867,-0.04679189234972001,0.030916809757874808,8.659667968752283e-05,0.0,-0.04670529567003249,0.030916809757874808,-0.011113815307617205,0.030938437003093438,-0.004217834472656258,0.012075323369495976,-0.13993056504042792,0.9733990795004351,10.383212890624998,0.5248418408989723,-118.49609375000003,131.561437317097,108.08847282409668,11.217552816164687,-0.02557422637939452,0.03616827171932955,-0.03150550537109373,0.0030366918608042003,-0.05707973175048825,0.039119452193431686,-0.021315765380859365,0.039104252513355545,0.0009190368652343792,0.014514709198387009,0.212612196559951,0.8047224315646193,0.003551704111440894,0.0033500806849348563,0.006118552305358058
79.0,10.204130859375,0.51322663159135,-125.45898437500003,143.48431224337676,104.39217720031738,10.779032544494518,-0.04567356705665588,0.029565578662697625,8.659667968752283e-05,0.0,-0.04558697037696836,0.029565578662697625,-0.009945831298828115,0.029575840308219494,-0.003673400878906245,0.012386906963008376,-0.12013468709025696,1.0600080309425919,10.262285156250002,0.6132880681721908,-128.86718750000003,137.54919108545033,105.69536727905272,13.020684281489642,-0.02485969543457031,0.03649802435166185,-0.03075935058593748,0.003592229397045319,-0.05561904602050778,0.03988773492421397,-0.01995895385742187,0.03982957196510295,0.0012484741210937516,0.01345488188884696,0.004660155111820136,0.9096140959435061,0.0031692562141115363,0.002922820542309406,0.005632705437170326
79.5,10.0749365234375,0.6080496708436712,-128.2763671875,143.1949367148843,101.88179126739502,12.678940227894486,-0.04899953372776511,0.028710468838300498,8.659667968752283e-05,0.0,-0.04891293704807759,0.028710468838300498,-0.013265533447265651,0.028712689501560293,-0.005355377197265639,0.010536429450227397,0.05735206159400759,0.911247246879545,10.132333984375,0.7069439795150515,-130.859375,138.69938107485152,103.17101905822753,14.899588741006074,-0.025888042449951177,0.03445058433516231,-0.030134045410156227,0.004077994378782316,-0.0560220878601074,0.038312562095561574,-0.02028312683105469,0.038315261752811344,0.0006329345703124959,0.012492501945546025,-0.3650683067339615,1.0837763816019215,0.005011894093204591,0.004721052482347192,0.0073728095663689154
80.0,9.94375,0.7040623092820425,-136.13281250000006,145.81657676704182,99.38264160156248,14.573219144073533,-0.0472530126571655,0.024762428165967364,8.659667968752283e-05,0.0,-0.04716641597747797,0.024762428165967364,-0.011549377441406227,0.024790761776304193,-0.0044311523437499875,0.01022429778199029,0.06569459999636221,0.5833869594247655,10.000390625,0.8017500808473124,-138.67187500000006,141.4057104616779,100.65910339355469,16.774077972130293,-0.02435150146484373,0.033120874003711526,-0.029430004882812475,0.004609217236938665,-0.0537815063476562,0.037612054563510515,-0.018046569824218726,0.037595650724699205,0.0013366699218750086,0.012854460357647481,-0.5468906500400692,1.0385825728264366,0.004255014469117293,0.003918475994307433,0.006509408895591209
80.5,9.8067236328125,0.8031197636504114,-147.25097656250006,150.5054983579424,96.82674663543699,16.493689480102347,-0.04497266560792923,0.02605224893851623,8.659667968752283e-05,0.0,-0.04488606892824171,0.02605224893851623,-0.009302902221679683,0.026075125336401384,-0.003267669677734373,0.009807670611300872,-0.12100433136199679,0.6273437527298201,9.862763671875,0.899837606561101,-150.19531250000006,145.39754630724678,98.0941783905029,18.68048444688043,-0.022368640899658197,0.03343684904979213,-0.02867377929687497,0.005170569152721793,-0.05104242019653317,0.03844093721024819,-0.01534870147705077,0.03838987186496995,0.002250061035156253,0.01251017270925962,-0.6478666647886624,0.9667647295366433,0.003258743417952792,0.002876677667172367,0.00540676839901587
81.0,9.660117187499997,0.9064487827516536,-153.671875,153.3186554448671,94.15037429809567,18.458644140067346,-0.04539831995964051,0.02874255205214752,8.659667968752283e-05,0.0,-0.04531172327995299,0.02874255205214752,-0.009720382690429692,0.028753953722817378,-0.003499755859375002,0.009292833988708631,-0.40902375619172704,0.5088936019437506,9.716113281249998,1.0031348163445304,-157.3828125,146.88602747000127,95.4198872375488,20.65003349771691,-0.02308010101318362,0.03328397560720123,-0.02791755371093747,0.005731921068504919,-0.050997654724121086,0.03863162139624735,-0.015322494506835952,0.03856226789545471,0.001799011230468738,0.010976409329842354,-0.6813618408772182,1.0047386492944714,0.003656988063219747,0.003229762021018952,0.0056993536667594765
81.5,9.507363281249999,1.013070798879566,-156.93359375000006,154.56683637225663,91.42539253234861,20.446750550198114,-0.045261158496141415,0.025972250876971893,8.659667968752283e-05,0.0,-0.04517456181645389,0.025972250876971893,-0.009560661315917951,0.025993153140091544,-0.003418884277343741,0.00909416491075655,-0.7104883438501612,0.3150238695795544,9.563095703124999,1.1093413302187975,-161.35742187500006,146.90294202866897,92.69196571350095,22.63396415206058,-0.023799800872802694,0.033029857980272456,-0.027156140136718722,0.006284287124995849,-0.050955941009521416,0.038849922827072295,-0.015285682678222608,0.0387869835160415,0.0013690185546875217,0.010480797457863131,-0.6484135269840832,1.109295085084446,0.003750958719035193,0.0032768755351841577,0.00568247463282645
82.0,9.352968749999997,1.1206478343366924,-166.75781250000003,159.6058520704574,88.74029205322263,22.41200229943686,-0.04327844619750976,0.028050336186362556,8.659667968752283e-05,0.0,-0.043191849517822234,0.028050336186362556,-0.007613983154296872,0.028031175643455895,-0.0023852539062499995,0.010043435832571576,-0.8872647941251497,0.5433443687562531,9.407617187499996,1.2150742364503708,-171.48437500000003,151.41912919293546,89.9861862182617,24.56414403901812,-0.01970043182373051,0.03665461199669694,-0.026381909179687472,0.006814452823235466,-0.04608234100341798,0.04317927365235031,-0.01039749145507816,0.043144308713636496,0.0033465576171874786,0.012972568486969845,-0.7520918412642074,1.272966558667004,0.002902012718701546,0.002379146467234131,0.0047167949133045655
82.5,9.189501953124998,1.2330239843416526,-172.07031250000003,162.37979257513285,85.96885986328121,24.4188707275146,-0.042824059724807725,0.03158347938208675,8.659667968752283e-05,0.0,-0.0427374630451202,0.03158347938208675,-0.00715351104736326,0.031570369656207034,-0.0021636962890624915,0.010590965336835088,-0.6326084092502595,0.8123138949148115,9.243261718749999,1.3259322539582468,-177.24609375000003,153.4150471157199,87.19775543212889,26.54204267102192,-0.02453813552856444,0.03569449485587151,-0.02560767822265622,0.007344618521475086,-0.05014581375122066,0.042804212416665655,-0.014470481872558574,0.0427495641781572,0.0007995605468750053,0.013036503581284659,-0.8511487698499527,1.454431492691191,0.0028676158558706543,0.00229562491818044,0.004564255330183965
83.0,9.020917968749998,1.3481798788828543,-177.81250000000003,164.41396969289374,83.19957702636715,26.422985965472236,-0.040238511562347395,0.029177021504783306,8.659667968752283e-05,0.0,-0.04015191488265987,0.029177021504783306,-0.004529953002929665,0.029179445270246414,-0.0008776855468749893,0.009625217899729414,-0.44745242956912157,0.7177686907004476,9.073867187499998,1.43969957555696,-183.00781250000003,155.41096503850434,84.4121984863281,28.518282090536417,-0.023236122131347646,0.040140847659817604,-0.024833447265624968,0.007874784219714706,-0.048069569396972614,0.047560029699052785,-0.012402114868164043,0.047513568032013544,0.0013757324218750052,0.014964445365237201,-0.954396352345588,1.2169444823615294,0.0017749857193549348,0.0011527388084066111,0.0033498069042033002
83.5,8.847675781249997,1.4660272880189889,-183.55468750000003,166.45548461971853,80.4403748321533,28.42132688832267,-0.04003382198512554,0.02796574094641768,8.659667968752283e-05,0.0,-0.03994722530543802,0.02796574094641768,-0.004368934631347658,0.027920873001508018,-0.0008290100097656256,0.009568266074429834,-0.7126041225620123,0.7465443175591241,8.899296874999997,1.5552598403744455,-188.25195312500003,158.30335457067503,81.6258166503906,30.4698125113172,-0.020996503829956034,0.03884705699002876,-0.02407539062499997,0.008432964655747647,-0.045071894454956005,0.04709815145926564,-0.009375419616699191,0.04705339279695712,0.002380523681640635,0.014347774642186624,-1.1350468989018827,0.8461395059559405,0.0019186581178426646,0.0012465762002690107,0.003372387831579818
84.0,8.669921874999998,1.5864812472269372,-191.36718750000006,169.5156377819956,77.69759277343746,30.410496864353796,-0.037033886909484816,0.029100677242398024,8.659667968752283e-05,0.0,-0.03694729022979729,0.029100677242398024,-0.0013619995117187056,0.02907370537007745,0.0006262207031250216,0.009940711261311437,-0.744093959425997,0.6109974270433535,8.720156249999999,1.6733234598747466,-195.42968750000006,162.44742144425294,78.85450073242184,32.409793460007734,-0.02331085205078129,0.03731169654125505,-0.023319165039062464,0.008994316571530771,-0.04663001708984375,0.045913152814331795,-0.010919799804687531,0.04585638695735139,0.0011511230468749809,0.01311963874447108,-0.9811821072807335,0.9394329429491497,0.0006707326570718052,-5.4150461616136146e-05,0.001994409144191921
84.5,8.485678710937501,1.709930316239991,-196.77734375,170.45711795830817,74.94690290451051,32.38957886290375,-0.03883083760738371,0.03130509220224984,8.659667968752283e-05,0.0,-0.03874424092769619,0.03130509220224984,-0.003170051574707013,0.03128615453327469,-0.00034942626953124055,0.009738584537236123,-0.6841715565928301,0.643409640337165,8.534848632812501,1.794947593974588,-199.8974609375,165.02689164107178,76.08152822494507,34.350730841096635,-0.01899942398071293,0.03948793489710904,-0.02256293945312498,0.009555668487313889,-0.04156236343383791,0.0484759608714856,-0.0058572006225586365,0.04839559713204045,0.003233795166015607,0.01353416048982764,-0.8531875432510161,1.0109516610671052,0.001853140464984377,0.001075809133671543,0.003047212428163892
85.0,8.297070312500004,1.835355366070336,-202.83203124999986,172.03838558799205,72.22689590454107,34.33915261350895,-0.04147743582725526,0.030137669318623564,8.659667968752283e-05,0.0,-0.041390839147567735,0.030137669318623564,-0.0058170318603515715,0.030108511056135337,-0.001705932617187504,0.009425183430987583,-0.7480701366504605,0.8260042070512702,8.345410156250004,1.9189566808465721,-205.71289062499986,167.03126684318997,73.3448608398438,36.271986613508346,-0.016151523590087813,0.03898960764659763,-0.02179755859374999,0.010101163004346077,-0.03794908218383781,0.04858439075782467,-0.0022594451904296257,0.04848560412274311,0.004551696777343791,0.01312026806735024,-0.788625081380206,0.9595028866848981,0.0034207499504418657,0.002590289918330237,0.00448270599432137
85.5,8.104243164062504,1.9632192516017475,-209.47265624999997,173.9597445980854,69.54927015304568,36.26432959175182,-0.040195435285568314,0.028047275740209522,8.659667968752283e-05,0.0,-0.04010883860588079,0.028047275740209522,-0.004528541564941485,0.028032231846428918,-0.0010456848144531643,0.01058797783099704,-0.9574333493248255,0.844628478830038,8.151752929687504,2.0454014641666998,-212.68066406249997,168.39288881593703,70.65111013412479,38.1697009542419,-0.01575415611267097,0.036602268785234975,-0.021023327636718738,0.010631328702585697,-0.0367774837493897,0.046779442972255086,-0.0011191940307618033,0.04667235307127591,0.0046372985839843416,0.011989048591098509,-0.6971610898460263,0.9046699031640218,0.0029780466278578176,0.002093342835757096,0.0039041085516676303
86.0,7.905605468750004,2.093679235099466,-212.71484374999997,174.3291618232225,66.89482467651374,38.159779308295576,-0.03632049083709721,0.03152980847443103,8.659667968752283e-05,0.0,-0.036233894157409685,0.03152980847443103,-0.0006716918945312883,0.031548797480766076,0.0008691406249999832,0.013248259016135633,-1.1139719858591985,0.6093545441243086,7.952617187500004,2.1750092699576817,-216.42578124999997,167.89390933524092,67.98770904541021,40.049892935428176,-0.01199481964111321,0.037064409387338244,-0.020289379882812486,0.011138236882657278,-0.032284199523925694,0.047627014090830054,0.0033662414550781825,0.04754066593071451,0.00640808105468754,0.01187297952867885,-0.6654254762164906,0.9414851396170871,0.0012920296882417432,0.0003509605964746943,0.0020755047122998555
86.5,7.704218750000003,2.22458830063427,-215.88867187499994,175.52578305774875,64.31130212783819,39.990005358538944,-0.034583207368850656,0.030774425921201113,8.659667968752283e-05,0.0,-0.03449661068916313,0.030774425921201113,0.001096954345703176,0.030793778149705752,0.001632843017578153,0.012248041903566738,-1.0007732898205455,0.664594050793465,7.751088867187503,2.3056826929447265,-220.34179687499994,167.8093365419026,65.40264913558964,41.87768883358909,-0.014230813980102577,0.03397565955325709,-0.01965797119140624,0.01158594410739203,-0.03388878517150882,0.0449280255500772,0.0018667602539062002,0.04491595608652183,0.005113372802734358,0.010233232191167736,-0.8584409771543642,0.9031582484224007,0.0007657129868717527,-0.00023325029344416432,0.0014015480710513415
87.0,7.500546875000003,2.3568178089115115,-221.34765624999994,178.0434844232752,61.81398174285892,41.77048770805596,-0.037790400981903026,0.029499959051523854,8.659667968752283e-05,0.0,-0.0377038043022155,0.029499959051523854,-0.0020855712890624485,0.029518103038376466,-5.523681640622188e-05,0.011030074033754327,-0.7464724098330157,0.8959178452695118,7.5462597656250034,2.4359163374064114,-225.52734374999994,170.80321342607928,62.88074146270756,43.61579224507997,-0.012591762542724646,0.03663132821162697,-0.018883740234374988,0.012116109805631645,-0.03147550277709964,0.0479579845290634,0.004225463867187451,0.047891428786684204,0.005770568847656235,0.011677492499219157,-0.7385310815486614,0.6855582531866548,0.0026906306480420587,0.00163419882594374,0.0031793125477374813
87.5,7.291748046875004,2.4920082625746542,-224.24316406249997,179.08288989390124,59.38841867446903,43.50956187390738,-0.03228807449340828,0.031561439036248716,8.659667968752283e-05,0.0,-0.03220147781372076,0.031561439036248716,0.003383636474609302,0.031576994605712325,0.0026359558105468394,0.011612108281983027,-0.6141707057997376,0.9554257707620954,7.336303710937504,2.569110029634938,-228.14941406249997,172.3170664268353,60.43059110641483,45.312466550521656,-0.01284193992614747,0.035860397611580656,-0.018269726562499984,0.012553774011157474,-0.031111666488647455,0.04802599983665236,0.004728317260742167,0.048035108715432234,0.005546569824218747,0.011815483967594662,-0.7398111836893513,0.5019521127901296,0.0002420463602402314,-0.0008727684818338891,0.0005802325803721355
88.0,7.080390625000004,2.6280491579704086,-224.921875,178.75414863520476,57.053612670898474,45.1837495442131,-0.03111368179321289,0.030991264010163447,8.659667968752283e-05,0.0,-0.031027085113525366,0.030991264010163447,0.0045397949218750015,0.030974960165444605,0.0031066894531250025,0.011168156184958223,-0.4220019075976169,0.9642202799263809,7.1240625000000035,2.703623057439543,-228.515625,172.52849841018113,58.076663818359414,46.953586441614284,-0.011536560058593786,0.0381248498534056,-0.017518383789062487,0.013070725210437981,-0.02905494384765627,0.05069044283617704,0.006647949218749958,0.050607323562863994,0.006031494140624986,0.012202896699711375,-0.7582088728328975,0.49901257390932136,1.932092304316054e-05,-0.001154698521295284,0.0002039007393523568
88.5,6.868666992187504,2.7643017699822483,-227.36816406249997,178.88836094068859,54.83889560699467,46.7891481307976,-0.03026721239089967,0.031029053223110597,8.659667968752283e-05,0.0,-0.030180615711212146,0.031029053223110597,0.005356903076171867,0.031032959511528936,0.0034436035156249975,0.011125043919160494,-0.4244875963473392,0.8899504549627311,6.9114550781250035,2.8383475172274926,-230.82519531249997,172.8921614215359,55.84312614440921,48.526426719258936,-0.007180879116058374,0.037656253112126066,-0.01684913330078124,0.013509975155838903,-0.024030012416839608,0.05080799434245574,0.01165988922119137,0.05073558234122821,0.008065032958984362,0.012080111699184822,-0.6639358769485854,0.5832550358589955,-5.5925009660872434e-05,-0.0012917055988342797,-3.305983066713837e-05
89.0,6.655390625000003,2.9014510838199423,-228.96484375,178.5390257074389,52.73354526519779,48.33140941594724,-0.032939701080322195,0.030864981311500853,8.659667968752283e-05,0.0,-0.03285310440063467,0.030864981311500853,0.0026937866210938162,0.030900535040587197,0.002040710449218784,0.00976044131507515,-0.5276880508814045,0.6389738281197745,6.697294921875003,2.9739684486248303,-232.44140625,172.4946692928458,53.71915294647221,50.036466610267794,-0.0038004255294799612,0.03681816782116869,-0.016218945312499983,0.013915395983904495,-0.020019370841979946,0.05012823802048802,0.015631790161132825,0.050066339035965864,0.009595642089843764,0.011044311165051989,-0.4668481644494961,0.7534170994845039,0.001607516299805929,0.00031057654681744973,0.0014695277753618329
89.5,6.441044921875002,3.0391499587627337,-229.7265625,177.2302560503369,50.74367227554323,49.805965101532415,-0.03379608511924748,0.03001240370124078,8.659667968752283e-05,0.0,-0.03370948843955996,0.03001240370124078,0.0018662261962890184,0.030056513270535087,0.0015536499023437282,0.009078922513895181,-0.2816014967876164,0.5671645326887108,6.482094726562502,3.110189846854869,-233.017578125,171.49671033145356,51.71110044479373,51.47957965608713,-0.0026568913459777393,0.03482083884073065,-0.015664746093749987,0.014276944675425831,-0.01832163743972772,0.04816782840786341,0.01734043121337894,0.0481526282166418,0.009976959228515648,0.009389315214656717,-0.24404138951868945,0.8910730303780512,0.0023637410775637357,0.0010041821972228086,0.00205986087400204
90.0,6.226171875000002,3.175929478638291,-230.2734375,176.26528409876394,48.8694591522217,51.1865836640364,-0.029953980445861842,0.028639835800736632,8.659667968752283e-05,0.0,-0.02986738376617432,0.028639835800736632,0.005717468261718721,0.02866102274243482,0.003408813476562486,0.009891070037248598,0.8301423701928754,1.7763170896383955,6.266699218750003,3.2460729539115536,-233.59375,170.49875137006134,49.82596015930178,52.841520659875265,-0.002793359756469749,0.03240069631602475,-0.015147778320312489,0.014631093247530064,-0.017941138076782236,0.04627655521544591,0.01776580810546872,0.046323883338295894,0.009704589843749991,0.008604892096676933,0.3141675517831576,0.6712967039956635,0.0007859395917928268,-0.0006375932461874646,0.00031139136518752437
90.5,6.011298828125003,3.3127100071967677,-230.00732421875003,174.83757551879845,47.1225787162781,52.49371174988966,-0.02728311300277711,0.028204216244627767,8.659667968752283e-05,0.0,-0.027196516323089587,0.028204216244627767,0.008380584716796865,0.028204131388721958,0.0046482849121093715,0.010402342697081537,1.9215596805919368,3.3370732824321587,6.050922851562502,3.3812963931802007,-233.35693359375003,169.03141340564144,48.059532642364516,54.11501596497015,-0.004010708332061762,0.03412287032559005,-0.014569470214843736,0.015048142834679677,-0.018580178546905496,0.04842538749663506,0.01702911376953125,0.04840951664228411,0.008904724121093756,0.010060507226620378,1.5916731807735625,1.732590272751575,-0.00017175420984502946,-0.001659797629496283,-0.000819446544240327
91.0,5.796733398437501,3.4493138235293133,-226.76757812500003,171.6997561306963,45.505183687210106,53.7261037676988,-0.026067343950271583,0.027143056929863314,8.659667968752283e-05,0.0,-0.02598074727058406,0.027143056929863314,0.009610290527343772,0.027142641380152873,0.005125122070312512,0.010845414371311575,2.8947224428048175,5.012660378758685,5.835454101562503,3.516342229582836,-230.14648437500003,165.84724773645354,46.42259053230288,55.31375283554926,-0.007171492576599132,0.03626083381194862,-0.014119335937499984,0.015391191227658254,-0.021290828514099115,0.050456570952354195,0.014343109130859356,0.05044133541840859,0.007182006835937496,0.010738437535580415,2.957194990767211,3.3288783825480794,-0.0003596993772636446,-0.001913353125548333,-0.001184642871367923
91.5,5.585280761718752,3.5830428339546523,-224.40429687500003,169.80552432685738,44.03717981815339,54.84828506396615,-0.027104740738868698,0.030214332316422548,8.659667968752283e-05,0.0,-0.027018144059181175,0.030214332316422548,0.008526611328125017,0.03016993407353352,0.004471435546875009,0.009553369861680408,2.522898640110212,4.710743991608332,5.623566894531253,3.6493202611883504,-228.12988281250003,163.35235033297297,44.94548643589021,56.42020718592139,-0.008895928859710706,0.037164159393170915,-0.013669201660156234,0.015734239620636827,-0.02256513051986694,0.051862350816702985,0.01308723449707029,0.051855660750405014,0.006155700683593745,0.011780751634391807,3.875458751802983,5.258472974935199,0.0005924856813770505,-0.0010283938822835603,-0.00041531998801678507
92.0,5.3762109375000025,3.715216521246594,-220.85937500000003,167.11804924307998,42.717252960205094,55.881280161872766,-0.028380341529846177,0.029740738984488344,8.659667968752283e-05,0.0,-0.028293744850158654,0.029740738984488344,0.007273559570312515,0.029712944965767967,0.0037316894531250083,0.008821557817827787,1.998738342231765,3.3048770226910427,5.413593750000002,3.7799302545803912,-224.88281250000003,160.14704146545049,43.60548934936524,57.4184449649826,-0.009887237548828129,0.03697067878610647,-0.013355786132812481,0.015958886102941754,-0.023243023681640614,0.05211632132141911,0.012491455078124991,0.05216991121024158,0.0055310058593749985,0.01101839713799038,3.131853674953041,4.276416288218881,0.001627578817255432,-5.941958496696539e-05,0.0004390402075165129
92.5,5.170458984375002,3.8454747159208758,-216.18652343750003,163.7813356861865,41.53651399612428,56.83391725997269,-0.028372046351432804,0.02868501904723892,8.659667968752283e-05,0.0,-0.02828544967174528,0.02868501904723892,0.007320404052734375,0.028670427747675864,0.003675079345703125,0.008009844869513724,1.765045099880792,1.8554895960954276,5.206909179687502,3.908573930527316,-220.50781250000003,156.29052208922292,42.404006099700936,58.335155075068435,-0.008087444305419956,0.038422617804812466,-0.012916943359374981,0.01625383371970916,-0.02100438766479494,0.054076952368725124,0.014641380310058558,0.05409286373434065,0.006277465820312484,0.011788538314435366,2.2325089469655506,3.18429279152936,0.001992548151677452,0.00023710331320043142,0.0006156067103111531
93.0,4.968974609375001,3.973246466973339,-210.46386718750003,159.6583947907313,40.494437904357916,57.70621297958539,-0.029373147115111336,0.027139491267446532,8.659667968752283e-05,0.0,-0.029286550435423813,0.027139491267446532,0.006343841552734389,0.02712941656351907,0.0030615234375000085,0.007048639727807374,1.0529221799267052,1.124131019602647,5.004501953125002,4.034748080908762,-215.00488281250003,151.78279220429025,41.34130786895753,59.1717376171208,-0.011581535339355435,0.03724059538888886,-0.01256049804687498,0.016501209140223756,-0.02414203338623041,0.053199534445788156,0.011460342407226591,0.05321233370440816,0.004361877441406269,0.010670440913806176,1.3024079777420838,2.1356497938114147,0.002927498456031397,0.0011012981855256273,0.001354482100575309
93.5,4.772458496093751,4.0975275566925555,-204.17114257812503,154.7515010551024,39.583077855110176,58.489493164911316,-0.029287039749324333,0.02643609454234049,8.659667968752283e-05,0.0,-0.02920044306963681,0.02643609454234049,0.006421966552734364,0.026423035746074627,0.00300918579101562,0.007618197629353655,-1.1707066211390278,3.8817657090167654,4.807009277343751,4.15734057349233,-208.73657226562503,146.83316947416483,40.407636265754704,59.91645904933799,-0.012488794326782241,0.037018339414621154,-0.012355114746093729,0.01668462638577625,-0.02484390907287597,0.05303437334984484,0.010859527587890608,0.053081972130537156,0.0038008117675781203,0.010288340904170573,-0.2960257669152496,1.0466351352607879,0.00329967606582613,0.001403521554695464,0.0015317626084024223
94.0,4.581860351562502,4.218392148640597,-197.03613281250003,149.35838000359908,38.80320288181305,59.19686599295723,-0.027702531814575205,0.025200539190407354,8.659667968752283e-05,0.0,-0.027615935134887682,0.025200539190407354,0.007982177734374988,0.025162330419790473,0.0037310791015624963,0.0074254324317889935,-3.6424095425017793,7.2628717574677,4.6151806640625015,4.27607654669967,-201.62597656250003,141.39725318234403,39.59952459812165,60.575004893379045,-0.010118598937988284,0.03786693346370222,-0.01215949707031248,0.016880729550329487,-0.02227809600830076,0.053935200842526926,0.013504638671874996,0.053972287405034326,0.004894409179687501,0.010790386733979905,-2.3720516035886146,4.7885287362957465,0.002904480801465386,0.0009373848944622138,0.0009377476230123594
94.5,4.397854003906251,4.335451183760565,-188.77319335937503,143.31414099480384,38.14843811035156,59.83201142985706,-0.02849052906036373,0.024916315503400684,8.659667968752283e-05,0.0,-0.028403932380676206,0.024916315503400684,0.0071978759765625394,0.02486951243117321,0.0032333374023437705,0.00650804616289949,-6.0798630625496966,10.698634857430703,4.429943847656251,4.391006744206785,-193.38745117187503,135.31012638181818,38.91652313232422,61.16131832871192,-0.009902868270874008,0.037693754095574517,-0.011919934082031229,0.017102204552884224,-0.021822802352905235,0.053751571554487766,0.01394813537597658,0.05373313513862785,0.0048620605468750085,0.010529662480248893,-4.430565401112979,8.747180788248293,0.0037410681618785108,0.0017009288216381295,0.0015683904362096795
95.0,4.221057128906251,4.447559001746607,-179.38232421875003,136.618804912468,37.604731357097634,60.38506229078986,-0.034044814109802236,0.025976678763360666,8.659667968752283e-05,0.0,-0.033958217430114714,0.025976678763360666,0.0016700744628906335,0.025975265136656545,0.0003433227539062539,0.005992646725389189,-7.3910152995504,12.928894351698807,4.252160644531251,4.501408068630633,-183.92333984375003,128.74093465926387,38.35006407499314,61.67501964909762,-0.010898494720459012,0.03652735059714726,-0.01176337890624998,0.017268707239769046,-0.02266187362670899,0.05270255421206999,0.013170623779296847,0.05267633506396607,0.0042358398437499865,0.009481402419945347,-6.387840200971192,12.224057927561352,0.006973995294545552,0.004860438283803447,0.004593152491511096
95.5,4.05256103515625,4.554389292289631,-168.90197753906256,129.29459823234595,37.16743638515473,60.86557714500223,-0.03430722951889039,0.02610891757089372,8.659667968752283e-05,0.0,-0.03422063283920287,0.02610891757089372,0.0013462829589843655,0.026092642239777922,0.00020919799804687013,0.007925917239723976,-8.098045356901729,14.375819700957909,4.082409667968751,4.60606690038681,-172.89123535156256,122.37154616097133,37.8835170507431,62.10493774245782,-0.006685056686401326,0.03866295865334465,-0.011463696289062478,0.017483310702865046,-0.018148752975463804,0.05551337285494982,0.01754356384277348,0.05544310550335391,0.006285247802734395,0.011512382028004203,-7.381296332899608,13.608769478265497,0.0074497446829567,0.005263533357648983,0.004861762406363557
96.0,3.8946484375000003,4.6551093681754985,-158.11035156250003,121.79079903158589,36.84178428649902,61.28163890047335,-0.03158817291259766,0.026086903519594692,8.659667968752283e-05,0.0,-0.03150157623291014,0.026086903519594692,0.0040704345703124895,0.026037259192218484,0.0015795898437499952,0.008914692875657935,-8.88579760953823,15.777937219298197,3.9232421875000005,4.7046153478242925,-161.54785156250003,115.82244047683486,37.52861289978027,62.47039879287256,-0.014669876098632776,0.034927646462784574,-0.011319653320312477,0.017608055573039072,-0.025989529418945254,0.0519146826872775,0.009724731445312534,0.05187920035956812,0.0021350097656250193,0.010275969030230196,-8.152388514894493,15.100933218756854,0.006430667640291784,0.0041702284467474175,0.0036299140280612115
96.5,3.747009887695313,4.7497965729345415,-145.25512695312503,113.09587374372028,36.6067355927825,61.64306360400675,-0.028615155220031753,0.027687119059342548,8.659667968752283e-05,0.0,-0.02852855854034423,0.027687119059342548,0.007055435180664047,0.02767040306587854,0.002987365722656242,0.009437472763203798,-9.619806735387783,17.231674532847286,3.774392700195313,4.7972066991310065,-148.14086914062503,108.08191556654474,37.265324841439735,62.78296526754971,-0.014996042251586916,0.0359442443134356,-0.011175610351562476,0.0177328004432131,-0.026171652603149395,0.05301454413792363,0.009496994018554684,0.05296165642849459,0.0018663024902343746,0.009782167336784563,-8.825529052383171,16.636969556693433,0.005376189957396341,0.003041591808472806,0.002361707769470782
97.0,3.6105017089843754,4.836884828371412,-131.68945312500003,103.99105105045284,36.43815906345844,61.93891423781444,-0.028861672878265382,0.028265897380738744,8.659667968752283e-05,0.0,-0.02877507619857786,0.028265897380738744,0.006810760498046874,0.02826434903494845,0.0027761840820312495,0.00857733011275915,-10.541744032106218,18.568737735060594,3.637181396484376,4.88307874200699,-134.02343750000003,99.93121260856375,37.0804578000307,63.05066059162607,-0.01516254425048828,0.03335509405301523,-0.011157910156249977,0.01778460127913282,-0.026320454406738254,0.05070687758241248,0.009418258666992188,0.05068896038609567,0.001702575683593751,0.008110853859437661,-9.612676574911578,18.112919413547164,0.0059433502973359024,0.003534509097286854,0.002713757234190302
97.5,3.486257934570313,4.916892354755768,-117.34924316406253,94.43943923760122,36.336258430778976,62.19627259960288,-0.032978484034538263,0.02699169758233899,8.659667968752283e-05,0.0,-0.03289188735485074,0.02699169758233899,0.0027057647705078206,0.02698212916552919,0.0006202697753906288,0.006602412920622695,-11.417146468218128,19.935671778354703,3.5122344970703128,4.961869927760723,-119.13146972656253,91.33333100580639,36.96231624633073,63.27994646306943,-0.012695789337158217,0.03196325381995481,-0.011070629882812478,0.017876574191888255,-0.02376641921997069,0.04949719966296175,0.011967277526855464,0.04945707524362629,0.0028808593749999945,0.007891075055346261,-10.380004210905629,19.609997803950016,0.00845790826108327,0.0059747364764837834,0.005011828077109077
98.0,3.3749267578125,4.989444905930662,-101.91040039062503,84.254132227135,36.28965949773789,62.42170537359865,-0.03408697366714479,0.02752264781138274,8.659667968752283e-05,0.0,-0.03400037698745727,0.02752264781138274,0.001588439941406231,0.027515737786175602,1.8920898437490273e-05,0.006787741844292827,-12.11582651782982,21.40962234511904,3.4002001953125,5.033206021781682,-103.14086914062503,82.10115345301159,36.899476392269136,63.47730388333995,-0.011860504150390621,0.03044537320813435,-0.011010815429687477,0.017952689705892744,-0.022871319580078098,0.04784573246390718,0.01288070678710938,0.04779830684726584,0.0032531738281250024,0.00690151595639095,-11.27692378206412,21.025114225816843,0.009424002168581743,0.006865676748022385,0.0057579726513549475
98.5,3.2771194458007815,5.053501764546465,-546.7980957031245,726.8412173758959,36.28063177727162,62.60930801107126,-0.032307665348052975,0.02846133784758434,8.659667968752283e-05,0.0,-0.03222106866836545,0.02846133784758434,0.0033530426025390634,0.02846160308008572,0.0008880615234375009,0.007517376033517555,-12.730527029726627,22.92675279360555,3.3019876098632817,5.096562144171213,-436.9738769531235,535.3901825480914,36.88128595970571,63.64908557040671,-0.013487987518310545,0.03063879935423981,-0.010965649414062478,0.018020347940563407,-0.02445363693237302,0.04743152226498955,0.01132755279541016,0.04740384211253657,0.002376403808593751,0.006658186040807698,-12.321811458725502,22.355738486716085,0.008921639510933051,0.006288195585111519,0.00503466175739951
99.0,3.193790893554687,5.1086129451239914,-1384.2575073242185,2217.323139752495,36.29996555671096,62.76676210649001,-0.03249977707862854,0.02649029338836289,8.659667968752283e-05,0.0,-0.03241318039894102,0.02649029338836289,0.0031652832031249995,0.02650488869203275,0.0007415771484374999,0.006227356154142697,-13.449625402063777,24.381297030535222,3.2185076904296874,5.151412357870742,-1319.1793823242176,2104.4644601343934,36.89755794867874,63.80128751709749,-0.01525276184082031,0.03279297938147536,-0.010863720703124977,0.018120778132652664,-0.026116482543945288,0.04940367823070119,0.009625778198242192,0.04936657857096533,0.0014251708984375025,0.007589530988444317,-13.301497155969823,23.725994930176654,0.009438022412321992,0.006729254590374733,0.005328433447531117
99.5,3.1258262634277347,5.1548538525222,-2220.8083724975586,3709.2871395182015,36.34392362261191,62.910001918186595,-0.031387116312980655,0.022953941963045774,8.659667968752283e-05,0.0,-0.03130051963329313,0.022953941963045774,0.004259262084960937,0.022996600459788387,0.0012965393066406245,0.005859338519857013,-14.34106486104865,25.73926850669243,3.1503916931152345,5.197392206998976,-2200.476341247558,3674.063287256878,36.938454224113386,63.939272625371046,-0.01898242950439453,0.032053439709377,-0.010860668945312478,0.018164121689238557,-0.02984309844970701,0.04899918908228469,0.005941886901855471,0.04896964666022138,-0.00045593261718749993,0.006534821291386625,-14.06499444465818,25.223550603250484,0.009257072128414826,0.006472552613959673,0.004922601380222024
100.0,3.074005126953125,5.191774393534116,-3056.4956665039062,5201.883467389154,36.40402887389064,63.04392161834376,-0.028924942016601562,0.01795759682169086,8.659667968752283e-05,0.0,-0.02883834533691404,0.01795759682169086,0.00677490234375,0.018027598998142193,0.002532958984375,0.00698039152063172,-15.258632061920546,27.08544836226731,3.098419189453125,5.234051605721368,-3080.9097290039062,5244.16069742509,36.995497684925795,64.0679351518201,-0.020092010498046875,0.03286056991505906,-0.010716625976562477,0.018288866559412583,-0.030808636474609352,0.05024429145522505,0.004913330078125,0.05018458678542145,-0.001068115234375,0.007954206378168882,-14.652444432665453,26.820214810359257,0.008393108977958658,0.005533601804881438,0.003834916136815719
