phase_pct,baseline_omega_mean,baseline_omega_std,baseline_alpha_mag_mean,baseline_alpha_mag_std,baseline_omega_sq_mean,baseline_omega_sq_std,baseline_sp_feedback_mean,baseline_sp_feedback_std,baseline_turn_ff_mean,baseline_turn_ff_std,baseline_required_turn_voltage_mean,baseline_required_turn_voltage_std,baseline_motor_voltage_delta_mean,baseline_motor_voltage_delta_std,baseline_speed_error_mean,baseline_speed_error_std,baseline_acceleration_mean,baseline_acceleration_std,trial_omega_mean,trial_omega_std,trial_alpha_mag_mean,trial_alpha_mag_std,trial_omega_sq_mean,trial_omega_sq_std,trial_sp_feedback_mean,trial_sp_feedback_std,trial_turn_ff_mean,trial_turn_ff_std,trial_required_turn_voltage_mean,trial_required_turn_voltage_std,trial_motor_voltage_delta_mean,trial_motor_voltage_delta_std,trial_speed_error_mean,trial_speed_error_std,trial_acceleration_mean,trial_acceleration_std,predicted_speed_error_unconstrained,predicted_speed_error_constrained,predicted_speed_error_conservative
0.0,0.051849365234375,0.0,63.262939453125,0.0,0.002688356675207615,0.0,-0.010381062825520834,0.01046816197130868,6.40869140625111e-05,0.0,-0.010316975911458323,0.01046816197130868,0.024983723958333332,0.010499150812031257,-0.0030110677083333335,0.007583657394024572,0.38048567101301817,0.5834049961030155,0.051849365234375,0.0,63.262939453125,0.0,0.002688356675207615,0.0,-0.007929484049479166,0.01635299372794793,-0.006283569335937489,0.0,-0.014213053385416655,0.01635299372794793,0.021240234375,0.01629185226542844,-0.004597981770833333,0.007091877776611074,0.5966459213529451,0.8876080928470367,0.0047607421875,0.0047607421875,0.0047607421875
0.5,0.11163284301757813,0.0,85.49789428710938,0.0,0.012669905959628523,0.0,-0.010729535420735676,0.01047417430178334,6.40869140625111e-05,0.0,-0.010665448506673164,0.01047417430178334,0.02465688069661458,0.010555118455852885,-0.0031648763020833332,0.007398139298617236,0.7957509477284871,0.625894658918581,0.11163284301757813,0.0,85.49789428710938,0.0,0.012669905959628523,0.0,-0.0018348185221354167,0.015029282757243164,-0.00835998535156249,0.0,-0.010194803873697906,0.015029282757243164,0.025085449218750003,0.014987583041902258,-0.0014449055989583333,0.005932023285981668,1.2713959759858215,0.5605669182094606,0.004914550781250001,0.004914550781250001,0.004914550781250001
1.0,0.192357177734375,0.0,106.673583984375,0.0,0.03773874983191491,0.0,-0.009573987325032554,0.017075200098734502,6.40869140625111e-05,0.0,-0.009509900410970043,0.017075200098734502,0.025742390950520833,0.01718534897459588,-0.0025581868489583334,0.01049114151985668,1.0436205504564902,0.8829901911152341,0.192357177734375,0.0,106.673583984375,0.0,0.03773874983191491,0.0,-0.006165313720703124,0.012068485181295966,-0.01065368652343749,0.0,-0.016819000244140615,0.012068485181295968,0.018682047526041665,0.012048385803828969,-0.003615315755208334,0.0047862928256039525,1.4109525999174526,0.5790285768567995,0.004307861328125,0.004307861328125,0.004307861328125
1.5,0.29302856445312503,0.0,126.866455078125,0.0,0.08750657707452775,0.0,-0.006715869903564453,0.011172262178857754,6.40869140625111e-05,0.0,-0.0066517829895019415,0.011172262178857754,0.02868194580078125,0.011251388839089509,-0.0010550944010416666,0.0077162611312568945,0.7699971469502808,0.5629292619798127,0.29302856445312503,0.0,126.866455078125,0.0,0.08750657707452775,0.0,-0.00783587137858073,0.011932551958223066,-0.012553100585937489,0.0,-0.020388971964518218,0.011932551958223068,0.0149749755859375,0.011893952125394394,-0.0043819173177083335,0.00472086311475715,1.1349454107632784,0.5273676580115412,0.002804768880208333,0.002804768880208333,0.002804768880208333
2.0,0.41272460937500005,0.0,145.986328125,0.0,0.1732582235336304,0.0,-0.008879547119140626,0.01042057059429229,6.40869140625111e-05,0.0,-0.008815460205078115,0.01042057059429229,0.026458740234375,0.010471151346960307,-0.0020743815104166674,0.006906033851536027,0.5268040607396106,0.510570374949196,0.41272460937500005,0.0,145.986328125,0.0,0.1732582235336304,0.0,-0.010902048746744794,0.012247988465080021,-0.01439880371093749,0.0,-0.02530085245768228,0.012247988465080023,0.009976806640625,0.012213377805747994,-0.005840657552083334,0.005648730636079138,0.7067510668584873,0.7345556389657558,0.0038240559895833335,0.0038240559895833335,0.0038240559895833335
2.5,0.550439453125,0.0,163.8427734375,0.0,0.3074929237365722,0.0,-0.015642944971720377,0.011014284012422305,6.40869140625111e-05,0.0,-0.015578858057657866,0.011014284012422305,0.01969426472981771,0.010980322588651373,-0.005450439453125001,0.0058605341294612435,0.577944123476345,0.4212855498781795,0.550439453125,0.0,163.8427734375,0.0,0.3074929237365722,0.0,-0.01913758118947347,0.01708355315697396,-0.016244506835937488,0.0,-0.035382088025410964,0.01708355315697396,-1.144409179687529e-05,0.016982331851296887,-0.009883626302083334,0.006797368980473344,0.6015709415367698,1.0526765348560612,0.007200113932291666,0.007200113932291666,0.007200113932291666
3.0,0.704990234375,1.1102230246251565e-16,180.72265625,0.0,0.5033219814300538,0.0,-0.018776175181070963,0.008663112334658173,6.40869140625111e-05,0.0,-0.018712088267008452,0.008663112334658173,0.016546325683593748,0.008638118755440877,-0.0069189453125,0.0046199610212121186,0.5650717284018031,0.7662249708726603,0.704990234375,1.1102230246251565e-16,180.72265625,0.0,0.5033219814300538,0.0,-0.020590130488077795,0.02039262285649264,-0.01792663574218749,0.0,-0.038516766230265294,0.020392622856492647,-0.0031355794270833334,0.020287690229314682,-0.010371500651041666,0.008108756188964495,0.5616069043803484,0.7791435825703248,0.008668619791666667,0.008668619791666667,0.008668619791666667
3.5,0.8754541015625001,0.0,196.1328125,0.0,0.7746575212478639,0.0,-0.018459879557291666,0.0060838761931493275,6.40869140625111e-05,0.0,-0.018395792643229155,0.0060838761931493275,0.016851501464843748,0.006155091214668926,-0.0066046142578125,0.004804154175205596,0.3405875537223218,0.6328292834540946,0.8754541015625001,0.0,196.1328125,0.0,0.7746575212478639,0.0,-0.015740439097086584,0.022216692797496704,-0.01954162597656249,0.0,-0.03528206507364907,0.022216692797496707,9.897867838541945e-05,0.022122714213397926,-0.0077262369791666645,0.009218847459252786,0.25399896463129285,0.4879117693972109,0.008354288736979167,0.008354288736979167,0.008354288736979167
4.0,1.06046875,0.0,210.3515625,0.0,1.1346628570556643,0.0,-0.01581166585286458,0.012010782693385081,6.40869140625111e-05,0.0,-0.01574757893880207,0.012010782693385081,0.019512532552083336,0.012116477906725818,-0.005167643229166666,0.007979349139246115,-0.08456712558274865,0.5230170125608266,1.06046875,0.0,210.3515625,0.0,1.1346628570556643,0.0,-0.013113988240559897,0.019829622759920253,-0.02115661621093749,0.0,-0.03427060445149739,0.019829622759920253,0.0011592610677083313,0.019706796011031653,-0.006324869791666667,0.00795664081251261,0.013995878253691548,0.5138654542260978,0.006917317708333332,0.006917317708333332,0.006917317708333332
4.5,1.2588964843750003,2.220446049250313e-16,223.701171875,0.0,1.5965694046020509,0.0,-0.015848042170206706,0.013668880700067847,6.40869140625111e-05,0.0,-0.015783955256144195,0.013668880700067847,0.019514160156249998,0.013749355043426496,-0.005114949544270835,0.008244531982522896,-0.4116660046225473,0.7941628216414564,1.2588964843750003,2.220446049250313e-16,223.701171875,0.0,1.5965694046020509,0.0,-0.013802121480305988,0.01818176762212313,-0.022648315429687486,3.469446951953614e-18,-0.03645043690999348,0.018181767622123132,-0.0009497070312500007,0.0180612004864742,-0.006532999674479167,0.007322517516746804,0.022961217114042403,0.8623475653546033,0.006864624023437499,0.006864624023437499,0.006864624023437499
5.0,1.469921875,0.0,235.302734375,0.0,2.17381649017334,4.440892098500626e-16,-0.016533056894938152,0.013983425377185044,6.40869140625111e-05,0.0,-0.01646896998087564,0.013983425377185044,0.018815612792968752,0.014031612589927684,-0.005391438802083333,0.008067455290242392,-0.20597112577093069,0.9591964043109138,1.469921875,0.0,235.302734375,0.0,2.17381649017334,4.440892098500626e-16,-0.018118604024251302,0.01774835436673717,-0.02392272949218749,0.0,-0.042041333516438795,0.01774835436673717,-0.006553649902343749,0.017664828230697916,-0.008512369791666667,0.007223818375401257,0.38666032318375604,1.0305801520898417,0.00714111328125,0.00714111328125,0.00714111328125
5.5,1.6919580078125003,2.220446049250313e-16,246.2255859375,0.0,2.8766261148452763,0.0,-0.015100199381510417,0.01263012401741082,6.40869140625111e-05,0.0,-0.015036112467447906,0.01263012401741082,0.020218556722005208,0.012657215940316177,-0.004559326171875,0.0077588115009217876,0.6172956749738986,0.7449737702892616,1.6919580078125003,2.220446049250313e-16,246.2255859375,0.0,2.8766261148452763,0.0,-0.02213386615117391,0.018388844793507303,-0.02507629394531249,3.469446951953614e-18,-0.0472101600964864,0.01838884479350731,-0.011827367146809898,0.018336396788529115,-0.010371500651041666,0.007512126386742201,1.0042647307662032,0.8507251338802272,0.006309000651041667,0.006309000651041667,0.006309000651041667
6.0,1.9242187500000003,0.0,256.5625,0.0,3.717084503173829,0.0,-0.01595108032226563,0.01155183161604651,6.40869140625111e-05,0.0,-0.01588699340820312,0.01155183161604651,0.019401041666666664,0.011598858173830351,-0.004852701822916668,0.007013397960247229,1.600718346323822,0.7162866051258614,1.9242187500000003,0.0,256.5625,0.0,3.717084503173829,0.0,-0.021662956873575844,0.023273451074985817,-0.02622985839843749,0.0,-0.047892815272013334,0.023273451074985817,-0.012557474772135419,0.023234145037693384,-0.0099560546875,0.009947710018441561,1.439549491307312,0.8885503024969,0.006602376302083334,0.006602376302083334,0.006602376302083334
6.5,2.1663867187500006,4.440892098500626e-16,263.9453125,0.0,4.707189331054688,0.0,-0.019500412940979008,0.013498244864289381,6.40869140625111e-05,0.0,-0.019436326026916497,0.013498244864289381,0.01584650675455729,0.013592669092639578,-0.006572672526041667,0.007954910130023453,2.1452650471815597,0.9658537180009105,2.1663867187500006,4.440892098500626e-16,263.9453125,0.0,4.707189331054688,0.0,-0.024110213915507005,0.02351888391185494,-0.027383422851562488,0.0,-0.051493636767069494,0.023518883911854936,-0.016081110636393236,0.023431919108536522,-0.011007080078125,0.009562883698696081,1.5674110299964807,0.8552930698532772,0.008322347005208335,0.008322347005208335,0.008322347005208335
7.0,2.4155078125,0.0,270.87890625,0.0,5.84754379272461,0.0,-0.02531948645909628,0.01585813559748778,6.40869140625111e-05,0.0,-0.02525539954503377,0.01585813559748778,0.009993286132812494,0.015891169302130484,-0.009364420572916669,0.009206222456215878,2.138841179978881,0.7584513673479563,2.4155078125,0.0,270.87890625,0.0,5.84754379272461,0.0,-0.02979299545288086,0.025423010020776005,-0.02848083496093749,0.0,-0.058273830413818346,0.025423010020776002,-0.022748489379882816,0.025365799576485257,-0.013658854166666666,0.010524280191193275,1.5999164003314421,0.7496055991229043,0.011114095052083335,0.011114095052083335,0.011114095052083335
7.5,2.6712402343750004,0.0,276.416015625,0.0,7.146473789215091,8.881784197001252e-16,-0.03389281630516053,0.016996800593344435,6.40869140625111e-05,0.0,-0.03382872939109802,0.016996800593344435,0.0014143625895182228,0.0170617938569522,-0.013424682617187503,0.009804113043209363,1.9790969528518445,0.7784925555570469,2.6712402343750004,0.0,276.416015625,0.0,7.146473789215091,8.881784197001252e-16,-0.03200186888376872,0.018291256365990556,-0.02940368652343749,0.0,-0.061405555407206214,0.01829125636599056,-0.025893465677897146,0.018223402836567416,-0.014501953125000003,0.006222460591827595,1.7897836348764085,1.1379459308852162,0.015174357096354169,0.015174357096354169,0.015174357096354169
8.0,2.932187500000001,4.440892098500626e-16,281.953125,0.0,8.60607666015625,1.7763568394002505e-15,-0.03859527587890626,0.011633198548598596,6.40869140625111e-05,0.0,-0.03853118896484375,0.011633198548598596,-0.0031892903645833423,0.011674050799987575,-0.015522460937500005,0.0068683216140722385,1.7996920072115472,0.8428957586305019,2.932187500000001,4.440892098500626e-16,281.953125,0.0,8.60607666015625,1.7763568394002505e-15,-0.035934740702311195,0.013524931898326632,-0.03029724121093749,0.0,-0.06623198191324868,0.013524931898326632,-0.030734049479166674,0.013505671138130502,-0.016152343750000003,0.00442410477312866,2.003180467535946,1.3652410980448266,0.01727213541666667,0.01727213541666667,0.01727213541666667
8.5,3.198349609375,0.0,287.236328125,0.0,10.23445001602173,0.0,-0.04451751391092935,0.013576802324384386,6.40869140625111e-05,0.0,-0.044453426996866836,0.013576802324384386,-0.009171625773111971,0.013656293335524783,-0.01815287272135416,0.008267278954579993,1.7391780447200322,0.9293806228945686,3.198349609375,0.0,287.236328125,0.0,10.23445001602173,0.0,-0.037787850697835294,0.014970860373691346,-0.03100524902343749,0.0,-0.06879309972127277,0.014970860373691348,-0.03396321614583336,0.016019819890107388,-0.01680908203125001,0.005599424756752976,1.7491326558099205,1.1053778279366109,0.01990254720052083,0.01990254720052083,0.01990254720052083
9.0,3.4696875000000005,0.0,289.08203125,0.0,12.039558563232426,0.0,-0.039389322598775235,0.013532143935589065,6.40869140625111e-05,0.0,-0.039325235684712724,0.013532143935589065,-0.004023132324218757,0.01357545136039949,-0.015312093098958339,0.007559084409504425,1.4549908641705478,0.7345667096260534,3.4696875000000005,0.0,289.08203125,0.0,12.039558563232426,0.0,-0.049063537915547684,0.015797708783643984,-0.03192565917968749,0.0,-0.08098919709523517,0.015797708783643984,-0.05388793945312501,0.03317596560936068,-0.022118326822916663,0.005860373630901323,1.378095103681032,1.0745796464546207,0.017061767578125005,0.017061767578125005,0.017061767578125005
9.5,3.7428515625000003,0.0,290.927734375,0.0,14.012528686523439,0.0,-0.04221600612004598,0.0138749814483219,6.40869140625111e-05,0.0,-0.04215191920598347,0.0138749814483219,-0.006897430419921875,0.013907799509981356,-0.016504109700520835,0.007755124852862899,0.9227557652850651,0.5047060000195167,3.7428515625000003,0.0,290.927734375,0.0,14.012528686523439,0.0,-0.04670669158299764,0.017167237568306525,-0.03261779785156249,0.0,-0.07932448943456012,0.017167237568306525,-0.06004028320312501,0.03811263569809643,-0.020503336588541667,0.007238107709273372,1.2830851331827848,1.066859813617429,0.0182537841796875,0.0182537841796875,0.0182537841796875
10.0,4.017773437500001,0.0,292.7734375,0.0,16.150125503540043,0.0,-0.043932040532430015,0.017280668653903465,6.40869140625111e-05,0.0,-0.043867953618367504,0.017280668653903465,-0.008622741699218752,0.017382426360302686,-0.017000325520833335,0.0095015636406522,0.897283190984365,0.5045296582792042,4.017773437500001,0.0,292.7734375,0.0,16.150125503540043,0.0,-0.05679652889569602,0.015734981306909045,-0.03330993652343749,0.0,-0.09010646541913352,0.015734981306909042,-0.0787742614746094,0.039152405885813604,-0.025187174479166675,0.006088729920752372,1.4658918284406701,1.0698504198902825,0.01875,0.01875,0.01875
10.5,4.29443359375,0.0,292.96875,0.0,18.453401565551758,0.0,-0.05179292360941568,0.018192716004997982,6.40869140625111e-05,0.0,-0.05172883669535317,0.018192716004997982,-0.016483866373697913,0.01828120366681124,-0.020625,0.009826624419658751,0.9728477495811507,0.6432153963935376,4.29443359375,0.0,292.96875,0.0,18.453401565551758,0.0,-0.04965387930472692,0.01889895845547693,-0.033795776367187495,6.938893903907228e-18,-0.08344965567191442,0.01889895845547693,-0.058994267781575516,0.03560289304656204,-0.021108805338541665,0.006883524597237782,1.1510099397672726,0.6884675203933787,0.022374674479166665,0.022374674479166665,0.022374674479166665
11.0,4.5712890625,0.0,289.8828125,0.0,20.91092300415039,0.0,-0.05802959392468134,0.013481796637384413,6.40869140625111e-05,0.0,-0.05796550701061883,0.013481796637384413,-0.02269114176432292,0.01353518302380273,-0.023338216145833337,0.0074843980403466745,1.018968891893693,0.4722144923069817,4.5712890625,0.0,289.8828125,0.0,20.91092300415039,0.0,-0.05461351394653321,0.021977165199699753,-0.03445007324218749,0.0,-0.08906358718872069,0.02197716519969976,-0.0751250712076823,0.03949792615201133,-0.023188883463541667,0.007799151068204227,0.32551609089694805,0.545934416454642,0.02501840135863306,0.02504577016702904,0.025066830396014518
11.5,4.8452734375,0.0,289.0625,0.0,23.492949523925788,0.0,-0.05501689876119296,0.012388888368267246,6.40869140625111e-05,0.0,-0.054952811847130446,0.012388888368267246,-0.019633661905924468,0.012391041777873023,-0.021402791341145828,0.00641393121207346,0.780652215893908,0.3766188173580708,4.8452734375,0.0,289.0625,0.0,23.492949523925788,0.0,-0.059041585922241215,0.019292780065252077,-0.03496276855468749,0.0,-0.09400435447692872,0.019292780065252077,-0.08357466379801433,0.03724028659728769,-0.024953409830729172,0.006649167845785431,0.1338130592280932,0.7836600339372266,0.02298998507465772,0.023053980332341593,0.023103223076327044
12.0,5.1184375,0.0,289.0625,0.0,26.21658447265625,0.0,-0.05701524734497071,0.011533181875069732,6.40869140625111e-05,0.0,-0.0569511604309082,0.011533181875069732,-0.021595865885416673,0.011593403450024197,-0.022001953125,0.0059651637196569225,0.4935339725378838,0.5054760002533057,5.1184375,0.0,289.0625,0.0,26.21658447265625,0.0,-0.0632403055826823,0.020475654637297235,-0.03542419433593749,0.0,-0.09866449991861977,0.020475654637297242,-0.082598876953125,0.04169717659368148,-0.02658203125,0.007466519117032802,0.5246993674728039,0.6891856999463912,0.02347413713507746,0.02358343390343702,0.023667530753801843
12.5,5.3916015625,0.0,284.1796875,0.0,29.088951110839847,0.0,-0.0602917472521464,0.011309388377908205,6.40869140625111e-05,0.0,-0.06022766033808389,0.011309388377908205,-0.024904251098632812,0.011387550071794475,-0.023188273111979168,0.00570625443219299,0.39200979142386844,0.5915606735662174,5.3916015625,0.0,284.1796875,0.0,29.088951110839847,0.0,-0.06524618466695149,0.016759366677832465,-0.03588562011718749,0.0,-0.10113180478413901,0.016759366677832472,-0.08760643005371094,0.03747437510556094,-0.027104695638020832,0.0056394914620825085,1.1054974891644846,0.9771579868304936,0.024524816723674167,0.024687546637819826,0.02481274711448283
13.0,5.660312500000001,0.0,281.25,0.0,32.058525390625,7.105427357601002e-15,-0.06017053286234538,0.01793285244124911,6.40869140625111e-05,0.0,-0.060106445948282856,0.01793285244124911,-0.024818572998046868,0.01796058333989075,-0.022666422526041664,0.008913610820450751,0.4964823452372395,0.7754129510837519,5.660312500000001,0.0,281.25,0.0,32.058525390625,7.105427357601002e-15,-0.06110104878743488,0.01619245827111168,-0.03634704589843749,0.0,-0.09744809468587236,0.01619245827111168,-0.08227523803710933,0.037992522088573004,-0.024530843098958324,0.006433746351007123,1.405884358154868,1.072848328094128,0.02384817176919996,0.024071889313013142,0.024243993159110737
13.5,5.926093750000001,0.0,277.2265625,0.0,35.13834472656251,0.0,-0.06097662925720216,0.022165142674372966,6.40869140625111e-05,0.0,-0.06091254234313965,0.022165142674372966,-0.025623346964518234,0.022237655412228396,-0.02264078776041667,0.010963894573339917,0.8724759805082064,0.7936571643213532,5.926093750000001,0.0,277.2265625,0.0,35.13834472656251,0.0,-0.06197741508483887,0.017692279194389232,-0.03680847167968749,0.0,-0.09878588676452636,0.01769227919438923,-0.08426517486572267,0.03995526101860012,-0.024509684244791673,0.006836752912541377,1.20548488376858,0.7770476374000437,0.023650264349515678,0.023941870003162568,0.024166166121372953
14.0,6.18828125,0.0,271.640625,0.0,38.31339721679688,0.0,-0.06388126373291017,0.018942070930995824,6.40869140625111e-05,0.0,-0.06381717681884766,0.018942070930995824,-0.02853281656901042,0.01906963874088442,-0.023680013020833335,0.009092590829118617,1.2060508935508845,0.9028062072628631,6.18828125,0.0,271.640625,0.0,38.31339721679688,0.0,-0.07194803873697918,0.0182306511501902,-0.03715759277343749,0.0,-0.10910563151041668,0.018230651150190205,-0.09486394246419272,0.03995169548423237,-0.029018554687500007,0.006083135897772549,0.9401130824470746,0.40625406601531183,0.02450108688340783,0.024866957671825295,0.02514832258591265
14.5,6.44509765625,8.881784197001252e-16,267.94921875,0.0,41.556789932250986,0.0,-0.06974161148071291,0.014551968279382547,6.40869140625111e-05,0.0,-0.0696775245666504,0.014551968279382547,-0.0344132486979167,0.014648885282895608,-0.026162923177083342,0.006660859514273522,1.400898160541715,0.89158921158375,6.44509765625,8.881784197001252e-16,267.94921875,0.0,41.556789932250986,0.0,-0.08001238981882731,0.018599030427279624,-0.03748718261718748,6.938893903907228e-18,-0.11749957243601482,0.01859903042727962,-0.10218701680501303,0.040573548678651386,-0.032490234375,0.006796267909857284,0.8321000627519236,0.9140392399618091,0.02678134670720023,0.0272271274368411,0.027569862546545556
15.0,6.6984375,8.881784197001252e-16,261.52343749999994,0.0,44.885116577148445,0.0,-0.07549870808919272,0.016220398967090183,6.40869140625111e-05,0.0,-0.0754346211751302,0.01622039896709018,-0.040173594156901034,0.016306139101123777,-0.028515625,0.007593136499684933,1.6653492178394658,0.8365447225396522,6.6984375,8.881784197001252e-16,261.52343749999994,0.0,44.885116577148445,0.0,-0.08163259824117025,0.01702298737651248,-0.03786315917968749,0.0,-0.11949575742085773,0.01702298737651248,-0.10321044921874996,0.03574103797228357,-0.03270670572916667,0.00671546007777018,0.7402421525956745,1.3748699247778442,0.028918712290196574,0.02944944342141739,0.029857371450292026
15.5,6.94599609375,8.881784197001252e-16,253.90625,0.0,48.260269546508795,0.0,-0.07646631876627605,0.019862017238181352,6.40869140625111e-05,0.0,-0.07640223185221354,0.019862017238181352,-0.041127090454101574,0.01992453780792507,-0.02844950358072917,0.009367769961258841,1.659914148622658,0.967607803663079,6.94599609375,8.881784197001252e-16,253.90625,0.0,48.260269546508795,0.0,-0.08103116671244302,0.015719939054201854,-0.038093872070312486,0.0,-0.1191250387827555,0.01571993905420185,-0.0920610555013021,0.032667649917511345,-0.0318011474609375,0.00474046646962467,0.5779244423653581,1.4857013032072797,0.028625765653546572,0.029246028490981592,0.029722603275438714
16.0,7.1859375000000005,0.0,251.09374999999997,0.0,51.64945678710938,0.0,-0.08086039225260416,0.01297844400793556,6.40869140625111e-05,0.0,-0.08079630533854165,0.01297844400793556,-0.04551025390625,0.013040476541582934,-0.030138346354166665,0.006280259737028073,1.0135667826097536,0.7367814262776292,7.1859375000000005,0.0,251.09374999999997,0.0,51.64945678710938,0.0,-0.07931551615397137,0.01650147293763761,-0.03832458496093749,0.0,-0.11764010111490886,0.01650147293763761,-0.08863850911458332,0.030062406302398766,-0.0303369140625,0.004517738103061156,0.021695697965218752,0.9078684862730124,0.03007845077606463,0.030791991054786617,0.03134000594405997
16.5,7.4237109375,0.0,240.7421875,0.0,55.12032775878907,0.0,-0.08205256779988608,0.019328475259633656,6.40869140625111e-05,0.0,-0.08198848088582357,0.019328475259633656,-0.046707483927408866,0.019420437857843288,-0.030161336263020838,0.009162798296942396,-0.04851275298052952,0.6968583092957081,7.4237109375,0.0,240.7421875,0.0,55.12032775878907,0.0,-0.08026419321695963,0.009154423354781525,-0.03855529785156248,6.938893903907228e-18,-0.11881949106852213,0.00915442335478153,-0.08504547119140626,0.012133651060292473,-0.030196533203125004,0.002344494913190996,-0.3168834339488605,0.4005301233209672,0.029856911704554207,0.030667111522463174,0.03128906113232534
17.0,7.6515625,8.881784197001252e-16,233.8671875,0.0,58.55262145996095,7.105427357601002e-15,-0.08831130981445313,0.023285539326150826,6.40869140625111e-05,0.0,-0.08824722290039062,0.023285539326150826,-0.05289916992187499,0.023350292197421928,-0.03271484375,0.010604801238932798,-0.6396033843543657,0.8012943549123629,7.6515625,8.881784197001252e-16,233.8671875,0.0,58.55262145996095,7.105427357601002e-15,-0.08187950134277343,0.014328647719741206,-0.03878601074218749,0.0,-0.12066551208496092,0.01432864771974121,-0.09264081319173174,0.02945595888197218,-0.030400797526041672,0.0035345810948627493,-0.0036796563896139326,0.4692350848351531,0.032158374360621536,0.03306829510572346,0.03376640666744506
17.5,7.87275390625,8.881784197001252e-16,229.58984374999997,0.0,61.98393898010255,0.0,-0.08888206481933592,0.01095046232296733,6.40869140625111e-05,0.0,-0.0888179779052734,0.01095046232296733,-0.053526306152343724,0.011077426239017026,-0.032363891601562486,0.004335914975471534,-0.5419869708199806,0.7585760304794075,7.87275390625,8.881784197001252e-16,229.58984374999997,0.0,61.98393898010255,0.0,-0.08338394165039065,0.013860975180318822,-0.03901672363281249,0.0,-0.12240066528320315,0.013860975180318829,-0.08708699544270837,0.013734486570066215,-0.03065287272135418,0.0035677409866676337,0.3152155190729456,0.6794388314303146,0.0315513159287329,0.03256267598827608,0.033338121034502614
18.0,8.090312500000001,0.0,218.59374999999997,0.0,65.45409423828129,1.4210854715202004e-14,-0.08132837931315103,0.017774882214569982,6.40869140625111e-05,0.0,-0.08126429239908851,0.017774882214569982,-0.045958251953124994,0.017883125299107024,-0.028014322916666664,0.007397739540843637,-0.5389200372110509,1.1687916509834044,8.090312500000001,0.0,218.59374999999997,0.0,65.45409423828129,1.4210854715202004e-14,-0.08984671274820961,0.011918244602750918,-0.03924743652343749,0.0,-0.1290941492716471,0.011918244602750913,-0.09371393839518229,0.011870053952194861,-0.03328287760416666,0.0035284491339895112,0.39605698663315186,0.9408937773688564,0.02694223740268654,0.028056513416291295,0.02891025540606231
18.5,8.297031250000002,1.7763568394002505e-15,211.2109375,0.0,68.84234375,0.0,-0.08032141367594402,0.017283655965751172,6.40869140625111e-05,0.0,-0.0802573267618815,0.017283655965751172,-0.04493927001953125,0.017373176009205894,-0.02701456705729167,0.0071958185055507615,-0.46448062164614207,0.8083823868369553,8.297031250000002,1.7763568394002505e-15,211.2109375,0.0,68.84234375,0.0,-0.08710279146830241,0.023350049777845296,-0.03947814941406249,0.0,-0.1265809408823649,0.023350049777845296,-0.09116888682047526,0.023346754946498773,-0.03128336588541667,0.008567687936080256,0.07862508991658716,0.9225210951899975,0.025681264058151194,0.026899282912641306,0.027831762224549823
19.0,8.496640625,0.0,210.9375,0.0,72.19654602050781,0.0,-0.07537559509277343,0.020662050774186976,6.40869140625111e-05,0.0,-0.07531150817871092,0.020662050774186976,-0.0400323486328125,0.02072132788860986,-0.023978271484374997,0.008543871511661723,-0.7610979650774604,0.6637365106446877,8.496640625,0.0,210.9375,0.0,72.19654602050781,0.0,-0.09385770797729494,0.017051400244717404,-0.03948669433593749,0.0,-0.1333444023132324,0.017051400244717404,-0.09799423217773438,0.01700512797222322,-0.03406046549479167,0.0052833713011926735,-0.13864133370969467,0.9539408990446432,0.02238218453238067,0.023704735722742384,0.024716340843142025
19.5,8.6959765625,0.0,197.57812499999997,0.0,75.625524597168,1.4210854715202004e-14,-0.08910839080810551,0.01692394437124196,6.40869140625111e-05,0.0,-0.08904430389404298,0.01692394437124196,-0.05371902465820314,0.016972242811189746,-0.030361328125000014,0.006833544212281831,-0.924392617202674,0.5722906437123673,8.6959765625,0.0,197.57812499999997,0.0,75.625524597168,1.4210854715202004e-14,-0.08816272735595704,0.01885727669848279,-0.039695434570312486,0.0,-0.1278581619262695,0.018857276698482785,-0.09243377685546876,0.018718920889683636,-0.03058512369791666,0.005308867440534101,-0.41608026440789675,0.8313248224277744,0.028501314957139666,0.02992903989579935,0.031020021249983015
20.0,8.8828125,0.0,189.06249999999997,0.0,78.91046142578126,0.0,-0.0851313273111979,0.02084481502211466,6.40869140625111e-05,0.0,-0.08506724039713538,0.02084481502211466,-0.0497578938802083,0.0209322687235771,-0.02781575520833332,0.008722424728191723,-0.5014272836538458,0.7215454945402817,8.8828125,0.0,189.06249999999997,0.0,78.91046142578126,0.0,-0.09073740641276042,0.019741722332470905,-0.03973083496093749,0.0,-0.13046824137369792,0.019741722332470905,-0.09514261881510418,0.01963994692025003,-0.03128255208333333,0.006520926575405403,-0.8626017537150389,1.0638172221486264,0.025694595090799473,0.027226610433694787,0.028396020060597386
20.5,9.0615625,0.0,181.67968749999997,0.0,82.11859375000002,0.0,-0.08685742696126304,0.01858976810887926,6.40869140625111e-05,0.0,-0.08679334004720053,0.01858976810887926,-0.05148630777994793,0.018752026565680844,-0.028169352213541676,0.007359548635070008,-0.512793718054964,0.6728834408657517,9.0615625,0.0,181.67968749999997,0.0,82.11859375000002,0.0,-0.08795532544453938,0.01812782592743049,-0.03991271972656249,0.0,-0.12786804517110187,0.01812782592743049,-0.0924127960205078,0.018022192854398093,-0.02931233723958332,0.004520288212603954,-0.9058473197267242,1.0625013222561817,0.025789911855531665,0.0274253181859798,0.02867217243934407
21.0,9.233359375000001,0.0,168.90625,0.0,85.26183166503905,1.4210854715202004e-14,-0.08300259908040364,0.018187768824122263,6.40869140625111e-05,0.0,-0.08293851216634114,0.018187768824122263,-0.04763895670572916,0.01826935113151929,-0.025741373697916663,0.00686075420412312,-0.8568164555713457,0.553575814217787,9.233359375000001,0.0,168.90625,0.0,85.26183166503905,1.4210854715202004e-14,-0.08888722737630207,0.023521517473576132,-0.03997497558593749,0.0,-0.12886220296223957,0.023521517473576132,-0.09337753295898438,0.023509797452435956,-0.029197591145833337,0.007164941946130043,-0.9177164523844222,0.8564402871123953,0.023106603711020208,0.024844486284969124,0.026167767231026224
21.5,9.3932421875,0.0,164.0625,0.0,88.23923736572266,0.0,-0.07778021494547527,0.020575722316809125,6.40869140625111e-05,0.0,-0.07771612803141276,0.020575722316809125,-0.04244150797526042,0.02064824588453349,-0.022620239257812497,0.007849084160907207,-1.2750912824155052,0.40633744374556025,9.3932421875,0.0,164.0625,0.0,88.23923736572266,0.0,-0.0899937693277995,0.020295924822802406,-0.03997497558593749,0.0,-0.12996874491373697,0.020295924822802403,-0.09450480143229167,0.02024750153611335,-0.029190266927083333,0.0053852849424031665,-0.935201341085128,0.7653327006947186,0.019734986703126827,0.021573701473735933,0.02297180760535755
22.0,9.54828125,0.0,159.53125,0.0,91.17623168945313,0.0,-0.0784600830078125,0.02346743926355534,6.40869140625111e-05,0.0,-0.07839599609374999,0.02346743926355534,-0.0430950927734375,0.023549233261643217,-0.022509765625,0.009311196118586097,-1.4768335776636616,0.23132329413502697,9.54828125,0.0,159.53125,0.0,91.17623168945313,0.0,-0.08737350463867187,0.01928676131674824,-0.03997497558593749,0.0,-0.12734848022460935,0.01928676131674824,-0.09189748128255208,0.019232390082397077,-0.027336425781249996,0.0052543968907537006,-0.9000271646756054,0.5152244840703859,0.019382532029421345,0.021319011576988844,0.022789225840577756
22.5,9.69921875,0.0,152.14843749999997,0.0,94.0809326171875,0.0,-0.08008575439453125,0.022148569506593316,6.40869140625111e-05,0.0,-0.08002166748046874,0.022148569506593316,-0.04470901489257812,0.02222010218919176,-0.022894287109374998,0.008573789245460768,-1.3786416694741874,0.4145846051960458,9.69921875,0.0,152.14843749999997,0.0,94.0809326171875,0.0,-0.08581352233886719,0.016645638563782202,-0.03997497558593749,0.0,-0.12578849792480468,0.01664563856378221,-0.09034550984700522,0.01656747540495438,-0.0260589599609375,0.0035079036798499885,-1.0176343702955102,0.4892477683680749,0.019531065431933524,0.02156324232903875,0.02310360195879021
23.0,9.843203125,0.0,141.09374999999997,2.842170943040401e-14,96.89413635253908,0.0,-0.0769435628255208,0.024080707558605675,6.40869140625111e-05,0.0,-0.07687947591145829,0.024080707558605675,-0.04158610026041664,0.02415380625915721,-0.020902506510416655,0.009288268678235822,-1.268373147035257,0.5836628724795193,9.843203125,0.0,141.09374999999997,2.842170943040401e-14,96.89413635253908,0.0,-0.08708778381347658,0.01952671510655419,-0.03997497558593749,0.0,-0.12706275939941405,0.019526715106554186,-0.09159469604492188,0.019440996512288294,-0.026192220052083336,0.00482283036420491,-1.2006691767434008,0.6653053976180459,0.017308414394328873,0.019434579943559037,0.02104338046657118
23.5,9.9769921875,0.0,132.8125,0.0,99.54465545654297,1.4210854715202004e-14,-0.07536038716634118,0.02182106207119469,6.40869140625111e-05,0.0,-0.07529630025227867,0.02182106207119469,-0.040010426839192724,0.021910065455574012,-0.019721476236979174,0.007986935932588394,-1.2265854059677375,0.5741273952798442,9.9769921875,0.0,132.8125,0.0,99.54465545654297,1.4210854715202004e-14,-0.0852128187815348,0.0243480427804671,-0.03997497558593749,0.0,-0.12518779436747227,0.0243480427804671,-0.08968635559082028,0.024295730490356514,-0.024719238281249983,0.0070494316056254405,-1.3383119904726364,0.36780140275722,0.015907037395366717,0.018123368407860146,0.019797259562002994
24.0,10.102500000000001,0.0,129.99999999999997,0.0,102.06457031250001,0.0,-0.07540570576985675,0.015484007613285613,6.40869140625111e-05,0.0,-0.07534161885579423,0.015484007613285613,-0.040063069661458305,0.015569854470344117,-0.019371744791666656,0.00484801948546526,-1.2652232207896297,0.6969787444178359,10.102500000000001,0.0,129.99999999999997,0.0,102.06457031250001,0.0,-0.08209032694498698,0.022202014568658897,-0.039887084960937486,0.0,-0.12197741190592448,0.022202014568658897,-0.08653808593750001,0.022145819983085076,-0.022675781250000002,0.00577493683751561,-1.4545412812014369,0.4313103370208215,0.015345270858026967,0.017648823390642148,0.019385121330737734
24.5,10.225625,0.0,122.6171875,0.0,104.56671875000002,1.4210854715202004e-14,-0.07006630261739095,0.022050523546919398,6.40869140625111e-05,0.0,-0.07000221570332844,0.022050523546919398,-0.03472732543945312,0.022136468619064112,-0.01633687337239583,0.00787260340550404,-1.487520895174703,0.7472320262627696,10.225625,0.0,122.6171875,0.0,104.56671875000002,1.4210854715202004e-14,-0.08238761901855468,0.022248550684604636,-0.03973083496093749,0.0,-0.12211845397949217,0.022248550684604636,-0.08678309122721355,0.022146107576196852,-0.022430826822916666,0.005807016092441981,-1.3992160183566453,0.6448085780040208,0.012107849485455565,0.014495226959214805,0.01629088740538865
25.0,10.341796875,0.0,113.28124999999999,1.4210854715202004e-14,106.95533752441406,0.0,-0.06812191009521484,0.02470555163892124,6.40869140625111e-05,0.0,-0.06805782318115233,0.02470555163892124,-0.0327606201171875,0.02482295471292675,-0.015034993489583334,0.009210962537264654,-1.5248237141547782,0.8036689840101882,10.341796875,0.0,113.28124999999999,1.4210854715202004e-14,106.95533752441406,0.0,-0.07845401763916016,0.024646025715725196,-0.03973083496093749,0.0,-0.11818485260009763,0.0246460257157252,-0.08279164632161458,0.024503113806490603,-0.020090738932291664,0.006886108904680438,-1.2043891438422678,0.8477986647598984,0.01061456665908525,0.013081725498566487,0.014933196733658245
25.5,10.4494921875,0.0,101.5625,0.0,109.19350616455078,0.0,-0.06705206871032714,0.023381030629346523,6.40869140625111e-05,0.0,-0.06698798179626463,0.023381030629346523,-0.03165527343749999,0.023429893117513114,-0.014258626302083327,0.008160346421023897,-1.4376373409576617,0.6089285496481026,10.4494921875,0.0,101.5625,0.0,109.19350616455078,0.0,-0.07674056053161622,0.02414425582781704,-0.0396832275390625,6.938893903907228e-18,-0.1164237880706787,0.024144255827817034,-0.0809752400716146,0.024037188055744615,-0.01880777994791667,0.006562201806009669,-1.0613506231181995,0.8076070570972473,0.009655766291183338,0.012199524480623204,0.0141039126309366
26.0,10.54546875,1.7763568394002505e-15,100.46874999999999,1.4210854715202004e-14,111.20815307617188,0.0,-0.06470784505208334,0.021479188621598432,6.40869140625111e-05,0.0,-0.06464375813802083,0.021479188621598432,-0.029322509765625,0.02155754726999077,-0.01280029296875,0.007143485572395418,-1.6264422697528202,0.5927934896509264,10.54546875,1.7763568394002505e-15,100.46874999999999,1.4210854715202004e-14,111.20815307617188,0.0,-0.0765094248453776,0.021603456172100022,-0.03948669433593749,0.0,-0.11599611918131507,0.021603456172100022,-0.08067118326822914,0.02158255764207581,-0.01831787109374999,0.006732419767896784,-1.0579446053078982,0.8562767198783219,0.008026917832023103,0.010642938250376327,0.012596452849146497
26.5,10.640781250000002,1.7763568394002505e-15,93.08593749999996,0.0,113.2269091796875,1.4210854715202004e-14,-0.06450657288233437,0.026149309297322294,6.40869140625111e-05,0.0,-0.06444248596827186,0.026149309297322294,-0.029102986653645812,0.026203116141278394,-0.012477416992187488,0.009403238755247246,-1.440031559965641,0.48630335555368787,10.640781250000002,1.7763568394002505e-15,93.08593749999996,0.0,113.2269091796875,1.4210854715202004e-14,-0.07279418309529624,0.02181047797924873,-0.03946594238281249,0.0,-0.11226012547810872,0.02181047797924873,-0.07685668945312502,0.021745929821241208,-0.01616861979166667,0.005291122999948404,-1.1264047570810407,0.7011720389518016,0.007546631248589774,0.010230110687347842,0.012228601079350998
27.0,10.729140625,0.0,85.9375,0.0,115.11467346191408,1.4210854715202004e-14,-0.0603341023127238,0.02554732031727737,6.40869140625111e-05,0.0,-0.06027001539866129,0.02554732031727737,-0.024958699544270834,0.025604263570379444,-0.010084228515625,0.009221977999568845,-1.0359340095668192,1.0713271301021496,10.729140625,0.0,85.9375,0.0,115.11467346191408,1.4210854715202004e-14,-0.07477755864461265,0.026073422507617735,-0.03924255371093749,0.0,-0.11402011235555011,0.026073422507617735,-0.07869659423828125,0.026005881733036584,-0.016785074869791666,0.007162422219346565,-1.4592234886424424,0.6326732686160516,0.0050036968923297285,0.007751971671182989,0.009792937332987327
27.5,10.810351562500001,1.7763568394002505e-15,85.9375,0.0,116.86388092041015,0.0,-0.05759213368097941,0.018625968595376196,6.40869140625111e-05,0.0,-0.0575280467669169,0.018625968595376196,-0.022247823079427076,0.018735429895746652,-0.008584594726562497,0.006034592897444286,-1.3838856185047697,0.8448074246693181,10.810351562500001,1.7763568394002505e-15,85.9375,0.0,116.86388092041015,0.0,-0.07659862836201985,0.025193327141444996,-0.03924255371093749,0.0,-0.11584118207295735,0.025193327141444993,-0.08035964965820312,0.025105726376188735,-0.017438761393229165,0.007054027483432274,-1.6735785305731534,0.8987213251202693,0.003370222729004871,0.006177389140481847,0.008255829173105505
28.0,10.891562500000001,0.0,71.56249999999996,0.0,118.62667724609376,1.4210854715202004e-14,-0.05516865412394206,0.02744397376658162,6.40869140625111e-05,0.0,-0.05510456720987955,0.02744397376658162,-0.019798990885416663,0.02754347217747573,-0.007159830729166663,0.009684353252412606,-1.2693112009518368,0.8340221976749046,10.891562500000001,0.0,71.56249999999996,0.0,118.62667724609376,1.4210854715202004e-14,-0.06814557393391925,0.018740518150682554,-0.03901794433593748,6.938893903907228e-18,-0.10716351826985675,0.018740518150682554,-0.07171874999999998,0.018674207512425857,-0.012851562499999988,0.004115393192731163,-1.8074790877525289,1.2894115432898885,0.0018234672232918829,0.004685209667969545,0.006797357438151437
28.5,10.9592578125,0.0,70.3125,0.0,120.10590911865235,0.0,-0.05252614895502725,0.0170158333125011,6.40869140625111e-05,0.0,-0.05246206204096474,0.0170158333125011,-0.017198893229166658,0.017110733379175274,-0.005701904296874994,0.004389486058802913,-1.1743704700247644,0.7892491638039467,10.9592578125,0.0,70.3125,0.0,120.10590911865235,0.0,-0.0634488805135091,0.02565268792641985,-0.03899841308593749,0.0,-0.10244729359944658,0.02565268792641985,-0.06688069661458333,0.025626059079155626,-0.010268961588541658,0.0072706328216821,-2.1392580401369576,0.8878831561809629,0.0002523881067211147,0.00316557175232148,0.00530857526418157
29.0,11.025703125,0.0,63.984374999999964,0.0,121.56689025878906,1.4210854715202004e-14,-0.05553397814432782,0.020949342774955762,6.40869140625111e-05,0.0,-0.05546989123026531,0.020949342774955762,-0.02022013346354169,0.021079045417559124,-0.00714111328125001,0.006242530810130286,-1.3146190154246808,0.7094492426353658,11.025703125,0.0,63.984374999999964,0.0,121.56689025878906,1.4210854715202004e-14,-0.06273391087849936,0.02128725253091915,-0.038800659179687495,6.938893903907228e-18,-0.10153457005818683,0.02128725253091915,-0.06607869466145833,0.021218681615620325,-0.009664713541666667,0.006101416739810726,-2.248762793196388,0.6911612540656612,0.0015945758310431926,0.004553193976900423,0.00672199086865855
29.5,11.08625,0.0,56.60156249999995,0.0,122.90566162109376,0.0,-0.051071877479553184,0.022743243634610416,6.40869140625111e-05,0.0,-0.05100779056549066,0.022743243634610416,-0.015732421874999954,0.022858451538441477,-0.004762776692708311,0.007051636199919169,-1.2211619557200653,0.8356067694147391,11.08625,0.0,56.60156249999995,0.0,122.90566162109376,0.0,-0.053896064758300714,0.025081533378010393,-0.03856994628906249,0.0,-0.0924660110473632,0.025081533378010393,-0.05705413818359367,0.025005847541952113,-0.005117594401041631,0.007766934032708883,-2.262281582349954,0.6825741325799572,-0.0008688923956628423,0.0021308093104544833,0.0043216302411647305
30.0,11.139843749999999,1.7763568394002505e-15,54.6875,0.0,124.09674682617187,1.4210854715202004e-14,-0.04555048942565917,0.022107991898896295,6.40869140625111e-05,0.0,-0.045486402511596656,0.022107991898896295,-0.010272216796874987,0.022204098548368294,-0.0019002278645833253,0.0067559555628668826,-1.3237989495313744,0.8004838019706536,11.139843749999999,1.7763568394002505e-15,54.6875,0.0,124.09674682617187,1.4210854715202004e-14,-0.05554487307866416,0.022171043960166534,-0.038339233398437485,6.938893903907228e-18,-0.09388410647710166,0.022171043960166534,-0.05855305989583334,0.022061602994186153,-0.005855305989583343,0.005231059085325155,-2.04244404683859,0.44776876051076875,-0.003812674154096653,-0.0007731012477896911,0.0014384005479801507
30.5,11.1915234375,0.0,49.64843749999999,7.105427357601002e-15,125.25088165283204,0.0,-0.04790873289108278,0.022228838256466217,6.40869140625111e-05,0.0,-0.04784464597702027,0.022228838256466217,-0.012603759765625012,0.02233927625549102,-0.0030263264973958395,0.006908078357879756,-1.4737910676021109,0.5943916406322334,11.1915234375,0.0,49.64843749999999,7.105427357601002e-15,125.25088165283204,0.0,-0.051180579861005125,0.0200820417341077,-0.03826599121093749,0.0,-0.08944657107194261,0.0200820417341077,-0.05404134114583332,0.019975368917459106,-0.0035408528645833235,0.004222690817783305,-1.655798425207606,0.5412222906709069,-0.00274953153916467,0.0003230424939766061,0.002549521735269556
31.0,11.23859375,0.0,42.26562499999997,0.0,126.30652099609374,1.4210854715202004e-14,-0.04189492225646968,0.018327470037443675,6.40869140625111e-05,0.0,-0.04183083534240717,0.018327470037443675,-0.006536051432291623,0.01844958961898942,1.9531250000022135e-05,0.004457650367024869,-1.4324382079509075,0.6921048645311629,11.23859375,0.0,42.26562499999997,0.0,126.30652099609374,1.4210854715202004e-14,-0.046020770072937,0.020383769349606513,-0.03812194824218749,0.0,-0.08414271831512449,0.02038376934960651,-0.04869222005208334,0.020347318526102675,-0.000885416666666662,0.003980626772080591,-1.6443710504989768,0.8665488254241074,-0.0058457359432706685,-0.0027448211484328534,-0.0005073389596331045
31.5,11.2787109375,0.0,39.0625,0.0,127.20970001220702,1.4210854715202004e-14,-0.038401376803716046,0.01564717453315161,6.40869140625111e-05,0.0,-0.038337289889653535,0.01564717453315161,-0.003045145670572935,0.015787443959122193,0.001756998697916657,0.0035886212853622618,-1.2435882260100988,0.5735112313020396,11.2787109375,0.0,39.0625,0.0,127.20970001220702,1.4210854715202004e-14,-0.04560467163721721,0.01774685118711825,-0.03789123535156249,0.0,-0.08349590698877969,0.01774685118711825,-0.04808827718098959,0.017692955288210653,-0.0006549072265625028,0.003971449496474793,-1.6176331941712778,1.234628615208875,-0.007622407698698532,-0.0044972484226826915,-0.0022522863207163407
32.0,11.315624999999999,1.7763568394002505e-15,35.31249999999995,7.105427357601002e-15,128.04375000000002,0.0,-0.038950446446736633,0.01962548308759456,6.40869140625111e-05,0.0,-0.03888635953267412,0.01962548308759456,-0.0035782877604166497,0.01976798553175958,0.0014762369791666752,0.005282653792570206,-1.0170382460421539,0.7371002867976941,11.315624999999999,1.7763568394002505e-15,35.31249999999995,7.105427357601002e-15,128.04375000000002,0.0,-0.04175680796305333,0.015633455821072596,-0.037660522460937484,0.0,-0.07941733042399081,0.015633455821072596,-0.04408528645833327,0.015552545447360242,0.0012890625000000265,0.0024460437725285287,-1.4039717335615773,0.9204323927523366,-0.007363981168472406,-0.004220941210048454,-0.0019737518550242313
32.5,11.34921875,0.0,31.25,0.0,128.80500488281248,2.842170943040401e-14,-0.03531020482381183,0.021884226424144237,6.40869140625111e-05,0.0,-0.03524611790974932,0.021884226424144237,6.357828776043517e-05,0.02199943531295783,0.0032755533854166765,0.006035042411556312,-0.8565136510082801,0.8674602035316021,11.34921875,0.0,31.25,0.0,128.80500488281248,2.842170943040401e-14,-0.037732744216918954,0.01774779565787048,-0.03753356933593749,0.0,-0.07526631355285644,0.01774779565787048,-0.039884440104166675,0.017717808404460786,0.003276570638020829,0.002910765719900773,-1.285400627746823,0.7381777604083365,-0.00917781852059826,-0.006019719977431542,-0.003772799441840776
33.0,11.378749999999998,1.7763568394002505e-15,28.359374999999968,0.0,129.47617919921876,0.0,-0.03386221567789715,0.020891609065061715,6.40869140625111e-05,0.0,-0.03379812876383464,0.020891609065061715,0.0014768473307291512,0.02097177084233276,0.003926595052083325,0.005614414085144468,-0.6419817162004574,0.8003133444736766,11.378749999999998,1.7763568394002505e-15,28.359374999999968,0.0,129.47617919921876,0.0,-0.0377199872334798,0.017824558229841796,-0.03744323730468749,0.0,-0.0751632245381673,0.017824558229841796,-0.03967183430989582,0.01777276315795508,0.0032019042968750057,0.0037163974014742624,-1.176860249125881,0.7718415842835545,-0.009836042841877264,-0.0066655288112790635,-0.004421224692097861
33.5,11.4058203125,0.0,23.4375,0.0,130.09285552978517,0.0,-0.035582999388376856,0.020412184678654577,6.40869140625111e-05,0.0,-0.035518912474314344,0.020412184678654577,-0.00021504720052081643,0.020476266915064815,0.0030165608723958415,0.005018030153276562,-0.26218085300116534,0.5650007929943576,11.4058203125,0.0,23.4375,0.0,130.09285552978517,0.0,-0.033374493916829374,0.018840843300070673,-0.03721252441406248,6.938893903907228e-18,-0.07058701833089186,0.018840843300070673,-0.03516652425130203,0.018755099859396676,0.005316772460937528,0.00486669238211773,-1.057679503114077,0.7902921093908043,-0.008922841147917839,-0.005743748280481169,-0.0035053173368551718
34.0,11.42796875,0.0,23.4375,0.0,130.59857543945313,0.0,-0.03280473391215006,0.0135446596053021,6.40869140625111e-05,0.0,-0.03274064699808755,0.0135446596053021,0.0025801595052083424,0.013617849029086162,0.004353841145833338,0.0020748346551386397,-0.05644922026758711,0.8241162075766632,11.42796875,0.0,23.4375,0.0,130.59857543945313,0.0,-0.03044087727864585,0.016647721391652305,-0.03704528808593749,0.0,-0.06748616536458334,0.0166477213916523,-0.032073567708333355,0.01657540764062055,0.006731770833333324,0.003705449558199157,-1.056014433699979,0.7384905867713175,-0.010242774161062097,-0.007060462075213615,-0.004832314370940142
34.5,11.4501171875,0.0,21.8359375,0.0,131.1052731323242,0.0,-0.03058654467264811,0.017690126260316318,6.40869140625111e-05,0.0,-0.0305224577585856,0.017690126260316318,0.004770711263020835,0.01778975780094152,0.005375569661458334,0.0037348112270957808,0.009761356807253799,1.071578263069748,11.4501171875,0.0,21.8359375,0.0,131.1052731323242,0.0,-0.034499365488688157,0.018072936661655877,-0.036995239257812486,0.0,-0.07149460474650064,0.018072936661655877,-0.03595102945963542,0.018033669215159392,0.0045493570963541655,0.005741346925582485,-0.7825769336999908,0.9431776949528169,-0.011236328942117794,-0.008054860021435526,-0.005840377601863596
35.0,11.47109375,0.0,15.625,0.0,131.58602294921874,0.0,-0.03411900202433268,0.015280952584194858,6.40869140625111e-05,0.0,-0.034054915110270166,0.015280952584194858,0.001234944661458335,0.01538712617743033,0.0035115559895833337,0.0031373310518138697,0.2602743935751817,0.8374715587752766,11.47109375,0.0,15.625,0.0,131.58602294921874,0.0,-0.02640558878580729,0.010772564787727132,-0.03676452636718749,0.0,-0.06317011515299477,0.010772564787727134,-0.027689615885416668,0.010707644593506482,0.008463541666666666,0.00472795548242642,-0.7795308668111459,0.9711120541187381,-0.009339561174956101,-0.006160556867175986,-0.003961219188796326
35.5,11.485859375000002,1.7763568394002505e-15,14.882812499999988,0.0,131.92498657226562,0.0,-0.03381426493326823,0.016348940971548938,6.40869140625111e-05,0.0,-0.03375017801920572,0.016348940971548938,0.0015423583984374995,0.016380968611943405,0.0035691324869791662,0.00416836577283014,0.42248184215957624,0.4384035761838244,11.485859375000002,1.7763568394002505e-15,14.882812499999988,0.0,131.92498657226562,0.0,-0.02602063496907552,0.012809586214892013,-0.03655700683593749,0.0,-0.062577641805013,0.012809586214892017,-0.027208455403645828,0.012858170255461576,0.008509928385416667,0.0048834058612996735,-0.8971582277856682,1.0386876186149938,-0.009354856350919207,-0.006181891075659932,-0.004000674541736216
36.0,11.5003125,0.0,7.8125,0.0,132.25718994140627,2.842170943040401e-14,-0.03392555236816409,0.016126538359615937,6.40869140625111e-05,0.0,-0.033861465454101576,0.016126538359615937,0.0013891601562499754,0.01618785486360115,0.003400065104166654,0.004242945544614598,0.5230869391025564,0.6173534026272602,11.5003125,0.0,7.8125,0.0,132.25718994140627,2.842170943040401e-14,-0.024890467325846346,0.01545366047867439,-0.03654724121093749,6.938893903907228e-18,-0.061437708536783826,0.015453660478674388,-0.02585611979166665,0.015394001357500653,0.008974609375000005,0.0029978825195856123,-0.7123291205322486,0.8527047582178174,-0.009132044254688242,-0.005969471637302747,-0.0038099311311513675
36.5,11.5076953125,0.0,7.8125,0.0,132.4270523071289,2.842170943040401e-14,-0.03666346549987794,0.013266125473583697,6.40869140625111e-05,0.0,-0.036599378585815426,0.013266125473583697,-0.0013601684570312604,0.013358646742684043,0.0020157877604166613,0.002417935753430969,0.9409067291757823,0.9183608615522512,11.5076953125,0.0,7.8125,0.0,132.4270523071289,2.842170943040401e-14,-0.023528420130411776,0.016816933407057054,-0.036316528320312486,0.0,-0.059844948450724265,0.01681693340705705,-0.02435648600260416,0.016711859659736646,0.009512939453125003,0.004681561947467692,-0.8000788951716663,1.2652304600825708,-0.007680203404228258,-0.004533325824649856,-0.0023997195529499252
37.0,11.515078125,0.0,7.8125,0.0,132.5970281982422,2.842170943040401e-14,-0.03492362976074219,0.0142721997329968,6.40869140625111e-05,0.0,-0.03485954284667968,0.0142721997329968,0.0004504394531249965,0.014393363432525133,0.002864176432291665,0.0021545196522538184,0.8659892760234603,1.092440517099013,11.515078125,0.0,7.8125,0.0,132.5970281982422,2.842170943040401e-14,-0.023338286081949874,0.014937081114119477,-0.03608581542968748,6.938893903907228e-18,-0.05942410151163736,0.014937081114119477,-0.024048868815104166,0.014821760108868057,0.0093701171875,0.0025322087046126813,-0.5409014271318914,1.2994297022832262,-0.008459227802739494,-0.005328644323827764,-0.0032215731384763815
37.5,11.5224609375,0.0,7.8125,0.0,132.7671127319336,0.0,-0.03875255584716799,0.015535153845197545,6.40869140625111e-05,0.0,-0.03868846893310548,0.015535153845197545,-0.003397623697916689,0.015592776954062084,0.0008646647135416548,0.002692396887470841,0.7940379797069278,0.9518105749358828,11.5224609375,0.0,7.8125,0.0,132.7671127319336,0.0,-0.018481254577636694,0.017675996918637544,-0.03606872558593749,0.0,-0.05454998016357418,0.017675996918637544,-0.019078572591145808,0.017596764013252077,0.01163736979166668,0.004050288042930709,-0.06528556485831254,1.0128504128601066,-0.006381663476494622,-0.0032706867737756027,-0.0011928385040752953
38.0,11.52984375,0.0,7.8125,0.0,132.93730590820311,0.0,-0.04152086893717448,0.01706040097768788,6.40869140625111e-05,0.0,-0.04145678202311197,0.01706040097768788,-0.00615275065104167,0.017122415564348008,-0.0004980468750000022,0.004970436114001552,1.0703849644279397,0.9151658176245296,11.52984375,0.0,7.8125,0.0,132.93730590820311,0.0,-0.019081090291341148,0.01782385898731492,-0.0358685302734375,6.938893903907228e-18,-0.054949620564778645,0.017823858987314915,-0.019522705078125,0.017780435476994524,0.011095377604166665,0.004080769142485774,0.10178311814053866,0.5763100886428456,-0.0049326795043658535,-0.0018444556508054573,0.00020163285168060558
38.5,11.5372265625,0.0,1.8359374999999467,0.0,133.10760772705078,0.0,-0.04042890230814615,0.015411372848077478,6.40869140625111e-05,0.0,-0.04036481539408364,0.015411372848077478,-0.005060526529947903,0.015510689556679901,7.69042968750071e-05,0.005074498226387479,0.7364650391383784,0.7401184377592643,11.5372265625,0.0,1.8359374999999467,0.0,133.10760772705078,0.0,-0.019328440030415856,0.02294402991930259,-0.03582458496093749,0.0,-0.05515302499135335,0.02294402991930259,-0.01966644287109375,0.02292467996470609,0.010780436197916665,0.006490525261501396,0.1519109078313097,0.8886030102281545,-0.0054212012580863896,-0.002355719458537388,-0.00034147463812286426
39.0,11.5390625,0.0,0.0,0.0,133.14996337890625,0.0,-0.04643166859944666,0.017090579681696253,6.40869140625111e-05,0.0,-0.04636758168538415,0.017090579681696253,-0.011063435872395874,0.017190163527601356,-0.0029679361979166887,0.005498983041108391,0.6323645294592596,0.7184384500007089,11.5390625,0.0,0.0,0.0,133.14996337890625,0.0,-0.0203913164138794,0.023335974982876134,-0.03565124511718749,0.0,-0.056042561531066896,0.023335974982876134,-0.02065856933593751,0.023229290530846734,0.010077718098958329,0.006419922484154884,0.41478961034624673,0.8010009993668674,-0.002273976101407382,0.000762553042815692,0.0027400818599495236
39.5,11.5390625,0.0,0.0,0.0,133.14996337890625,0.0,-0.04323021570841471,0.014104336683014513,6.40869140625111e-05,0.0,-0.0431661287943522,0.014104336683014513,-0.007889099121093751,0.014170973566980537,-0.001354777018229168,0.003865917679140372,0.7077645255135474,0.5354300706028761,11.5390625,0.0,0.0,0.0,133.14996337890625,0.0,-0.020651447772979736,0.019021237296176233,-0.03558044433593749,0.0,-0.056231892108917235,0.019021237296176233,-0.02082427978515625,0.018905884919667895,0.009753011067708333,0.00442558661572821,0.6741814365105402,0.5498345676512271,-0.003783632003731405,-0.0007764593733165484,0.001163996062039643
40.0,11.5390625,0.0,0.0,0.0,133.14996337890625,0.0,-0.04684145251909894,0.012002438289963478,6.40869140625111e-05,0.0,-0.04677736560503643,0.012002438289963478,-0.01147460937500003,0.012058924103777655,-0.0031168619791666816,0.004083932599060218,0.5378207404574592,0.9081432137211438,11.5390625,0.0,0.0,0.0,133.14996337890625,0.0,-0.02324113845825197,0.021362615044856936,-0.03558044433593749,0.0,-0.058821582794189455,0.021362615044856936,-0.023388671875000013,0.021272196490340674,0.008260091145833327,0.00631429136098999,0.6121062639617372,0.2595348785348052,-0.0019113752811502557,0.0010638483690866025,0.0029651924137099753
40.5,11.5390625,0.0,0.0,0.0,133.14996337890625,0.0,-0.04775065913796423,0.012807648942271786,6.40869140625111e-05,0.0,-0.04768657222390172,0.012807648942271786,-0.012394917805989565,0.012875311875774322,-0.0035119628906249904,0.0036029472695436847,0.5218901852813016,1.0960935955001208,11.5390625,0.0,0.0,0.0,133.14996337890625,0.0,-0.02228418270746865,0.021233883539146,-0.03558044433593749,0.0,-0.05786462704340615,0.021233883539145997,-0.02244842529296873,0.0211835925489823,0.008591918945312508,0.006372401505361095,0.41586163809064464,0.2541083517405081,-0.0013984536416878314,0.0015418265549755616,0.003401731962383609
41.0,11.5390625,0.0,0.0,0.0,133.14996337890625,0.0,-0.04444684346516927,0.010943031171865394,6.40869140625111e-05,0.0,-0.04438275655110676,0.010943031171865394,-0.009131469726562499,0.01102178015552295,-0.001794433593749998,0.0019047955243231699,0.6153017175966428,1.0497578675190868,11.5390625,0.0,0.0,0.0,133.14996337890625,0.0,-0.021178344090779636,0.02001054706740331,-0.03558044433593749,0.0,-0.05675878842671712,0.02001054706740331,-0.021318359375000012,0.019995013884548055,0.008946533203124994,0.00506092891529465,0.27829470334353174,0.41801108582590235,-0.002996730164277643,-9.19581931516783e-05,0.0017260749398824932
41.5,11.5390625,0.0,0.0,0.0,133.14996337890625,0.0,-0.04975941975911466,0.011375267815441025,6.40869140625111e-05,0.0,-0.04969533284505215,0.011375267815441025,-0.014426574707031332,0.01147100653258752,-0.00440124511718754,0.002520129972976004,0.5656818428424917,0.770553275320943,11.5390625,0.0,0.0,0.0,133.14996337890625,0.0,-0.024318140347798695,0.021616916919193045,-0.03558044433593749,0.0,-0.059898584683736183,0.021616916919193045,-0.024424743652343775,0.021575329934794923,0.0071874999999999864,0.005596356356552201,0.2958576051227448,0.4619663435692854,-0.0002658473037912487,0.00260151323933512,0.004376216417844664
42.0,11.5390625,0.0,0.0,0.0,133.14996337890625,0.0,-0.053640206654866525,0.014525653632594412,6.40869140625111e-05,0.0,-0.053576119740804014,0.014525653632594412,-0.018269856770833325,0.01465176405822562,-0.006247558593749995,0.0029911491245679205,0.4363240654744542,0.3945857919309822,11.5390625,0.0,0.0,0.0,133.14996337890625,0.0,-0.02403864542643228,0.023354552315998246,-0.03558044433593749,0.0,-0.05961908976236977,0.023354552315998246,-0.024174804687499992,0.02327298860521449,0.007229817708333337,0.006883563093733552,0.37818843482906495,0.7267979838064682,0.0017117943905937925,0.004538867630077386,0.006268050351497025
42.5,11.5390625,0.0,0.0,0.0,133.14996337890625,0.0,-0.04950107336044312,0.01239461119335812,6.40869140625111e-05,0.0,-0.04943698644638061,0.01239461119335812,-0.014140828450520835,0.012550124939615973,-0.004036458333333334,0.002566167640012696,0.2900225113970155,0.49167114190323036,11.5390625,0.0,0.0,0.0,133.14996337890625,0.0,-0.021004072825113934,0.021358839467655256,-0.03558044433593749,0.0,-0.05658451716105142,0.021358839467655256,-0.02116953531901042,0.021286657574972823,0.00860595703125,0.004793997142576581,0.34540705469660904,0.6511020637146118,-0.00036552008664660074,0.002420261218886992,0.004103197015693496
43.0,11.5390625,0.0,0.0,0.0,133.14996337890625,0.0,-0.05347097873687745,0.00904969704638126,6.40869140625111e-05,0.0,-0.05340689182281494,0.00904969704638126,-0.018139851888020846,0.009186584300966067,-0.005937093098958339,0.003041193111997517,0.26399720613587574,0.4781083500209661,11.5390625,0.0,0.0,0.0,133.14996337890625,0.0,-0.023868586222330724,0.02013654114884628,-0.03558044433593749,0.0,-0.059449030558268216,0.020136541148846276,-0.023979288736979163,0.020110365608028608,0.007012939453125001,0.0044620689008439424,0.28889404865967,0.30316309576997325,0.001671875330843055,0.004415148105553581,0.006050957841839294
43.5,11.5390625,0.0,0.0,0.0,133.14996337890625,0.0,-0.05466331481933593,0.012489098560792274,6.40869140625111e-05,0.0,-0.05459922790527342,0.012489098560792274,-0.01931884765624999,0.012633773076165066,-0.006427408854166663,0.004011673792201544,0.19415344854797903,0.41991204739153354,11.5390625,0.0,0.0,0.0,133.14996337890625,0.0,-0.0238032070795695,0.0219123854170815,-0.03558044433593749,0.0,-0.059383651415507,0.021912385417081504,-0.023903808593750003,0.02192822597887323,0.006934000651041664,0.00580670811411149,0.18183117609386215,0.4956491105255826,0.0023021769446232845,0.005001617416223445,0.006589350374778388
44.0,11.5390625,0.0,0.0,0.0,133.14996337890625,0.0,-0.05108004570007324,0.011669162429513833,6.40869140625111e-05,0.0,-0.05101595878601073,0.011669162429513833,-0.01570963541666666,0.011670457019887972,-0.004541015624999995,0.004012594581194337,-0.292667131046032,0.47678720266726027,11.5390625,0.0,0.0,0.0,133.14996337890625,0.0,-0.02554068247477215,0.020597564128662878,-0.03558044433593749,0.0,-0.061121126810709636,0.02059756412866288,-0.025683593750000015,0.020569586246862243,0.005895182291666656,0.005452868455877876,0.14719763743200767,0.9699927917331627,0.0005575985404906716,0.0032124222043006063,0.004751556154233634
44.5,11.5390625,0.0,0.0,0.0,133.14996337890625,0.0,-0.050606200993061075,0.015504873816499462,6.40869140625111e-05,0.0,-0.050542114078998564,0.015504873816499462,-0.01524607340494793,0.015609610009328269,-0.004207763671875007,0.0035316788095151744,-0.3884539126238316,0.602813183757077,11.5390625,0.0,0.0,0.0,133.14996337890625,0.0,-0.02675876776377358,0.017172115289382676,-0.03558044433593749,0.0,-0.06233921209971106,0.017172115289382676,-0.026922607421874977,0.01713513479295652,0.0051603190104166806,0.0029746542882892646,0.25527894821107827,0.7750711106057226,0.0003701572770023606,0.0029787201703886735,0.004468079160715173
45.0,11.5390625,0.0,0.0,0.0,133.14996337890625,0.0,-0.053676422437032044,0.01778696610751403,6.40869140625111e-05,0.0,-0.05361233552296953,0.01778696610751403,-0.01831461588541664,0.017900885282448688,-0.005670166015624985,0.004758262314436183,-0.5280204956718731,0.7047200227293092,11.5390625,0.0,0.0,0.0,133.14996337890625,0.0,-0.02080496152242029,0.019272249863580553,-0.03558044433593749,0.0,-0.05638540585835778,0.019272249863580553,-0.020941162109375046,0.019331410388608018,0.008103434244791643,0.005866116424990756,0.03126925429172317,0.8587187927776467,0.0019768251783617618,0.004539652615253572,0.005979746555022612
45.5,11.5390625,0.0,0.0,0.0,133.14996337890625,0.0,-0.05143793662389118,0.011174465171158941,6.40869140625111e-05,0.0,-0.051373849709828674,0.011174465171158941,-0.016084391276041655,0.011258838334526618,-0.004401245117187493,0.00372719098102348,-0.9806175202293502,0.30778569268059874,11.5390625,0.0,0.0,0.0,133.14996337890625,0.0,-0.024744804700215683,0.023712815186366712,-0.03558044433593749,0.0,-0.06032524903615318,0.023712815186366715,-0.024901733398437525,0.023716656507359303,0.005911661783854154,0.004612315011679837,0.03875353026965104,0.9005258451617711,0.0008524049989217667,0.0033693223401001795,0.004760120968227169
46.0,11.5390625,0.0,0.0,0.0,133.14996337890625,0.0,-0.051470766067504885,0.01380836045045854,6.40869140625111e-05,0.0,-0.051406679153442374,0.01380836045045854,-0.016091715494791665,0.013956698902006123,-0.00439453125,0.0025832493265910954,-0.9166342284018106,0.5507525992642579,11.5390625,0.0,0.0,0.0,133.14996337890625,0.0,-0.022153383890787758,0.01830114049870256,-0.03558044433593749,0.0,-0.057733828226725244,0.01830114049870256,-0.022264404296874995,0.018280426873589346,0.007085774739583334,0.00276909920198429,-0.1509792562038623,0.8341898152842807,0.0009954679208558853,0.003464312966752314,0.00480425934795949
46.5,11.5390625,0.0,0.0,0.0,133.14996337890625,0.0,-0.04564254999160761,0.008964049536128747,6.40869140625111e-05,0.0,-0.0455784630775451,0.008964049536128747,-0.010277201334635368,0.00904233506247926,-0.001297607421874974,0.001670300773481916,-1.1168359431909274,0.8327897545954133,11.5390625,0.0,0.0,0.0,133.14996337890625,0.0,-0.02634225527445479,0.016416624097818373,-0.03558044433593749,0.0,-0.06192269961039228,0.016416624097818376,-0.026452026367187534,0.016366731558422318,0.004892781575520815,0.002229153360122122,-0.26990746747826583,0.5678589042589905,-0.0019525843837067945,0.00046844394320134193,0.0017578629221214914
47.0,11.5390625,0.0,0.0,0.0,133.14996337890625,0.0,-0.04442429065704345,0.014295908374739272,6.40869140625111e-05,0.0,-0.04436020374298094,0.014295908374739272,-0.009014892578124998,0.014387356571611675,-0.000726318359374999,0.003024675649667103,-1.5774879959450276,1.0184029987435508,11.5390625,0.0,0.0,0.0,133.14996337890625,0.0,-0.019910411834716767,0.019311729511682703,-0.03558044433593749,0.0,-0.05549085617065425,0.019311729511682696,-0.020027262369791635,0.01921186332372978,0.008042805989583348,0.002798943046865973,-0.025216956979656147,0.6384882491850332,-0.0023689491334935235,1.7780855958693907e-06,0.0012388854620687673
47.5,11.5390625,0.0,0.0,0.0,133.14996337890625,0.0,-0.04195228417714434,0.012122780136583185,6.40869140625111e-05,0.0,-0.04188819726308183,0.012122780136583185,-0.006546020507812471,0.012254608642671014,0.00047505696614584726,0.0012009066605102492,-1.5856122637128494,0.8602494583823443,11.5390625,0.0,0.0,0.0,133.14996337890625,0.0,-0.02385381062825527,0.01944532136693408,-0.03558044433593749,0.0,-0.059434254964192766,0.019445321366934082,-0.02403513590494798,0.019369499096086627,0.005878702799479133,0.004174260952386938,-0.10593061587935372,1.10748471386582,-0.0034173133380144575,-0.0010962533293676893,8.918209182656517e-05
48.0,11.5390625,0.0,0.0,0.0,133.14996337890625,0.0,-0.03969529469807941,0.0052118736736048955,6.40869140625111e-05,0.0,-0.0396312077840169,0.0052118736736048955,-0.004306640624999985,0.005344289770992095,0.0016048177083333411,0.003242514311674679,-1.2221372377622421,0.8541456956101431,11.5390625,0.0,0.0,0.0,133.14996337890625,0.0,-0.02247685750325518,0.013859614083274317,-0.03558044433593749,0.0,-0.05805730183919267,0.013859614083274314,-0.022611490885416637,0.01380509102637014,0.006481119791666681,0.00205631281103936,-0.23413218725719517,0.9007057588559564,-0.004395950890897509,-0.0021239325556551927,-0.0009895378924109333
48.5,11.5390625,0.0,0.0,0.0,133.14996337890625,0.0,-0.03741259892781575,0.0091717947710645,6.40869140625111e-05,0.0,-0.03734851201375324,0.0091717947710645,-0.0020522054036458287,0.009217715041386312,0.002724202473958336,0.0036670907734389206,-0.8370729815431991,0.9197909136510578,11.5390625,0.0,0.0,0.0,133.14996337890625,0.0,-0.018205642700195302,0.013210114183303376,-0.03558044433593749,0.0,-0.0537860870361328,0.013210114183303376,-0.01834543863932291,0.013157885709786366,0.008500569661458337,0.0020935873170852826,-0.2912244818983117,0.702434039690362,-0.005366075474905665,-0.0031424815255462527,-0.002058504760168961
49.0,11.5390625,0.0,0.0,0.0,133.14996337890625,0.0,-0.03375435511271156,0.009906377084993936,6.40869140625111e-05,0.0,-0.03369026819864905,0.009906377084993936,0.0016337076822916898,0.009946775221123605,0.004498291015625011,0.0035405856006581614,-0.5299705855125726,0.959765417435592,11.5390625,0.0,0.0,0.0,133.14996337890625,0.0,-0.020426368713378936,0.013387175887272746,-0.03558044433593749,0.0,-0.05600681304931643,0.013387175887272743,-0.020594685872395865,0.013357312049060356,0.007226155598958316,0.0026317077555176034,-0.2662825862288745,0.9551704798388511,-0.006992742246616203,-0.00481696353657741,-0.003782790036517877
49.5,11.5390625,0.0,0.0,0.0,133.14996337890625,0.0,-0.032437423865000405,0.010950788417310824,6.40869140625111e-05,0.0,-0.032373336950937893,0.010950788417310824,0.0029279581705729113,0.010997672226962534,0.005077514648437496,0.005360767946700179,-0.3722345430719458,0.769396065630854,11.5390625,0.0,0.0,0.0,133.14996337890625,0.0,-0.020280094146728492,0.0076568020572139696,-0.03558044433593749,0.0,-0.05586053848266598,0.007656802057213971,-0.02043355305989581,0.007625505239675078,0.007182820638020844,0.005220672807923796,-0.38743381455784154,0.9170597543001805,-0.007419793286449013,-0.005293814324950512,-0.004310827247110672
50.0,11.5390625,0.0,0.0,0.0,133.14996337890625,0.0,-0.034586469332377134,0.01500256877189984,6.40869140625111e-05,0.0,-0.03452238241831462,0.01500256877189984,0.0007629394531249769,0.01507468484100473,0.003946940104166655,0.00662586841449703,-0.23595992223922202,0.6017102891138633,11.5390625,0.0,0.0,0.0,133.14996337890625,0.0,-0.018002192179361973,0.010204243268545028,-0.03558044433593749,0.0,-0.053582636515299466,0.010204243268545033,-0.018157958984374997,0.010166873633057866,0.008199055989583334,0.0034915926827579096,-0.5710841892482494,0.4878440232555803,-0.006137000644487139,-0.004060967369382895,-0.003129116497191442
50.5,11.5390625,0.0,0.0,0.0,133.14996337890625,0.0,-0.03572206556797026,0.014322056931543401,6.40869140625111e-05,0.0,-0.03565797865390775,0.014322056931543401,-0.00035186767578123876,0.014412719861958885,0.003323364257812505,0.005871478306520965,0.002710539514743963,0.5905332679939687,11.5390625,0.0,0.0,0.0,133.14996337890625,0.0,-0.017300739288330067,0.014260849861937748,-0.03558044433593749,0.0,-0.05288118362426756,0.014260849861937748,-0.017466735839843744,0.01423575769984174,0.00838236490885417,0.0030105633081207706,-0.5479380171152562,0.5139202845394591,-0.005363209774640032,-0.0033364649387482787,-0.002455077358697059
51.0,11.5390625,0.0,0.0,0.0,133.14996337890625,0.0,-0.03432359099388122,0.009458558602962932,6.40869140625111e-05,0.0,-0.03425950407981871,0.009458558602962932,0.0010461425781250052,0.00953183834157007,0.0039636230468750025,0.005276660970082151,0.25377061631944803,0.7116277357074444,11.5390625,0.0,0.0,0.0,133.14996337890625,0.0,-0.015472183227539052,0.008077151368929558,-0.03558044433593749,0.0,-0.05105262756347653,0.008077151368929558,-0.01563171386718749,0.00802999567900454,0.009141031901041671,0.004424282927312142,-0.5743047777959959,0.6631067560496414,-0.005855230255477245,-0.003877125260488401,-0.0030455369140983683
51.5,11.5390625,0.0,0.0,0.0,133.14996337890625,0.0,-0.03379850308100383,0.007976432242398437,6.40869140625111e-05,0.0,-0.03373441616694132,0.007976432242398437,0.00157796223958333,0.008044630725833295,0.0041762288411458315,0.005888709723113899,0.2986705812633505,0.9002291267607946,11.5390625,0.0,0.0,0.0,133.14996337890625,0.0,-0.013260078430175778,0.011654040845051816,-0.03558044433593749,0.0,-0.04884052276611326,0.011654040845051818,-0.013405761718749997,0.011587078850462926,0.010091552734375,0.004140756113147755,-0.7641779403864462,0.6681556738963239,-0.0059215484447235,-0.003991443227387604,-0.0032089987946833844
52.0,11.5390625,0.0,0.0,0.0,133.14996337890625,0.0,-0.03376040140787758,0.006126935813779439,6.40869140625111e-05,0.0,-0.03369631449381507,0.006126935813779439,0.0015950520833333537,0.006155065940078864,0.004095052083333344,0.005334584327846055,0.09917952056624046,0.9584343348075611,11.5390625,0.0,0.0,0.0,133.14996337890625,0.0,-0.011449178059895808,0.013346581782749303,-0.03558044433593749,0.0,-0.047029622395833304,0.0133465817827493,-0.011565755208333306,0.013294812526744745,0.010800781250000011,0.0031260120024773296,-0.6840983452311584,0.6761384354329403,-0.005696009115319177,-0.0038132720351310052,-0.003079324819648841
52.5,11.5390625,0.0,0.0,0.0,133.14996337890625,0.0,-0.032632968823115054,0.012325214611740179,6.40869140625111e-05,0.0,-0.03256888190905254,0.012325214611740179,0.0026799519856770602,0.012358197971682333,0.004567464192708321,0.0071132965124968365,0.06876651316348685,0.9149596827364266,11.5390625,0.0,0.0,0.0,133.14996337890625,0.0,-0.008973248799641939,0.009605123967714891,-0.03558044433593749,0.0,-0.04455369313557942,0.009605123967714891,-0.009131368001302095,0.009620307621895134,0.011831665039062493,0.006894608038815954,-0.6877647227989022,0.8778026874192986,-0.006025958354561667,-0.004189966082923827,-0.003503877898232741
53.0,11.5390625,0.0,0.0,0.0,133.14996337890625,0.0,-0.03660584052403767,0.015575984793885531,6.40869140625111e-05,0.0,-0.03654175360997516,0.015575984793885531,-0.0011893717447916544,0.01563951132640766,0.0024707031250000063,0.006370469322142443,0.33121223123664395,0.5126619022615694,11.5390625,0.0,0.0,0.0,133.14996337890625,0.0,-0.010323410034179642,0.004200587276740755,-0.03558044433593749,0.0,-0.045903854370117125,0.004200587276740755,-0.01044067382812495,0.004204947356632799,0.010926106770833353,0.005715847485518235,-0.8956375655594425,0.6516683217961844,-0.003788609119556302,-0.00199874653040086,-0.0013598875881170999
53.5,11.5390625,0.0,0.0,0.0,133.14996337890625,0.0,-0.035539358804623285,0.010146298808107615,6.40869140625111e-05,0.0,-0.035475271890560774,0.010146298808107615,-0.00019622802734375194,0.01019343743035828,0.0029736328124999986,0.002424174519433609,0.465050899621221,0.6429170769092916,11.5390625,0.0,0.0,0.0,133.14996337890625,0.0,-0.006140314737955728,0.008698891807828209,-0.03558044433593749,0.0,-0.04172075907389322,0.008698891807828209,-0.006230468749999998,0.008705344378866062,0.012812703450520832,0.005243482846430256,-0.8368643143423379,0.9978705293894615,-0.004152800672933608,-0.0024084607347830502,-0.001816209534058191
54.0,11.5390625,0.0,0.0,0.0,133.14996337890625,0.0,-0.035830373565355934,0.008848418604270306,6.40869140625111e-05,0.0,-0.03576628665129342,0.008848418604270306,-0.0004675292968749998,0.008809321219099794,0.0027563476562500002,0.0047679447302436465,0.5408909937718601,0.8653466617178611,11.5390625,0.0,0.0,0.0,133.14996337890625,0.0,-0.005512186686197918,0.015658069418650254,-0.03558044433593749,0.0,-0.0410926310221354,0.015658069418650254,-0.0056689453125,0.015544094686926243,0.012825520833333333,0.005834725758713589,-0.4710794847513613,0.7059205626768319,-0.003798603070708166,-0.002099186740156753,-0.0015529299586200434
54.5,11.5390625,0.0,0.0,0.0,133.14996337890625,0.0,-0.03357863505681361,0.013336730587486629,6.40869140625111e-05,0.0,-0.0335145481427511,0.013336730587486629,0.0017337036132811928,0.013383379616470856,0.003847045898437471,0.005364518400527653,0.555104075611892,0.8743315279777271,11.5390625,0.0,0.0,0.0,133.14996337890625,0.0,-0.0034776306152343416,0.015036074203946734,-0.03558044433593749,0.0,-0.039058074951171834,0.015036074203946734,-0.0036197916666666327,0.014924101291745791,0.013600463867187515,0.0033536707887205997,-0.3066876699689207,1.2443401876759237,-0.004754190530402319,-0.0030991066469991503,-0.002598239033134978
55.0,11.5390625,0.0,0.0,0.0,133.14996337890625,0.0,-0.0404430945714315,0.011878349346940821,6.40869140625111e-05,0.0,-0.04037900765736899,0.011878349346940821,-0.005130004882812521,0.011860442665727047,0.00034790039062499004,0.0065939167522901495,0.38516171328670684,0.604602239053336,11.5390625,0.0,0.0,0.0,133.14996337890625,0.0,0.0006271362304687625,0.016611367467055858,-0.03558044433593749,0.0,-0.034953308105468726,0.016611367467055858,0.0005330403645833455,0.01652325305680466,0.015484619140625005,0.0023888461532084763,-0.09049517106157574,1.2333768409222141,-0.0011217121950598179,0.0004896226224248476,0.000945698355483262
55.5,11.5390625,0.0,0.0,0.0,133.14996337890625,0.0,-0.03733296076456702,0.014206216157748062,6.40869140625111e-05,0.0,-0.03726887385050451,0.014206216157748062,-0.002015279134114546,0.01421910460791761,0.0018743896484375185,0.006080006431224727,0.1378424703009495,0.23326721419360688,11.5390625,0.0,0.0,0.0,133.14996337890625,0.0,0.0005711873372395799,0.018740892779856397,-0.03558044433593749,0.0,-0.035009256998697905,0.018740892779856393,0.00042500813802082957,0.018622550863288376,0.015110880533854162,0.0060044921069892215,0.2627516052198739,0.8408172773284374,-0.002516623183772848,-0.0009484617278294757,-0.0005365884485501635
56.0,11.5390625,0.0,0.0,0.0,133.14996337890625,0.0,-0.03883186022440594,0.013786244295858218,6.40869140625111e-05,0.0,-0.03876777331034343,0.013786244295858218,-0.0034871419270833454,0.013844982272248112,0.0010498046874999926,0.004105961453979829,-0.09770557133838843,0.6807291037072721,11.5390625,0.0,0.0,0.0,133.14996337890625,0.0,-0.0022208658854166855,0.01096445734454319,-0.03558044433593749,0.0,-0.03780131022135417,0.01096445734454319,-0.0023649088541666855,0.010853475039773096,0.013448893229166654,0.003224763637164366,0.19059282731157845,0.794655804443117,-0.0015621914235141128,-3.6635200565826673e-05,0.0003316172955504237
56.5,11.5390625,0.0,0.0,0.0,133.14996337890625,0.0,-0.039304531415303545,0.013468380915663334,6.40869140625111e-05,0.0,-0.039240444501241034,0.013468380915663334,-0.003925069173177084,0.013513853651704459,0.0008225504557291667,0.004368238186033818,-0.39452968499599,0.7017398303887195,11.5390625,0.0,0.0,0.0,133.14996337890625,0.0,-0.005365804036458337,0.013958021808108591,-0.03558044433593749,0.0,-0.04094624837239583,0.013958021808108591,-0.005540161132812502,0.01389784205138433,0.011609700520833334,0.0036011285407787797,0.30684251051683004,0.8466052658821335,-0.0012067990773772038,0.00027671256498336286,0.0006019182942104314
57.0,11.5390625,0.0,0.0,0.0,133.14996337890625,0.0,-0.037295823891957576,0.009555959996513791,6.40869140625111e-05,0.0,-0.037231736977895065,0.009555959996513791,-0.0019419352213541508,0.009637214022614984,0.0018237304687500077,0.0027154415945169963,-0.6100181692222676,0.6818467702798254,11.5390625,0.0,0.0,0.0,133.14996337890625,0.0,-0.0008515930175780848,0.01701190282926997,-0.03558044433593749,0.0,-0.03643203735351558,0.017011902829269974,-0.0010087076822916268,0.01699500765240903,0.013684895833333354,0.004061289060694513,0.4761970478523254,0.9088314402046778,-0.0020815271759948434,-0.000639506839573176,-0.00035678141457825863
57.5,11.5390625,0.0,0.0,0.0,133.14996337890625,0.0,-0.03593232830365498,0.014680404938616545,6.40869140625111e-05,0.0,-0.03586824138959247,0.014680404938616545,-0.0005686442057291626,0.014724839143683154,0.0024719238281250013,0.004463471667684159,-0.3810595058153581,0.5993345013713997,11.5390625,0.0,0.0,0.0,133.14996337890625,0.0,-0.004864692687988317,0.015594871192893017,-0.03558044433593749,0.0,-0.040445137023925805,0.01559487119289302,-0.005024210611979201,0.01555504294258153,0.011421712239583312,0.003986300811266968,0.24994655274195846,0.7203601638379776,-0.00260493263182264,-0.0012038576073639166,-0.0009630534781611257
58.0,11.5390625,0.0,0.0,0.0,133.14996337890625,0.0,-0.03270373503367103,0.015625714468459808,6.40869140625111e-05,0.0,-0.03263964811960852,0.015625714468459808,0.002687174479166701,0.015668345833132157,0.004042154947916684,0.005283507289188772,-0.0980081387796246,0.5024576057996014,11.5390625,0.0,0.0,0.0,133.14996337890625,0.0,-0.0006821187337238757,0.014513743528452517,-0.03558044433593749,0.0,-0.03626256306966137,0.014513743528452517,-0.0008174641927082511,0.014404028001707649,0.013268229166666706,0.004694268038342671,-0.10334053424874885,0.7671263912440497,-0.004052017961807991,-0.0026913494402010154,-0.0024919149544755164
58.5,11.5390625,0.0,0.0,0.0,133.14996337890625,0.0,-0.03210419654846193,0.017007022927950685,6.40869140625111e-05,0.0,-0.03204010963439942,0.017007022927950685,0.0032433064778645683,0.017073710560996543,0.004256795247395824,0.005516769908874631,-0.28631748297276466,0.3337804049452526,11.5390625,0.0,0.0,0.0,133.14996337890625,0.0,0.0015216064453124724,0.016527796347965588,-0.03558044433593749,0.0,-0.03405883789062501,0.016527796347965588,0.001393127441406223,0.016428376584147572,0.014098714192708318,0.004489967387295008,-0.2852499605429361,0.5996620367621389,-0.004145132976255886,-0.0028243392387068706,-0.0026657300034680143
59.0,11.5390625,0.0,0.0,0.0,133.14996337890625,0.0,-0.03302748680114747,0.013399268945681877,6.40869140625111e-05,0.0,-0.03296339988708496,0.013399268945681877,0.002330525716145835,0.013474506523878873,0.0037227376302083333,0.0033433566045236096,-0.41349113126456477,0.5827507719524668,11.5390625,0.0,0.0,0.0,133.14996337890625,0.0,-0.00206527709960941,0.014651409737460437,-0.03558044433593749,0.0,-0.0376457214355469,0.01465140973746044,-0.0021948242187500347,0.014589709239171073,0.012022298177083314,0.004763379983933824,-0.23164572786154594,0.38379663705205874,-0.0034911492542039754,-0.002209705578933369,-0.002091384364987517
59.5,11.5390625,0.0,0.0,0.0,133.14996337890625,0.0,-0.03526998360951747,0.011168024665222997,6.40869140625111e-05,0.0,-0.03520589669545496,0.011168024665222997,0.00011240641276036474,0.011218942805791582,0.0025549316406249735,0.003087485524708633,-0.1440621756173471,1.0430303747480918,11.5390625,0.0,0.0,0.0,133.14996337890625,0.0,-0.0008458455403645113,0.012979036109968622,-0.03558044433593749,0.0,-0.036426289876302004,0.012979036109968624,-0.0009679158528645124,0.012955726713391206,0.012445271809895866,0.005764038714427042,-0.1102606974188975,0.5584367378667136,-0.0022049952959303657,-0.0009623838660974778,-0.0008838205137778924
60.0,11.5390625,0.0,0.0,0.0,133.14996337890625,0.0,-0.03695276578267414,0.012761555223421274,6.40869140625111e-05,0.0,-0.03688867886861163,0.012761555223421274,-0.0015950520833333199,0.012793564074822362,0.0016520182291666732,0.002867645014664155,0.024281274281264698,0.9753582358207107,11.5390625,0.0,0.0,0.0,133.14996337890625,0.0,0.002715047200520832,0.017946338642724928,-0.03558044433593749,0.0,-0.03286539713541666,0.017946338642724925,0.0025756835937499976,0.01788972116599902,0.014013671874999996,0.004911536606144365,0.07328961186383787,0.8326754872874057,-0.0011852912848862376,1.899890227450062e-05,5.83275761372471e-05
60.5,11.5390625,0.0,0.0,0.0,133.14996337890625,0.0,-0.032872405250867175,0.011716304698879933,6.40869140625111e-05,0.0,-0.032808318336804664,0.011716304698879933,0.0024946085611979533,0.011753940406306108,0.0036515299479166845,0.001627005963067286,-0.19627900853487834,0.9012276586333854,11.5390625,0.0,0.0,0.0,133.14996337890625,0.0,0.0021872075398762982,0.018011882419962107,-0.03566467285156249,0.0,-0.033477465311686196,0.018011882419962107,0.0019613647460937447,0.017933417314432622,0.013447265624999996,0.0036707864324637958,0.26319929121443736,0.8394329850275871,-0.0030695492793639126,-0.0019030760565168436,-0.0019024657626334307
61.0,11.5390625,0.0,-2.265625000000067,0.0,133.14996337890625,0.0,-0.027230720520019513,0.013905916793608739,6.40869140625111e-05,0.0,-0.027166633605957002,0.013905916793608739,0.008146362304687522,0.01393794096885628,0.0064339192708333425,0.004655373720554694,-0.5445407728122602,1.047685465737269,11.5390625,0.0,-2.265625000000067,0.0,133.14996337890625,0.0,0.0019986470540364694,0.007859238912484369,-0.03582458496093749,0.0,-0.03382593790690102,0.007859238912484367,0.0016180419921875099,0.00784847944691322,0.013127034505208336,0.004120945598878155,0.14034766232031645,0.9718886097265579,-0.005738201529213471,-0.0046090476282406026,-0.0046466462099536395
61.5,11.5372265625,0.0,-5.976562499999949,8.881784197001252e-16,133.10760772705078,0.0,-0.028015588124593174,0.019412351408507146,6.40869140625111e-05,0.0,-0.027951501210530662,0.019412351408507146,0.007384948730468675,0.01941486233468232,0.005894571940104129,0.007986400834243826,-0.7536286277741292,0.745097145713684,11.5372265625,0.0,-5.976562499999949,8.881784197001252e-16,133.10760772705078,0.0,0.0025776672363281156,0.01327389727155517,-0.03588195800781249,0.0,-0.03330429077148438,0.01327389727155517,0.0020732625325520734,0.013216486845408854,0.01314798990885416,0.002240235738209705,0.03464681748372659,1.1944664348993346,-0.005086613818647994,-0.003994288145705232,-0.004069592803321347
62.0,11.53125,0.0,-1.4062500000000924,0.0,132.9697265625,0.0,-0.03497044881184886,0.015932725357395372,6.40869140625111e-05,0.0,-0.03490636189778635,0.015932725357395372,0.00042968750000010474,0.01600888180081934,0.002303873697916719,0.0038621312405360737,-0.6899429238296357,0.18591008493318498,11.53125,0.0,-1.4062500000000924,0.0,132.9697265625,0.0,0.0011233520507812277,0.01643229579805827,-0.03606872558593749,0.0,-0.03494537353515626,0.016432295798058275,0.0005159505208333096,0.016347325771226662,0.012164713541666651,0.00284189568544804,0.3033338189588148,0.987659836871547,-0.0013851521945124974,-0.0003291701181765961,-0.0004416846684633242
62.5,11.5302734375,0.0,-7.8125,0.0,132.94721221923828,0.0,-0.02741142114003498,0.019316102003720022,6.40869140625111e-05,0.0,-0.027347334225972467,0.019316102003720022,0.00794474283854168,0.019374724194100065,0.00606282552083334,0.005517880441791144,-0.261409021479827,0.8447153554870187,11.5302734375,0.0,-7.8125,0.0,132.94721221923828,0.0,-8.265177408852309e-05,0.012578625449913535,-0.03609924316406249,0.0,-0.036181894938151014,0.012578625449913537,-0.0007960001627603988,0.012555636009775165,0.01137288411458334,0.003238779572380024,0.08822710086138047,0.416361791424858,-0.005034798197202253,-0.0040146814634302785,-0.004163916252548475
63.0,11.522890625,0.0,-8.35937500000002,0.0,132.77701232910155,0.0,-0.02542863210042318,0.01912126466598202,6.40869140625111e-05,0.0,-0.02536454518636067,0.01912126466598202,0.009912923177083335,0.019198072853529324,0.006931559244791667,0.0058914465523869,0.18964765974042883,1.024977549055524,11.522890625,0.0,-8.35937500000002,0.0,132.77701232910155,0.0,0.002581227620442717,0.018743636554340214,-0.03632995605468748,6.938893903907228e-18,-0.03374872843424477,0.01874363655434021,0.0016670735677083404,0.018705012467993495,0.012458089192708336,0.004717685237582878,-0.16741843768210288,0.8277215707270709,-0.005795664482253133,-0.004810941130460997,-0.004996412948042999
63.5,11.515390625,0.0,-15.50781249999992,0.0,132.60422485351566,2.842170943040401e-14,-0.024868620236714697,0.011345290339514747,6.40869140625111e-05,0.0,-0.024804533322652186,0.011345290339514747,0.010490010579427063,0.011408093857644144,0.007104288736979156,0.004705583205437213,-0.2106120740153878,1.3136018503601734,11.515390625,0.0,-15.50781249999992,0.0,132.60422485351566,2.842170943040401e-14,0.005387929280598915,0.01607721054934372,-0.03655700683593749,0.0,-0.031169077555338574,0.016077210549343725,0.004287923177083289,0.01605525489009745,0.01359578450520831,0.004533105484937543,0.2124187051555214,0.7717101375613558,-0.005861945988850258,-0.004912150269095598,-0.005133382263454044
64.0,11.500625,0.0,-8.12499999999986,1.7763568394002505e-15,132.26438476562498,0.0,-0.026689389546712277,0.009463158087828369,6.40869140625111e-05,0.0,-0.026625302632649766,0.009463158087828369,0.0087019856770833,0.009490258466068048,0.006066080729166646,0.003353339004284322,-0.6558144546425896,1.0023295486161066,11.500625,0.0,-8.12499999999986,1.7763568394002505e-15,132.26438476562498,0.0,0.0013216145833332572,0.019429976385968856,-0.03655700683593749,0.0,-0.03523539225260423,0.01942997638596886,0.00013509114583325514,0.019420324586769875,0.011365559895833292,0.005145132750724397,0.37407010307401034,0.7858758577608252,-0.004718690769840228,-0.0038033630610950888,-0.004059884655547534
64.5,11.4929296875,0.0,-14.882812500000101,1.7763568394002505e-15,132.08743804931643,2.842170943040401e-14,-0.026206035614013665,0.011956390982164613,6.40869140625111e-05,0.0,-0.026141948699951154,0.011956390982164613,0.009215494791666676,0.011995388305209529,0.006206258138020836,0.005833119778044935,-0.3610065878132285,0.849702254321313,11.4929296875,0.0,-14.882812500000101,1.7763568394002505e-15,132.08743804931643,2.842170943040401e-14,0.005080515543619849,0.015137583949287534,-0.03677795410156249,0.0,-0.03169743855794264,0.015137583949287532,0.0036970011393229704,0.015105165254328454,0.013038736979166693,0.004133461667864254,0.11833374687377968,0.837877666752224,-0.0047552033087659125,-0.0038738900382649026,-0.004165236848559536
65.0,11.47890625,0.0,-22.26562500000006,3.552713678800501e-15,131.76531982421875,0.0,-0.02804919878641766,0.01195286484914213,6.40869140625111e-05,0.0,-0.02798511187235515,0.01195286484914213,0.007340494791666648,0.011981431083613074,0.005118815104166656,0.003773240991025248,0.037979801773756504,0.8999906366829832,11.47890625,0.0,-22.26562500000006,3.552713678800501e-15,131.76531982421875,0.0,0.006059519449869797,0.01606058741441574,-0.03700866699218749,0.0,-0.03094914754231769,0.016060587414415742,0.004504394531250004,0.01605600562025368,0.013258870442708334,0.005530245108957311,0.13769189794579637,0.8315969327388483,-0.0035654595556942827,-0.0027177131193440503,-0.0030434268721720196
65.5,11.4579296875,0.0,-23.4375,0.0,131.28424224853515,0.0,-0.023195163408915184,0.011100488018377,6.40869140625111e-05,0.0,-0.023131076494852673,0.011100488018377,0.012190653483072937,0.011106257352721147,0.007446695963541676,0.0025328686474645544,-0.025533751730041427,0.6812701392862878,11.4579296875,0.0,-23.4375,0.0,131.28424224853515,0.0,0.0015983072916666494,0.018748311832228175,-0.0372393798828125,6.938893903907228e-18,-0.03564107259114584,0.01874831183222818,-9.674072265626697e-05,0.018741725790556257,0.010774129231770825,0.005947447417149355,-0.028325861150570925,0.6169764482513181,-0.005792385895378827,-0.004977764579214882,-0.005337393031794945
66.0,11.43578125,0.0,-23.4375,0.0,130.77719848632816,2.842170943040401e-14,-0.019973144531250004,0.005065151305957927,6.40869140625111e-05,0.0,-0.019909057617187493,0.005065151305957927,0.015381266276041661,0.005029425149246765,0.008910319010416666,0.004043268918470119,-0.231652841516124,0.29553285972244414,11.43578125,0.0,-23.4375,0.0,130.77719848632816,2.842170943040401e-14,-0.0008556620279947883,0.012214442607949124,-0.03728942871093749,0.0,-0.038145090738932276,0.012214442607949124,-0.002747395833333329,0.012232925308579471,0.009348958333333336,0.004396511658314073,-0.30376822613150384,0.658009790297427,-0.007156382907130146,-0.006374450809807249,-0.0067675476705286244
66.5,11.4136328125,0.0,-28.789062500000085,0.0,130.2711325073242,0.0,-0.02391113917032885,0.010185748593922449,6.40869140625111e-05,0.0,-0.02384705225626634,0.010185748593922449,0.011418965657552009,0.010181036117772909,0.006798909505208294,0.004198100668137964,0.007279402726188618,0.6313028268195328,11.4136328125,0.0,-28.789062500000085,0.0,130.2711325073242,0.0,0.005048611958821719,0.01165309483972339,-0.03745666503906248,6.938893903907228e-18,-0.03240805308024077,0.011653094839723393,0.0029882812500001015,0.011659735752449083,0.012139892578125049,0.0038184367088298335,-0.14393744954046514,0.7106930195077583,-0.00494665836952012,-0.004196985325822643,-0.004623110175932135
67.0,11.386562499999998,1.7763568394002505e-15,-31.25,0.0,129.65403320312498,0.0,-0.023463331858317,0.0076099634403741356,6.40869140625111e-05,0.0,-0.02339924494425449,0.0076099634403741356,0.011886800130208394,0.007659751995113707,0.006901448567708361,0.003069733004985244,0.42016943017919856,0.38073503256953073,11.386562499999998,1.7763568394002505e-15,-31.25,0.0,129.65403320312498,0.0,0.008595021565755222,0.013836238209217925,-0.037687377929687495,0.0,-0.02909235636393227,0.013836238209217923,0.0063464355468750115,0.01387589293333083,0.013677978515625003,0.0039386274020550786,-0.14099453064296616,0.7691128652214865,-0.004952176150543511,-0.0042343376559023415,-0.004693055872222018
67.5,11.35703125,0.0,-31.25,0.0,128.9823974609375,0.0,-0.025123914082845103,0.011022130329324673,6.40869140625111e-05,0.0,-0.025059827168782592,0.011022130329324673,0.010248819986979114,0.011014478528368548,0.005924479166666639,0.005145083467388095,0.8494343790974649,0.39074022161124206,11.35703125,0.0,-31.25,0.0,128.9823974609375,0.0,0.00815188090006509,0.014268488814224009,-0.03791809082031249,0.0,-0.029766209920247397,0.01426848881422401,0.0056732177734374846,0.014274063603297108,0.013191731770833324,0.00440345517405053,-0.4294643683681885,0.6583552989551084,-0.0038794621941735654,-0.003193039330176314,-0.003683922008838144
68.0,11.3275,0.0,-39.375000000000064,7.105427357601002e-15,128.3125,0.0,-0.02458730061848956,0.008743381364653989,6.40869140625111e-05,0.0,-0.02452321370442705,0.008743381364653989,0.01077067057291669,0.00875788942277352,0.006075846354166678,0.003919157615876658,1.0922760507721494,0.7263615571794733,11.3275,0.0,-39.375000000000064,7.105427357601002e-15,128.3125,0.0,0.01018737792968752,0.011495406325018158,-0.03814880371093749,0.0,-0.02796142578124997,0.011495406325018161,0.007503255208333354,0.011465345144635519,0.01394042968750001,0.003934568373432763,-0.5116709462412655,0.5773023304868841,-0.003936344751750396,-0.003280924112631823,-0.0038035479938159167
68.5,11.290703125,0.0,-43.24218750000001,0.0,127.48052368164063,1.4210854715202004e-14,-0.02525627930959065,0.007878405267447755,6.40869140625111e-05,0.0,-0.02519219239552814,0.007878405267447755,0.010086771647135423,0.007886206255322211,0.00564310709635417,0.0036200178027699526,0.9270998370119524,0.9887256910465357,11.290703125,0.0,-43.24218750000001,0.0,127.48052368164063,1.4210854715202004e-14,0.008579406738281257,0.014663518202352255,-0.03837951660156249,0.0,-0.02980010986328123,0.014663518202352257,0.005712788899739591,0.014652234032281514,0.012876586914062503,0.0060051105621718405,-0.1548165986032184,0.5424256921725077,-0.003410364209761243,-0.0027855378298610256,-0.0033394852235242643
69.0,11.249609375,0.0,-45.46875000000008,0.0,126.55408020019532,1.4210854715202004e-14,-0.031062060991923043,0.007067723164562434,6.40869140625111e-05,0.0,-0.03099797407786053,0.007067723164562434,0.004264322916666642,0.007073074407883185,0.0026277669270833204,0.002492896823794524,0.8118880360091314,1.0014257822889412,11.249609375,0.0,-45.46875000000008,0.0,126.55408020019532,1.4210854715202004e-14,0.00569590250651044,0.015219393943317897,-0.03851013183593749,0.0,-0.03281422932942705,0.015219393943317899,0.0026578776041666884,0.015178448548896968,0.01123413085937501,0.0053389512967139076,0.29795305063860295,0.43312560802888844,-0.00030300974057752836,0.000291624977247372,-0.0002932337353346411
69.5,11.207148437499997,1.7763568394002505e-15,-54.6875,0.0,125.60086090087889,0.0,-0.032555577804644846,0.007568333001830737,6.40869140625111e-05,0.0,-0.032491490890582335,0.007568333001830737,0.002748514811197978,0.007564633651503365,0.00181823730468753,0.003168752416569643,0.8920437472683515,0.7374077129586559,11.207148437499997,1.7763568394002505e-15,-54.6875,0.0,125.60086090087889,0.0,0.010524190266927184,0.013223762857884904,-0.03859680175781249,0.0,-0.028072611490885305,0.013223762857884905,0.0072950236002605135,0.01317987597952343,0.01345052083333338,0.003918961864472156,0.43247913517688924,0.6519704776804347,0.0005973233436454798,0.0011621636986664202,0.0005468004365727783
70.0,11.155468749999999,0.0,-57.03125000000009,7.105427357601002e-15,124.44511108398434,1.4210854715202004e-14,-0.03147110243638362,0.008901103379295852,6.40869140625111e-05,0.0,-0.031407015522321106,0.008901103379295852,0.0038492838541666174,0.008996481731700548,0.0023437499999999743,0.003632721711805178,0.6323754370629363,0.5316922080284315,11.155468749999999,0.0,-57.03125000000009,7.105427357601002e-15,124.44511108398434,1.4210854715202004e-14,0.01271413167317701,0.017583042306173736,-0.038827514648437485,6.938893903907228e-18,-0.026113382975260477,0.017583042306173736,0.009256998697916595,0.01757482097327139,0.014241536458333292,0.006555917051912224,0.38468746964841166,0.7590044494339899,0.00016141920578133207,0.0006968572691139428,5.139087414031754e-05
70.5,11.101875,0.0,-62.5,0.0,123.25235107421874,0.0,-0.033511835336685156,0.011123359635093005,6.40869140625111e-05,0.0,-0.033447748422622645,0.011123359635093005,0.0018220011393229438,0.011258494326137403,0.0012799072265625134,0.003878547010916836,0.4936997206894726,0.3029236991766838,11.101875,0.0,-62.5,0.0,123.25235107421874,0.0,0.008816757202148452,0.014307565500178341,-0.03905822753906249,0.0,-0.030241470336914034,0.014307565500178341,0.005205281575520848,0.014307587006058043,0.011997070312500009,0.0042648846399485595,0.44919930601083147,0.9568244049347893,0.0013136913563194577,0.0018201140397221846,0.0011449406461631689
71.0,11.042812499999998,1.7763568394002505e-15,-65.46875000000001,0.0,121.94430908203127,1.4210854715202004e-14,-0.03116061687469483,0.011415600680450786,6.40869140625111e-05,0.0,-0.031096529960632318,0.011415600680450786,0.004198201497395831,0.011486425744698285,0.002435302734374998,0.0038827816113190627,0.6350928531104278,0.4180699859378198,11.042812499999998,1.7763568394002505e-15,-65.46875000000001,0.0,121.94430908203127,1.4210854715202004e-14,0.009806569417317704,0.011512324275380539,-0.039288940429687495,6.938893903907228e-18,-0.029482371012369783,0.011512324275380539,0.00599995930989583,0.011473292074500237,0.012338460286458332,0.004100258372631271,0.3100974817283439,0.958174268432525,0.0002455615623750204,0.0007233506861423392,1.8861215467004056e-05
71.5,10.981640624999999,1.7763568394002505e-15,-78.125,0.0,120.59714355468749,1.4210854715202004e-14,-0.03669416427612305,0.00819060057424945,6.40869140625111e-05,0.0,-0.03663007736206054,0.00819060057424945,-0.0013361612955729164,0.008107033080057249,-0.00037719726562499977,0.006264161477274765,0.4383953245647579,0.6791081523689966,10.981640624999999,1.7763568394002505e-15,-78.125,0.0,120.59714355468749,1.4210854715202004e-14,0.005230763753255205,0.01938917438053307,-0.03948669433593749,0.0,-0.03425593058268228,0.01938917438053307,0.00123738606770833,0.019375000152750257,0.009778645833333332,0.004671900205143727,0.5083699733968264,0.7348728413676884,0.003144178925932049,0.003593711285894251,0.0028602915153429585
72.0,10.907812499999999,0.0,-78.75000000000013,0.0,118.98082275390622,0.0,-0.03625601450602201,0.013172502721023223,6.40869140625111e-05,0.0,-0.0361919275919595,0.013172502721023223,-0.0008675130208332135,0.013250378701258145,-0.00016438802083327243,0.004925469325682514,0.3084347835324522,0.6200080478886041,10.907812499999999,0.0,-78.75000000000013,0.0,118.98082275390622,0.0,0.007649739583333318,0.01961275115549605,-0.03950622558593749,0.0,-0.03185648600260418,0.019612751155496055,0.0034708658854166467,0.019590660459364154,0.010846354166666653,0.004628276683775206,0.7751360510149495,0.9494660614755803,0.003018842484328971,0.00343950974755729,0.0026767861237786145
72.5,10.833789062500001,1.7763568394002505e-15,-85.9375,0.0,117.37116546630857,0.0,-0.030165926615397295,0.010382209199171277,6.40869140625111e-05,0.0,-0.030101839701334784,0.010382209199171277,0.005206807454426925,0.010408764874519293,0.0029276529947915874,0.002819660543486945,0.37134581049376497,0.9385784410497099,10.833789062500001,1.7763568394002505e-15,-85.9375,0.0,117.37116546630857,0.0,0.006818644205729161,0.015310486032557004,-0.03973693847656249,0.0,-0.03291829427083333,0.015310486032557002,0.0024261474609374926,0.015323730923034016,0.010164388020833328,0.004608141721549677,0.44914429374878817,0.7189426286530073,1.7168187909072765e-05,0.0004077517341275383,-0.0003851133907486912
73.0,10.752578125,0.0,-85.9375,0.0,115.61815124511718,0.0,-0.042540308634440194,0.008419986496158424,6.40869140625111e-05,0.0,-0.04247622172037768,0.008419986496158424,-0.0071555582682292585,0.00844281574906929,-0.0033015950520833798,0.00216868055722879,0.34315653151102476,1.1250929851395142,10.752578125,0.0,-85.9375,0.0,115.61815124511718,0.0,0.006357218424479162,0.017712842740532038,-0.03996765136718749,0.0,-0.033610432942708324,0.017712842740532038,0.0018493652343749957,0.0176231833501317,0.00985677083333333,0.00340322972667709,0.5024753620945147,0.7339666791901397,0.006330471664984278,0.006693367363365012,0.005872318447307529
73.5,10.671367187499998,1.7763568394002505e-15,-100.23437500000001,1.4210854715202004e-14,113.87865203857423,1.4210854715202004e-14,-0.0404860512415568,0.013524696689348378,6.40869140625111e-05,0.0,-0.040421964327494286,0.013524696689348378,-0.005072123209635412,0.013638904541217797,-0.0021962483723958304,0.005712633585422952,-0.01660089855891204,0.8282765967491159,10.671367187499998,1.7763568394002505e-15,-100.23437500000001,1.4210854715202004e-14,113.87865203857423,1.4210854715202004e-14,0.008529917399088547,0.013854912748932172,-0.03997497558593749,0.0,-0.031445058186848944,0.01385491274893217,0.003860168457031254,0.013866357249044534,0.010628865559895834,0.0033223384149256977,0.601065634940154,0.6914032022669977,0.005315094629567637,0.00564789902956634,0.0047969109405644195
74.0,10.57671875,0.0,-101.5625,0.0,111.86822143554689,0.0,-0.0343921216328939,0.01553971911232082,6.40869140625111e-05,0.0,-0.03432803471883139,0.01553971911232082,0.0009667968749999777,0.015599348438036065,0.0008292643229166558,0.0059974875333387015,0.035302696435503954,0.45827223565517344,10.57671875,0.0,-101.5625,0.0,111.86822143554689,0.0,0.0029176330566406464,0.02046667745048419,-0.040184936523437485,0.0,-0.03726730346679684,0.020466677450484194,-0.0018827311197916455,0.020414776507776625,0.007657063802083344,0.004367599965231116,0.5225017224528874,0.7598937541578995,0.0023788426184820194,0.00268174318837353,0.0018010766723117705
74.5,10.480742187499999,0.0,-114.14062500000021,0.0,109.84757598876949,1.4210854715202004e-14,-0.03498632748921715,0.015487147273405338,6.40869140625111e-05,0.0,-0.03492224057515464,0.015487147273405338,0.00034016927083330845,0.015585043369492811,0.0005487060546874877,0.005076046334828251,0.31763700709014564,0.40957399439955655,10.480742187499999,0.0,-114.14062500000021,0.0,109.84757598876949,1.4210854715202004e-14,0.005866788228352929,0.015445097300539584,-0.0404156494140625,6.938893903907228e-18,-0.03454886118570956,0.015445097300539584,0.0009677124023438132,0.015413188908885954,0.008995768229166697,0.003675424312315057,0.6172029603426076,0.32219481403945316,0.0027552115228913904,0.0030255376771666557,0.0021132530508229173
75.0,10.373046874999998,0.0,-117.1875,0.0,107.60267639160155,1.4210854715202004e-14,-0.04064174493153899,0.01462032330546213,6.40869140625111e-05,0.0,-0.04057765801747648,0.01462032330546213,-0.0053354899088542615,0.014734328090486953,-0.002319335937500048,0.004541278134213434,0.1873618054037974,0.516200144483034,10.373046874999998,0.0,-117.1875,0.0,107.60267639160155,1.4210854715202004e-14,0.0017255147298176172,0.015908246528554482,-0.04046325683593749,0.0,-0.038737742106119875,0.015908246528554482,-0.0032958984375000932,0.01595591758723452,0.006754557291666618,0.0036290121310559816,0.688269792273703,0.4891056917374793,0.005709442623290455,0.0059508730928244545,0.005009941754745585
75.5,10.262304687499999,0.0,-128.04687500000014,0.0,105.31780853271482,0.0,-0.03647718211015059,0.008552549125773428,6.40869140625111e-05,0.0,-0.036413095196088076,0.008552549125773428,-0.0011334228515624287,0.008627312815730816,-0.00018859863281246354,0.002824351344111173,0.1924976268848264,0.7293062113384757,10.262304687499999,0.0,-128.04687500000014,0.0,105.31780853271482,0.0,0.0012642161051432442,0.017651220376976213,-0.04046325683593749,0.0,-0.03919904073079424,0.017651220376976216,-0.003865763346354153,0.017675090012871215,0.0064249674479166735,0.0037310182567247383,0.7215856449865288,0.5742602651831563,0.0036710526430187634,0.003881073257040969,0.0029096731845100494
76.0,10.1415625,0.0,-132.8125,0.0,102.85535400390624,0.0,-0.038341615994771344,0.010318235363272473,6.40869140625111e-05,0.0,-0.03827752908070883,0.010318235363272473,-0.0030069986979166887,0.010382303683906594,-0.0011263020833333448,0.003456648082775185,0.578040394934925,0.9465167297918986,10.1415625,0.0,-132.8125,0.0,102.85535400390624,0.0,0.0014019775390624973,0.014815950910995529,-0.04061950683593749,0.0,-0.03921752929687499,0.014815950910995529,-0.0037866210937500026,0.01475259969991249,0.0063346354166666655,0.001531540062521265,0.7358629868395448,0.7123248161912911,0.004707759876111276,0.004883643109533959,0.0038798098360169854
76.5,10.0160546875,0.0,-137.38281249999997,0.0,100.32563385009767,1.4210854715202004e-14,-0.04220539887746175,0.013137608659912856,6.40869140625111e-05,0.0,-0.042141311963399236,0.013137608659912856,-0.006866861979166662,0.013219173648309105,-0.003043416341145832,0.0027243527177969757,0.727632014253116,1.0344126805229927,10.0160546875,0.0,-137.38281249999997,0.0,100.32563385009767,1.4210854715202004e-14,0.0025793457031249955,0.015176849516856274,-0.04070739746093749,0.0,-0.038128051757812496,0.015176849516856274,-0.0026834106445312537,0.01509882671442318,0.0068107096354166645,0.0018557387930689595,0.6512332610965373,0.6133107147098545,0.006723506929836158,0.006865274396524167,0.005829182608418333
77.0,9.886406249999999,0.0,-148.9062500000001,0.0,97.74595458984373,0.0,-0.04212215105692544,0.009700581521416961,6.40869140625111e-05,0.0,-0.04205806414286293,0.009700581521416961,-0.006744995117187485,0.009803714950930024,-0.0029386393229166585,0.0024153815831823105,0.5413714025774617,0.9196670481574241,9.886406249999999,0.0,-148.9062500000001,0.0,97.74595458984373,0.0,-0.0007833353678386011,0.01899561144329627,-0.04070739746093749,0.0,-0.041490732828776085,0.018995611443296274,-0.006096394856770893,0.018917536997388146,0.004997558593749968,0.0034656140812574943,0.38628946465860187,0.5448251045937956,0.006715690171444922,0.006823874469895656,0.005756094135989491
77.5,9.746093749999998,0.0,-156.25,0.0,94.99243164062496,0.0,-0.04226162036259972,0.006918227135899807,6.40869140625111e-05,0.0,-0.04219753344853721,0.006918227135899807,-0.0069000244140625345,0.00700319131130115,-0.0029439290364583486,0.0019042370996031359,0.3972051304814968,0.5663962970632063,9.746093749999998,0.0,-156.25,0.0,94.99243164062496,0.0,-0.002559026082356706,0.01758817385039291,-0.04070739746093749,0.0,-0.04326642354329419,0.01758817385039291,-0.007872009277343685,0.017527466977770603,0.004014078776041699,0.0024030021516474043,0.23434275143259722,0.6477749770231493,0.006822168770750988,0.006894980099426071,0.005794291807525543
78.0,9.598437500000001,1.7763568394002505e-15,-162.81250000000014,0.0,92.13594970703122,0.0,-0.04297136624654133,0.012853869692268859,6.40869140625111e-05,0.0,-0.04290727933247882,0.012853869692268859,-0.0076391601562499885,0.012874079017043686,-0.0032430013020833277,0.0030670261498888227,0.21832944074154603,0.37364196207130823,9.598437500000001,1.7763568394002505e-15,-162.81250000000014,0.0,92.13594970703122,0.0,-0.002173970540364628,0.013234128860303113,-0.04070739746093749,0.0,-0.04288136800130212,0.013234128860303113,-0.007510986328125044,0.013187488781139305,0.004159342447916643,0.002059764582989461,0.35040629400981765,0.5682813399853135,0.007223345660682943,0.007260286652950696,0.006126481217100344
78.5,9.445078124999997,1.7763568394002505e-15,-174.72656250000003,0.0,89.21634765624998,0.0,-0.04368822336196901,0.011015979587421195,6.40869140625111e-05,0.0,-0.0436241364479065,0.011015979587421195,-0.008322448730468767,0.011039633648568197,-0.003542480468750008,0.002020421508892878,-0.21041431441821778,0.8674289420638026,9.445078124999997,1.7763568394002505e-15,-174.72656250000003,0.0,89.21634765624998,0.0,-0.0036688613891601423,0.013633539622673134,-0.04070739746093749,0.0,-0.044376258850097626,0.013633539622673135,-0.009032491048177068,0.013598447054955049,0.0033164469401041736,0.001927737917430321,0.36988182038231326,0.4739421341535402,0.007623089628510576,0.0076247431289484455,0.006458449038432561
79.0,9.280234375000001,0.0,-179.6875,0.0,86.12965637207031,0.0,-0.045148882865905765,0.008473085202623994,6.40869140625111e-05,0.0,-0.045084795951843254,0.008473085202623994,-0.009758911132812501,0.008530272411221913,-0.004187418619791667,0.0031530962306830436,-0.6589790824409896,1.0717120330879402,9.280234375000001,0.0,-179.6875,0.0,86.12965637207031,0.0,-0.00045890808105468906,0.01595097231495607,-0.04070739746093749,0.0,-0.04116630554199218,0.01595097231495607,-0.005805257161458337,0.015918754911869212,0.004840087890624998,0.002821873392306717,0.013649206154085455,0.7368410166076577,0.008375403168577525,0.008338828971265283,0.007137961035111809
79.5,9.1104296875,0.0,-183.67187500000003,0.0,83.00606292724609,0.0,-0.042867035865783686,0.012263062283514802,6.40869140625111e-05,0.0,-0.042802948951721174,0.012263062283514802,-0.007507629394531249,0.01237062040907396,-0.002947184244791666,0.0025678763924590524,-0.904251489883812,1.1876755836794546,9.1104296875,0.0,-183.67187500000003,0.0,83.00606292724609,0.0,0.0013480377197265586,0.012912864265107536,-0.04070739746093749,0.0,-0.03935935974121093,0.012912864265107536,-0.003987935384114587,0.012863681442822461,0.005667724609374998,0.001674952968487507,-0.46844814392421735,0.7649487697113558,0.007244764457485067,0.007168929834389932,0.005932894279174133
80.0,8.937499999999998,1.7763568394002505e-15,-196.8750000000001,0.0,79.88500976562494,0.0,-0.04097685019175202,0.010689351230118903,6.40869140625111e-05,0.0,-0.04091276327768951,0.010689351230118903,-0.005651855468749908,0.010773129837552338,-0.001953124999999954,0.002239006027215857,-0.8601641414141401,0.8020061485559681,8.937499999999998,1.7763568394002505e-15,-196.8750000000001,0.0,79.88500976562494,0.0,-0.0018193562825521415,0.019066327792123496,-0.040658569335937485,0.0,-0.04247792561848963,0.019066327792123496,-0.007023111979166723,0.019014227498230507,0.004003906249999968,0.004527695237065888,-0.6851777237519384,0.5502963261985667,0.006360619995554619,0.006245231173987016,0.004974015326576819
80.5,8.751796874999998,0.0,-204.25781250000009,0.0,76.59906372070309,0.0,-0.036701812446117414,0.01746088962892384,6.40869140625111e-05,0.0,-0.0366377255320549,0.01746088962892384,-0.0012995402018229337,0.017469855115827347,0.00021931966145832498,0.007223269207627471,-0.5587095128721226,0.3494631543355564,8.751796874999998,0.0,-204.25781250000009,0.0,76.59906372070309,0.0,-0.0035994338989256947,0.020380946758294438,-0.04046325683593749,0.0,-0.04406269073486318,0.020380946758294438,-0.008725382486979079,0.020303762600600628,0.0030019124348958756,0.004702098336045821,-0.715936217645207,0.5068831857827338,0.0043060658314256215,0.004147812313777785,0.002839083565743063
81.0,8.559140625,0.0,-211.64062500000003,2.842170943040401e-14,73.2625323486328,1.4210854715202004e-14,-0.037454630732536284,0.012392359409766343,6.40869140625111e-05,0.0,-0.03739054381847377,0.012392359409766343,-0.002100626627604134,0.012401661119005803,-0.00015421549479165014,0.003987320307931682,-0.6745888117958528,0.36549431894947126,8.559140625,0.0,-211.64062500000003,2.842170943040401e-14,73.2625323486328,1.4210854715202004e-14,0.003258209228515632,0.019437279780376595,-0.04044128417968749,0.0,-0.03718307495117185,0.019437279780376595,-0.0017435709635416584,0.019320337580971216,0.006358235677083338,0.005194475429984193,-0.693865392962078,0.630260168319462,0.004797660763640165,0.004596283343196581,0.0032500866585774488
81.5,8.359531250000002,1.7763568394002505e-15,-218.88671875,0.0,69.88337890625,0.0,-0.03239041964213054,0.014813368712390553,6.40869140625111e-05,0.0,-0.03232633272806803,0.014813368712390553,0.002935892740885416,0.014804637360369084,0.0023722330729166663,0.006163054721364822,-0.8960729212194086,0.5651874174771018,8.359531250000002,1.7763568394002505e-15,-218.88671875,0.0,69.88337890625,0.0,0.004617029825846359,0.018858059830515105,-0.04021911621093749,0.0,-0.03560208638509113,0.018858059830515105,-0.00024536132812499537,0.018758364603104302,0.006969197591145834,0.004216043488130334,-0.5483925796425808,0.855402349765965,0.0023928443398836064,0.0021467413682939238,0.0007620913872719623
82.0,8.152812500000001,0.0,-222.57812499999997,0.0,66.46928955078126,1.4210854715202004e-14,-0.03391348520914713,0.01718702546238201,6.40869140625111e-05,0.0,-0.03384939829508462,0.01718702546238201,0.0014554850260416737,0.017254005332045998,0.00160319010416667,0.004442320687128944,-0.667869727928324,0.8834187046231204,8.152812500000001,0.0,-222.57812499999997,0.0,66.46928955078126,1.4210854715202004e-14,0.009937845865885392,0.013665367541510503,-0.04021911621093749,0.0,-0.030281270345052094,0.013665367541510503,0.005214843749999976,0.013609043229705612,0.00946858723958332,0.0036758351895767056,-0.9191107286810402,0.7438028917333414,0.0032842135126425623,0.0029929050066299294,0.001569694690814963
82.5,7.942480468749998,8.881784197001252e-16,-233.4960937500002,2.842170943040401e-14,63.08643531799311,0.0,-0.03986879686514546,0.013393828638145595,6.40869140625111e-05,0.0,-0.03980470995108295,0.013393828638145595,-0.004503885904948016,0.013417415516874554,-0.0014617919921875507,0.003140468361808998,-0.3882099142719233,0.8603529143788492,7.942480468749998,8.881784197001252e-16,-233.4960937500002,2.842170943040401e-14,63.08643531799311,0.0,0.006681823730468693,0.017922576331770117,-0.03999328613281249,6.938893903907228e-18,-0.03331146240234379,0.017922576331770117,0.0021687825520832803,0.017834157735690255,0.007677205403645803,0.003149858422026519,-0.9553389115767041,0.7900942213439381,0.006482819081434543,0.006141646755735303,0.00467655661354476
83.0,7.721874999999997,0.0,-241.17187500000009,0.0,59.63356628417964,0.0,-0.0356300775210062,0.009684110714501358,6.40869140625111e-05,0.0,-0.03556599060694369,0.009684110714501358,-0.00027628580729159986,0.00965000818486376,0.0006982421875000342,0.0037425908433433982,-0.5243204468058038,0.6486868920995388,7.721874999999997,0.0,-241.17187500000009,0.0,59.63356628417964,0.0,0.009320373535156292,0.018517427068380655,-0.03976257324218749,0.0,-0.03044219970703119,0.018517427068380655,0.004992268880208377,0.01843849945412654,0.008837483723958352,0.003989391140504214,-0.5925375487143028,0.5930843756482466,0.004454142386269617,0.00406375870795924,0.002557595499812936
83.5,7.494023437499998,0.0,-248.55468750000003,2.842170943040401e-14,56.169230957031225,0.0,-0.026732171177864,0.007872579327370092,6.40869140625111e-05,0.0,-0.02666808426380149,0.007872579327370092,0.008585205078125073,0.00787544045276204,0.005170084635416704,0.003591989878607067,-0.6405573254328177,0.858403108407103,7.494023437499998,0.0,-248.55468750000003,2.842170943040401e-14,56.169230957031225,0.0,0.008495279947916655,0.014182643227559584,-0.03953186035156248,6.938893903907228e-18,-0.03103658040364583,0.014182643227559582,0.004474182128906241,0.014100292161579974,0.008270467122395826,0.003132147674593654,-0.3939302410371783,0.3971735250990817,0.00011863476271401809,-0.0003231566008649648,-0.001871783378557501
84.0,7.25921875,0.0,-252.96875,0.0,52.707656860351555,0.0,-0.027879384358723964,0.01178108098496453,6.40869140625111e-05,0.0,-0.027815297444661453,0.01178108098496453,0.007437337239583325,0.011851999332762637,0.004495442708333329,0.003533049928347581,-0.6982971997620481,0.7477050521534538,7.25921875,0.0,-252.96875,0.0,52.707656860351555,0.0,0.012414957682291679,0.01893793180793135,-0.039115600585937486,0.0,-0.026700642903645808,0.01893793180793135,0.00865885416666668,0.018853895069505532,0.010076497395833339,0.003168136004825195,-0.49350741489413913,0.5767038019248925,0.0009265223258941059,0.0004342890061397242,-0.001155739611513469
84.5,7.02021484375,8.881784197001252e-16,-259.4140625,0.0,49.29682426452638,0.0,-0.03014302810033162,0.01626764469932854,6.40869140625111e-05,0.0,-0.03007894118626911,0.01626764469932854,0.0052422078450520895,0.016311033543874323,0.003270467122395836,0.005927135574147456,-0.8594129394910631,0.5593755213598284,7.02021484375,8.881784197001252e-16,-259.4140625,0.0,49.29682426452638,0.0,0.014858271280924476,0.015211414092318404,-0.0388262939453125,6.938893903907228e-18,-0.023968022664388012,0.015211414092318404,0.011398722330729161,0.015113485154277575,0.011074422200520831,0.0027254117029722356,-0.7183977792498343,0.6346097583096505,0.0022974094155856044,0.0017494997172493038,0.00011435353701006682
85.0,6.775195312499997,8.881784197001252e-16,-266.79687500000006,0.0,45.91885452270504,7.105427357601002e-15,-0.028662399450937875,0.014762384129708808,6.40869140625111e-05,0.0,-0.028598312536875364,0.014762384129708808,0.006703694661458361,0.01480705161274099,0.003948974609375014,0.00501835568091551,-0.7947280042006559,0.5740731258597876,6.775195312499997,8.881784197001252e-16,-266.79687500000006,0.0,45.91885452270504,7.105427357601002e-15,0.014389292399088526,0.016545064766356466,-0.03859558105468749,0.0,-0.02420628865559896,0.01654506476635647,0.011288452148437489,0.0164563129501296,0.010622151692708325,0.0018231493937571122,-0.7563356104615865,0.6069348828983798,0.0017628669237406765,0.0011597706390940547,-0.0005197647455571464
85.5,6.523222656249996,0.0,-271.85546875000006,0.0,42.56993995666499,0.0,-0.024500786066055224,0.014252957940390464,6.40869140625111e-05,0.0,-0.024436699151992713,0.014252957940390464,0.010870768229166739,0.014254471320611512,0.005952758789062533,0.0053012685113738404,-0.599456289153559,0.6423097605402983,6.523222656249996,0.0,-271.85546875000006,0.0,42.56993995666499,0.0,0.016951166788737048,0.015624882076339112,-0.03821960449218748,0.0,-0.021268437703450434,0.015624882076339112,0.014193725585937574,0.015491348438333623,0.01172302246093753,0.0031013514857733526,-0.5803928805027395,0.5020455865091022,-8.652312544611337e-05,-0.0007491880170852104,-0.0024761361634905387
86.0,6.266406249999997,8.881784197001252e-16,-275.54687500000006,0.0,39.28641967773434,7.105427357601002e-15,-0.024431552886962925,0.013164063750749565,6.40869140625111e-05,0.0,-0.024367465972900414,0.013164063750749565,0.010947672526041634,0.01314904458396103,0.005837402343749982,0.0043369452419475705,-0.6489331794507666,0.5306606913874142,6.266406249999997,8.881784197001252e-16,-275.54687500000006,0.0,39.28641967773434,7.105427357601002e-15,0.018419901529947904,0.017324097479248058,-0.037758178710937486,0.0,-0.019338277180989575,0.01732409747924806,0.016066894531249997,0.017173379010143246,0.012255859374999992,0.004645330849517286,-0.4769895089719332,0.4657639030965789,0.00018288405431215841,-0.0005395133240231726,-0.0023136205943032444
86.5,6.006113281249999,0.0,-279.23828125,0.0,36.09260932922362,0.0,-0.023451703389485656,0.011715835037167655,6.40869140625111e-05,0.0,-0.023387616475423145,0.011715835037167655,0.011929829915364601,0.011744848517377587,0.006224772135416677,0.0024510778144800523,-0.8499776251851409,0.3116405894809309,6.006113281249999,0.0,-279.23828125,0.0,36.09260932922362,0.0,0.020643997192382833,0.014814300280077223,-0.03729675292968749,0.0,-0.016652755737304653,0.014814300280077223,0.01874735514322919,0.014694983488592462,0.01314453125000001,0.0030968150840375436,-0.5780463229804081,0.4835257663924254,-4.2221758566329814e-05,-0.0008278866500786154,-0.002651492153164312
87.0,5.742343749999997,0.0,-282.92968750000006,0.0,32.99389953613278,0.0,-0.020276772181193024,0.013686540391146166,6.40869140625111e-05,0.0,-0.020212685267130513,0.013686540391146166,0.01509114583333334,0.013684314439584427,0.007719726562500002,0.004415606788405116,-0.7877186832264872,0.590478002249383,5.742343749999997,0.0,-282.92968750000006,0.0,32.99389953613278,0.0,0.022059936523437462,0.011593203670821938,-0.036835327148437486,0.0,-0.014775390625000022,0.011593203670821938,0.02059936523437497,0.011489351733972567,0.01361083984374998,0.00251375981404036,-0.6577721323815051,0.5017544445944347,-0.001373631930554924,-0.002223387221676026,-0.00409671965250468
87.5,5.475097656249994,8.881784197001252e-16,-286.62109375000006,0.0,29.995752334594666,3.552713678800501e-15,-0.01787356535593658,0.016618517867740743,6.40869140625111e-05,0.0,-0.01780947844187407,0.016618517867740743,0.01747639973958344,0.016632326612288452,0.00877380371093755,0.005100994393446015,-0.5752871734927412,0.6623195187942473,5.475097656249994,8.881784197001252e-16,-286.62109375000006,0.0,29.995752334594666,3.552713678800501e-15,0.021207809448242246,0.014079597462159308,-0.03637390136718748,0.0,-0.015166091918945232,0.014079597462159308,0.020202636718750073,0.013986636987592884,0.012939453125000026,0.002976728643284427,-0.5094858686777544,0.6810526687984281,-0.0022631656321073163,-0.0031777277845952243,-0.005100928508183055
88.0,5.204374999999995,0.0,-290.31250000000006,0.0,27.103701171874956,0.0,-0.015877761840820372,0.017495931157352606,6.40869140625111e-05,0.0,-0.01581367492675786,0.017495931157352606,0.019498697916666606,0.017542880670939693,0.0096468098958333,0.004557298932750803,-0.546476635343824,0.2649201698041896,5.204374999999995,0.0,-290.31250000000006,0.0,27.103701171874956,0.0,0.02343098958333335,0.014200974848037503,-0.03583435058593748,0.0,-0.012403361002604129,0.014200974848037501,0.022974446614583355,0.014120631523299858,0.013805338541666668,0.0029985911275356475,-0.33862703052156795,0.9854856723162743,-0.0029630415681036,-0.003946117481691778,-0.005921626449179205
88.5,4.930175781249997,0.0,-291.93359374999994,0.0,24.323350906372042,0.0,-0.01806010246276853,0.011514238662113206,6.40869140625111e-05,0.0,-0.01799601554870602,0.011514238662113206,0.017298787434895855,0.011538006794861173,0.008366902669270843,0.003198910585920965,-0.46115522525434693,0.6649200712440397,4.930175781249997,0.0,-291.93359374999994,0.0,24.323350906372042,0.0,0.02608080546061205,0.015420143049154771,-0.03520690917968749,6.938893903907228e-18,-0.00912610371907543,0.015420143049154771,0.026238505045572996,0.015370155583812316,0.01484334309895837,0.0019043915119184539,-0.411527288358352,1.0206209912247806,-0.0015062499048124752,-0.002559660770051383,-0.004588444480077779
89.0,4.6541406249999975,8.881784197001252e-16,-289.8828125,0.0,21.674887084960925,0.0,-0.016186695098876953,0.01454721348074141,6.40869140625111e-05,0.0,-0.01612260818481444,0.01454721348074141,0.019153035481770834,0.014598811344321295,0.009123128255208333,0.004694375911456293,-0.2621670999356557,0.7705505508556381,4.6541406249999975,8.881784197001252e-16,-289.8828125,0.0,21.674887084960925,0.0,0.03054712931315102,0.016987899153658267,-0.03469421386718748,0.0,-0.004147084554036467,0.016987899153658267,0.03129496256510415,0.01696435180731751,0.016842854817708322,0.0032002752441092344,-0.48386035080370365,0.6946178254864395,-0.002082820499488414,-0.003208008563666564,-0.005290731169854115
89.5,4.380371093749999,0.0,-292.96875,0.0,19.19889259338378,0.0,-0.0154901631673177,0.014453533144118043,6.40869140625111e-05,0.0,-0.01542607625325519,0.014453533144118043,0.01984375000000001,0.01449947598040723,0.009300333658854172,0.00397584584545702,-0.03653549277328144,0.7458158357416866,4.380371093749999,0.0,-292.96875,0.0,19.19889259338378,0.0,0.026691309611002606,0.012232301837634515,-0.03400207519531249,0.0,-0.007310765584309885,0.012232301837634513,0.028121744791666667,0.01223401908504321,0.014594523111979165,0.002984592381283496,-0.39824040434391467,0.9401388228053352,-0.0020718050185162358,-0.00327249836549289,-0.005411578772590197
90.0,4.103515624999994,0.0,-292.57812499999994,0.0,16.846565246581978,3.552713678800501e-15,-0.01338996887207027,0.009300677020506116,6.40869140625111e-05,0.0,-0.01332588195800776,0.009300677020506116,0.021966552734375044,0.00928763036807561,0.010172526041666683,0.0034043297288517877,0.44522941251456594,0.7777283710282508,4.103515624999994,0.0,-292.57812499999994,0.0,16.846565246581978,3.552713678800501e-15,0.026687113444010518,0.016606200862060924,-0.03330993652343747,0.0,-0.006622823079426961,0.016606200862060924,0.02879231770833345,0.01659271403349753,0.014274088541666709,0.0024711191047489564,-0.17354945943813135,0.8640963596425302,-0.0027550844579932463,-0.004031926434365167,-0.006227388998432592
90.5,3.8268359374999954,0.0,-288.97460937499994,0.0,14.648264160156215,0.0,-0.011900806427002067,0.01765102692658168,6.40869140625111e-05,0.0,-0.011836719512939556,0.01765102692658168,0.02342681884765613,0.017638216552662626,0.010734659830729104,0.00695799205101556,0.521623660356569,0.6115426314904441,3.8268359374999954,0.0,-288.97460937499994,0.0,14.648264160156215,0.0,0.030821634928385456,0.01581368747546367,-0.03260681152343747,0.0,-0.0017851765950520169,0.015813687475463665,0.03373708089192714,0.01585760210967711,0.01607035319010418,0.004902715145428567,0.21026137084486773,0.8300171801875246,-0.003128722321523862,-0.004481919231922213,-0.0067334522917423265
91.0,3.553671874999997,0.0,-287.12890625,0.0,12.629411010742162,1.7763568394002505e-15,-0.018527793884277423,0.011804171668489424,6.40869140625111e-05,0.0,-0.018463706970214912,0.011804171668489424,0.016793823242187422,0.011833444942434336,0.007158610026041624,0.0037340397855020555,0.37628529510854375,0.4728676704163394,3.553671874999997,0.0,-287.12890625,0.0,12.629411010742162,1.7763568394002505e-15,0.033147989908854196,0.016708544395812975,-0.03168395996093748,0.0,0.001464029947916716,0.01670854439581298,0.03683247884114587,0.016688188898447465,0.016877848307291676,0.004421873449108887,0.6739727693096936,1.119743980028332,0.0006455401023995506,-0.0007882040305967107,-0.0030985697887358347
91.5,3.2823339843749983,0.0,-283.45703125,0.0,10.778726177215562,1.7763568394002505e-15,-0.012265764872233033,0.012513313510353547,6.40869140625111e-05,0.0,-0.012201677958170521,0.012513313510353547,0.023096211751302123,0.012563550199515355,0.010164388020833352,0.004935363455485969,0.5898049568703856,0.44983584786302755,3.2823339843749983,0.0,-283.45703125,0.0,10.778726177215562,1.7763568394002505e-15,0.030709177652994774,0.01695282528158983,-0.030989379882812484,0.0,-0.0002802022298177082,0.01695282528158983,0.03524831136067707,0.016970423471510558,0.015440673828124992,0.006165553086382359,0.5198258027237568,0.7204350265492785,-0.0021589515958211156,-0.0036748348417428725,-0.00604477419170478
92.0,3.0144531249999997,0.0,-278.046875,0.0,9.095397186279294,0.0,-0.020255940755208344,0.007553287221056243,6.40869140625111e-05,0.0,-0.020191853841145833,0.007553287221056243,0.01507080078124999,0.007614309826977752,0.006043294270833328,0.002796804170285875,0.3997190960081576,0.759456616866363,3.0144531249999997,0.0,-278.046875,0.0,9.095397186279294,0.0,0.02838948567708333,0.013553314298219071,-0.03008239746093749,3.469446951953614e-18,-0.001692911783854157,0.01355331429821907,0.033846842447916664,0.013513917441477882,0.013979492187499998,0.0034030400821680453,0.3152506131021785,0.3267436742034443,0.002166424308424067,0.0005668393537701759,-0.0018633902189482431
92.5,2.751660156249995,0.0,-274.12109374999994,0.0,7.582738876342745,0.0,-0.021281226476033522,0.011798258196665742,6.40869140625111e-05,0.0,-0.02121713956197101,0.011798258196665742,0.014117431640625004,0.011805577610227602,0.005351765950520831,0.0038869658614709493,0.14749451394957602,1.101216736565735,2.751660156249995,0.0,-274.12109374999994,0.0,7.582738876342745,0.0,0.02818883260091146,0.014528240259852481,-0.028958129882812465,3.469446951953614e-18,-0.0007692972819010059,0.014528240259852481,0.03464457194010419,0.014490306200319459,0.013592529296874996,0.003721207912374925,0.46371187270845754,0.5490695625614054,0.003065009549414887,0.0013802470335459957,-0.0011109222189040844
93.0,2.4925781249999948,4.440892098500626e-16,-265.91796874999983,0.0,6.226187133789039,8.881784197001252e-16,-0.015478623708089058,0.009136659399608104,6.40869140625111e-05,0.0,-0.015414536794026547,0.009136659399608104,0.019878133138020965,0.009124319346635346,0.008181559244791732,0.004904477371560035,-0.011452983865100927,0.8635636198055228,2.4925781249999948,4.440892098500626e-16,-265.91796874999983,0.0,6.226187133789039,8.881784197001252e-16,0.026657511393229135,0.0127206721020507,-0.027992553710937475,3.469446951953614e-18,-0.001335042317708341,0.0127206721020507,0.034130452473958316,0.012688027500645497,0.012578531901041646,0.003207634462681733,0.3997228899572629,0.48397742282572054,0.0004410809670187853,-0.0013287719235332476,-0.003880328344579156
93.5,2.2411621093749967,0.0,-257.38769531249994,5.684341886080802e-14,5.036974620819077,0.0,-0.01562432607014977,0.009428463290418874,6.40869140625111e-05,0.0,-0.01556023915608726,0.009428463290418874,0.019709574381510383,0.009399167173481769,0.007956746419270813,0.0038402896993828244,-0.03434519852975972,0.45612782358808057,2.2411621093749967,0.0,-257.38769531249994,5.684341886080802e-14,5.036974620819077,0.0,0.026179707845052084,0.01240777861000754,-0.026895141601562474,0.0,-0.0007154337565103902,0.01240777861000754,0.034788004557291675,0.012372530694177182,0.012084757486979165,0.0030164633375147905,0.26227831006884106,0.5441060974758863,0.0008785430869976572,-0.0009794456983615724,-0.0035932588192328593
94.0,1.997792968749998,0.0,-248.43749999999991,0.0,4.0057549476623455,0.0,-0.016685689290364587,0.008504909616131382,6.40869140625111e-05,0.0,-0.016621602376302076,0.008504909616131382,0.018679606119791664,0.008502116956085812,0.007285970052083331,0.0034370808393987596,-0.015091381058164053,0.41171189753947174,1.997792968749998,0.0,-248.43749999999991,0.0,4.0057549476623455,0.0,0.031028035481770886,0.012489876629747751,-0.025741577148437476,3.469446951953614e-18,0.005286458333333408,0.012489876629747751,0.04080240885416673,0.012458780089313184,0.014286295572916692,0.0011723544235067648,0.08055502440267741,0.7664593229799798,0.0017650509396065685,-0.00018266497402597698,-0.00285948027347132
94.5,1.7628369140624993,0.0,-238.61816406249997,0.0,3.1219521856307964,0.0,-0.013807983398437489,0.0074476600161414224,6.40869140625111e-05,0.0,-0.013743896484374978,0.0074476600161414224,0.021525370279947928,0.007457874589919283,0.008589274088541671,0.004320725724545782,0.08720723991720979,0.36922057927046464,1.7628369140624993,0.0,-238.61816406249997,0.0,3.1219521856307964,0.0,0.029749857584635404,0.011853328615448454,-0.024440307617187487,0.0,0.005309549967447916,0.011853328615448454,0.04081665039062499,0.011858305531471637,0.013443603515624993,0.0024792251072468375,0.17439977828161587,0.7890348761847684,0.0006801897370791185,-0.0013586949607878812,-0.004099147285081444
95.0,1.5371093749999971,0.0,-226.8554687499998,2.842170943040401e-14,2.3763008117675692,0.0,-0.016312217712402443,0.006514753577575639,6.40869140625111e-05,0.0,-0.016248130798339932,0.006514753577575639,0.019024658203124902,0.006505234881413848,0.007171630859374948,0.0030944342675308743,0.5387289170248185,0.7003356281728018,1.5371093749999971,0.0,-226.8554687499998,2.842170943040401e-14,2.3763008117675692,0.0,0.029643758138020882,0.014622878629708683,-0.023056030273437472,0.0,0.006587727864583413,0.014622878629708685,0.04201965332031257,0.014630785054500354,0.013110351562500023,0.0041607596328466015,0.4723774895894171,0.5327106476104807,0.002315692482364938,0.0001855002210309131,-0.0026182280795886835
95.5,1.3223925781249959,0.0,-213.45214843749974,2.842170943040401e-14,1.76089838027953,0.0,-0.019032249450683558,0.006918820347871121,6.40869140625111e-05,0.0,-0.018968162536621046,0.006918820347871121,0.016337585449218785,0.006966870458146756,0.005692138671875017,0.0019099885051690974,0.9664530483622257,0.9978473121605769,1.3223925781249959,0.0,-213.45214843749974,2.842170943040401e-14,1.76089838027953,0.0,0.028916829427083235,0.013715088676043895,-0.021671752929687458,3.469446951953614e-18,0.007245076497395769,0.013715088676043895,0.04267242431640617,0.013690163341225761,0.012465820312499945,0.003147280026723599,0.7342631259257265,0.6754594013760449,0.004014737261004774,0.0017922133375011,-0.0010751254276036254
96.0,1.1202734374999972,0.0,-199.6093749999998,0.0,1.265474357604974,0.0,-0.018593241373697934,0.008498242924277144,6.40869140625111e-05,0.0,-0.018529154459635423,0.008498242924277144,0.01677652994791665,0.008578307833302958,0.005804036458333322,0.0024630658131697173,1.0218243128399391,0.9577345261961201,1.1202734374999972,0.0,-199.6093749999998,0.0,1.265474357604974,0.0,0.026126098632812497,0.015007808076161963,-0.020180053710937465,0.0,0.005946044921875035,0.015007808076161963,0.04143147786458335,0.014978936139217768,0.010843098958333327,0.004417171377458421,1.0339706409042346,0.7252589553551214,0.004125116938197719,0.0018088397201317082,-0.0011227611295174743
96.5,0.9311914062499983,0.0,-184.82666015624986,0.0,0.8757920074462859,0.0,-0.02052216847737633,0.010339487372627855,6.40869140625111e-05,0.0,-0.02045808156331382,0.010339487372627855,0.014831848144531224,0.01034760111308912,0.004697469075520818,0.002461123526739269,0.9852096213790554,0.5195654280407809,0.9311914062499983,0.0,-184.82666015624986,0.0,0.8757920074462859,0.0,0.025961786905924475,0.015668762733974464,-0.018565063476562473,0.0,0.007396723429362005,0.015668762733974464,0.04293182373046877,0.015687515730196028,0.010566813151041665,0.0057477631030251625,1.1851815651254187,0.893634164546302,0.005454119224969627,0.0030436865131616667,4.794595840375759e-05
97.0,0.7559521484374994,0.0,-168.19335937499997,2.842170943040401e-14,0.5781820416450492,0.0,-0.022681401570638027,0.014353195583365376,6.40869140625111e-05,0.0,-0.022617314656575516,0.014353195583365376,0.012662963867187496,0.01430105111444852,0.0035274251302083322,0.0051104405342319225,0.9318095505839561,0.35273392565585465,0.7559521484374994,0.0,-168.19335937499997,2.842170943040401e-14,0.5781820416450492,0.0,0.02346674601236977,0.008077679420772666,-0.016869506835937482,0.0,0.006597239176432283,0.008077679420772664,0.04213256835937498,0.008135368474426018,0.009127604166666652,0.004833252240191271,1.0069140928515983,0.9848963278442872,0.006845299967248245,0.004340895547399565,0.0012815724481789496
97.5,0.596325683593749,0.0,-150.3906249999999,0.0,0.36044149994850055,0.0,-0.024337116877237986,0.01523729003344103,6.40869140625111e-05,0.0,-0.024273029963175475,0.01523729003344103,0.01101226806640622,0.015200698725542377,0.0026652018229166518,0.006062732670220192,0.6870498005141554,0.8560158265762773,0.596325683593749,0.0,-150.3906249999999,0.0,0.36044149994850055,0.0,0.01982612609863284,0.009556217175057443,-0.015023803710937478,0.0,0.004802322387695362,0.009556217175057445,0.04023132324218754,0.009503555208531116,0.00708109537760418,0.00462690690701281,0.9214293058287127,0.6364956159373902,0.007927445324253995,0.005329235761663785,0.0022068542089569
98.0,0.4534277343749972,0.0,-131.69189453124957,0.0,0.20878139019012218,2.7755575615628914e-17,-0.027403634389241496,0.011661807877331924,6.40869140625111e-05,0.0,-0.027339547475178985,0.011661807877331924,0.007916666666666706,0.01166201635050425,0.0010831705729166842,0.0049431874612775855,0.6794355817793454,1.020555213667814,0.4534277343749972,0.0,-131.69189453124957,0.0,0.20878139019012218,2.7755575615628914e-17,0.021980997721354072,0.00884089706222587,-0.013124389648437445,0.0,0.008856608072916624,0.00884089706222587,0.04433105468749995,0.008814943538462532,0.008030598958333282,0.0031844843975322584,0.8611145256653084,0.9550102368405746,0.009728270122096979,0.00703640409882962,0.0038514540025398015
98.5,0.32809387207031065,5.551115123125783e-17,-111.95495605468716,0.0,0.10948674447834388,1.3877787807814457e-17,-0.025934084256490075,0.00952152506916967,6.40869140625111e-05,0.0,-0.025869997342427564,0.00952152506916967,0.009383036295572912,0.009479339335710655,0.0017228190104166643,0.004894739952147001,0.8771219083108793,0.8294708103338599,0.32809387207031065,5.551115123125783e-17,-111.95495605468716,0.0,0.10948674447834388,1.3877787807814457e-17,0.018246256510416666,0.007570178682159118,-0.011047973632812456,0.0,0.007198282877604211,0.007570178682159118,0.042585449218750036,0.007526609152987898,0.006029256184895829,0.0038921943456646547,0.9144648008783879,1.034100741462105,0.00930637587637543,0.0065209835253674615,0.003273919497058732
99.0,0.22128173828124906,0.0,-90.94787597656226,0.0,0.04982158124446834,0.0,-0.02652069091796878,0.004494508054255254,6.40869140625111e-05,0.0,-0.02645660400390627,0.004494508054255254,0.008816731770833308,0.004557262039088231,0.0014436848958333198,0.0038460821986657096,0.7970793041593836,0.838664155908515,0.22128173828124906,0.0,-90.94787597656226,0.0,0.04982158124446834,0.0,0.01819061279296875,0.009032931356379963,-0.008971557617187466,0.0,0.009219055175781284,0.009032931356379963,0.04461405436197919,0.009089373185722846,0.005859375,0.004738943944148882,1.2379072614668285,0.7693006837649639,0.00980231688749568,0.006923509123642722,0.0036147493534880344
99.5,0.1341976928710934,0.0,-68.9137268066405,0.0,0.01826553134247653,0.0,-0.02880438049634298,0.008666835279722191,6.40869140625111e-05,0.0,-0.02874029358228047,0.008666835279722191,0.0065513102213541645,0.008668154518857189,0.00027811686197916596,0.004952679337101454,0.7149777712521909,0.7158646161664001,0.1341976928710934,0.0,-68.9137268066405,0.0,0.01826553134247653,0.0,0.01791898091634111,0.010301946222830273,-0.006881713867187477,0.0,0.011037267049153634,0.010301946222830273,0.04649648030598957,0.010339324202997588,0.005666910807291648,0.007295747534619363,1.3260909690353075,0.5226639512710961,0.011181565375608916,0.008210328896835921,0.004840943257011711
100.0,0.06781005859375,0.0,-45.928955078125,0.0,0.004598204046487808,0.0,-0.029114325841267902,0.014404128358341536,6.40869140625111e-05,0.0,-0.02905023892720539,0.014404128358341536,0.006205240885416667,0.014395572872538304,0.00016276041666666666,0.0062302382960362,0.4951103583916103,1.066137059711458,0.06781005859375,0.0,-45.928955078125,0.0,0.004598204046487808,0.0,0.011540730794270834,0.021388986666623266,-0.004574584960937489,0.0,0.006966145833333344,0.021388986666623266,0.042439778645833336,0.021381672148130314,0.0023600260416666665,0.006609355632892888,1.6033228923854013,0.25946491396040366,0.011503581036581584,0.008442456347723866,0.005014685205111933
